source,target1,target2,method,category,type,race,gender,path,Unnamed: 9,zip_path,local_path,clip_id,faces_saved,audio_extracted,face_dir,audio_path
id00076,-,-,real,A,RealVideo-RealAudio,African,men,00109.mp4,FakeAVCeleb/RealVideo-RealAudio/African/men/id00076,FakeAVCeleb_v1.2/RealVideo-RealAudio/African/men/id00076/00109.mp4,../data/raw/FakeAVCeleb_v1.2/RealVideo-RealAudio/African/men/id00076/00109.mp4,0_RealVideo-RealAudio,3,True,../data/processed/frames,../data/processed/audio/0_RealVideo-RealAudio.wav
id00166,-,-,real,A,RealVideo-RealAudio,African,men,00010.mp4,FakeAVCeleb/RealVideo-RealAudio/African/men/id00166,FakeAVCeleb_v1.2/RealVideo-RealAudio/African/men/id00166/00010.mp4,../data/raw/FakeAVCeleb_v1.2/RealVideo-RealAudio/African/men/id00166/00010.mp4,1_RealVideo-RealAudio,3,True,../data/processed/frames,../data/processed/audio/1_RealVideo-RealAudio.wav
id00173,-,-,real,A,RealVideo-RealAudio,African,men,00118.mp4,FakeAVCeleb/RealVideo-RealAudio/African/men/id00173,FakeAVCeleb_v1.2/RealVideo-RealAudio/African/men/id00173/00118.mp4,../data/raw/FakeAVCeleb_v1.2/RealVideo-RealAudio/African/men/id00173/00118.mp4,2_RealVideo-RealAudio,5,True,../data/processed/frames,../data/processed/audio/2_RealVideo-RealAudio.wav
id00366,-,-,real,A,RealVideo-RealAudio,African,men,00118.mp4,FakeAVCeleb/RealVideo-RealAudio/African/men/id00366,FakeAVCeleb_v1.2/RealVideo-RealAudio/African/men/id00366/00118.mp4,../data/raw/FakeAVCeleb_v1.2/RealVideo-RealAudio/African/men/id00366/00118.mp4,3_RealVideo-RealAudio,2,True,../data/processed/frames,../data/processed/audio/3_RealVideo-RealAudio.wav
id00391,-,-,real,A,RealVideo-RealAudio,African,men,00052.mp4,FakeAVCeleb/RealVideo-RealAudio/African/men/id00391,FakeAVCeleb_v1.2/RealVideo-RealAudio/African/men/id00391/00052.mp4,../data/raw/FakeAVCeleb_v1.2/RealVideo-RealAudio/African/men/id00391/00052.mp4,4_RealVideo-RealAudio,4,True,../data/processed/frames,../data/processed/audio/4_RealVideo-RealAudio.wav
id00475,-,-,real,A,RealVideo-RealAudio,African,men,00099.mp4,FakeAVCeleb/RealVideo-RealAudio/African/men/id00475,FakeAVCeleb_v1.2/RealVideo-RealAudio/African/men/id00475/00099.mp4,../data/raw/FakeAVCeleb_v1.2/RealVideo-RealAudio/African/men/id00475/00099.mp4,5_RealVideo-RealAudio,1,True,../data/processed/frames,../data/processed/audio/5_RealVideo-RealAudio.wav
id00476,-,-,real,A,RealVideo-RealAudio,African,men,00109.mp4,FakeAVCeleb/RealVideo-RealAudio/African/men/id00476,FakeAVCeleb_v1.2/RealVideo-RealAudio/African/men/id00476/00109.mp4,../data/raw/FakeAVCeleb_v1.2/RealVideo-RealAudio/African/men/id00476/00109.mp4,6_RealVideo-RealAudio,5,True,../data/processed/frames,../data/processed/audio/6_RealVideo-RealAudio.wav
id00478,-,-,real,A,RealVideo-RealAudio,African,men,00206.mp4,FakeAVCeleb/RealVideo-RealAudio/African/men/id00478,FakeAVCeleb_v1.2/RealVideo-RealAudio/African/men/id00478/00206.mp4,../data/raw/FakeAVCeleb_v1.2/RealVideo-RealAudio/African/men/id00478/00206.mp4,7_RealVideo-RealAudio,1,True,../data/processed/frames,../data/processed/audio/7_RealVideo-RealAudio.wav
id00518,-,-,real,A,RealVideo-RealAudio,African,men,00031.mp4,FakeAVCeleb/RealVideo-RealAudio/African/men/id00518,FakeAVCeleb_v1.2/RealVideo-RealAudio/African/men/id00518/00031.mp4,../data/raw/FakeAVCeleb_v1.2/RealVideo-RealAudio/African/men/id00518/00031.mp4,8_RealVideo-RealAudio,4,True,../data/processed/frames,../data/processed/audio/8_RealVideo-RealAudio.wav
id00701,-,-,real,A,RealVideo-RealAudio,African,men,00092.mp4,FakeAVCeleb/RealVideo-RealAudio/African/men/id00701,FakeAVCeleb_v1.2/RealVideo-RealAudio/African/men/id00701/00092.mp4,../data/raw/FakeAVCeleb_v1.2/RealVideo-RealAudio/African/men/id00701/00092.mp4,9_RealVideo-RealAudio,2,True,../data/processed/frames,../data/processed/audio/9_RealVideo-RealAudio.wav
id00781,-,-,real,A,RealVideo-RealAudio,African,men,00092.mp4,FakeAVCeleb/RealVideo-RealAudio/African/men/id00781,FakeAVCeleb_v1.2/RealVideo-RealAudio/African/men/id00781/00092.mp4,../data/raw/FakeAVCeleb_v1.2/RealVideo-RealAudio/African/men/id00781/00092.mp4,11_RealVideo-RealAudio,5,True,../data/processed/frames,../data/processed/audio/11_RealVideo-RealAudio.wav
id00830,-,-,real,A,RealVideo-RealAudio,African,men,00143.mp4,FakeAVCeleb/RealVideo-RealAudio/African/men/id00830,FakeAVCeleb_v1.2/RealVideo-RealAudio/African/men/id00830/00143.mp4,../data/raw/FakeAVCeleb_v1.2/RealVideo-RealAudio/African/men/id00830/00143.mp4,12_RealVideo-RealAudio,3,True,../data/processed/frames,../data/processed/audio/12_RealVideo-RealAudio.wav
id00944,-,-,real,A,RealVideo-RealAudio,African,men,00135.mp4,FakeAVCeleb/RealVideo-RealAudio/African/men/id00944,FakeAVCeleb_v1.2/RealVideo-RealAudio/African/men/id00944/00135.mp4,../data/raw/FakeAVCeleb_v1.2/RealVideo-RealAudio/African/men/id00944/00135.mp4,13_RealVideo-RealAudio,3,True,../data/processed/frames,../data/processed/audio/13_RealVideo-RealAudio.wav
id00987,-,-,real,A,RealVideo-RealAudio,African,men,00160.mp4,FakeAVCeleb/RealVideo-RealAudio/African/men/id00987,FakeAVCeleb_v1.2/RealVideo-RealAudio/African/men/id00987/00160.mp4,../data/raw/FakeAVCeleb_v1.2/RealVideo-RealAudio/African/men/id00987/00160.mp4,14_RealVideo-RealAudio,5,True,../data/processed/frames,../data/processed/audio/14_RealVideo-RealAudio.wav
id01036,-,-,real,A,RealVideo-RealAudio,African,men,00010.mp4,FakeAVCeleb/RealVideo-RealAudio/African/men/id01036,FakeAVCeleb_v1.2/RealVideo-RealAudio/African/men/id01036/00010.mp4,../data/raw/FakeAVCeleb_v1.2/RealVideo-RealAudio/African/men/id01036/00010.mp4,15_RealVideo-RealAudio,2,True,../data/processed/frames,../data/processed/audio/15_RealVideo-RealAudio.wav
id01076,-,-,real,A,RealVideo-RealAudio,African,men,00005.mp4,FakeAVCeleb/RealVideo-RealAudio/African/men/id01076,FakeAVCeleb_v1.2/RealVideo-RealAudio/African/men/id01076/00005.mp4,../data/raw/FakeAVCeleb_v1.2/RealVideo-RealAudio/African/men/id01076/00005.mp4,16_RealVideo-RealAudio,3,True,../data/processed/frames,../data/processed/audio/16_RealVideo-RealAudio.wav
id01170,-,-,real,A,RealVideo-RealAudio,African,men,00021.mp4,FakeAVCeleb/RealVideo-RealAudio/African/men/id01170,FakeAVCeleb_v1.2/RealVideo-RealAudio/African/men/id01170/00021.mp4,../data/raw/FakeAVCeleb_v1.2/RealVideo-RealAudio/African/men/id01170/00021.mp4,17_RealVideo-RealAudio,2,True,../data/processed/frames,../data/processed/audio/17_RealVideo-RealAudio.wav
id01171,-,-,real,A,RealVideo-RealAudio,African,men,00053.mp4,FakeAVCeleb/RealVideo-RealAudio/African/men/id01171,FakeAVCeleb_v1.2/RealVideo-RealAudio/African/men/id01171/00053.mp4,../data/raw/FakeAVCeleb_v1.2/RealVideo-RealAudio/African/men/id01171/00053.mp4,18_RealVideo-RealAudio,5,True,../data/processed/frames,../data/processed/audio/18_RealVideo-RealAudio.wav
id01179,-,-,real,A,RealVideo-RealAudio,African,men,00160.mp4,FakeAVCeleb/RealVideo-RealAudio/African/men/id01179,FakeAVCeleb_v1.2/RealVideo-RealAudio/African/men/id01179/00160.mp4,../data/raw/FakeAVCeleb_v1.2/RealVideo-RealAudio/African/men/id01179/00160.mp4,19_RealVideo-RealAudio,4,True,../data/processed/frames,../data/processed/audio/19_RealVideo-RealAudio.wav
id01207,-,-,real,A,RealVideo-RealAudio,African,men,00320.mp4,FakeAVCeleb/RealVideo-RealAudio/African/men/id01207,FakeAVCeleb_v1.2/RealVideo-RealAudio/African/men/id01207/00320.mp4,../data/raw/FakeAVCeleb_v1.2/RealVideo-RealAudio/African/men/id01207/00320.mp4,20_RealVideo-RealAudio,4,True,../data/processed/frames,../data/processed/audio/20_RealVideo-RealAudio.wav
id01236,-,-,real,A,RealVideo-RealAudio,African,men,00005.mp4,FakeAVCeleb/RealVideo-RealAudio/African/men/id01236,FakeAVCeleb_v1.2/RealVideo-RealAudio/African/men/id01236/00005.mp4,../data/raw/FakeAVCeleb_v1.2/RealVideo-RealAudio/African/men/id01236/00005.mp4,21_RealVideo-RealAudio,5,True,../data/processed/frames,../data/processed/audio/21_RealVideo-RealAudio.wav
id01392,-,-,real,A,RealVideo-RealAudio,African,men,00167.mp4,FakeAVCeleb/RealVideo-RealAudio/African/men/id01392,FakeAVCeleb_v1.2/RealVideo-RealAudio/African/men/id01392/00167.mp4,../data/raw/FakeAVCeleb_v1.2/RealVideo-RealAudio/African/men/id01392/00167.mp4,22_RealVideo-RealAudio,5,True,../data/processed/frames,../data/processed/audio/22_RealVideo-RealAudio.wav
id01452,-,-,real,A,RealVideo-RealAudio,African,men,00001.mp4,FakeAVCeleb/RealVideo-RealAudio/African/men/id01452,FakeAVCeleb_v1.2/RealVideo-RealAudio/African/men/id01452/00001.mp4,../data/raw/FakeAVCeleb_v1.2/RealVideo-RealAudio/African/men/id01452/00001.mp4,23_RealVideo-RealAudio,5,True,../data/processed/frames,../data/processed/audio/23_RealVideo-RealAudio.wav
id01521,-,-,real,A,RealVideo-RealAudio,African,men,00109.mp4,FakeAVCeleb/RealVideo-RealAudio/African/men/id01521,FakeAVCeleb_v1.2/RealVideo-RealAudio/African/men/id01521/00109.mp4,../data/raw/FakeAVCeleb_v1.2/RealVideo-RealAudio/African/men/id01521/00109.mp4,24_RealVideo-RealAudio,5,True,../data/processed/frames,../data/processed/audio/24_RealVideo-RealAudio.wav
id01528,-,-,real,A,RealVideo-RealAudio,African,men,00017.mp4,FakeAVCeleb/RealVideo-RealAudio/African/men/id01528,FakeAVCeleb_v1.2/RealVideo-RealAudio/African/men/id01528/00017.mp4,../data/raw/FakeAVCeleb_v1.2/RealVideo-RealAudio/African/men/id01528/00017.mp4,25_RealVideo-RealAudio,4,True,../data/processed/frames,../data/processed/audio/25_RealVideo-RealAudio.wav
id01530,-,-,real,A,RealVideo-RealAudio,African,men,00002.mp4,FakeAVCeleb/RealVideo-RealAudio/African/men/id01530,FakeAVCeleb_v1.2/RealVideo-RealAudio/African/men/id01530/00002.mp4,../data/raw/FakeAVCeleb_v1.2/RealVideo-RealAudio/African/men/id01530/00002.mp4,26_RealVideo-RealAudio,5,True,../data/processed/frames,../data/processed/audio/26_RealVideo-RealAudio.wav
id01544,-,-,real,A,RealVideo-RealAudio,African,men,00044.mp4,FakeAVCeleb/RealVideo-RealAudio/African/men/id01544,FakeAVCeleb_v1.2/RealVideo-RealAudio/African/men/id01544/00044.mp4,../data/raw/FakeAVCeleb_v1.2/RealVideo-RealAudio/African/men/id01544/00044.mp4,27_RealVideo-RealAudio,2,True,../data/processed/frames,../data/processed/audio/27_RealVideo-RealAudio.wav
id01597,-,-,real,A,RealVideo-RealAudio,African,men,00005.mp4,FakeAVCeleb/RealVideo-RealAudio/African/men/id01597,FakeAVCeleb_v1.2/RealVideo-RealAudio/African/men/id01597/00005.mp4,../data/raw/FakeAVCeleb_v1.2/RealVideo-RealAudio/African/men/id01597/00005.mp4,28_RealVideo-RealAudio,5,True,../data/processed/frames,../data/processed/audio/28_RealVideo-RealAudio.wav
id01598,-,-,real,A,RealVideo-RealAudio,African,men,00044.mp4,FakeAVCeleb/RealVideo-RealAudio/African/men/id01598,FakeAVCeleb_v1.2/RealVideo-RealAudio/African/men/id01598/00044.mp4,../data/raw/FakeAVCeleb_v1.2/RealVideo-RealAudio/African/men/id01598/00044.mp4,29_RealVideo-RealAudio,4,True,../data/processed/frames,../data/processed/audio/29_RealVideo-RealAudio.wav
id01610,-,-,real,A,RealVideo-RealAudio,African,men,00090.mp4,FakeAVCeleb/RealVideo-RealAudio/African/men/id01610,FakeAVCeleb_v1.2/RealVideo-RealAudio/African/men/id01610/00090.mp4,../data/raw/FakeAVCeleb_v1.2/RealVideo-RealAudio/African/men/id01610/00090.mp4,30_RealVideo-RealAudio,5,True,../data/processed/frames,../data/processed/audio/30_RealVideo-RealAudio.wav
id01637,-,-,real,A,RealVideo-RealAudio,African,men,00002.mp4,FakeAVCeleb/RealVideo-RealAudio/African/men/id01637,FakeAVCeleb_v1.2/RealVideo-RealAudio/African/men/id01637/00002.mp4,../data/raw/FakeAVCeleb_v1.2/RealVideo-RealAudio/African/men/id01637/00002.mp4,31_RealVideo-RealAudio,5,True,../data/processed/frames,../data/processed/audio/31_RealVideo-RealAudio.wav
id01691,-,-,real,A,RealVideo-RealAudio,African,men,00045.mp4,FakeAVCeleb/RealVideo-RealAudio/African/men/id01691,FakeAVCeleb_v1.2/RealVideo-RealAudio/African/men/id01691/00045.mp4,../data/raw/FakeAVCeleb_v1.2/RealVideo-RealAudio/African/men/id01691/00045.mp4,32_RealVideo-RealAudio,5,True,../data/processed/frames,../data/processed/audio/32_RealVideo-RealAudio.wav
id01717,-,-,real,A,RealVideo-RealAudio,African,men,00005.mp4,FakeAVCeleb/RealVideo-RealAudio/African/men/id01717,FakeAVCeleb_v1.2/RealVideo-RealAudio/African/men/id01717/00005.mp4,../data/raw/FakeAVCeleb_v1.2/RealVideo-RealAudio/African/men/id01717/00005.mp4,33_RealVideo-RealAudio,2,True,../data/processed/frames,../data/processed/audio/33_RealVideo-RealAudio.wav
id01779,-,-,real,A,RealVideo-RealAudio,African,men,00010.mp4,FakeAVCeleb/RealVideo-RealAudio/African/men/id01779,FakeAVCeleb_v1.2/RealVideo-RealAudio/African/men/id01779/00010.mp4,../data/raw/FakeAVCeleb_v1.2/RealVideo-RealAudio/African/men/id01779/00010.mp4,34_RealVideo-RealAudio,5,True,../data/processed/frames,../data/processed/audio/34_RealVideo-RealAudio.wav
id01835,-,-,real,A,RealVideo-RealAudio,African,men,00130.mp4,FakeAVCeleb/RealVideo-RealAudio/African/men/id01835,FakeAVCeleb_v1.2/RealVideo-RealAudio/African/men/id01835/00130.mp4,../data/raw/FakeAVCeleb_v1.2/RealVideo-RealAudio/African/men/id01835/00130.mp4,35_RealVideo-RealAudio,4,True,../data/processed/frames,../data/processed/audio/35_RealVideo-RealAudio.wav
id01856,-,-,real,A,RealVideo-RealAudio,African,men,00006.mp4,FakeAVCeleb/RealVideo-RealAudio/African/men/id01856,FakeAVCeleb_v1.2/RealVideo-RealAudio/African/men/id01856/00006.mp4,../data/raw/FakeAVCeleb_v1.2/RealVideo-RealAudio/African/men/id01856/00006.mp4,36_RealVideo-RealAudio,4,True,../data/processed/frames,../data/processed/audio/36_RealVideo-RealAudio.wav
id01920,-,-,real,A,RealVideo-RealAudio,African,men,00099.mp4,FakeAVCeleb/RealVideo-RealAudio/African/men/id01920,FakeAVCeleb_v1.2/RealVideo-RealAudio/African/men/id01920/00099.mp4,../data/raw/FakeAVCeleb_v1.2/RealVideo-RealAudio/African/men/id01920/00099.mp4,37_RealVideo-RealAudio,5,True,../data/processed/frames,../data/processed/audio/37_RealVideo-RealAudio.wav
id01933,-,-,real,A,RealVideo-RealAudio,African,men,00028.mp4,FakeAVCeleb/RealVideo-RealAudio/African/men/id01933,FakeAVCeleb_v1.2/RealVideo-RealAudio/African/men/id01933/00028.mp4,../data/raw/FakeAVCeleb_v1.2/RealVideo-RealAudio/African/men/id01933/00028.mp4,38_RealVideo-RealAudio,3,True,../data/processed/frames,../data/processed/audio/38_RealVideo-RealAudio.wav
id01972,-,-,real,A,RealVideo-RealAudio,African,men,00078.mp4,FakeAVCeleb/RealVideo-RealAudio/African/men/id01972,FakeAVCeleb_v1.2/RealVideo-RealAudio/African/men/id01972/00078.mp4,../data/raw/FakeAVCeleb_v1.2/RealVideo-RealAudio/African/men/id01972/00078.mp4,39_RealVideo-RealAudio,4,True,../data/processed/frames,../data/processed/audio/39_RealVideo-RealAudio.wav
id02005,-,-,real,A,RealVideo-RealAudio,African,men,00052.mp4,FakeAVCeleb/RealVideo-RealAudio/African/men/id02005,FakeAVCeleb_v1.2/RealVideo-RealAudio/African/men/id02005/00052.mp4,../data/raw/FakeAVCeleb_v1.2/RealVideo-RealAudio/African/men/id02005/00052.mp4,41_RealVideo-RealAudio,5,True,../data/processed/frames,../data/processed/audio/41_RealVideo-RealAudio.wav
id02040,-,-,real,A,RealVideo-RealAudio,African,men,00476.mp4,FakeAVCeleb/RealVideo-RealAudio/African/men/id02040,FakeAVCeleb_v1.2/RealVideo-RealAudio/African/men/id02040/00476.mp4,../data/raw/FakeAVCeleb_v1.2/RealVideo-RealAudio/African/men/id02040/00476.mp4,42_RealVideo-RealAudio,1,True,../data/processed/frames,../data/processed/audio/42_RealVideo-RealAudio.wav
id02051,-,-,real,A,RealVideo-RealAudio,African,men,00015.mp4,FakeAVCeleb/RealVideo-RealAudio/African/men/id02051,FakeAVCeleb_v1.2/RealVideo-RealAudio/African/men/id02051/00015.mp4,../data/raw/FakeAVCeleb_v1.2/RealVideo-RealAudio/African/men/id02051/00015.mp4,43_RealVideo-RealAudio,5,True,../data/processed/frames,../data/processed/audio/43_RealVideo-RealAudio.wav
id02268,-,-,real,A,RealVideo-RealAudio,African,men,00036.mp4,FakeAVCeleb/RealVideo-RealAudio/African/men/id02268,FakeAVCeleb_v1.2/RealVideo-RealAudio/African/men/id02268/00036.mp4,../data/raw/FakeAVCeleb_v1.2/RealVideo-RealAudio/African/men/id02268/00036.mp4,44_RealVideo-RealAudio,5,True,../data/processed/frames,../data/processed/audio/44_RealVideo-RealAudio.wav
id02296,-,-,real,A,RealVideo-RealAudio,African,men,00019.mp4,FakeAVCeleb/RealVideo-RealAudio/African/men/id02296,FakeAVCeleb_v1.2/RealVideo-RealAudio/African/men/id02296/00019.mp4,../data/raw/FakeAVCeleb_v1.2/RealVideo-RealAudio/African/men/id02296/00019.mp4,45_RealVideo-RealAudio,5,True,../data/processed/frames,../data/processed/audio/45_RealVideo-RealAudio.wav
id02494,-,-,real,A,RealVideo-RealAudio,African,men,00050.mp4,FakeAVCeleb/RealVideo-RealAudio/African/men/id02494,FakeAVCeleb_v1.2/RealVideo-RealAudio/African/men/id02494/00050.mp4,../data/raw/FakeAVCeleb_v1.2/RealVideo-RealAudio/African/men/id02494/00050.mp4,48_RealVideo-RealAudio,1,True,../data/processed/frames,../data/processed/audio/48_RealVideo-RealAudio.wav
id04727,-,-,real,A,RealVideo-RealAudio,African,men,00007.mp4,FakeAVCeleb/RealVideo-RealAudio/African/men/id04727,FakeAVCeleb_v1.2/RealVideo-RealAudio/African/men/id04727/00007.mp4,../data/raw/FakeAVCeleb_v1.2/RealVideo-RealAudio/African/men/id04727/00007.mp4,49_RealVideo-RealAudio,3,True,../data/processed/frames,../data/processed/audio/49_RealVideo-RealAudio.wav
id00220,-,-,real,A,RealVideo-RealAudio,African,women,00027.mp4,FakeAVCeleb/RealVideo-RealAudio/African/women/id00220,FakeAVCeleb_v1.2/RealVideo-RealAudio/African/women/id00220/00027.mp4,../data/raw/FakeAVCeleb_v1.2/RealVideo-RealAudio/African/women/id00220/00027.mp4,50_RealVideo-RealAudio,5,True,../data/processed/frames,../data/processed/audio/50_RealVideo-RealAudio.wav
id00359,-,-,real,A,RealVideo-RealAudio,African,women,00053.mp4,FakeAVCeleb/RealVideo-RealAudio/African/women/id00359,FakeAVCeleb_v1.2/RealVideo-RealAudio/African/women/id00359/00053.mp4,../data/raw/FakeAVCeleb_v1.2/RealVideo-RealAudio/African/women/id00359/00053.mp4,51_RealVideo-RealAudio,5,True,../data/processed/frames,../data/processed/audio/51_RealVideo-RealAudio.wav
id00371,-,-,real,A,RealVideo-RealAudio,African,women,00099.mp4,FakeAVCeleb/RealVideo-RealAudio/African/women/id00371,FakeAVCeleb_v1.2/RealVideo-RealAudio/African/women/id00371/00099.mp4,../data/raw/FakeAVCeleb_v1.2/RealVideo-RealAudio/African/women/id00371/00099.mp4,52_RealVideo-RealAudio,5,True,../data/processed/frames,../data/processed/audio/52_RealVideo-RealAudio.wav
id00460,-,-,real,A,RealVideo-RealAudio,African,women,00005.mp4,FakeAVCeleb/RealVideo-RealAudio/African/women/id00460,FakeAVCeleb_v1.2/RealVideo-RealAudio/African/women/id00460/00005.mp4,../data/raw/FakeAVCeleb_v1.2/RealVideo-RealAudio/African/women/id00460/00005.mp4,53_RealVideo-RealAudio,5,True,../data/processed/frames,../data/processed/audio/53_RealVideo-RealAudio.wav
id00568,-,-,real,A,RealVideo-RealAudio,African,women,00384.mp4,FakeAVCeleb/RealVideo-RealAudio/African/women/id00568,FakeAVCeleb_v1.2/RealVideo-RealAudio/African/women/id00568/00384.mp4,../data/raw/FakeAVCeleb_v1.2/RealVideo-RealAudio/African/women/id00568/00384.mp4,54_RealVideo-RealAudio,5,True,../data/processed/frames,../data/processed/audio/54_RealVideo-RealAudio.wav
id00577,-,-,real,A,RealVideo-RealAudio,African,women,00010.mp4,FakeAVCeleb/RealVideo-RealAudio/African/women/id00577,FakeAVCeleb_v1.2/RealVideo-RealAudio/African/women/id00577/00010.mp4,../data/raw/FakeAVCeleb_v1.2/RealVideo-RealAudio/African/women/id00577/00010.mp4,55_RealVideo-RealAudio,3,True,../data/processed/frames,../data/processed/audio/55_RealVideo-RealAudio.wav
id00592,-,-,real,A,RealVideo-RealAudio,African,women,00017.mp4,FakeAVCeleb/RealVideo-RealAudio/African/women/id00592,FakeAVCeleb_v1.2/RealVideo-RealAudio/African/women/id00592/00017.mp4,../data/raw/FakeAVCeleb_v1.2/RealVideo-RealAudio/African/women/id00592/00017.mp4,56_RealVideo-RealAudio,4,True,../data/processed/frames,../data/processed/audio/56_RealVideo-RealAudio.wav
id00707,-,-,real,A,RealVideo-RealAudio,African,women,00052.mp4,FakeAVCeleb/RealVideo-RealAudio/African/women/id00707,FakeAVCeleb_v1.2/RealVideo-RealAudio/African/women/id00707/00052.mp4,../data/raw/FakeAVCeleb_v1.2/RealVideo-RealAudio/African/women/id00707/00052.mp4,57_RealVideo-RealAudio,5,True,../data/processed/frames,../data/processed/audio/57_RealVideo-RealAudio.wav
id00829,-,-,real,A,RealVideo-RealAudio,African,women,00271.mp4,FakeAVCeleb/RealVideo-RealAudio/African/women/id00829,FakeAVCeleb_v1.2/RealVideo-RealAudio/African/women/id00829/00271.mp4,../data/raw/FakeAVCeleb_v1.2/RealVideo-RealAudio/African/women/id00829/00271.mp4,58_RealVideo-RealAudio,5,True,../data/processed/frames,../data/processed/audio/58_RealVideo-RealAudio.wav
id00832,-,-,real,A,RealVideo-RealAudio,African,women,00078.mp4,FakeAVCeleb/RealVideo-RealAudio/African/women/id00832,FakeAVCeleb_v1.2/RealVideo-RealAudio/African/women/id00832/00078.mp4,../data/raw/FakeAVCeleb_v1.2/RealVideo-RealAudio/African/women/id00832/00078.mp4,59_RealVideo-RealAudio,5,True,../data/processed/frames,../data/processed/audio/59_RealVideo-RealAudio.wav
id01178,-,-,real,A,RealVideo-RealAudio,African,women,00028.mp4,FakeAVCeleb/RealVideo-RealAudio/African/women/id01178,FakeAVCeleb_v1.2/RealVideo-RealAudio/African/women/id01178/00028.mp4,../data/raw/FakeAVCeleb_v1.2/RealVideo-RealAudio/African/women/id01178/00028.mp4,60_RealVideo-RealAudio,4,True,../data/processed/frames,../data/processed/audio/60_RealVideo-RealAudio.wav
id01532,-,-,real,A,RealVideo-RealAudio,African,women,00065.mp4,FakeAVCeleb/RealVideo-RealAudio/African/women/id01532,FakeAVCeleb_v1.2/RealVideo-RealAudio/African/women/id01532/00065.mp4,../data/raw/FakeAVCeleb_v1.2/RealVideo-RealAudio/African/women/id01532/00065.mp4,61_RealVideo-RealAudio,3,True,../data/processed/frames,../data/processed/audio/61_RealVideo-RealAudio.wav
id01661,-,-,real,A,RealVideo-RealAudio,African,women,00059.mp4,FakeAVCeleb/RealVideo-RealAudio/African/women/id01661,FakeAVCeleb_v1.2/RealVideo-RealAudio/African/women/id01661/00059.mp4,../data/raw/FakeAVCeleb_v1.2/RealVideo-RealAudio/African/women/id01661/00059.mp4,62_RealVideo-RealAudio,4,True,../data/processed/frames,../data/processed/audio/62_RealVideo-RealAudio.wav
id01783,-,-,real,A,RealVideo-RealAudio,African,women,00015.mp4,FakeAVCeleb/RealVideo-RealAudio/African/women/id01783,FakeAVCeleb_v1.2/RealVideo-RealAudio/African/women/id01783/00015.mp4,../data/raw/FakeAVCeleb_v1.2/RealVideo-RealAudio/African/women/id01783/00015.mp4,63_RealVideo-RealAudio,2,True,../data/processed/frames,../data/processed/audio/63_RealVideo-RealAudio.wav
id01838,-,-,real,A,RealVideo-RealAudio,African,women,00126.mp4,FakeAVCeleb/RealVideo-RealAudio/African/women/id01838,FakeAVCeleb_v1.2/RealVideo-RealAudio/African/women/id01838/00126.mp4,../data/raw/FakeAVCeleb_v1.2/RealVideo-RealAudio/African/women/id01838/00126.mp4,64_RealVideo-RealAudio,5,True,../data/processed/frames,../data/processed/audio/64_RealVideo-RealAudio.wav
id01907,-,-,real,A,RealVideo-RealAudio,African,women,00148.mp4,FakeAVCeleb/RealVideo-RealAudio/African/women/id01907,FakeAVCeleb_v1.2/RealVideo-RealAudio/African/women/id01907/00148.mp4,../data/raw/FakeAVCeleb_v1.2/RealVideo-RealAudio/African/women/id01907/00148.mp4,65_RealVideo-RealAudio,5,True,../data/processed/frames,../data/processed/audio/65_RealVideo-RealAudio.wav
id02301,-,-,real,A,RealVideo-RealAudio,African,women,00092.mp4,FakeAVCeleb/RealVideo-RealAudio/African/women/id02301,FakeAVCeleb_v1.2/RealVideo-RealAudio/African/women/id02301/00092.mp4,../data/raw/FakeAVCeleb_v1.2/RealVideo-RealAudio/African/women/id02301/00092.mp4,67_RealVideo-RealAudio,5,True,../data/processed/frames,../data/processed/audio/67_RealVideo-RealAudio.wav
id02508,-,-,real,A,RealVideo-RealAudio,African,women,00083.mp4,FakeAVCeleb/RealVideo-RealAudio/African/women/id02508,FakeAVCeleb_v1.2/RealVideo-RealAudio/African/women/id02508/00083.mp4,../data/raw/FakeAVCeleb_v1.2/RealVideo-RealAudio/African/women/id02508/00083.mp4,68_RealVideo-RealAudio,5,True,../data/processed/frames,../data/processed/audio/68_RealVideo-RealAudio.wav
id02586,-,-,real,A,RealVideo-RealAudio,African,women,00042.mp4,FakeAVCeleb/RealVideo-RealAudio/African/women/id02586,FakeAVCeleb_v1.2/RealVideo-RealAudio/African/women/id02586/00042.mp4,../data/raw/FakeAVCeleb_v1.2/RealVideo-RealAudio/African/women/id02586/00042.mp4,69_RealVideo-RealAudio,5,True,../data/processed/frames,../data/processed/audio/69_RealVideo-RealAudio.wav
id02617,-,-,real,A,RealVideo-RealAudio,African,women,00028.mp4,FakeAVCeleb/RealVideo-RealAudio/African/women/id02617,FakeAVCeleb_v1.2/RealVideo-RealAudio/African/women/id02617/00028.mp4,../data/raw/FakeAVCeleb_v1.2/RealVideo-RealAudio/African/women/id02617/00028.mp4,70_RealVideo-RealAudio,3,True,../data/processed/frames,../data/processed/audio/70_RealVideo-RealAudio.wav
id02721,-,-,real,A,RealVideo-RealAudio,African,women,00424.mp4,FakeAVCeleb/RealVideo-RealAudio/African/women/id02721,FakeAVCeleb_v1.2/RealVideo-RealAudio/African/women/id02721/00424.mp4,../data/raw/FakeAVCeleb_v1.2/RealVideo-RealAudio/African/women/id02721/00424.mp4,71_RealVideo-RealAudio,4,True,../data/processed/frames,../data/processed/audio/71_RealVideo-RealAudio.wav
id02808,-,-,real,A,RealVideo-RealAudio,African,women,00056.mp4,FakeAVCeleb/RealVideo-RealAudio/African/women/id02808,FakeAVCeleb_v1.2/RealVideo-RealAudio/African/women/id02808/00056.mp4,../data/raw/FakeAVCeleb_v1.2/RealVideo-RealAudio/African/women/id02808/00056.mp4,72_RealVideo-RealAudio,2,True,../data/processed/frames,../data/processed/audio/72_RealVideo-RealAudio.wav
id02824,-,-,real,A,RealVideo-RealAudio,African,women,00130.mp4,FakeAVCeleb/RealVideo-RealAudio/African/women/id02824,FakeAVCeleb_v1.2/RealVideo-RealAudio/African/women/id02824/00130.mp4,../data/raw/FakeAVCeleb_v1.2/RealVideo-RealAudio/African/women/id02824/00130.mp4,73_RealVideo-RealAudio,4,True,../data/processed/frames,../data/processed/audio/73_RealVideo-RealAudio.wav
id02838,-,-,real,A,RealVideo-RealAudio,African,women,00080.mp4,FakeAVCeleb/RealVideo-RealAudio/African/women/id02838,FakeAVCeleb_v1.2/RealVideo-RealAudio/African/women/id02838/00080.mp4,../data/raw/FakeAVCeleb_v1.2/RealVideo-RealAudio/African/women/id02838/00080.mp4,74_RealVideo-RealAudio,5,True,../data/processed/frames,../data/processed/audio/74_RealVideo-RealAudio.wav
id02948,-,-,real,A,RealVideo-RealAudio,African,women,00298.mp4,FakeAVCeleb/RealVideo-RealAudio/African/women/id02948,FakeAVCeleb_v1.2/RealVideo-RealAudio/African/women/id02948/00298.mp4,../data/raw/FakeAVCeleb_v1.2/RealVideo-RealAudio/African/women/id02948/00298.mp4,75_RealVideo-RealAudio,4,True,../data/processed/frames,../data/processed/audio/75_RealVideo-RealAudio.wav
id03103,-,-,real,A,RealVideo-RealAudio,African,women,00130.mp4,FakeAVCeleb/RealVideo-RealAudio/African/women/id03103,FakeAVCeleb_v1.2/RealVideo-RealAudio/African/women/id03103/00130.mp4,../data/raw/FakeAVCeleb_v1.2/RealVideo-RealAudio/African/women/id03103/00130.mp4,76_RealVideo-RealAudio,5,True,../data/processed/frames,../data/processed/audio/76_RealVideo-RealAudio.wav
id03656,-,-,real,A,RealVideo-RealAudio,African,women,00052.mp4,FakeAVCeleb/RealVideo-RealAudio/African/women/id03656,FakeAVCeleb_v1.2/RealVideo-RealAudio/African/women/id03656/00052.mp4,../data/raw/FakeAVCeleb_v1.2/RealVideo-RealAudio/African/women/id03656/00052.mp4,78_RealVideo-RealAudio,5,True,../data/processed/frames,../data/processed/audio/78_RealVideo-RealAudio.wav
id03658,-,-,real,A,RealVideo-RealAudio,African,women,00077.mp4,FakeAVCeleb/RealVideo-RealAudio/African/women/id03658,FakeAVCeleb_v1.2/RealVideo-RealAudio/African/women/id03658/00077.mp4,../data/raw/FakeAVCeleb_v1.2/RealVideo-RealAudio/African/women/id03658/00077.mp4,79_RealVideo-RealAudio,2,True,../data/processed/frames,../data/processed/audio/79_RealVideo-RealAudio.wav
id03713,-,-,real,A,RealVideo-RealAudio,African,women,00249.mp4,FakeAVCeleb/RealVideo-RealAudio/African/women/id03713,FakeAVCeleb_v1.2/RealVideo-RealAudio/African/women/id03713/00249.mp4,../data/raw/FakeAVCeleb_v1.2/RealVideo-RealAudio/African/women/id03713/00249.mp4,80_RealVideo-RealAudio,5,True,../data/processed/frames,../data/processed/audio/80_RealVideo-RealAudio.wav
id03747,-,-,real,A,RealVideo-RealAudio,African,women,00273.mp4,FakeAVCeleb/RealVideo-RealAudio/African/women/id03747,FakeAVCeleb_v1.2/RealVideo-RealAudio/African/women/id03747/00273.mp4,../data/raw/FakeAVCeleb_v1.2/RealVideo-RealAudio/African/women/id03747/00273.mp4,81_RealVideo-RealAudio,5,True,../data/processed/frames,../data/processed/audio/81_RealVideo-RealAudio.wav
id04055,-,-,real,A,RealVideo-RealAudio,African,women,00001.mp4,FakeAVCeleb/RealVideo-RealAudio/African/women/id04055,FakeAVCeleb_v1.2/RealVideo-RealAudio/African/women/id04055/00001.mp4,../data/raw/FakeAVCeleb_v1.2/RealVideo-RealAudio/African/women/id04055/00001.mp4,82_RealVideo-RealAudio,5,True,../data/processed/frames,../data/processed/audio/82_RealVideo-RealAudio.wav
id04245,-,-,real,A,RealVideo-RealAudio,African,women,00072.mp4,FakeAVCeleb/RealVideo-RealAudio/African/women/id04245,FakeAVCeleb_v1.2/RealVideo-RealAudio/African/women/id04245/00072.mp4,../data/raw/FakeAVCeleb_v1.2/RealVideo-RealAudio/African/women/id04245/00072.mp4,83_RealVideo-RealAudio,5,True,../data/processed/frames,../data/processed/audio/83_RealVideo-RealAudio.wav
id04376,-,-,real,A,RealVideo-RealAudio,African,women,00181.mp4,FakeAVCeleb/RealVideo-RealAudio/African/women/id04376,FakeAVCeleb_v1.2/RealVideo-RealAudio/African/women/id04376/00181.mp4,../data/raw/FakeAVCeleb_v1.2/RealVideo-RealAudio/African/women/id04376/00181.mp4,85_RealVideo-RealAudio,5,True,../data/processed/frames,../data/processed/audio/85_RealVideo-RealAudio.wav
id04437,-,-,real,A,RealVideo-RealAudio,African,women,00002.mp4,FakeAVCeleb/RealVideo-RealAudio/African/women/id04437,FakeAVCeleb_v1.2/RealVideo-RealAudio/African/women/id04437/00002.mp4,../data/raw/FakeAVCeleb_v1.2/RealVideo-RealAudio/African/women/id04437/00002.mp4,86_RealVideo-RealAudio,5,True,../data/processed/frames,../data/processed/audio/86_RealVideo-RealAudio.wav
id04540,-,-,real,A,RealVideo-RealAudio,African,women,00078.mp4,FakeAVCeleb/RealVideo-RealAudio/African/women/id04540,FakeAVCeleb_v1.2/RealVideo-RealAudio/African/women/id04540/00078.mp4,../data/raw/FakeAVCeleb_v1.2/RealVideo-RealAudio/African/women/id04540/00078.mp4,87_RealVideo-RealAudio,5,True,../data/processed/frames,../data/processed/audio/87_RealVideo-RealAudio.wav
id04547,-,-,real,A,RealVideo-RealAudio,African,women,00052.mp4,FakeAVCeleb/RealVideo-RealAudio/African/women/id04547,FakeAVCeleb_v1.2/RealVideo-RealAudio/African/women/id04547/00052.mp4,../data/raw/FakeAVCeleb_v1.2/RealVideo-RealAudio/African/women/id04547/00052.mp4,88_RealVideo-RealAudio,2,True,../data/processed/frames,../data/processed/audio/88_RealVideo-RealAudio.wav
id04689,-,-,real,A,RealVideo-RealAudio,African,women,00005.mp4,FakeAVCeleb/RealVideo-RealAudio/African/women/id04689,FakeAVCeleb_v1.2/RealVideo-RealAudio/African/women/id04689/00005.mp4,../data/raw/FakeAVCeleb_v1.2/RealVideo-RealAudio/African/women/id04689/00005.mp4,89_RealVideo-RealAudio,4,True,../data/processed/frames,../data/processed/audio/89_RealVideo-RealAudio.wav
id04705,-,-,real,A,RealVideo-RealAudio,African,women,00408.mp4,FakeAVCeleb/RealVideo-RealAudio/African/women/id04705,FakeAVCeleb_v1.2/RealVideo-RealAudio/African/women/id04705/00408.mp4,../data/raw/FakeAVCeleb_v1.2/RealVideo-RealAudio/African/women/id04705/00408.mp4,90_RealVideo-RealAudio,3,True,../data/processed/frames,../data/processed/audio/90_RealVideo-RealAudio.wav
id04736,-,-,real,A,RealVideo-RealAudio,African,women,00083.mp4,FakeAVCeleb/RealVideo-RealAudio/African/women/id04736,FakeAVCeleb_v1.2/RealVideo-RealAudio/African/women/id04736/00083.mp4,../data/raw/FakeAVCeleb_v1.2/RealVideo-RealAudio/African/women/id04736/00083.mp4,91_RealVideo-RealAudio,4,True,../data/processed/frames,../data/processed/audio/91_RealVideo-RealAudio.wav
id04820,-,-,real,A,RealVideo-RealAudio,African,women,00015.mp4,FakeAVCeleb/RealVideo-RealAudio/African/women/id04820,FakeAVCeleb_v1.2/RealVideo-RealAudio/African/women/id04820/00015.mp4,../data/raw/FakeAVCeleb_v1.2/RealVideo-RealAudio/African/women/id04820/00015.mp4,92_RealVideo-RealAudio,5,True,../data/processed/frames,../data/processed/audio/92_RealVideo-RealAudio.wav
id04939,-,-,real,A,RealVideo-RealAudio,African,women,00174.mp4,FakeAVCeleb/RealVideo-RealAudio/African/women/id04939,FakeAVCeleb_v1.2/RealVideo-RealAudio/African/women/id04939/00174.mp4,../data/raw/FakeAVCeleb_v1.2/RealVideo-RealAudio/African/women/id04939/00174.mp4,93_RealVideo-RealAudio,4,True,../data/processed/frames,../data/processed/audio/93_RealVideo-RealAudio.wav
id05106,-,-,real,A,RealVideo-RealAudio,African,women,00078.mp4,FakeAVCeleb/RealVideo-RealAudio/African/women/id05106,FakeAVCeleb_v1.2/RealVideo-RealAudio/African/women/id05106/00078.mp4,../data/raw/FakeAVCeleb_v1.2/RealVideo-RealAudio/African/women/id05106/00078.mp4,94_RealVideo-RealAudio,5,True,../data/processed/frames,../data/processed/audio/94_RealVideo-RealAudio.wav
id05231,-,-,real,A,RealVideo-RealAudio,African,women,00149.mp4,FakeAVCeleb/RealVideo-RealAudio/African/women/id05231,FakeAVCeleb_v1.2/RealVideo-RealAudio/African/women/id05231/00149.mp4,../data/raw/FakeAVCeleb_v1.2/RealVideo-RealAudio/African/women/id05231/00149.mp4,95_RealVideo-RealAudio,5,True,../data/processed/frames,../data/processed/audio/95_RealVideo-RealAudio.wav
id05235,-,-,real,A,RealVideo-RealAudio,African,women,00052.mp4,FakeAVCeleb/RealVideo-RealAudio/African/women/id05235,FakeAVCeleb_v1.2/RealVideo-RealAudio/African/women/id05235/00052.mp4,../data/raw/FakeAVCeleb_v1.2/RealVideo-RealAudio/African/women/id05235/00052.mp4,96_RealVideo-RealAudio,4,True,../data/processed/frames,../data/processed/audio/96_RealVideo-RealAudio.wav
id05251,-,-,real,A,RealVideo-RealAudio,African,women,00033.mp4,FakeAVCeleb/RealVideo-RealAudio/African/women/id05251,FakeAVCeleb_v1.2/RealVideo-RealAudio/African/women/id05251/00033.mp4,../data/raw/FakeAVCeleb_v1.2/RealVideo-RealAudio/African/women/id05251/00033.mp4,97_RealVideo-RealAudio,5,True,../data/processed/frames,../data/processed/audio/97_RealVideo-RealAudio.wav
id05252,-,-,real,A,RealVideo-RealAudio,African,women,00052.mp4,FakeAVCeleb/RealVideo-RealAudio/African/women/id05252,FakeAVCeleb_v1.2/RealVideo-RealAudio/African/women/id05252/00052.mp4,../data/raw/FakeAVCeleb_v1.2/RealVideo-RealAudio/African/women/id05252/00052.mp4,98_RealVideo-RealAudio,5,True,../data/processed/frames,../data/processed/audio/98_RealVideo-RealAudio.wav
id05980,-,-,real,A,RealVideo-RealAudio,African,women,00143.mp4,FakeAVCeleb/RealVideo-RealAudio/African/women/id05980,FakeAVCeleb_v1.2/RealVideo-RealAudio/African/women/id05980/00143.mp4,../data/raw/FakeAVCeleb_v1.2/RealVideo-RealAudio/African/women/id05980/00143.mp4,99_RealVideo-RealAudio,5,True,../data/processed/frames,../data/processed/audio/99_RealVideo-RealAudio.wav
id00018,-,-,real,A,RealVideo-RealAudio,Caucasian (American),men,00181.mp4,FakeAVCeleb/RealVideo-RealAudio/Caucasian (American)/men/id00018,FakeAVCeleb_v1.2/RealVideo-RealAudio/Caucasian (American)/men/id00018/00181.mp4,../data/raw/FakeAVCeleb_v1.2/RealVideo-RealAudio/Caucasian (American)/men/id00018/00181.mp4,100_RealVideo-RealAudio,5,True,../data/processed/frames,../data/processed/audio/100_RealVideo-RealAudio.wav
id00020,-,-,real,A,RealVideo-RealAudio,Caucasian (American),men,00206.mp4,FakeAVCeleb/RealVideo-RealAudio/Caucasian (American)/men/id00020,FakeAVCeleb_v1.2/RealVideo-RealAudio/Caucasian (American)/men/id00020/00206.mp4,../data/raw/FakeAVCeleb_v1.2/RealVideo-RealAudio/Caucasian (American)/men/id00020/00206.mp4,101_RealVideo-RealAudio,5,True,../data/processed/frames,../data/processed/audio/101_RealVideo-RealAudio.wav
id00021,-,-,real,A,RealVideo-RealAudio,Caucasian (American),men,00010.mp4,FakeAVCeleb/RealVideo-RealAudio/Caucasian (American)/men/id00021,FakeAVCeleb_v1.2/RealVideo-RealAudio/Caucasian (American)/men/id00021/00010.mp4,../data/raw/FakeAVCeleb_v1.2/RealVideo-RealAudio/Caucasian (American)/men/id00021/00010.mp4,102_RealVideo-RealAudio,2,True,../data/processed/frames,../data/processed/audio/102_RealVideo-RealAudio.wav
id00029,-,-,real,A,RealVideo-RealAudio,Caucasian (American),men,00288.mp4,FakeAVCeleb/RealVideo-RealAudio/Caucasian (American)/men/id00029,FakeAVCeleb_v1.2/RealVideo-RealAudio/Caucasian (American)/men/id00029/00288.mp4,../data/raw/FakeAVCeleb_v1.2/RealVideo-RealAudio/Caucasian (American)/men/id00029/00288.mp4,103_RealVideo-RealAudio,5,True,../data/processed/frames,../data/processed/audio/103_RealVideo-RealAudio.wav
id00049,-,-,real,A,RealVideo-RealAudio,Caucasian (American),men,00118.mp4,FakeAVCeleb/RealVideo-RealAudio/Caucasian (American)/men/id00049,FakeAVCeleb_v1.2/RealVideo-RealAudio/Caucasian (American)/men/id00049/00118.mp4,../data/raw/FakeAVCeleb_v1.2/RealVideo-RealAudio/Caucasian (American)/men/id00049/00118.mp4,104_RealVideo-RealAudio,5,True,../data/processed/frames,../data/processed/audio/104_RealVideo-RealAudio.wav
id00052,-,-,real,A,RealVideo-RealAudio,Caucasian (American),men,00015.mp4,FakeAVCeleb/RealVideo-RealAudio/Caucasian (American)/men/id00052,FakeAVCeleb_v1.2/RealVideo-RealAudio/Caucasian (American)/men/id00052/00015.mp4,../data/raw/FakeAVCeleb_v1.2/RealVideo-RealAudio/Caucasian (American)/men/id00052/00015.mp4,105_RealVideo-RealAudio,5,True,../data/processed/frames,../data/processed/audio/105_RealVideo-RealAudio.wav
id00060,-,-,real,A,RealVideo-RealAudio,Caucasian (American),men,00307.mp4,FakeAVCeleb/RealVideo-RealAudio/Caucasian (American)/men/id00060,FakeAVCeleb_v1.2/RealVideo-RealAudio/Caucasian (American)/men/id00060/00307.mp4,../data/raw/FakeAVCeleb_v1.2/RealVideo-RealAudio/Caucasian (American)/men/id00060/00307.mp4,106_RealVideo-RealAudio,4,True,../data/processed/frames,../data/processed/audio/106_RealVideo-RealAudio.wav
id00062,-,-,real,A,RealVideo-RealAudio,Caucasian (American),men,00278.mp4,FakeAVCeleb/RealVideo-RealAudio/Caucasian (American)/men/id00062,FakeAVCeleb_v1.2/RealVideo-RealAudio/Caucasian (American)/men/id00062/00278.mp4,../data/raw/FakeAVCeleb_v1.2/RealVideo-RealAudio/Caucasian (American)/men/id00062/00278.mp4,107_RealVideo-RealAudio,5,True,../data/processed/frames,../data/processed/audio/107_RealVideo-RealAudio.wav
id00087,-,-,real,A,RealVideo-RealAudio,Caucasian (American),men,00002.mp4,FakeAVCeleb/RealVideo-RealAudio/Caucasian (American)/men/id00087,FakeAVCeleb_v1.2/RealVideo-RealAudio/Caucasian (American)/men/id00087/00002.mp4,../data/raw/FakeAVCeleb_v1.2/RealVideo-RealAudio/Caucasian (American)/men/id00087/00002.mp4,108_RealVideo-RealAudio,5,True,../data/processed/frames,../data/processed/audio/108_RealVideo-RealAudio.wav
id00088,-,-,real,A,RealVideo-RealAudio,Caucasian (American),men,00005.mp4,FakeAVCeleb/RealVideo-RealAudio/Caucasian (American)/men/id00088,FakeAVCeleb_v1.2/RealVideo-RealAudio/Caucasian (American)/men/id00088/00005.mp4,../data/raw/FakeAVCeleb_v1.2/RealVideo-RealAudio/Caucasian (American)/men/id00088/00005.mp4,109_RealVideo-RealAudio,3,True,../data/processed/frames,../data/processed/audio/109_RealVideo-RealAudio.wav
id00169,-,-,real,A,RealVideo-RealAudio,Caucasian (American),men,00021.mp4,FakeAVCeleb/RealVideo-RealAudio/Caucasian (American)/men/id00169,FakeAVCeleb_v1.2/RealVideo-RealAudio/Caucasian (American)/men/id00169/00021.mp4,../data/raw/FakeAVCeleb_v1.2/RealVideo-RealAudio/Caucasian (American)/men/id00169/00021.mp4,110_RealVideo-RealAudio,5,True,../data/processed/frames,../data/processed/audio/110_RealVideo-RealAudio.wav
id00179,-,-,real,A,RealVideo-RealAudio,Caucasian (American),men,00143.mp4,FakeAVCeleb/RealVideo-RealAudio/Caucasian (American)/men/id00179,FakeAVCeleb_v1.2/RealVideo-RealAudio/Caucasian (American)/men/id00179/00143.mp4,../data/raw/FakeAVCeleb_v1.2/RealVideo-RealAudio/Caucasian (American)/men/id00179/00143.mp4,111_RealVideo-RealAudio,5,True,../data/processed/frames,../data/processed/audio/111_RealVideo-RealAudio.wav
id00184,-,-,real,A,RealVideo-RealAudio,Caucasian (American),men,00241.mp4,FakeAVCeleb/RealVideo-RealAudio/Caucasian (American)/men/id00184,FakeAVCeleb_v1.2/RealVideo-RealAudio/Caucasian (American)/men/id00184/00241.mp4,../data/raw/FakeAVCeleb_v1.2/RealVideo-RealAudio/Caucasian (American)/men/id00184/00241.mp4,112_RealVideo-RealAudio,5,True,../data/processed/frames,../data/processed/audio/112_RealVideo-RealAudio.wav
id00243,-,-,real,A,RealVideo-RealAudio,Caucasian (American),men,00037.mp4,FakeAVCeleb/RealVideo-RealAudio/Caucasian (American)/men/id00243,FakeAVCeleb_v1.2/RealVideo-RealAudio/Caucasian (American)/men/id00243/00037.mp4,../data/raw/FakeAVCeleb_v1.2/RealVideo-RealAudio/Caucasian (American)/men/id00243/00037.mp4,113_RealVideo-RealAudio,5,True,../data/processed/frames,../data/processed/audio/113_RealVideo-RealAudio.wav
id00264,-,-,real,A,RealVideo-RealAudio,Caucasian (American),men,00257.mp4,FakeAVCeleb/RealVideo-RealAudio/Caucasian (American)/men/id00264,FakeAVCeleb_v1.2/RealVideo-RealAudio/Caucasian (American)/men/id00264/00257.mp4,../data/raw/FakeAVCeleb_v1.2/RealVideo-RealAudio/Caucasian (American)/men/id00264/00257.mp4,114_RealVideo-RealAudio,5,True,../data/processed/frames,../data/processed/audio/114_RealVideo-RealAudio.wav
id00345,-,-,real,A,RealVideo-RealAudio,Caucasian (American),men,00243.mp4,FakeAVCeleb/RealVideo-RealAudio/Caucasian (American)/men/id00345,FakeAVCeleb_v1.2/RealVideo-RealAudio/Caucasian (American)/men/id00345/00243.mp4,../data/raw/FakeAVCeleb_v1.2/RealVideo-RealAudio/Caucasian (American)/men/id00345/00243.mp4,115_RealVideo-RealAudio,5,True,../data/processed/frames,../data/processed/audio/115_RealVideo-RealAudio.wav
id00529,-,-,real,A,RealVideo-RealAudio,Caucasian (American),men,00409.mp4,FakeAVCeleb/RealVideo-RealAudio/Caucasian (American)/men/id00529,FakeAVCeleb_v1.2/RealVideo-RealAudio/Caucasian (American)/men/id00529/00409.mp4,../data/raw/FakeAVCeleb_v1.2/RealVideo-RealAudio/Caucasian (American)/men/id00529/00409.mp4,116_RealVideo-RealAudio,5,True,../data/processed/frames,../data/processed/audio/116_RealVideo-RealAudio.wav
id00696,-,-,real,A,RealVideo-RealAudio,Caucasian (American),men,00005.mp4,FakeAVCeleb/RealVideo-RealAudio/Caucasian (American)/men/id00696,FakeAVCeleb_v1.2/RealVideo-RealAudio/Caucasian (American)/men/id00696/00005.mp4,../data/raw/FakeAVCeleb_v1.2/RealVideo-RealAudio/Caucasian (American)/men/id00696/00005.mp4,117_RealVideo-RealAudio,5,True,../data/processed/frames,../data/processed/audio/117_RealVideo-RealAudio.wav
id00708,-,-,real,A,RealVideo-RealAudio,Caucasian (American),men,00043.mp4,FakeAVCeleb/RealVideo-RealAudio/Caucasian (American)/men/id00708,FakeAVCeleb_v1.2/RealVideo-RealAudio/Caucasian (American)/men/id00708/00043.mp4,../data/raw/FakeAVCeleb_v1.2/RealVideo-RealAudio/Caucasian (American)/men/id00708/00043.mp4,118_RealVideo-RealAudio,5,True,../data/processed/frames,../data/processed/audio/118_RealVideo-RealAudio.wav
id00775,-,-,real,A,RealVideo-RealAudio,Caucasian (American),men,00092.mp4,FakeAVCeleb/RealVideo-RealAudio/Caucasian (American)/men/id00775,FakeAVCeleb_v1.2/RealVideo-RealAudio/Caucasian (American)/men/id00775/00092.mp4,../data/raw/FakeAVCeleb_v1.2/RealVideo-RealAudio/Caucasian (American)/men/id00775/00092.mp4,119_RealVideo-RealAudio,5,True,../data/processed/frames,../data/processed/audio/119_RealVideo-RealAudio.wav
id00777,-,-,real,A,RealVideo-RealAudio,Caucasian (American),men,00160.mp4,FakeAVCeleb/RealVideo-RealAudio/Caucasian (American)/men/id00777,FakeAVCeleb_v1.2/RealVideo-RealAudio/Caucasian (American)/men/id00777/00160.mp4,../data/raw/FakeAVCeleb_v1.2/RealVideo-RealAudio/Caucasian (American)/men/id00777/00160.mp4,120_RealVideo-RealAudio,3,True,../data/processed/frames,../data/processed/audio/120_RealVideo-RealAudio.wav
id00943,-,-,real,A,RealVideo-RealAudio,Caucasian (American),men,00304.mp4,FakeAVCeleb/RealVideo-RealAudio/Caucasian (American)/men/id00943,FakeAVCeleb_v1.2/RealVideo-RealAudio/Caucasian (American)/men/id00943/00304.mp4,../data/raw/FakeAVCeleb_v1.2/RealVideo-RealAudio/Caucasian (American)/men/id00943/00304.mp4,121_RealVideo-RealAudio,5,True,../data/processed/frames,../data/processed/audio/121_RealVideo-RealAudio.wav
id00945,-,-,real,A,RealVideo-RealAudio,Caucasian (American),men,00107.mp4,FakeAVCeleb/RealVideo-RealAudio/Caucasian (American)/men/id00945,FakeAVCeleb_v1.2/RealVideo-RealAudio/Caucasian (American)/men/id00945/00107.mp4,../data/raw/FakeAVCeleb_v1.2/RealVideo-RealAudio/Caucasian (American)/men/id00945/00107.mp4,122_RealVideo-RealAudio,5,True,../data/processed/frames,../data/processed/audio/122_RealVideo-RealAudio.wav
id00971,-,-,real,A,RealVideo-RealAudio,Caucasian (American),men,00253.mp4,FakeAVCeleb/RealVideo-RealAudio/Caucasian (American)/men/id00971,FakeAVCeleb_v1.2/RealVideo-RealAudio/Caucasian (American)/men/id00971/00253.mp4,../data/raw/FakeAVCeleb_v1.2/RealVideo-RealAudio/Caucasian (American)/men/id00971/00253.mp4,123_RealVideo-RealAudio,5,True,../data/processed/frames,../data/processed/audio/123_RealVideo-RealAudio.wav
id01035,-,-,real,A,RealVideo-RealAudio,Caucasian (American),men,00012.mp4,FakeAVCeleb/RealVideo-RealAudio/Caucasian (American)/men/id01035,FakeAVCeleb_v1.2/RealVideo-RealAudio/Caucasian (American)/men/id01035/00012.mp4,../data/raw/FakeAVCeleb_v1.2/RealVideo-RealAudio/Caucasian (American)/men/id01035/00012.mp4,124_RealVideo-RealAudio,3,True,../data/processed/frames,../data/processed/audio/124_RealVideo-RealAudio.wav
id01042,-,-,real,A,RealVideo-RealAudio,Caucasian (American),men,00154.mp4,FakeAVCeleb/RealVideo-RealAudio/Caucasian (American)/men/id01042,FakeAVCeleb_v1.2/RealVideo-RealAudio/Caucasian (American)/men/id01042/00154.mp4,../data/raw/FakeAVCeleb_v1.2/RealVideo-RealAudio/Caucasian (American)/men/id01042/00154.mp4,125_RealVideo-RealAudio,5,True,../data/processed/frames,../data/processed/audio/125_RealVideo-RealAudio.wav
id01044,-,-,real,A,RealVideo-RealAudio,Caucasian (American),men,00336.mp4,FakeAVCeleb/RealVideo-RealAudio/Caucasian (American)/men/id01044,FakeAVCeleb_v1.2/RealVideo-RealAudio/Caucasian (American)/men/id01044/00336.mp4,../data/raw/FakeAVCeleb_v1.2/RealVideo-RealAudio/Caucasian (American)/men/id01044/00336.mp4,126_RealVideo-RealAudio,5,True,../data/processed/frames,../data/processed/audio/126_RealVideo-RealAudio.wav
id01048,-,-,real,A,RealVideo-RealAudio,Caucasian (American),men,00160.mp4,FakeAVCeleb/RealVideo-RealAudio/Caucasian (American)/men/id01048,FakeAVCeleb_v1.2/RealVideo-RealAudio/Caucasian (American)/men/id01048/00160.mp4,../data/raw/FakeAVCeleb_v1.2/RealVideo-RealAudio/Caucasian (American)/men/id01048/00160.mp4,127_RealVideo-RealAudio,5,True,../data/processed/frames,../data/processed/audio/127_RealVideo-RealAudio.wav
id01096,-,-,real,A,RealVideo-RealAudio,Caucasian (American),men,00037.mp4,FakeAVCeleb/RealVideo-RealAudio/Caucasian (American)/men/id01096,FakeAVCeleb_v1.2/RealVideo-RealAudio/Caucasian (American)/men/id01096/00037.mp4,../data/raw/FakeAVCeleb_v1.2/RealVideo-RealAudio/Caucasian (American)/men/id01096/00037.mp4,128_RealVideo-RealAudio,5,True,../data/processed/frames,../data/processed/audio/128_RealVideo-RealAudio.wav
id01105,-,-,real,A,RealVideo-RealAudio,Caucasian (American),men,00083.mp4,FakeAVCeleb/RealVideo-RealAudio/Caucasian (American)/men/id01105,FakeAVCeleb_v1.2/RealVideo-RealAudio/Caucasian (American)/men/id01105/00083.mp4,../data/raw/FakeAVCeleb_v1.2/RealVideo-RealAudio/Caucasian (American)/men/id01105/00083.mp4,129_RealVideo-RealAudio,5,True,../data/processed/frames,../data/processed/audio/129_RealVideo-RealAudio.wav
id01124,-,-,real,A,RealVideo-RealAudio,Caucasian (American),men,00063.mp4,FakeAVCeleb/RealVideo-RealAudio/Caucasian (American)/men/id01124,FakeAVCeleb_v1.2/RealVideo-RealAudio/Caucasian (American)/men/id01124/00063.mp4,../data/raw/FakeAVCeleb_v1.2/RealVideo-RealAudio/Caucasian (American)/men/id01124/00063.mp4,130_RealVideo-RealAudio,5,True,../data/processed/frames,../data/processed/audio/130_RealVideo-RealAudio.wav
id01163,-,-,real,A,RealVideo-RealAudio,Caucasian (American),men,00195.mp4,FakeAVCeleb/RealVideo-RealAudio/Caucasian (American)/men/id01163,FakeAVCeleb_v1.2/RealVideo-RealAudio/Caucasian (American)/men/id01163/00195.mp4,../data/raw/FakeAVCeleb_v1.2/RealVideo-RealAudio/Caucasian (American)/men/id01163/00195.mp4,131_RealVideo-RealAudio,5,True,../data/processed/frames,../data/processed/audio/131_RealVideo-RealAudio.wav
id01168,-,-,real,A,RealVideo-RealAudio,Caucasian (American),men,00028.mp4,FakeAVCeleb/RealVideo-RealAudio/Caucasian (American)/men/id01168,FakeAVCeleb_v1.2/RealVideo-RealAudio/Caucasian (American)/men/id01168/00028.mp4,../data/raw/FakeAVCeleb_v1.2/RealVideo-RealAudio/Caucasian (American)/men/id01168/00028.mp4,132_RealVideo-RealAudio,4,True,../data/processed/frames,../data/processed/audio/132_RealVideo-RealAudio.wav
id01172,-,-,real,A,RealVideo-RealAudio,Caucasian (American),men,00015.mp4,FakeAVCeleb/RealVideo-RealAudio/Caucasian (American)/men/id01172,FakeAVCeleb_v1.2/RealVideo-RealAudio/Caucasian (American)/men/id01172/00015.mp4,../data/raw/FakeAVCeleb_v1.2/RealVideo-RealAudio/Caucasian (American)/men/id01172/00015.mp4,133_RealVideo-RealAudio,5,True,../data/processed/frames,../data/processed/audio/133_RealVideo-RealAudio.wav
id01175,-,-,real,A,RealVideo-RealAudio,Caucasian (American),men,00025.mp4,FakeAVCeleb/RealVideo-RealAudio/Caucasian (American)/men/id01175,FakeAVCeleb_v1.2/RealVideo-RealAudio/Caucasian (American)/men/id01175/00025.mp4,../data/raw/FakeAVCeleb_v1.2/RealVideo-RealAudio/Caucasian (American)/men/id01175/00025.mp4,134_RealVideo-RealAudio,5,True,../data/processed/frames,../data/processed/audio/134_RealVideo-RealAudio.wav
id01182,-,-,real,A,RealVideo-RealAudio,Caucasian (American),men,00167.mp4,FakeAVCeleb/RealVideo-RealAudio/Caucasian (American)/men/id01182,FakeAVCeleb_v1.2/RealVideo-RealAudio/Caucasian (American)/men/id01182/00167.mp4,../data/raw/FakeAVCeleb_v1.2/RealVideo-RealAudio/Caucasian (American)/men/id01182/00167.mp4,135_RealVideo-RealAudio,4,True,../data/processed/frames,../data/processed/audio/135_RealVideo-RealAudio.wav
id01192,-,-,real,A,RealVideo-RealAudio,Caucasian (American),men,00217.mp4,FakeAVCeleb/RealVideo-RealAudio/Caucasian (American)/men/id01192,FakeAVCeleb_v1.2/RealVideo-RealAudio/Caucasian (American)/men/id01192/00217.mp4,../data/raw/FakeAVCeleb_v1.2/RealVideo-RealAudio/Caucasian (American)/men/id01192/00217.mp4,136_RealVideo-RealAudio,5,True,../data/processed/frames,../data/processed/audio/136_RealVideo-RealAudio.wav
id01201,-,-,real,A,RealVideo-RealAudio,Caucasian (American),men,00028.mp4,FakeAVCeleb/RealVideo-RealAudio/Caucasian (American)/men/id01201,FakeAVCeleb_v1.2/RealVideo-RealAudio/Caucasian (American)/men/id01201/00028.mp4,../data/raw/FakeAVCeleb_v1.2/RealVideo-RealAudio/Caucasian (American)/men/id01201/00028.mp4,137_RealVideo-RealAudio,5,True,../data/processed/frames,../data/processed/audio/137_RealVideo-RealAudio.wav
id01211,-,-,real,A,RealVideo-RealAudio,Caucasian (American),men,00023.mp4,FakeAVCeleb/RealVideo-RealAudio/Caucasian (American)/men/id01211,FakeAVCeleb_v1.2/RealVideo-RealAudio/Caucasian (American)/men/id01211/00023.mp4,../data/raw/FakeAVCeleb_v1.2/RealVideo-RealAudio/Caucasian (American)/men/id01211/00023.mp4,139_RealVideo-RealAudio,5,True,../data/processed/frames,../data/processed/audio/139_RealVideo-RealAudio.wav
id01239,-,-,real,A,RealVideo-RealAudio,Caucasian (American),men,00280.mp4,FakeAVCeleb/RealVideo-RealAudio/Caucasian (American)/men/id01239,FakeAVCeleb_v1.2/RealVideo-RealAudio/Caucasian (American)/men/id01239/00280.mp4,../data/raw/FakeAVCeleb_v1.2/RealVideo-RealAudio/Caucasian (American)/men/id01239/00280.mp4,140_RealVideo-RealAudio,5,True,../data/processed/frames,../data/processed/audio/140_RealVideo-RealAudio.wav
id03525,-,-,real,A,RealVideo-RealAudio,Caucasian (American),men,00048.mp4,FakeAVCeleb/RealVideo-RealAudio/Caucasian (American)/men/id03525,FakeAVCeleb_v1.2/RealVideo-RealAudio/Caucasian (American)/men/id03525/00048.mp4,../data/raw/FakeAVCeleb_v1.2/RealVideo-RealAudio/Caucasian (American)/men/id03525/00048.mp4,141_RealVideo-RealAudio,5,True,../data/processed/frames,../data/processed/audio/141_RealVideo-RealAudio.wav
id03668,-,-,real,A,RealVideo-RealAudio,Caucasian (American),men,00143.mp4,FakeAVCeleb/RealVideo-RealAudio/Caucasian (American)/men/id03668,FakeAVCeleb_v1.2/RealVideo-RealAudio/Caucasian (American)/men/id03668/00143.mp4,../data/raw/FakeAVCeleb_v1.2/RealVideo-RealAudio/Caucasian (American)/men/id03668/00143.mp4,142_RealVideo-RealAudio,5,True,../data/processed/frames,../data/processed/audio/142_RealVideo-RealAudio.wav
id03678,-,-,real,A,RealVideo-RealAudio,Caucasian (American),men,00078.mp4,FakeAVCeleb/RealVideo-RealAudio/Caucasian (American)/men/id03678,FakeAVCeleb_v1.2/RealVideo-RealAudio/Caucasian (American)/men/id03678/00078.mp4,../data/raw/FakeAVCeleb_v1.2/RealVideo-RealAudio/Caucasian (American)/men/id03678/00078.mp4,143_RealVideo-RealAudio,5,True,../data/processed/frames,../data/processed/audio/143_RealVideo-RealAudio.wav
id03757,-,-,real,A,RealVideo-RealAudio,Caucasian (American),men,00149.mp4,FakeAVCeleb/RealVideo-RealAudio/Caucasian (American)/men/id03757,FakeAVCeleb_v1.2/RealVideo-RealAudio/Caucasian (American)/men/id03757/00149.mp4,../data/raw/FakeAVCeleb_v1.2/RealVideo-RealAudio/Caucasian (American)/men/id03757/00149.mp4,144_RealVideo-RealAudio,5,True,../data/processed/frames,../data/processed/audio/144_RealVideo-RealAudio.wav
id04034,-,-,real,A,RealVideo-RealAudio,Caucasian (American),men,00009.mp4,FakeAVCeleb/RealVideo-RealAudio/Caucasian (American)/men/id04034,FakeAVCeleb_v1.2/RealVideo-RealAudio/Caucasian (American)/men/id04034/00009.mp4,../data/raw/FakeAVCeleb_v1.2/RealVideo-RealAudio/Caucasian (American)/men/id04034/00009.mp4,145_RealVideo-RealAudio,5,True,../data/processed/frames,../data/processed/audio/145_RealVideo-RealAudio.wav
id04073,-,-,real,A,RealVideo-RealAudio,Caucasian (American),men,00021.mp4,FakeAVCeleb/RealVideo-RealAudio/Caucasian (American)/men/id04073,FakeAVCeleb_v1.2/RealVideo-RealAudio/Caucasian (American)/men/id04073/00021.mp4,../data/raw/FakeAVCeleb_v1.2/RealVideo-RealAudio/Caucasian (American)/men/id04073/00021.mp4,146_RealVideo-RealAudio,5,True,../data/processed/frames,../data/processed/audio/146_RealVideo-RealAudio.wav
id04216,-,-,real,A,RealVideo-RealAudio,Caucasian (American),men,00470.mp4,FakeAVCeleb/RealVideo-RealAudio/Caucasian (American)/men/id04216,FakeAVCeleb_v1.2/RealVideo-RealAudio/Caucasian (American)/men/id04216/00470.mp4,../data/raw/FakeAVCeleb_v1.2/RealVideo-RealAudio/Caucasian (American)/men/id04216/00470.mp4,147_RealVideo-RealAudio,5,True,../data/processed/frames,../data/processed/audio/147_RealVideo-RealAudio.wav
id04219,-,-,real,A,RealVideo-RealAudio,Caucasian (American),men,00130.mp4,FakeAVCeleb/RealVideo-RealAudio/Caucasian (American)/men/id04219,FakeAVCeleb_v1.2/RealVideo-RealAudio/Caucasian (American)/men/id04219/00130.mp4,../data/raw/FakeAVCeleb_v1.2/RealVideo-RealAudio/Caucasian (American)/men/id04219/00130.mp4,148_RealVideo-RealAudio,5,True,../data/processed/frames,../data/processed/audio/148_RealVideo-RealAudio.wav
id04221,-,-,real,A,RealVideo-RealAudio,Caucasian (American),men,00053.mp4,FakeAVCeleb/RealVideo-RealAudio/Caucasian (American)/men/id04221,FakeAVCeleb_v1.2/RealVideo-RealAudio/Caucasian (American)/men/id04221/00053.mp4,../data/raw/FakeAVCeleb_v1.2/RealVideo-RealAudio/Caucasian (American)/men/id04221/00053.mp4,149_RealVideo-RealAudio,5,True,../data/processed/frames,../data/processed/audio/149_RealVideo-RealAudio.wav
id00025,-,-,real,A,RealVideo-RealAudio,Caucasian (American),women,00025.mp4,FakeAVCeleb/RealVideo-RealAudio/Caucasian (American)/women/id00025,FakeAVCeleb_v1.2/RealVideo-RealAudio/Caucasian (American)/women/id00025/00025.mp4,../data/raw/FakeAVCeleb_v1.2/RealVideo-RealAudio/Caucasian (American)/women/id00025/00025.mp4,150_RealVideo-RealAudio,5,True,../data/processed/frames,../data/processed/audio/150_RealVideo-RealAudio.wav
id00097,-,-,real,A,RealVideo-RealAudio,Caucasian (American),women,00162.mp4,FakeAVCeleb/RealVideo-RealAudio/Caucasian (American)/women/id00097,FakeAVCeleb_v1.2/RealVideo-RealAudio/Caucasian (American)/women/id00097/00162.mp4,../data/raw/FakeAVCeleb_v1.2/RealVideo-RealAudio/Caucasian (American)/women/id00097/00162.mp4,151_RealVideo-RealAudio,5,True,../data/processed/frames,../data/processed/audio/151_RealVideo-RealAudio.wav
id00098,-,-,real,A,RealVideo-RealAudio,Caucasian (American),women,00004.mp4,FakeAVCeleb/RealVideo-RealAudio/Caucasian (American)/women/id00098,FakeAVCeleb_v1.2/RealVideo-RealAudio/Caucasian (American)/women/id00098/00004.mp4,../data/raw/FakeAVCeleb_v1.2/RealVideo-RealAudio/Caucasian (American)/women/id00098/00004.mp4,152_RealVideo-RealAudio,5,True,../data/processed/frames,../data/processed/audio/152_RealVideo-RealAudio.wav
id00100,-,-,real,A,RealVideo-RealAudio,Caucasian (American),women,00028.mp4,FakeAVCeleb/RealVideo-RealAudio/Caucasian (American)/women/id00100,FakeAVCeleb_v1.2/RealVideo-RealAudio/Caucasian (American)/women/id00100/00028.mp4,../data/raw/FakeAVCeleb_v1.2/RealVideo-RealAudio/Caucasian (American)/women/id00100/00028.mp4,153_RealVideo-RealAudio,5,True,../data/processed/frames,../data/processed/audio/153_RealVideo-RealAudio.wav
id00145,-,-,real,A,RealVideo-RealAudio,Caucasian (American),women,00043.mp4,FakeAVCeleb/RealVideo-RealAudio/Caucasian (American)/women/id00145,FakeAVCeleb_v1.2/RealVideo-RealAudio/Caucasian (American)/women/id00145/00043.mp4,../data/raw/FakeAVCeleb_v1.2/RealVideo-RealAudio/Caucasian (American)/women/id00145/00043.mp4,154_RealVideo-RealAudio,5,True,../data/processed/frames,../data/processed/audio/154_RealVideo-RealAudio.wav
id00180,-,-,real,A,RealVideo-RealAudio,Caucasian (American),women,00206.mp4,FakeAVCeleb/RealVideo-RealAudio/Caucasian (American)/women/id00180,FakeAVCeleb_v1.2/RealVideo-RealAudio/Caucasian (American)/women/id00180/00206.mp4,../data/raw/FakeAVCeleb_v1.2/RealVideo-RealAudio/Caucasian (American)/women/id00180/00206.mp4,155_RealVideo-RealAudio,5,True,../data/processed/frames,../data/processed/audio/155_RealVideo-RealAudio.wav
id00190,-,-,real,A,RealVideo-RealAudio,Caucasian (American),women,00072.mp4,FakeAVCeleb/RealVideo-RealAudio/Caucasian (American)/women/id00190,FakeAVCeleb_v1.2/RealVideo-RealAudio/Caucasian (American)/women/id00190/00072.mp4,../data/raw/FakeAVCeleb_v1.2/RealVideo-RealAudio/Caucasian (American)/women/id00190/00072.mp4,156_RealVideo-RealAudio,5,True,../data/processed/frames,../data/processed/audio/156_RealVideo-RealAudio.wav
id00231,-,-,real,A,RealVideo-RealAudio,Caucasian (American),women,00037.mp4,FakeAVCeleb/RealVideo-RealAudio/Caucasian (American)/women/id00231,FakeAVCeleb_v1.2/RealVideo-RealAudio/Caucasian (American)/women/id00231/00037.mp4,../data/raw/FakeAVCeleb_v1.2/RealVideo-RealAudio/Caucasian (American)/women/id00231/00037.mp4,157_RealVideo-RealAudio,3,True,../data/processed/frames,../data/processed/audio/157_RealVideo-RealAudio.wav
id00261,-,-,real,A,RealVideo-RealAudio,Caucasian (American),women,00048.mp4,FakeAVCeleb/RealVideo-RealAudio/Caucasian (American)/women/id00261,FakeAVCeleb_v1.2/RealVideo-RealAudio/Caucasian (American)/women/id00261/00048.mp4,../data/raw/FakeAVCeleb_v1.2/RealVideo-RealAudio/Caucasian (American)/women/id00261/00048.mp4,158_RealVideo-RealAudio,5,True,../data/processed/frames,../data/processed/audio/158_RealVideo-RealAudio.wav
id00272,-,-,real,A,RealVideo-RealAudio,Caucasian (American),women,00195.mp4,FakeAVCeleb/RealVideo-RealAudio/Caucasian (American)/women/id00272,FakeAVCeleb_v1.2/RealVideo-RealAudio/Caucasian (American)/women/id00272/00195.mp4,../data/raw/FakeAVCeleb_v1.2/RealVideo-RealAudio/Caucasian (American)/women/id00272/00195.mp4,159_RealVideo-RealAudio,5,True,../data/processed/frames,../data/processed/audio/159_RealVideo-RealAudio.wav
id00291,-,-,real,A,RealVideo-RealAudio,Caucasian (American),women,00052.mp4,FakeAVCeleb/RealVideo-RealAudio/Caucasian (American)/women/id00291,FakeAVCeleb_v1.2/RealVideo-RealAudio/Caucasian (American)/women/id00291/00052.mp4,../data/raw/FakeAVCeleb_v1.2/RealVideo-RealAudio/Caucasian (American)/women/id00291/00052.mp4,160_RealVideo-RealAudio,5,True,../data/processed/frames,../data/processed/audio/160_RealVideo-RealAudio.wav
id00381,-,-,real,A,RealVideo-RealAudio,Caucasian (American),women,00030.mp4,FakeAVCeleb/RealVideo-RealAudio/Caucasian (American)/women/id00381,FakeAVCeleb_v1.2/RealVideo-RealAudio/Caucasian (American)/women/id00381/00030.mp4,../data/raw/FakeAVCeleb_v1.2/RealVideo-RealAudio/Caucasian (American)/women/id00381/00030.mp4,161_RealVideo-RealAudio,5,True,../data/processed/frames,../data/processed/audio/161_RealVideo-RealAudio.wav
id00383,-,-,real,A,RealVideo-RealAudio,Caucasian (American),women,00171.mp4,FakeAVCeleb/RealVideo-RealAudio/Caucasian (American)/women/id00383,FakeAVCeleb_v1.2/RealVideo-RealAudio/Caucasian (American)/women/id00383/00171.mp4,../data/raw/FakeAVCeleb_v1.2/RealVideo-RealAudio/Caucasian (American)/women/id00383/00171.mp4,162_RealVideo-RealAudio,5,True,../data/processed/frames,../data/processed/audio/162_RealVideo-RealAudio.wav
id00385,-,-,real,A,RealVideo-RealAudio,Caucasian (American),women,00439.mp4,FakeAVCeleb/RealVideo-RealAudio/Caucasian (American)/women/id00385,FakeAVCeleb_v1.2/RealVideo-RealAudio/Caucasian (American)/women/id00385/00439.mp4,../data/raw/FakeAVCeleb_v1.2/RealVideo-RealAudio/Caucasian (American)/women/id00385/00439.mp4,163_RealVideo-RealAudio,4,True,../data/processed/frames,../data/processed/audio/163_RealVideo-RealAudio.wav
id00398,-,-,real,A,RealVideo-RealAudio,Caucasian (American),women,00016.mp4,FakeAVCeleb/RealVideo-RealAudio/Caucasian (American)/women/id00398,FakeAVCeleb_v1.2/RealVideo-RealAudio/Caucasian (American)/women/id00398/00016.mp4,../data/raw/FakeAVCeleb_v1.2/RealVideo-RealAudio/Caucasian (American)/women/id00398/00016.mp4,164_RealVideo-RealAudio,5,True,../data/processed/frames,../data/processed/audio/164_RealVideo-RealAudio.wav
id00418,-,-,real,A,RealVideo-RealAudio,Caucasian (American),women,00052.mp4,FakeAVCeleb/RealVideo-RealAudio/Caucasian (American)/women/id00418,FakeAVCeleb_v1.2/RealVideo-RealAudio/Caucasian (American)/women/id00418/00052.mp4,../data/raw/FakeAVCeleb_v1.2/RealVideo-RealAudio/Caucasian (American)/women/id00418/00052.mp4,165_RealVideo-RealAudio,4,True,../data/processed/frames,../data/processed/audio/165_RealVideo-RealAudio.wav
id00428,-,-,real,A,RealVideo-RealAudio,Caucasian (American),women,00017.mp4,FakeAVCeleb/RealVideo-RealAudio/Caucasian (American)/women/id00428,FakeAVCeleb_v1.2/RealVideo-RealAudio/Caucasian (American)/women/id00428/00017.mp4,../data/raw/FakeAVCeleb_v1.2/RealVideo-RealAudio/Caucasian (American)/women/id00428/00017.mp4,166_RealVideo-RealAudio,5,True,../data/processed/frames,../data/processed/audio/166_RealVideo-RealAudio.wav
id00431,-,-,real,A,RealVideo-RealAudio,Caucasian (American),women,00039.mp4,FakeAVCeleb/RealVideo-RealAudio/Caucasian (American)/women/id00431,FakeAVCeleb_v1.2/RealVideo-RealAudio/Caucasian (American)/women/id00431/00039.mp4,../data/raw/FakeAVCeleb_v1.2/RealVideo-RealAudio/Caucasian (American)/women/id00431/00039.mp4,167_RealVideo-RealAudio,5,True,../data/processed/frames,../data/processed/audio/167_RealVideo-RealAudio.wav
id00458,-,-,real,A,RealVideo-RealAudio,Caucasian (American),women,00072.mp4,FakeAVCeleb/RealVideo-RealAudio/Caucasian (American)/women/id00458,FakeAVCeleb_v1.2/RealVideo-RealAudio/Caucasian (American)/women/id00458/00072.mp4,../data/raw/FakeAVCeleb_v1.2/RealVideo-RealAudio/Caucasian (American)/women/id00458/00072.mp4,168_RealVideo-RealAudio,5,True,../data/processed/frames,../data/processed/audio/168_RealVideo-RealAudio.wav
id00462,-,-,real,A,RealVideo-RealAudio,Caucasian (American),women,00143.mp4,FakeAVCeleb/RealVideo-RealAudio/Caucasian (American)/women/id00462,FakeAVCeleb_v1.2/RealVideo-RealAudio/Caucasian (American)/women/id00462/00143.mp4,../data/raw/FakeAVCeleb_v1.2/RealVideo-RealAudio/Caucasian (American)/women/id00462/00143.mp4,169_RealVideo-RealAudio,5,True,../data/processed/frames,../data/processed/audio/169_RealVideo-RealAudio.wav
id00555,-,-,real,A,RealVideo-RealAudio,Caucasian (American),women,00005.mp4,FakeAVCeleb/RealVideo-RealAudio/Caucasian (American)/women/id00555,FakeAVCeleb_v1.2/RealVideo-RealAudio/Caucasian (American)/women/id00555/00005.mp4,../data/raw/FakeAVCeleb_v1.2/RealVideo-RealAudio/Caucasian (American)/women/id00555/00005.mp4,170_RealVideo-RealAudio,5,True,../data/processed/frames,../data/processed/audio/170_RealVideo-RealAudio.wav
id00575,-,-,real,A,RealVideo-RealAudio,Caucasian (American),women,00092.mp4,FakeAVCeleb/RealVideo-RealAudio/Caucasian (American)/women/id00575,FakeAVCeleb_v1.2/RealVideo-RealAudio/Caucasian (American)/women/id00575/00092.mp4,../data/raw/FakeAVCeleb_v1.2/RealVideo-RealAudio/Caucasian (American)/women/id00575/00092.mp4,171_RealVideo-RealAudio,1,True,../data/processed/frames,../data/processed/audio/171_RealVideo-RealAudio.wav
id00616,-,-,real,A,RealVideo-RealAudio,Caucasian (American),women,00305.mp4,FakeAVCeleb/RealVideo-RealAudio/Caucasian (American)/women/id00616,FakeAVCeleb_v1.2/RealVideo-RealAudio/Caucasian (American)/women/id00616/00305.mp4,../data/raw/FakeAVCeleb_v1.2/RealVideo-RealAudio/Caucasian (American)/women/id00616/00305.mp4,172_RealVideo-RealAudio,5,True,../data/processed/frames,../data/processed/audio/172_RealVideo-RealAudio.wav
id00618,-,-,real,A,RealVideo-RealAudio,Caucasian (American),women,00195.mp4,FakeAVCeleb/RealVideo-RealAudio/Caucasian (American)/women/id00618,FakeAVCeleb_v1.2/RealVideo-RealAudio/Caucasian (American)/women/id00618/00195.mp4,../data/raw/FakeAVCeleb_v1.2/RealVideo-RealAudio/Caucasian (American)/women/id00618/00195.mp4,173_RealVideo-RealAudio,5,True,../data/processed/frames,../data/processed/audio/173_RealVideo-RealAudio.wav
id00680,-,-,real,A,RealVideo-RealAudio,Caucasian (American),women,00110.mp4,FakeAVCeleb/RealVideo-RealAudio/Caucasian (American)/women/id00680,FakeAVCeleb_v1.2/RealVideo-RealAudio/Caucasian (American)/women/id00680/00110.mp4,../data/raw/FakeAVCeleb_v1.2/RealVideo-RealAudio/Caucasian (American)/women/id00680/00110.mp4,174_RealVideo-RealAudio,5,True,../data/processed/frames,../data/processed/audio/174_RealVideo-RealAudio.wav
id00752,-,-,real,A,RealVideo-RealAudio,Caucasian (American),women,00340.mp4,FakeAVCeleb/RealVideo-RealAudio/Caucasian (American)/women/id00752,FakeAVCeleb_v1.2/RealVideo-RealAudio/Caucasian (American)/women/id00752/00340.mp4,../data/raw/FakeAVCeleb_v1.2/RealVideo-RealAudio/Caucasian (American)/women/id00752/00340.mp4,175_RealVideo-RealAudio,5,True,../data/processed/frames,../data/processed/audio/175_RealVideo-RealAudio.wav
id00835,-,-,real,A,RealVideo-RealAudio,Caucasian (American),women,00195.mp4,FakeAVCeleb/RealVideo-RealAudio/Caucasian (American)/women/id00835,FakeAVCeleb_v1.2/RealVideo-RealAudio/Caucasian (American)/women/id00835/00195.mp4,../data/raw/FakeAVCeleb_v1.2/RealVideo-RealAudio/Caucasian (American)/women/id00835/00195.mp4,176_RealVideo-RealAudio,5,True,../data/processed/frames,../data/processed/audio/176_RealVideo-RealAudio.wav
id00841,-,-,real,A,RealVideo-RealAudio,Caucasian (American),women,00078.mp4,FakeAVCeleb/RealVideo-RealAudio/Caucasian (American)/women/id00841,FakeAVCeleb_v1.2/RealVideo-RealAudio/Caucasian (American)/women/id00841/00078.mp4,../data/raw/FakeAVCeleb_v1.2/RealVideo-RealAudio/Caucasian (American)/women/id00841/00078.mp4,177_RealVideo-RealAudio,5,True,../data/processed/frames,../data/processed/audio/177_RealVideo-RealAudio.wav
id00842,-,-,real,A,RealVideo-RealAudio,Caucasian (American),women,00043.mp4,FakeAVCeleb/RealVideo-RealAudio/Caucasian (American)/women/id00842,FakeAVCeleb_v1.2/RealVideo-RealAudio/Caucasian (American)/women/id00842/00043.mp4,../data/raw/FakeAVCeleb_v1.2/RealVideo-RealAudio/Caucasian (American)/women/id00842/00043.mp4,178_RealVideo-RealAudio,5,True,../data/processed/frames,../data/processed/audio/178_RealVideo-RealAudio.wav
id00848,-,-,real,A,RealVideo-RealAudio,Caucasian (American),women,00028.mp4,FakeAVCeleb/RealVideo-RealAudio/Caucasian (American)/women/id00848,FakeAVCeleb_v1.2/RealVideo-RealAudio/Caucasian (American)/women/id00848/00028.mp4,../data/raw/FakeAVCeleb_v1.2/RealVideo-RealAudio/Caucasian (American)/women/id00848/00028.mp4,179_RealVideo-RealAudio,5,True,../data/processed/frames,../data/processed/audio/179_RealVideo-RealAudio.wav
id01004,-,-,real,A,RealVideo-RealAudio,Caucasian (American),women,00028.mp4,FakeAVCeleb/RealVideo-RealAudio/Caucasian (American)/women/id01004,FakeAVCeleb_v1.2/RealVideo-RealAudio/Caucasian (American)/women/id01004/00028.mp4,../data/raw/FakeAVCeleb_v1.2/RealVideo-RealAudio/Caucasian (American)/women/id01004/00028.mp4,180_RealVideo-RealAudio,5,True,../data/processed/frames,../data/processed/audio/180_RealVideo-RealAudio.wav
id01005,-,-,real,A,RealVideo-RealAudio,Caucasian (American),women,00028.mp4,FakeAVCeleb/RealVideo-RealAudio/Caucasian (American)/women/id01005,FakeAVCeleb_v1.2/RealVideo-RealAudio/Caucasian (American)/women/id01005/00028.mp4,../data/raw/FakeAVCeleb_v1.2/RealVideo-RealAudio/Caucasian (American)/women/id01005/00028.mp4,181_RealVideo-RealAudio,5,True,../data/processed/frames,../data/processed/audio/181_RealVideo-RealAudio.wav
id01075,-,-,real,A,RealVideo-RealAudio,Caucasian (American),women,00160.mp4,FakeAVCeleb/RealVideo-RealAudio/Caucasian (American)/women/id01075,FakeAVCeleb_v1.2/RealVideo-RealAudio/Caucasian (American)/women/id01075/00160.mp4,../data/raw/FakeAVCeleb_v1.2/RealVideo-RealAudio/Caucasian (American)/women/id01075/00160.mp4,182_RealVideo-RealAudio,5,True,../data/processed/frames,../data/processed/audio/182_RealVideo-RealAudio.wav
id01091,-,-,real,A,RealVideo-RealAudio,Caucasian (American),women,00236.mp4,FakeAVCeleb/RealVideo-RealAudio/Caucasian (American)/women/id01091,FakeAVCeleb_v1.2/RealVideo-RealAudio/Caucasian (American)/women/id01091/00236.mp4,../data/raw/FakeAVCeleb_v1.2/RealVideo-RealAudio/Caucasian (American)/women/id01091/00236.mp4,183_RealVideo-RealAudio,5,True,../data/processed/frames,../data/processed/audio/183_RealVideo-RealAudio.wav
id01216,-,-,real,A,RealVideo-RealAudio,Caucasian (American),women,00025.mp4,FakeAVCeleb/RealVideo-RealAudio/Caucasian (American)/women/id01216,FakeAVCeleb_v1.2/RealVideo-RealAudio/Caucasian (American)/women/id01216/00025.mp4,../data/raw/FakeAVCeleb_v1.2/RealVideo-RealAudio/Caucasian (American)/women/id01216/00025.mp4,184_RealVideo-RealAudio,5,True,../data/processed/frames,../data/processed/audio/184_RealVideo-RealAudio.wav
id01217,-,-,real,A,RealVideo-RealAudio,Caucasian (American),women,00005.mp4,FakeAVCeleb/RealVideo-RealAudio/Caucasian (American)/women/id01217,FakeAVCeleb_v1.2/RealVideo-RealAudio/Caucasian (American)/women/id01217/00005.mp4,../data/raw/FakeAVCeleb_v1.2/RealVideo-RealAudio/Caucasian (American)/women/id01217/00005.mp4,185_RealVideo-RealAudio,5,True,../data/processed/frames,../data/processed/audio/185_RealVideo-RealAudio.wav
id01223,-,-,real,A,RealVideo-RealAudio,Caucasian (American),women,00255.mp4,FakeAVCeleb/RealVideo-RealAudio/Caucasian (American)/women/id01223,FakeAVCeleb_v1.2/RealVideo-RealAudio/Caucasian (American)/women/id01223/00255.mp4,../data/raw/FakeAVCeleb_v1.2/RealVideo-RealAudio/Caucasian (American)/women/id01223/00255.mp4,186_RealVideo-RealAudio,5,True,../data/processed/frames,../data/processed/audio/186_RealVideo-RealAudio.wav
id01225,-,-,real,A,RealVideo-RealAudio,Caucasian (American),women,00300.mp4,FakeAVCeleb/RealVideo-RealAudio/Caucasian (American)/women/id01225,FakeAVCeleb_v1.2/RealVideo-RealAudio/Caucasian (American)/women/id01225/00300.mp4,../data/raw/FakeAVCeleb_v1.2/RealVideo-RealAudio/Caucasian (American)/women/id01225/00300.mp4,187_RealVideo-RealAudio,4,True,../data/processed/frames,../data/processed/audio/187_RealVideo-RealAudio.wav
id01227,-,-,real,A,RealVideo-RealAudio,Caucasian (American),women,00052.mp4,FakeAVCeleb/RealVideo-RealAudio/Caucasian (American)/women/id01227,FakeAVCeleb_v1.2/RealVideo-RealAudio/Caucasian (American)/women/id01227/00052.mp4,../data/raw/FakeAVCeleb_v1.2/RealVideo-RealAudio/Caucasian (American)/women/id01227/00052.mp4,188_RealVideo-RealAudio,5,True,../data/processed/frames,../data/processed/audio/188_RealVideo-RealAudio.wav
id01231,-,-,real,A,RealVideo-RealAudio,Caucasian (American),women,00015.mp4,FakeAVCeleb/RealVideo-RealAudio/Caucasian (American)/women/id01231,FakeAVCeleb_v1.2/RealVideo-RealAudio/Caucasian (American)/women/id01231/00015.mp4,../data/raw/FakeAVCeleb_v1.2/RealVideo-RealAudio/Caucasian (American)/women/id01231/00015.mp4,189_RealVideo-RealAudio,5,True,../data/processed/frames,../data/processed/audio/189_RealVideo-RealAudio.wav
id01238,-,-,real,A,RealVideo-RealAudio,Caucasian (American),women,00037.mp4,FakeAVCeleb/RealVideo-RealAudio/Caucasian (American)/women/id01238,FakeAVCeleb_v1.2/RealVideo-RealAudio/Caucasian (American)/women/id01238/00037.mp4,../data/raw/FakeAVCeleb_v1.2/RealVideo-RealAudio/Caucasian (American)/women/id01238/00037.mp4,190_RealVideo-RealAudio,5,True,../data/processed/frames,../data/processed/audio/190_RealVideo-RealAudio.wav
id01245,-,-,real,A,RealVideo-RealAudio,Caucasian (American),women,00028.mp4,FakeAVCeleb/RealVideo-RealAudio/Caucasian (American)/women/id01245,FakeAVCeleb_v1.2/RealVideo-RealAudio/Caucasian (American)/women/id01245/00028.mp4,../data/raw/FakeAVCeleb_v1.2/RealVideo-RealAudio/Caucasian (American)/women/id01245/00028.mp4,191_RealVideo-RealAudio,3,True,../data/processed/frames,../data/processed/audio/191_RealVideo-RealAudio.wav
id01248,-,-,real,A,RealVideo-RealAudio,Caucasian (American),women,00005.mp4,FakeAVCeleb/RealVideo-RealAudio/Caucasian (American)/women/id01248,FakeAVCeleb_v1.2/RealVideo-RealAudio/Caucasian (American)/women/id01248/00005.mp4,../data/raw/FakeAVCeleb_v1.2/RealVideo-RealAudio/Caucasian (American)/women/id01248/00005.mp4,192_RealVideo-RealAudio,5,True,../data/processed/frames,../data/processed/audio/192_RealVideo-RealAudio.wav
id02464,-,-,real,A,RealVideo-RealAudio,Caucasian (American),women,00002.mp4,FakeAVCeleb/RealVideo-RealAudio/Caucasian (American)/women/id02464,FakeAVCeleb_v1.2/RealVideo-RealAudio/Caucasian (American)/women/id02464/00002.mp4,../data/raw/FakeAVCeleb_v1.2/RealVideo-RealAudio/Caucasian (American)/women/id02464/00002.mp4,193_RealVideo-RealAudio,5,True,../data/processed/frames,../data/processed/audio/193_RealVideo-RealAudio.wav
id02466,-,-,real,A,RealVideo-RealAudio,Caucasian (American),women,00136.mp4,FakeAVCeleb/RealVideo-RealAudio/Caucasian (American)/women/id02466,FakeAVCeleb_v1.2/RealVideo-RealAudio/Caucasian (American)/women/id02466/00136.mp4,../data/raw/FakeAVCeleb_v1.2/RealVideo-RealAudio/Caucasian (American)/women/id02466/00136.mp4,194_RealVideo-RealAudio,5,True,../data/processed/frames,../data/processed/audio/194_RealVideo-RealAudio.wav
id03556,-,-,real,A,RealVideo-RealAudio,Caucasian (American),women,00043.mp4,FakeAVCeleb/RealVideo-RealAudio/Caucasian (American)/women/id03556,FakeAVCeleb_v1.2/RealVideo-RealAudio/Caucasian (American)/women/id03556/00043.mp4,../data/raw/FakeAVCeleb_v1.2/RealVideo-RealAudio/Caucasian (American)/women/id03556/00043.mp4,195_RealVideo-RealAudio,5,True,../data/processed/frames,../data/processed/audio/195_RealVideo-RealAudio.wav
id03605,-,-,real,A,RealVideo-RealAudio,Caucasian (American),women,00048.mp4,FakeAVCeleb/RealVideo-RealAudio/Caucasian (American)/women/id03605,FakeAVCeleb_v1.2/RealVideo-RealAudio/Caucasian (American)/women/id03605/00048.mp4,../data/raw/FakeAVCeleb_v1.2/RealVideo-RealAudio/Caucasian (American)/women/id03605/00048.mp4,196_RealVideo-RealAudio,5,True,../data/processed/frames,../data/processed/audio/196_RealVideo-RealAudio.wav
id03696,-,-,real,A,RealVideo-RealAudio,Caucasian (American),women,00160.mp4,FakeAVCeleb/RealVideo-RealAudio/Caucasian (American)/women/id03696,FakeAVCeleb_v1.2/RealVideo-RealAudio/Caucasian (American)/women/id03696/00160.mp4,../data/raw/FakeAVCeleb_v1.2/RealVideo-RealAudio/Caucasian (American)/women/id03696/00160.mp4,197_RealVideo-RealAudio,3,True,../data/processed/frames,../data/processed/audio/197_RealVideo-RealAudio.wav
id03707,-,-,real,A,RealVideo-RealAudio,Caucasian (American),women,00055.mp4,FakeAVCeleb/RealVideo-RealAudio/Caucasian (American)/women/id03707,FakeAVCeleb_v1.2/RealVideo-RealAudio/Caucasian (American)/women/id03707/00055.mp4,../data/raw/FakeAVCeleb_v1.2/RealVideo-RealAudio/Caucasian (American)/women/id03707/00055.mp4,198_RealVideo-RealAudio,5,True,../data/processed/frames,../data/processed/audio/198_RealVideo-RealAudio.wav
id03781,-,-,real,A,RealVideo-RealAudio,Caucasian (American),women,00113.mp4,FakeAVCeleb/RealVideo-RealAudio/Caucasian (American)/women/id03781,FakeAVCeleb_v1.2/RealVideo-RealAudio/Caucasian (American)/women/id03781/00113.mp4,../data/raw/FakeAVCeleb_v1.2/RealVideo-RealAudio/Caucasian (American)/women/id03781/00113.mp4,199_RealVideo-RealAudio,5,True,../data/processed/frames,../data/processed/audio/199_RealVideo-RealAudio.wav
id00056,-,-,real,A,RealVideo-RealAudio,Asian (East),men,00028.mp4,FakeAVCeleb/RealVideo-RealAudio/Asian (East)/men/id00056,FakeAVCeleb_v1.2/RealVideo-RealAudio/Asian (East)/men/id00056/00028.mp4,../data/raw/FakeAVCeleb_v1.2/RealVideo-RealAudio/Asian (East)/men/id00056/00028.mp4,200_RealVideo-RealAudio,5,True,../data/processed/frames,../data/processed/audio/200_RealVideo-RealAudio.wav
id00126,-,-,real,A,RealVideo-RealAudio,Asian (East),men,00173.mp4,FakeAVCeleb/RealVideo-RealAudio/Asian (East)/men/id00126,FakeAVCeleb_v1.2/RealVideo-RealAudio/Asian (East)/men/id00126/00173.mp4,../data/raw/FakeAVCeleb_v1.2/RealVideo-RealAudio/Asian (East)/men/id00126/00173.mp4,201_RealVideo-RealAudio,2,True,../data/processed/frames,../data/processed/audio/201_RealVideo-RealAudio.wav
id00560,-,-,real,A,RealVideo-RealAudio,Asian (East),men,00041.mp4,FakeAVCeleb/RealVideo-RealAudio/Asian (East)/men/id00560,FakeAVCeleb_v1.2/RealVideo-RealAudio/Asian (East)/men/id00560/00041.mp4,../data/raw/FakeAVCeleb_v1.2/RealVideo-RealAudio/Asian (East)/men/id00560/00041.mp4,202_RealVideo-RealAudio,5,True,../data/processed/frames,../data/processed/audio/202_RealVideo-RealAudio.wav
id00597,-,-,real,A,RealVideo-RealAudio,Asian (East),men,00019.mp4,FakeAVCeleb/RealVideo-RealAudio/Asian (East)/men/id00597,FakeAVCeleb_v1.2/RealVideo-RealAudio/Asian (East)/men/id00597/00019.mp4,../data/raw/FakeAVCeleb_v1.2/RealVideo-RealAudio/Asian (East)/men/id00597/00019.mp4,203_RealVideo-RealAudio,5,True,../data/processed/frames,../data/processed/audio/203_RealVideo-RealAudio.wav
id00740,-,-,real,A,RealVideo-RealAudio,Asian (East),men,00015.mp4,FakeAVCeleb/RealVideo-RealAudio/Asian (East)/men/id00740,FakeAVCeleb_v1.2/RealVideo-RealAudio/Asian (East)/men/id00740/00015.mp4,../data/raw/FakeAVCeleb_v1.2/RealVideo-RealAudio/Asian (East)/men/id00740/00015.mp4,204_RealVideo-RealAudio,5,True,../data/processed/frames,../data/processed/audio/204_RealVideo-RealAudio.wav
id00863,-,-,real,A,RealVideo-RealAudio,Asian (East),men,00069.mp4,FakeAVCeleb/RealVideo-RealAudio/Asian (East)/men/id00863,FakeAVCeleb_v1.2/RealVideo-RealAudio/Asian (East)/men/id00863/00069.mp4,../data/raw/FakeAVCeleb_v1.2/RealVideo-RealAudio/Asian (East)/men/id00863/00069.mp4,205_RealVideo-RealAudio,4,True,../data/processed/frames,../data/processed/audio/205_RealVideo-RealAudio.wav
id01204,-,-,real,A,RealVideo-RealAudio,Asian (East),men,00092.mp4,FakeAVCeleb/RealVideo-RealAudio/Asian (East)/men/id01204,FakeAVCeleb_v1.2/RealVideo-RealAudio/Asian (East)/men/id01204/00092.mp4,../data/raw/FakeAVCeleb_v1.2/RealVideo-RealAudio/Asian (East)/men/id01204/00092.mp4,206_RealVideo-RealAudio,4,True,../data/processed/frames,../data/processed/audio/206_RealVideo-RealAudio.wav
id01212,-,-,real,A,RealVideo-RealAudio,Asian (East),men,00183.mp4,FakeAVCeleb/RealVideo-RealAudio/Asian (East)/men/id01212,FakeAVCeleb_v1.2/RealVideo-RealAudio/Asian (East)/men/id01212/00183.mp4,../data/raw/FakeAVCeleb_v1.2/RealVideo-RealAudio/Asian (East)/men/id01212/00183.mp4,207_RealVideo-RealAudio,3,True,../data/processed/frames,../data/processed/audio/207_RealVideo-RealAudio.wav
id01215,-,-,real,A,RealVideo-RealAudio,Asian (East),men,00001.mp4,FakeAVCeleb/RealVideo-RealAudio/Asian (East)/men/id01215,FakeAVCeleb_v1.2/RealVideo-RealAudio/Asian (East)/men/id01215/00001.mp4,../data/raw/FakeAVCeleb_v1.2/RealVideo-RealAudio/Asian (East)/men/id01215/00001.mp4,208_RealVideo-RealAudio,1,True,../data/processed/frames,../data/processed/audio/208_RealVideo-RealAudio.wav
id01589,-,-,real,A,RealVideo-RealAudio,Asian (East),men,00017.mp4,FakeAVCeleb/RealVideo-RealAudio/Asian (East)/men/id01589,FakeAVCeleb_v1.2/RealVideo-RealAudio/Asian (East)/men/id01589/00017.mp4,../data/raw/FakeAVCeleb_v1.2/RealVideo-RealAudio/Asian (East)/men/id01589/00017.mp4,209_RealVideo-RealAudio,2,True,../data/processed/frames,../data/processed/audio/209_RealVideo-RealAudio.wav
id01683,-,-,real,A,RealVideo-RealAudio,Asian (East),men,00052.mp4,FakeAVCeleb/RealVideo-RealAudio/Asian (East)/men/id01683,FakeAVCeleb_v1.2/RealVideo-RealAudio/Asian (East)/men/id01683/00052.mp4,../data/raw/FakeAVCeleb_v1.2/RealVideo-RealAudio/Asian (East)/men/id01683/00052.mp4,210_RealVideo-RealAudio,5,True,../data/processed/frames,../data/processed/audio/210_RealVideo-RealAudio.wav
id02332,-,-,real,A,RealVideo-RealAudio,Asian (East),men,00055.mp4,FakeAVCeleb/RealVideo-RealAudio/Asian (East)/men/id02332,FakeAVCeleb_v1.2/RealVideo-RealAudio/Asian (East)/men/id02332/00055.mp4,../data/raw/FakeAVCeleb_v1.2/RealVideo-RealAudio/Asian (East)/men/id02332/00055.mp4,211_RealVideo-RealAudio,5,True,../data/processed/frames,../data/processed/audio/211_RealVideo-RealAudio.wav
id02365,-,-,real,A,RealVideo-RealAudio,Asian (East),men,00028.mp4,FakeAVCeleb/RealVideo-RealAudio/Asian (East)/men/id02365,FakeAVCeleb_v1.2/RealVideo-RealAudio/Asian (East)/men/id02365/00028.mp4,../data/raw/FakeAVCeleb_v1.2/RealVideo-RealAudio/Asian (East)/men/id02365/00028.mp4,212_RealVideo-RealAudio,5,True,../data/processed/frames,../data/processed/audio/212_RealVideo-RealAudio.wav
id02493,-,-,real,A,RealVideo-RealAudio,Asian (East),men,00073.mp4,FakeAVCeleb/RealVideo-RealAudio/Asian (East)/men/id02493,FakeAVCeleb_v1.2/RealVideo-RealAudio/Asian (East)/men/id02493/00073.mp4,../data/raw/FakeAVCeleb_v1.2/RealVideo-RealAudio/Asian (East)/men/id02493/00073.mp4,213_RealVideo-RealAudio,5,True,../data/processed/frames,../data/processed/audio/213_RealVideo-RealAudio.wav
id02553,-,-,real,A,RealVideo-RealAudio,Asian (East),men,00043.mp4,FakeAVCeleb/RealVideo-RealAudio/Asian (East)/men/id02553,FakeAVCeleb_v1.2/RealVideo-RealAudio/Asian (East)/men/id02553/00043.mp4,../data/raw/FakeAVCeleb_v1.2/RealVideo-RealAudio/Asian (East)/men/id02553/00043.mp4,214_RealVideo-RealAudio,4,True,../data/processed/frames,../data/processed/audio/214_RealVideo-RealAudio.wav
id02561,-,-,real,A,RealVideo-RealAudio,Asian (East),men,02561.mp4,FakeAVCeleb/RealVideo-RealAudio/Asian (East)/men/id02561,FakeAVCeleb_v1.2/RealVideo-RealAudio/Asian (East)/men/id02561/02561.mp4,../data/raw/FakeAVCeleb_v1.2/RealVideo-RealAudio/Asian (East)/men/id02561/02561.mp4,215_RealVideo-RealAudio,5,True,../data/processed/frames,../data/processed/audio/215_RealVideo-RealAudio.wav
id03028,-,-,real,A,RealVideo-RealAudio,Asian (East),men,00466.mp4,FakeAVCeleb/RealVideo-RealAudio/Asian (East)/men/id03028,FakeAVCeleb_v1.2/RealVideo-RealAudio/Asian (East)/men/id03028/00466.mp4,../data/raw/FakeAVCeleb_v1.2/RealVideo-RealAudio/Asian (East)/men/id03028/00466.mp4,216_RealVideo-RealAudio,5,True,../data/processed/frames,../data/processed/audio/216_RealVideo-RealAudio.wav
id03168,-,-,real,A,RealVideo-RealAudio,Asian (East),men,03168.mp4,FakeAVCeleb/RealVideo-RealAudio/Asian (East)/men/id03168,FakeAVCeleb_v1.2/RealVideo-RealAudio/Asian (East)/men/id03168/03168.mp4,../data/raw/FakeAVCeleb_v1.2/RealVideo-RealAudio/Asian (East)/men/id03168/03168.mp4,217_RealVideo-RealAudio,4,True,../data/processed/frames,../data/processed/audio/217_RealVideo-RealAudio.wav
id03889,-,-,real,A,RealVideo-RealAudio,Asian (East),men,00052.mp4,FakeAVCeleb/RealVideo-RealAudio/Asian (East)/men/id03889,FakeAVCeleb_v1.2/RealVideo-RealAudio/Asian (East)/men/id03889/00052.mp4,../data/raw/FakeAVCeleb_v1.2/RealVideo-RealAudio/Asian (East)/men/id03889/00052.mp4,218_RealVideo-RealAudio,5,True,../data/processed/frames,../data/processed/audio/218_RealVideo-RealAudio.wav
id03965,-,-,real,A,RealVideo-RealAudio,Asian (East),men,00051.mp4,FakeAVCeleb/RealVideo-RealAudio/Asian (East)/men/id03965,FakeAVCeleb_v1.2/RealVideo-RealAudio/Asian (East)/men/id03965/00051.mp4,../data/raw/FakeAVCeleb_v1.2/RealVideo-RealAudio/Asian (East)/men/id03965/00051.mp4,219_RealVideo-RealAudio,4,True,../data/processed/frames,../data/processed/audio/219_RealVideo-RealAudio.wav
id04111,-,-,real,A,RealVideo-RealAudio,Asian (East),men,00015.mp4,FakeAVCeleb/RealVideo-RealAudio/Asian (East)/men/id04111,FakeAVCeleb_v1.2/RealVideo-RealAudio/Asian (East)/men/id04111/00015.mp4,../data/raw/FakeAVCeleb_v1.2/RealVideo-RealAudio/Asian (East)/men/id04111/00015.mp4,220_RealVideo-RealAudio,5,True,../data/processed/frames,../data/processed/audio/220_RealVideo-RealAudio.wav
id04222,-,-,real,A,RealVideo-RealAudio,Asian (East),men,00078.mp4,FakeAVCeleb/RealVideo-RealAudio/Asian (East)/men/id04222,FakeAVCeleb_v1.2/RealVideo-RealAudio/Asian (East)/men/id04222/00078.mp4,../data/raw/FakeAVCeleb_v1.2/RealVideo-RealAudio/Asian (East)/men/id04222/00078.mp4,221_RealVideo-RealAudio,3,True,../data/processed/frames,../data/processed/audio/221_RealVideo-RealAudio.wav
id04687,-,-,real,A,RealVideo-RealAudio,Asian (East),men,00066.mp4,FakeAVCeleb/RealVideo-RealAudio/Asian (East)/men/id04687,FakeAVCeleb_v1.2/RealVideo-RealAudio/Asian (East)/men/id04687/00066.mp4,../data/raw/FakeAVCeleb_v1.2/RealVideo-RealAudio/Asian (East)/men/id04687/00066.mp4,222_RealVideo-RealAudio,5,True,../data/processed/frames,../data/processed/audio/222_RealVideo-RealAudio.wav
id04691,-,-,real,A,RealVideo-RealAudio,Asian (East),men,1.mp4,FakeAVCeleb/RealVideo-RealAudio/Asian (East)/men/id04691,FakeAVCeleb_v1.2/RealVideo-RealAudio/Asian (East)/men/id04691/1.mp4,../data/raw/FakeAVCeleb_v1.2/RealVideo-RealAudio/Asian (East)/men/id04691/1.mp4,223_RealVideo-RealAudio,4,True,../data/processed/frames,../data/processed/audio/223_RealVideo-RealAudio.wav
id04726,-,-,real,A,RealVideo-RealAudio,Asian (East),men,00245.mp4,FakeAVCeleb/RealVideo-RealAudio/Asian (East)/men/id04726,FakeAVCeleb_v1.2/RealVideo-RealAudio/Asian (East)/men/id04726/00245.mp4,../data/raw/FakeAVCeleb_v1.2/RealVideo-RealAudio/Asian (East)/men/id04726/00245.mp4,224_RealVideo-RealAudio,4,True,../data/processed/frames,../data/processed/audio/224_RealVideo-RealAudio.wav
id04774,-,-,real,A,RealVideo-RealAudio,Asian (East),men,00032.mp4,FakeAVCeleb/RealVideo-RealAudio/Asian (East)/men/id04774,FakeAVCeleb_v1.2/RealVideo-RealAudio/Asian (East)/men/id04774/00032.mp4,../data/raw/FakeAVCeleb_v1.2/RealVideo-RealAudio/Asian (East)/men/id04774/00032.mp4,225_RealVideo-RealAudio,1,True,../data/processed/frames,../data/processed/audio/225_RealVideo-RealAudio.wav
id04884,-,-,real,A,RealVideo-RealAudio,Asian (East),men,00028.mp4,FakeAVCeleb/RealVideo-RealAudio/Asian (East)/men/id04884,FakeAVCeleb_v1.2/RealVideo-RealAudio/Asian (East)/men/id04884/00028.mp4,../data/raw/FakeAVCeleb_v1.2/RealVideo-RealAudio/Asian (East)/men/id04884/00028.mp4,227_RealVideo-RealAudio,5,True,../data/processed/frames,../data/processed/audio/227_RealVideo-RealAudio.wav
id05268,-,-,real,A,RealVideo-RealAudio,Asian (East),men,00010.mp4,FakeAVCeleb/RealVideo-RealAudio/Asian (East)/men/id05268,FakeAVCeleb_v1.2/RealVideo-RealAudio/Asian (East)/men/id05268/00010.mp4,../data/raw/FakeAVCeleb_v1.2/RealVideo-RealAudio/Asian (East)/men/id05268/00010.mp4,228_RealVideo-RealAudio,5,True,../data/processed/frames,../data/processed/audio/228_RealVideo-RealAudio.wav
id05332,-,-,real,A,RealVideo-RealAudio,Asian (East),men,00065.mp4,FakeAVCeleb/RealVideo-RealAudio/Asian (East)/men/id05332,FakeAVCeleb_v1.2/RealVideo-RealAudio/Asian (East)/men/id05332/00065.mp4,../data/raw/FakeAVCeleb_v1.2/RealVideo-RealAudio/Asian (East)/men/id05332/00065.mp4,229_RealVideo-RealAudio,5,True,../data/processed/frames,../data/processed/audio/229_RealVideo-RealAudio.wav
id05383,-,-,real,A,RealVideo-RealAudio,Asian (East),men,00015.mp4,FakeAVCeleb/RealVideo-RealAudio/Asian (East)/men/id05383,FakeAVCeleb_v1.2/RealVideo-RealAudio/Asian (East)/men/id05383/00015.mp4,../data/raw/FakeAVCeleb_v1.2/RealVideo-RealAudio/Asian (East)/men/id05383/00015.mp4,230_RealVideo-RealAudio,5,True,../data/processed/frames,../data/processed/audio/230_RealVideo-RealAudio.wav
id05479,-,-,real,A,RealVideo-RealAudio,Asian (East),men,05479.mp4,FakeAVCeleb/RealVideo-RealAudio/Asian (East)/men/id05479,FakeAVCeleb_v1.2/RealVideo-RealAudio/Asian (East)/men/id05479/05479.mp4,../data/raw/FakeAVCeleb_v1.2/RealVideo-RealAudio/Asian (East)/men/id05479/05479.mp4,231_RealVideo-RealAudio,5,True,../data/processed/frames,../data/processed/audio/231_RealVideo-RealAudio.wav
id05743,-,-,real,A,RealVideo-RealAudio,Asian (East),men,00015.mp4,FakeAVCeleb/RealVideo-RealAudio/Asian (East)/men/id05743,FakeAVCeleb_v1.2/RealVideo-RealAudio/Asian (East)/men/id05743/00015.mp4,../data/raw/FakeAVCeleb_v1.2/RealVideo-RealAudio/Asian (East)/men/id05743/00015.mp4,232_RealVideo-RealAudio,3,True,../data/processed/frames,../data/processed/audio/232_RealVideo-RealAudio.wav
id06152,-,-,real,A,RealVideo-RealAudio,Asian (East),men,06152.mp4,FakeAVCeleb/RealVideo-RealAudio/Asian (East)/men/id06152,FakeAVCeleb_v1.2/RealVideo-RealAudio/Asian (East)/men/id06152/06152.mp4,../data/raw/FakeAVCeleb_v1.2/RealVideo-RealAudio/Asian (East)/men/id06152/06152.mp4,233_RealVideo-RealAudio,5,True,../data/processed/frames,../data/processed/audio/233_RealVideo-RealAudio.wav
id06269,-,-,real,A,RealVideo-RealAudio,Asian (East),men,00005.mp4,FakeAVCeleb/RealVideo-RealAudio/Asian (East)/men/id06269,FakeAVCeleb_v1.2/RealVideo-RealAudio/Asian (East)/men/id06269/00005.mp4,../data/raw/FakeAVCeleb_v1.2/RealVideo-RealAudio/Asian (East)/men/id06269/00005.mp4,234_RealVideo-RealAudio,3,True,../data/processed/frames,../data/processed/audio/234_RealVideo-RealAudio.wav
id06467,-,-,real,A,RealVideo-RealAudio,Asian (East),men,00010.mp4,FakeAVCeleb/RealVideo-RealAudio/Asian (East)/men/id06467,FakeAVCeleb_v1.2/RealVideo-RealAudio/Asian (East)/men/id06467/00010.mp4,../data/raw/FakeAVCeleb_v1.2/RealVideo-RealAudio/Asian (East)/men/id06467/00010.mp4,235_RealVideo-RealAudio,5,True,../data/processed/frames,../data/processed/audio/235_RealVideo-RealAudio.wav
id06470,-,-,real,A,RealVideo-RealAudio,Asian (East),men,00052.mp4,FakeAVCeleb/RealVideo-RealAudio/Asian (East)/men/id06470,FakeAVCeleb_v1.2/RealVideo-RealAudio/Asian (East)/men/id06470/00052.mp4,../data/raw/FakeAVCeleb_v1.2/RealVideo-RealAudio/Asian (East)/men/id06470/00052.mp4,236_RealVideo-RealAudio,5,True,../data/processed/frames,../data/processed/audio/236_RealVideo-RealAudio.wav
id06535,-,-,real,A,RealVideo-RealAudio,Asian (East),men,00183.mp4,FakeAVCeleb/RealVideo-RealAudio/Asian (East)/men/id06535,FakeAVCeleb_v1.2/RealVideo-RealAudio/Asian (East)/men/id06535/00183.mp4,../data/raw/FakeAVCeleb_v1.2/RealVideo-RealAudio/Asian (East)/men/id06535/00183.mp4,237_RealVideo-RealAudio,2,True,../data/processed/frames,../data/processed/audio/237_RealVideo-RealAudio.wav
id06591,-,-,real,A,RealVideo-RealAudio,Asian (East),men,00021.mp4,FakeAVCeleb/RealVideo-RealAudio/Asian (East)/men/id06591,FakeAVCeleb_v1.2/RealVideo-RealAudio/Asian (East)/men/id06591/00021.mp4,../data/raw/FakeAVCeleb_v1.2/RealVideo-RealAudio/Asian (East)/men/id06591/00021.mp4,238_RealVideo-RealAudio,2,True,../data/processed/frames,../data/processed/audio/238_RealVideo-RealAudio.wav
id06594,-,-,real,A,RealVideo-RealAudio,Asian (East),men,00002.mp4,FakeAVCeleb/RealVideo-RealAudio/Asian (East)/men/id06594,FakeAVCeleb_v1.2/RealVideo-RealAudio/Asian (East)/men/id06594/00002.mp4,../data/raw/FakeAVCeleb_v1.2/RealVideo-RealAudio/Asian (East)/men/id06594/00002.mp4,239_RealVideo-RealAudio,5,True,../data/processed/frames,../data/processed/audio/239_RealVideo-RealAudio.wav
id06776,-,-,real,A,RealVideo-RealAudio,Asian (East),men,00021.mp4,FakeAVCeleb/RealVideo-RealAudio/Asian (East)/men/id06776,FakeAVCeleb_v1.2/RealVideo-RealAudio/Asian (East)/men/id06776/00021.mp4,../data/raw/FakeAVCeleb_v1.2/RealVideo-RealAudio/Asian (East)/men/id06776/00021.mp4,240_RealVideo-RealAudio,5,True,../data/processed/frames,../data/processed/audio/240_RealVideo-RealAudio.wav
id06807,-,-,real,A,RealVideo-RealAudio,Asian (East),men,00015.mp4,FakeAVCeleb/RealVideo-RealAudio/Asian (East)/men/id06807,FakeAVCeleb_v1.2/RealVideo-RealAudio/Asian (East)/men/id06807/00015.mp4,../data/raw/FakeAVCeleb_v1.2/RealVideo-RealAudio/Asian (East)/men/id06807/00015.mp4,241_RealVideo-RealAudio,3,True,../data/processed/frames,../data/processed/audio/241_RealVideo-RealAudio.wav
id06878,-,-,real,A,RealVideo-RealAudio,Asian (East),men,00001.mp4,FakeAVCeleb/RealVideo-RealAudio/Asian (East)/men/id06878,FakeAVCeleb_v1.2/RealVideo-RealAudio/Asian (East)/men/id06878/00001.mp4,../data/raw/FakeAVCeleb_v1.2/RealVideo-RealAudio/Asian (East)/men/id06878/00001.mp4,242_RealVideo-RealAudio,4,True,../data/processed/frames,../data/processed/audio/242_RealVideo-RealAudio.wav
id07102,-,-,real,A,RealVideo-RealAudio,Asian (East),men,00052.mp4,FakeAVCeleb/RealVideo-RealAudio/Asian (East)/men/id07102,FakeAVCeleb_v1.2/RealVideo-RealAudio/Asian (East)/men/id07102/00052.mp4,../data/raw/FakeAVCeleb_v1.2/RealVideo-RealAudio/Asian (East)/men/id07102/00052.mp4,243_RealVideo-RealAudio,4,True,../data/processed/frames,../data/processed/audio/243_RealVideo-RealAudio.wav
id07338,-,-,real,A,RealVideo-RealAudio,Asian (East),men,00003.mp4,FakeAVCeleb/RealVideo-RealAudio/Asian (East)/men/id07338,FakeAVCeleb_v1.2/RealVideo-RealAudio/Asian (East)/men/id07338/00003.mp4,../data/raw/FakeAVCeleb_v1.2/RealVideo-RealAudio/Asian (East)/men/id07338/00003.mp4,244_RealVideo-RealAudio,5,True,../data/processed/frames,../data/processed/audio/244_RealVideo-RealAudio.wav
id08299,-,-,real,A,RealVideo-RealAudio,Asian (East),men,00110.mp4,FakeAVCeleb/RealVideo-RealAudio/Asian (East)/men/id08299,FakeAVCeleb_v1.2/RealVideo-RealAudio/Asian (East)/men/id08299/00110.mp4,../data/raw/FakeAVCeleb_v1.2/RealVideo-RealAudio/Asian (East)/men/id08299/00110.mp4,245_RealVideo-RealAudio,5,True,../data/processed/frames,../data/processed/audio/245_RealVideo-RealAudio.wav
id08613,-,-,real,A,RealVideo-RealAudio,Asian (East),men,00074.mp4,FakeAVCeleb/RealVideo-RealAudio/Asian (East)/men/id08613,FakeAVCeleb_v1.2/RealVideo-RealAudio/Asian (East)/men/id08613/00074.mp4,../data/raw/FakeAVCeleb_v1.2/RealVideo-RealAudio/Asian (East)/men/id08613/00074.mp4,246_RealVideo-RealAudio,5,True,../data/processed/frames,../data/processed/audio/246_RealVideo-RealAudio.wav
id08652,-,-,real,A,RealVideo-RealAudio,Asian (East),men,00006.mp4,FakeAVCeleb/RealVideo-RealAudio/Asian (East)/men/id08652,FakeAVCeleb_v1.2/RealVideo-RealAudio/Asian (East)/men/id08652/00006.mp4,../data/raw/FakeAVCeleb_v1.2/RealVideo-RealAudio/Asian (East)/men/id08652/00006.mp4,247_RealVideo-RealAudio,5,True,../data/processed/frames,../data/processed/audio/247_RealVideo-RealAudio.wav
id09053,-,-,real,A,RealVideo-RealAudio,Asian (East),men,00005.mp4,FakeAVCeleb/RealVideo-RealAudio/Asian (East)/men/id09053,FakeAVCeleb_v1.2/RealVideo-RealAudio/Asian (East)/men/id09053/00005.mp4,../data/raw/FakeAVCeleb_v1.2/RealVideo-RealAudio/Asian (East)/men/id09053/00005.mp4,248_RealVideo-RealAudio,3,True,../data/processed/frames,../data/processed/audio/248_RealVideo-RealAudio.wav
id09143,-,-,real,A,RealVideo-RealAudio,Asian (East),men,00056.mp4,FakeAVCeleb/RealVideo-RealAudio/Asian (East)/men/id09143,FakeAVCeleb_v1.2/RealVideo-RealAudio/Asian (East)/men/id09143/00056.mp4,../data/raw/FakeAVCeleb_v1.2/RealVideo-RealAudio/Asian (East)/men/id09143/00056.mp4,249_RealVideo-RealAudio,5,True,../data/processed/frames,../data/processed/audio/249_RealVideo-RealAudio.wav
id00363,-,-,real,A,RealVideo-RealAudio,Asian (East),women,00014.mp4,FakeAVCeleb/RealVideo-RealAudio/Asian (East)/women/id00363,FakeAVCeleb_v1.2/RealVideo-RealAudio/Asian (East)/women/id00363/00014.mp4,../data/raw/FakeAVCeleb_v1.2/RealVideo-RealAudio/Asian (East)/women/id00363/00014.mp4,251_RealVideo-RealAudio,3,True,../data/processed/frames,../data/processed/audio/251_RealVideo-RealAudio.wav
id00566,-,-,real,A,RealVideo-RealAudio,Asian (East),women,00032.mp4,FakeAVCeleb/RealVideo-RealAudio/Asian (East)/women/id00566,FakeAVCeleb_v1.2/RealVideo-RealAudio/Asian (East)/women/id00566/00032.mp4,../data/raw/FakeAVCeleb_v1.2/RealVideo-RealAudio/Asian (East)/women/id00566/00032.mp4,253_RealVideo-RealAudio,5,True,../data/processed/frames,../data/processed/audio/253_RealVideo-RealAudio.wav
id00579,-,-,real,A,RealVideo-RealAudio,Asian (East),women,00030.mp4,FakeAVCeleb/RealVideo-RealAudio/Asian (East)/women/id00579,FakeAVCeleb_v1.2/RealVideo-RealAudio/Asian (East)/women/id00579/00030.mp4,../data/raw/FakeAVCeleb_v1.2/RealVideo-RealAudio/Asian (East)/women/id00579/00030.mp4,254_RealVideo-RealAudio,5,True,../data/processed/frames,../data/processed/audio/254_RealVideo-RealAudio.wav
id00582,-,-,real,A,RealVideo-RealAudio,Asian (East),women,00006.mp4,FakeAVCeleb/RealVideo-RealAudio/Asian (East)/women/id00582,FakeAVCeleb_v1.2/RealVideo-RealAudio/Asian (East)/women/id00582/00006.mp4,../data/raw/FakeAVCeleb_v1.2/RealVideo-RealAudio/Asian (East)/women/id00582/00006.mp4,255_RealVideo-RealAudio,5,True,../data/processed/frames,../data/processed/audio/255_RealVideo-RealAudio.wav
id00763,-,-,real,A,RealVideo-RealAudio,Asian (East),women,00074.mp4,FakeAVCeleb/RealVideo-RealAudio/Asian (East)/women/id00763,FakeAVCeleb_v1.2/RealVideo-RealAudio/Asian (East)/women/id00763/00074.mp4,../data/raw/FakeAVCeleb_v1.2/RealVideo-RealAudio/Asian (East)/women/id00763/00074.mp4,256_RealVideo-RealAudio,5,True,../data/processed/frames,../data/processed/audio/256_RealVideo-RealAudio.wav
id00935,-,-,real,A,RealVideo-RealAudio,Asian (East),women,00005.mp4,FakeAVCeleb/RealVideo-RealAudio/Asian (East)/women/id00935,FakeAVCeleb_v1.2/RealVideo-RealAudio/Asian (East)/women/id00935/00005.mp4,../data/raw/FakeAVCeleb_v1.2/RealVideo-RealAudio/Asian (East)/women/id00935/00005.mp4,257_RealVideo-RealAudio,2,True,../data/processed/frames,../data/processed/audio/257_RealVideo-RealAudio.wav
id01281,-,-,real,A,RealVideo-RealAudio,Asian (East),women,00040.mp4,FakeAVCeleb/RealVideo-RealAudio/Asian (East)/women/id01281,FakeAVCeleb_v1.2/RealVideo-RealAudio/Asian (East)/women/id01281/00040.mp4,../data/raw/FakeAVCeleb_v1.2/RealVideo-RealAudio/Asian (East)/women/id01281/00040.mp4,258_RealVideo-RealAudio,4,True,../data/processed/frames,../data/processed/audio/258_RealVideo-RealAudio.wav
id01451,-,-,real,A,RealVideo-RealAudio,Asian (East),women,00099.mp4,FakeAVCeleb/RealVideo-RealAudio/Asian (East)/women/id01451,FakeAVCeleb_v1.2/RealVideo-RealAudio/Asian (East)/women/id01451/00099.mp4,../data/raw/FakeAVCeleb_v1.2/RealVideo-RealAudio/Asian (East)/women/id01451/00099.mp4,259_RealVideo-RealAudio,5,True,../data/processed/frames,../data/processed/audio/259_RealVideo-RealAudio.wav
id02587,-,-,real,A,RealVideo-RealAudio,Asian (East),women,00020.mp4,FakeAVCeleb/RealVideo-RealAudio/Asian (East)/women/id02587,FakeAVCeleb_v1.2/RealVideo-RealAudio/Asian (East)/women/id02587/00020.mp4,../data/raw/FakeAVCeleb_v1.2/RealVideo-RealAudio/Asian (East)/women/id02587/00020.mp4,260_RealVideo-RealAudio,4,True,../data/processed/frames,../data/processed/audio/260_RealVideo-RealAudio.wav
id02807,-,-,real,A,RealVideo-RealAudio,Asian (East),women,00032.mp4,FakeAVCeleb/RealVideo-RealAudio/Asian (East)/women/id02807,FakeAVCeleb_v1.2/RealVideo-RealAudio/Asian (East)/women/id02807/00032.mp4,../data/raw/FakeAVCeleb_v1.2/RealVideo-RealAudio/Asian (East)/women/id02807/00032.mp4,261_RealVideo-RealAudio,2,True,../data/processed/frames,../data/processed/audio/261_RealVideo-RealAudio.wav
id03211,-,-,real,A,RealVideo-RealAudio,Asian (East),women,00032.mp4,FakeAVCeleb/RealVideo-RealAudio/Asian (East)/women/id03211,FakeAVCeleb_v1.2/RealVideo-RealAudio/Asian (East)/women/id03211/00032.mp4,../data/raw/FakeAVCeleb_v1.2/RealVideo-RealAudio/Asian (East)/women/id03211/00032.mp4,262_RealVideo-RealAudio,5,True,../data/processed/frames,../data/processed/audio/262_RealVideo-RealAudio.wav
id03379,-,-,real,A,RealVideo-RealAudio,Asian (East),women,00032.mp4,FakeAVCeleb/RealVideo-RealAudio/Asian (East)/women/id03379,FakeAVCeleb_v1.2/RealVideo-RealAudio/Asian (East)/women/id03379/00032.mp4,../data/raw/FakeAVCeleb_v1.2/RealVideo-RealAudio/Asian (East)/women/id03379/00032.mp4,263_RealVideo-RealAudio,2,True,../data/processed/frames,../data/processed/audio/263_RealVideo-RealAudio.wav
id03940,-,-,real,A,RealVideo-RealAudio,Asian (East),women,00025.mp4,FakeAVCeleb/RealVideo-RealAudio/Asian (East)/women/id03940,FakeAVCeleb_v1.2/RealVideo-RealAudio/Asian (East)/women/id03940/00025.mp4,../data/raw/FakeAVCeleb_v1.2/RealVideo-RealAudio/Asian (East)/women/id03940/00025.mp4,264_RealVideo-RealAudio,5,True,../data/processed/frames,../data/processed/audio/264_RealVideo-RealAudio.wav
id04057,-,-,real,A,RealVideo-RealAudio,Asian (East),women,00015.mp4,FakeAVCeleb/RealVideo-RealAudio/Asian (East)/women/id04057,FakeAVCeleb_v1.2/RealVideo-RealAudio/Asian (East)/women/id04057/00015.mp4,../data/raw/FakeAVCeleb_v1.2/RealVideo-RealAudio/Asian (East)/women/id04057/00015.mp4,265_RealVideo-RealAudio,4,True,../data/processed/frames,../data/processed/audio/265_RealVideo-RealAudio.wav
id04066,-,-,real,A,RealVideo-RealAudio,Asian (East),women,00013.mp4,FakeAVCeleb/RealVideo-RealAudio/Asian (East)/women/id04066,FakeAVCeleb_v1.2/RealVideo-RealAudio/Asian (East)/women/id04066/00013.mp4,../data/raw/FakeAVCeleb_v1.2/RealVideo-RealAudio/Asian (East)/women/id04066/00013.mp4,266_RealVideo-RealAudio,5,True,../data/processed/frames,../data/processed/audio/266_RealVideo-RealAudio.wav
id04144,-,-,real,A,RealVideo-RealAudio,Asian (East),women,00028.mp4,FakeAVCeleb/RealVideo-RealAudio/Asian (East)/women/id04144,FakeAVCeleb_v1.2/RealVideo-RealAudio/Asian (East)/women/id04144/00028.mp4,../data/raw/FakeAVCeleb_v1.2/RealVideo-RealAudio/Asian (East)/women/id04144/00028.mp4,267_RealVideo-RealAudio,5,True,../data/processed/frames,../data/processed/audio/267_RealVideo-RealAudio.wav
id04414,-,-,real,A,RealVideo-RealAudio,Asian (East),women,00001.mp4,FakeAVCeleb/RealVideo-RealAudio/Asian (East)/women/id04414,FakeAVCeleb_v1.2/RealVideo-RealAudio/Asian (East)/women/id04414/00001.mp4,../data/raw/FakeAVCeleb_v1.2/RealVideo-RealAudio/Asian (East)/women/id04414/00001.mp4,268_RealVideo-RealAudio,5,True,../data/processed/frames,../data/processed/audio/268_RealVideo-RealAudio.wav
id04701,-,-,real,A,RealVideo-RealAudio,Asian (East),women,00017.mp4,FakeAVCeleb/RealVideo-RealAudio/Asian (East)/women/id04701,FakeAVCeleb_v1.2/RealVideo-RealAudio/Asian (East)/women/id04701/00017.mp4,../data/raw/FakeAVCeleb_v1.2/RealVideo-RealAudio/Asian (East)/women/id04701/00017.mp4,269_RealVideo-RealAudio,2,True,../data/processed/frames,../data/processed/audio/269_RealVideo-RealAudio.wav
id05576,-,-,real,A,RealVideo-RealAudio,Asian (East),women,00368.mp4,FakeAVCeleb/RealVideo-RealAudio/Asian (East)/women/id05576,FakeAVCeleb_v1.2/RealVideo-RealAudio/Asian (East)/women/id05576/00368.mp4,../data/raw/FakeAVCeleb_v1.2/RealVideo-RealAudio/Asian (East)/women/id05576/00368.mp4,270_RealVideo-RealAudio,5,True,../data/processed/frames,../data/processed/audio/270_RealVideo-RealAudio.wav
id05620,-,-,real,A,RealVideo-RealAudio,Asian (East),women,00005.mp4,FakeAVCeleb/RealVideo-RealAudio/Asian (East)/women/id05620,FakeAVCeleb_v1.2/RealVideo-RealAudio/Asian (East)/women/id05620/00005.mp4,../data/raw/FakeAVCeleb_v1.2/RealVideo-RealAudio/Asian (East)/women/id05620/00005.mp4,271_RealVideo-RealAudio,5,True,../data/processed/frames,../data/processed/audio/271_RealVideo-RealAudio.wav
id05631,-,-,real,A,RealVideo-RealAudio,Asian (East),women,00073.mp4,FakeAVCeleb/RealVideo-RealAudio/Asian (East)/women/id05631,FakeAVCeleb_v1.2/RealVideo-RealAudio/Asian (East)/women/id05631/00073.mp4,../data/raw/FakeAVCeleb_v1.2/RealVideo-RealAudio/Asian (East)/women/id05631/00073.mp4,272_RealVideo-RealAudio,5,True,../data/processed/frames,../data/processed/audio/272_RealVideo-RealAudio.wav
id05844,-,-,real,A,RealVideo-RealAudio,Asian (East),women,00072.mp4,FakeAVCeleb/RealVideo-RealAudio/Asian (East)/women/id05844,FakeAVCeleb_v1.2/RealVideo-RealAudio/Asian (East)/women/id05844/00072.mp4,../data/raw/FakeAVCeleb_v1.2/RealVideo-RealAudio/Asian (East)/women/id05844/00072.mp4,273_RealVideo-RealAudio,5,True,../data/processed/frames,../data/processed/audio/273_RealVideo-RealAudio.wav
id06054,-,-,real,A,RealVideo-RealAudio,Asian (East),women,00010.mp4,FakeAVCeleb/RealVideo-RealAudio/Asian (East)/women/id06054,FakeAVCeleb_v1.2/RealVideo-RealAudio/Asian (East)/women/id06054/00010.mp4,../data/raw/FakeAVCeleb_v1.2/RealVideo-RealAudio/Asian (East)/women/id06054/00010.mp4,274_RealVideo-RealAudio,5,True,../data/processed/frames,../data/processed/audio/274_RealVideo-RealAudio.wav
id06060,-,-,real,A,RealVideo-RealAudio,Asian (East),women,00219.mp4,FakeAVCeleb/RealVideo-RealAudio/Asian (East)/women/id06060,FakeAVCeleb_v1.2/RealVideo-RealAudio/Asian (East)/women/id06060/00219.mp4,../data/raw/FakeAVCeleb_v1.2/RealVideo-RealAudio/Asian (East)/women/id06060/00219.mp4,275_RealVideo-RealAudio,5,True,../data/processed/frames,../data/processed/audio/275_RealVideo-RealAudio.wav
id06061,-,-,real,A,RealVideo-RealAudio,Asian (East),women,00002.mp4,FakeAVCeleb/RealVideo-RealAudio/Asian (East)/women/id06061,FakeAVCeleb_v1.2/RealVideo-RealAudio/Asian (East)/women/id06061/00002.mp4,../data/raw/FakeAVCeleb_v1.2/RealVideo-RealAudio/Asian (East)/women/id06061/00002.mp4,276_RealVideo-RealAudio,5,True,../data/processed/frames,../data/processed/audio/276_RealVideo-RealAudio.wav
id06065,-,-,real,A,RealVideo-RealAudio,Asian (East),women,00160.mp4,FakeAVCeleb/RealVideo-RealAudio/Asian (East)/women/id06065,FakeAVCeleb_v1.2/RealVideo-RealAudio/Asian (East)/women/id06065/00160.mp4,../data/raw/FakeAVCeleb_v1.2/RealVideo-RealAudio/Asian (East)/women/id06065/00160.mp4,277_RealVideo-RealAudio,3,True,../data/processed/frames,../data/processed/audio/277_RealVideo-RealAudio.wav
id06066,-,-,real,A,RealVideo-RealAudio,Asian (East),women,00028.mp4,FakeAVCeleb/RealVideo-RealAudio/Asian (East)/women/id06066,FakeAVCeleb_v1.2/RealVideo-RealAudio/Asian (East)/women/id06066/00028.mp4,../data/raw/FakeAVCeleb_v1.2/RealVideo-RealAudio/Asian (East)/women/id06066/00028.mp4,278_RealVideo-RealAudio,5,True,../data/processed/frames,../data/processed/audio/278_RealVideo-RealAudio.wav
id06158,-,-,real,A,RealVideo-RealAudio,Asian (East),women,00015.mp4,FakeAVCeleb/RealVideo-RealAudio/Asian (East)/women/id06158,FakeAVCeleb_v1.2/RealVideo-RealAudio/Asian (East)/women/id06158/00015.mp4,../data/raw/FakeAVCeleb_v1.2/RealVideo-RealAudio/Asian (East)/women/id06158/00015.mp4,279_RealVideo-RealAudio,3,True,../data/processed/frames,../data/processed/audio/279_RealVideo-RealAudio.wav
id06388,-,-,real,A,RealVideo-RealAudio,Asian (East),women,00005.mp4,FakeAVCeleb/RealVideo-RealAudio/Asian (East)/women/id06388,FakeAVCeleb_v1.2/RealVideo-RealAudio/Asian (East)/women/id06388/00005.mp4,../data/raw/FakeAVCeleb_v1.2/RealVideo-RealAudio/Asian (East)/women/id06388/00005.mp4,281_RealVideo-RealAudio,5,True,../data/processed/frames,../data/processed/audio/281_RealVideo-RealAudio.wav
id06427,-,-,real,A,RealVideo-RealAudio,Asian (East),women,00138.mp4,FakeAVCeleb/RealVideo-RealAudio/Asian (East)/women/id06427,FakeAVCeleb_v1.2/RealVideo-RealAudio/Asian (East)/women/id06427/00138.mp4,../data/raw/FakeAVCeleb_v1.2/RealVideo-RealAudio/Asian (East)/women/id06427/00138.mp4,282_RealVideo-RealAudio,4,True,../data/processed/frames,../data/processed/audio/282_RealVideo-RealAudio.wav
id06443,-,-,real,A,RealVideo-RealAudio,Asian (East),women,00232.mp4,FakeAVCeleb/RealVideo-RealAudio/Asian (East)/women/id06443,FakeAVCeleb_v1.2/RealVideo-RealAudio/Asian (East)/women/id06443/00232.mp4,../data/raw/FakeAVCeleb_v1.2/RealVideo-RealAudio/Asian (East)/women/id06443/00232.mp4,283_RealVideo-RealAudio,5,True,../data/processed/frames,../data/processed/audio/283_RealVideo-RealAudio.wav
id06462,-,-,real,A,RealVideo-RealAudio,Asian (East),women,00014.mp4,FakeAVCeleb/RealVideo-RealAudio/Asian (East)/women/id06462,FakeAVCeleb_v1.2/RealVideo-RealAudio/Asian (East)/women/id06462/00014.mp4,../data/raw/FakeAVCeleb_v1.2/RealVideo-RealAudio/Asian (East)/women/id06462/00014.mp4,284_RealVideo-RealAudio,5,True,../data/processed/frames,../data/processed/audio/284_RealVideo-RealAudio.wav
id07039,-,-,real,A,RealVideo-RealAudio,Asian (East),women,00105.mp4,FakeAVCeleb/RealVideo-RealAudio/Asian (East)/women/id07039,FakeAVCeleb_v1.2/RealVideo-RealAudio/Asian (East)/women/id07039/00105.mp4,../data/raw/FakeAVCeleb_v1.2/RealVideo-RealAudio/Asian (East)/women/id07039/00105.mp4,285_RealVideo-RealAudio,5,True,../data/processed/frames,../data/processed/audio/285_RealVideo-RealAudio.wav
id07383,-,-,real,A,RealVideo-RealAudio,Asian (East),women,00011.mp4,FakeAVCeleb/RealVideo-RealAudio/Asian (East)/women/id07383,FakeAVCeleb_v1.2/RealVideo-RealAudio/Asian (East)/women/id07383/00011.mp4,../data/raw/FakeAVCeleb_v1.2/RealVideo-RealAudio/Asian (East)/women/id07383/00011.mp4,286_RealVideo-RealAudio,5,True,../data/processed/frames,../data/processed/audio/286_RealVideo-RealAudio.wav
id07739,-,-,real,A,RealVideo-RealAudio,Asian (East),women,00019.mp4,FakeAVCeleb/RealVideo-RealAudio/Asian (East)/women/id07739,FakeAVCeleb_v1.2/RealVideo-RealAudio/Asian (East)/women/id07739/00019.mp4,../data/raw/FakeAVCeleb_v1.2/RealVideo-RealAudio/Asian (East)/women/id07739/00019.mp4,287_RealVideo-RealAudio,5,True,../data/processed/frames,../data/processed/audio/287_RealVideo-RealAudio.wav
id07799,-,-,real,A,RealVideo-RealAudio,Asian (East),women,00063.mp4,FakeAVCeleb/RealVideo-RealAudio/Asian (East)/women/id07799,FakeAVCeleb_v1.2/RealVideo-RealAudio/Asian (East)/women/id07799/00063.mp4,../data/raw/FakeAVCeleb_v1.2/RealVideo-RealAudio/Asian (East)/women/id07799/00063.mp4,288_RealVideo-RealAudio,5,True,../data/processed/frames,../data/processed/audio/288_RealVideo-RealAudio.wav
id07901,-,-,real,A,RealVideo-RealAudio,Asian (East),women,00040.mp4,FakeAVCeleb/RealVideo-RealAudio/Asian (East)/women/id07901,FakeAVCeleb_v1.2/RealVideo-RealAudio/Asian (East)/women/id07901/00040.mp4,../data/raw/FakeAVCeleb_v1.2/RealVideo-RealAudio/Asian (East)/women/id07901/00040.mp4,289_RealVideo-RealAudio,5,True,../data/processed/frames,../data/processed/audio/289_RealVideo-RealAudio.wav
id08139,-,-,real,A,RealVideo-RealAudio,Asian (East),women,00067.mp4,FakeAVCeleb/RealVideo-RealAudio/Asian (East)/women/id08139,FakeAVCeleb_v1.2/RealVideo-RealAudio/Asian (East)/women/id08139/00067.mp4,../data/raw/FakeAVCeleb_v1.2/RealVideo-RealAudio/Asian (East)/women/id08139/00067.mp4,290_RealVideo-RealAudio,5,True,../data/processed/frames,../data/processed/audio/290_RealVideo-RealAudio.wav
id08397,-,-,real,A,RealVideo-RealAudio,Asian (East),women,00167.mp4,FakeAVCeleb/RealVideo-RealAudio/Asian (East)/women/id08397,FakeAVCeleb_v1.2/RealVideo-RealAudio/Asian (East)/women/id08397/00167.mp4,../data/raw/FakeAVCeleb_v1.2/RealVideo-RealAudio/Asian (East)/women/id08397/00167.mp4,291_RealVideo-RealAudio,5,True,../data/processed/frames,../data/processed/audio/291_RealVideo-RealAudio.wav
id08402,-,-,real,A,RealVideo-RealAudio,Asian (East),women,00092.mp4,FakeAVCeleb/RealVideo-RealAudio/Asian (East)/women/id08402,FakeAVCeleb_v1.2/RealVideo-RealAudio/Asian (East)/women/id08402/00092.mp4,../data/raw/FakeAVCeleb_v1.2/RealVideo-RealAudio/Asian (East)/women/id08402/00092.mp4,292_RealVideo-RealAudio,5,True,../data/processed/frames,../data/processed/audio/292_RealVideo-RealAudio.wav
id08819,-,-,real,A,RealVideo-RealAudio,Asian (East),women,00052.mp4,FakeAVCeleb/RealVideo-RealAudio/Asian (East)/women/id08819,FakeAVCeleb_v1.2/RealVideo-RealAudio/Asian (East)/women/id08819/00052.mp4,../data/raw/FakeAVCeleb_v1.2/RealVideo-RealAudio/Asian (East)/women/id08819/00052.mp4,293_RealVideo-RealAudio,4,True,../data/processed/frames,../data/processed/audio/293_RealVideo-RealAudio.wav
id09116,-,-,real,A,RealVideo-RealAudio,Asian (East),women,00026.mp4,FakeAVCeleb/RealVideo-RealAudio/Asian (East)/women/id09116,FakeAVCeleb_v1.2/RealVideo-RealAudio/Asian (East)/women/id09116/00026.mp4,../data/raw/FakeAVCeleb_v1.2/RealVideo-RealAudio/Asian (East)/women/id09116/00026.mp4,294_RealVideo-RealAudio,5,True,../data/processed/frames,../data/processed/audio/294_RealVideo-RealAudio.wav
id09125,-,-,real,A,RealVideo-RealAudio,Asian (East),women,00098.mp4,FakeAVCeleb/RealVideo-RealAudio/Asian (East)/women/id09125,FakeAVCeleb_v1.2/RealVideo-RealAudio/Asian (East)/women/id09125/00098.mp4,../data/raw/FakeAVCeleb_v1.2/RealVideo-RealAudio/Asian (East)/women/id09125/00098.mp4,295_RealVideo-RealAudio,2,True,../data/processed/frames,../data/processed/audio/295_RealVideo-RealAudio.wav
id09171,-,-,real,A,RealVideo-RealAudio,Asian (East),women,00092.mp4,FakeAVCeleb/RealVideo-RealAudio/Asian (East)/women/id09171,FakeAVCeleb_v1.2/RealVideo-RealAudio/Asian (East)/women/id09171/00092.mp4,../data/raw/FakeAVCeleb_v1.2/RealVideo-RealAudio/Asian (East)/women/id09171/00092.mp4,296_RealVideo-RealAudio,5,True,../data/processed/frames,../data/processed/audio/296_RealVideo-RealAudio.wav
id09174,-,-,real,A,RealVideo-RealAudio,Asian (East),women,00015.mp4,FakeAVCeleb/RealVideo-RealAudio/Asian (East)/women/id09174,FakeAVCeleb_v1.2/RealVideo-RealAudio/Asian (East)/women/id09174/00015.mp4,../data/raw/FakeAVCeleb_v1.2/RealVideo-RealAudio/Asian (East)/women/id09174/00015.mp4,297_RealVideo-RealAudio,5,True,../data/processed/frames,../data/processed/audio/297_RealVideo-RealAudio.wav
id09175,-,-,real,A,RealVideo-RealAudio,Asian (East),women,00072.mp4,FakeAVCeleb/RealVideo-RealAudio/Asian (East)/women/id09175,FakeAVCeleb_v1.2/RealVideo-RealAudio/Asian (East)/women/id09175/00072.mp4,../data/raw/FakeAVCeleb_v1.2/RealVideo-RealAudio/Asian (East)/women/id09175/00072.mp4,298_RealVideo-RealAudio,5,True,../data/processed/frames,../data/processed/audio/298_RealVideo-RealAudio.wav
id09181,-,-,real,A,RealVideo-RealAudio,Asian (East),women,00048.mp4,FakeAVCeleb/RealVideo-RealAudio/Asian (East)/women/id09181,FakeAVCeleb_v1.2/RealVideo-RealAudio/Asian (East)/women/id09181/00048.mp4,../data/raw/FakeAVCeleb_v1.2/RealVideo-RealAudio/Asian (East)/women/id09181/00048.mp4,299_RealVideo-RealAudio,5,True,../data/processed/frames,../data/processed/audio/299_RealVideo-RealAudio.wav
id00055,-,-,real,A,RealVideo-RealAudio,Caucasian (European),men,00120.mp4,FakeAVCeleb/RealVideo-RealAudio/Caucasian (European)/men/id00055,FakeAVCeleb_v1.2/RealVideo-RealAudio/Caucasian (European)/men/id00055/00120.mp4,../data/raw/FakeAVCeleb_v1.2/RealVideo-RealAudio/Caucasian (European)/men/id00055/00120.mp4,300_RealVideo-RealAudio,5,True,../data/processed/frames,../data/processed/audio/300_RealVideo-RealAudio.wav
id00063,-,-,real,A,RealVideo-RealAudio,Caucasian (European),men,00021.mp4,FakeAVCeleb/RealVideo-RealAudio/Caucasian (European)/men/id00063,FakeAVCeleb_v1.2/RealVideo-RealAudio/Caucasian (European)/men/id00063/00021.mp4,../data/raw/FakeAVCeleb_v1.2/RealVideo-RealAudio/Caucasian (European)/men/id00063/00021.mp4,301_RealVideo-RealAudio,5,True,../data/processed/frames,../data/processed/audio/301_RealVideo-RealAudio.wav
id00171,-,-,real,A,RealVideo-RealAudio,Caucasian (European),men,00092.mp4,FakeAVCeleb/RealVideo-RealAudio/Caucasian (European)/men/id00171,FakeAVCeleb_v1.2/RealVideo-RealAudio/Caucasian (European)/men/id00171/00092.mp4,../data/raw/FakeAVCeleb_v1.2/RealVideo-RealAudio/Caucasian (European)/men/id00171/00092.mp4,302_RealVideo-RealAudio,5,True,../data/processed/frames,../data/processed/audio/302_RealVideo-RealAudio.wav
id00183,-,-,real,A,RealVideo-RealAudio,Caucasian (European),men,00015.mp4,FakeAVCeleb/RealVideo-RealAudio/Caucasian (European)/men/id00183,FakeAVCeleb_v1.2/RealVideo-RealAudio/Caucasian (European)/men/id00183/00015.mp4,../data/raw/FakeAVCeleb_v1.2/RealVideo-RealAudio/Caucasian (European)/men/id00183/00015.mp4,303_RealVideo-RealAudio,5,True,../data/processed/frames,../data/processed/audio/303_RealVideo-RealAudio.wav
id00185,-,-,real,A,RealVideo-RealAudio,Caucasian (European),men,00015.mp4,FakeAVCeleb/RealVideo-RealAudio/Caucasian (European)/men/id00185,FakeAVCeleb_v1.2/RealVideo-RealAudio/Caucasian (European)/men/id00185/00015.mp4,../data/raw/FakeAVCeleb_v1.2/RealVideo-RealAudio/Caucasian (European)/men/id00185/00015.mp4,304_RealVideo-RealAudio,3,True,../data/processed/frames,../data/processed/audio/304_RealVideo-RealAudio.wav
id00186,-,-,real,A,RealVideo-RealAudio,Caucasian (European),men,00120.mp4,FakeAVCeleb/RealVideo-RealAudio/Caucasian (European)/men/id00186,FakeAVCeleb_v1.2/RealVideo-RealAudio/Caucasian (European)/men/id00186/00120.mp4,../data/raw/FakeAVCeleb_v1.2/RealVideo-RealAudio/Caucasian (European)/men/id00186/00120.mp4,305_RealVideo-RealAudio,5,True,../data/processed/frames,../data/processed/audio/305_RealVideo-RealAudio.wav
id00187,-,-,real,A,RealVideo-RealAudio,Caucasian (European),men,00360.mp4,FakeAVCeleb/RealVideo-RealAudio/Caucasian (European)/men/id00187,FakeAVCeleb_v1.2/RealVideo-RealAudio/Caucasian (European)/men/id00187/00360.mp4,../data/raw/FakeAVCeleb_v1.2/RealVideo-RealAudio/Caucasian (European)/men/id00187/00360.mp4,306_RealVideo-RealAudio,5,True,../data/processed/frames,../data/processed/audio/306_RealVideo-RealAudio.wav
id00192,-,-,real,A,RealVideo-RealAudio,Caucasian (European),men,00078.mp4,FakeAVCeleb/RealVideo-RealAudio/Caucasian (European)/men/id00192,FakeAVCeleb_v1.2/RealVideo-RealAudio/Caucasian (European)/men/id00192/00078.mp4,../data/raw/FakeAVCeleb_v1.2/RealVideo-RealAudio/Caucasian (European)/men/id00192/00078.mp4,307_RealVideo-RealAudio,5,True,../data/processed/frames,../data/processed/audio/307_RealVideo-RealAudio.wav
id00225,-,-,real,A,RealVideo-RealAudio,Caucasian (European),men,00078.mp4,FakeAVCeleb/RealVideo-RealAudio/Caucasian (European)/men/id00225,FakeAVCeleb_v1.2/RealVideo-RealAudio/Caucasian (European)/men/id00225/00078.mp4,../data/raw/FakeAVCeleb_v1.2/RealVideo-RealAudio/Caucasian (European)/men/id00225/00078.mp4,308_RealVideo-RealAudio,5,True,../data/processed/frames,../data/processed/audio/308_RealVideo-RealAudio.wav
id00241,-,-,real,A,RealVideo-RealAudio,Caucasian (European),men,00015.mp4,FakeAVCeleb/RealVideo-RealAudio/Caucasian (European)/men/id00241,FakeAVCeleb_v1.2/RealVideo-RealAudio/Caucasian (European)/men/id00241/00015.mp4,../data/raw/FakeAVCeleb_v1.2/RealVideo-RealAudio/Caucasian (European)/men/id00241/00015.mp4,309_RealVideo-RealAudio,5,True,../data/processed/frames,../data/processed/audio/309_RealVideo-RealAudio.wav
id00253,-,-,real,A,RealVideo-RealAudio,Caucasian (European),men,00021.mp4,FakeAVCeleb/RealVideo-RealAudio/Caucasian (European)/men/id00253,FakeAVCeleb_v1.2/RealVideo-RealAudio/Caucasian (European)/men/id00253/00021.mp4,../data/raw/FakeAVCeleb_v1.2/RealVideo-RealAudio/Caucasian (European)/men/id00253/00021.mp4,310_RealVideo-RealAudio,5,True,../data/processed/frames,../data/processed/audio/310_RealVideo-RealAudio.wav
id00265,-,-,real,A,RealVideo-RealAudio,Caucasian (European),men,00130.mp4,FakeAVCeleb/RealVideo-RealAudio/Caucasian (European)/men/id00265,FakeAVCeleb_v1.2/RealVideo-RealAudio/Caucasian (European)/men/id00265/00130.mp4,../data/raw/FakeAVCeleb_v1.2/RealVideo-RealAudio/Caucasian (European)/men/id00265/00130.mp4,311_RealVideo-RealAudio,5,True,../data/processed/frames,../data/processed/audio/311_RealVideo-RealAudio.wav
id00266,-,-,real,A,RealVideo-RealAudio,Caucasian (European),men,00470.mp4,FakeAVCeleb/RealVideo-RealAudio/Caucasian (European)/men/id00266,FakeAVCeleb_v1.2/RealVideo-RealAudio/Caucasian (European)/men/id00266/00470.mp4,../data/raw/FakeAVCeleb_v1.2/RealVideo-RealAudio/Caucasian (European)/men/id00266/00470.mp4,312_RealVideo-RealAudio,5,True,../data/processed/frames,../data/processed/audio/312_RealVideo-RealAudio.wav
id00282,-,-,real,A,RealVideo-RealAudio,Caucasian (European),men,00268.mp4,FakeAVCeleb/RealVideo-RealAudio/Caucasian (European)/men/id00282,FakeAVCeleb_v1.2/RealVideo-RealAudio/Caucasian (European)/men/id00282/00268.mp4,../data/raw/FakeAVCeleb_v1.2/RealVideo-RealAudio/Caucasian (European)/men/id00282/00268.mp4,313_RealVideo-RealAudio,5,True,../data/processed/frames,../data/processed/audio/313_RealVideo-RealAudio.wav
id00292,-,-,real,A,RealVideo-RealAudio,Caucasian (European),men,00072.mp4,FakeAVCeleb/RealVideo-RealAudio/Caucasian (European)/men/id00292,FakeAVCeleb_v1.2/RealVideo-RealAudio/Caucasian (European)/men/id00292/00072.mp4,../data/raw/FakeAVCeleb_v1.2/RealVideo-RealAudio/Caucasian (European)/men/id00292/00072.mp4,314_RealVideo-RealAudio,5,True,../data/processed/frames,../data/processed/audio/314_RealVideo-RealAudio.wav
id00305,-,-,real,A,RealVideo-RealAudio,Caucasian (European),men,00113.mp4,FakeAVCeleb/RealVideo-RealAudio/Caucasian (European)/men/id00305,FakeAVCeleb_v1.2/RealVideo-RealAudio/Caucasian (European)/men/id00305/00113.mp4,../data/raw/FakeAVCeleb_v1.2/RealVideo-RealAudio/Caucasian (European)/men/id00305/00113.mp4,315_RealVideo-RealAudio,5,True,../data/processed/frames,../data/processed/audio/315_RealVideo-RealAudio.wav
id00306,-,-,real,A,RealVideo-RealAudio,Caucasian (European),men,00015.mp4,FakeAVCeleb/RealVideo-RealAudio/Caucasian (European)/men/id00306,FakeAVCeleb_v1.2/RealVideo-RealAudio/Caucasian (European)/men/id00306/00015.mp4,../data/raw/FakeAVCeleb_v1.2/RealVideo-RealAudio/Caucasian (European)/men/id00306/00015.mp4,316_RealVideo-RealAudio,3,True,../data/processed/frames,../data/processed/audio/316_RealVideo-RealAudio.wav
id00358,-,-,real,A,RealVideo-RealAudio,Caucasian (European),men,00217.mp4,FakeAVCeleb/RealVideo-RealAudio/Caucasian (European)/men/id00358,FakeAVCeleb_v1.2/RealVideo-RealAudio/Caucasian (European)/men/id00358/00217.mp4,../data/raw/FakeAVCeleb_v1.2/RealVideo-RealAudio/Caucasian (European)/men/id00358/00217.mp4,317_RealVideo-RealAudio,5,True,../data/processed/frames,../data/processed/audio/317_RealVideo-RealAudio.wav
id00368,-,-,real,A,RealVideo-RealAudio,Caucasian (European),men,00078.mp4,FakeAVCeleb/RealVideo-RealAudio/Caucasian (European)/men/id00368,FakeAVCeleb_v1.2/RealVideo-RealAudio/Caucasian (European)/men/id00368/00078.mp4,../data/raw/FakeAVCeleb_v1.2/RealVideo-RealAudio/Caucasian (European)/men/id00368/00078.mp4,318_RealVideo-RealAudio,5,True,../data/processed/frames,../data/processed/audio/318_RealVideo-RealAudio.wav
id00415,-,-,real,A,RealVideo-RealAudio,Caucasian (European),men,00017.mp4,FakeAVCeleb/RealVideo-RealAudio/Caucasian (European)/men/id00415,FakeAVCeleb_v1.2/RealVideo-RealAudio/Caucasian (European)/men/id00415/00017.mp4,../data/raw/FakeAVCeleb_v1.2/RealVideo-RealAudio/Caucasian (European)/men/id00415/00017.mp4,319_RealVideo-RealAudio,4,True,../data/processed/frames,../data/processed/audio/319_RealVideo-RealAudio.wav
id00498,-,-,real,A,RealVideo-RealAudio,Caucasian (European),men,00014.mp4,FakeAVCeleb/RealVideo-RealAudio/Caucasian (European)/men/id00498,FakeAVCeleb_v1.2/RealVideo-RealAudio/Caucasian (European)/men/id00498/00014.mp4,../data/raw/FakeAVCeleb_v1.2/RealVideo-RealAudio/Caucasian (European)/men/id00498/00014.mp4,320_RealVideo-RealAudio,5,True,../data/processed/frames,../data/processed/audio/320_RealVideo-RealAudio.wav
id00519,-,-,real,A,RealVideo-RealAudio,Caucasian (European),men,00028.mp4,FakeAVCeleb/RealVideo-RealAudio/Caucasian (European)/men/id00519,FakeAVCeleb_v1.2/RealVideo-RealAudio/Caucasian (European)/men/id00519/00028.mp4,../data/raw/FakeAVCeleb_v1.2/RealVideo-RealAudio/Caucasian (European)/men/id00519/00028.mp4,321_RealVideo-RealAudio,5,True,../data/processed/frames,../data/processed/audio/321_RealVideo-RealAudio.wav
id00520,-,-,real,A,RealVideo-RealAudio,Caucasian (European),men,00187.mp4,FakeAVCeleb/RealVideo-RealAudio/Caucasian (European)/men/id00520,FakeAVCeleb_v1.2/RealVideo-RealAudio/Caucasian (European)/men/id00520/00187.mp4,../data/raw/FakeAVCeleb_v1.2/RealVideo-RealAudio/Caucasian (European)/men/id00520/00187.mp4,322_RealVideo-RealAudio,5,True,../data/processed/frames,../data/processed/audio/322_RealVideo-RealAudio.wav
id00535,-,-,real,A,RealVideo-RealAudio,Caucasian (European),men,00005.mp4,FakeAVCeleb/RealVideo-RealAudio/Caucasian (European)/men/id00535,FakeAVCeleb_v1.2/RealVideo-RealAudio/Caucasian (European)/men/id00535/00005.mp4,../data/raw/FakeAVCeleb_v1.2/RealVideo-RealAudio/Caucasian (European)/men/id00535/00005.mp4,323_RealVideo-RealAudio,5,True,../data/processed/frames,../data/processed/audio/323_RealVideo-RealAudio.wav
id00548,-,-,real,A,RealVideo-RealAudio,Caucasian (European),men,00015.mp4,FakeAVCeleb/RealVideo-RealAudio/Caucasian (European)/men/id00548,FakeAVCeleb_v1.2/RealVideo-RealAudio/Caucasian (European)/men/id00548/00015.mp4,../data/raw/FakeAVCeleb_v1.2/RealVideo-RealAudio/Caucasian (European)/men/id00548/00015.mp4,324_RealVideo-RealAudio,5,True,../data/processed/frames,../data/processed/audio/324_RealVideo-RealAudio.wav
id00554,-,-,real,A,RealVideo-RealAudio,Caucasian (European),men,00028.mp4,FakeAVCeleb/RealVideo-RealAudio/Caucasian (European)/men/id00554,FakeAVCeleb_v1.2/RealVideo-RealAudio/Caucasian (European)/men/id00554/00028.mp4,../data/raw/FakeAVCeleb_v1.2/RealVideo-RealAudio/Caucasian (European)/men/id00554/00028.mp4,325_RealVideo-RealAudio,5,True,../data/processed/frames,../data/processed/audio/325_RealVideo-RealAudio.wav
id00559,-,-,real,A,RealVideo-RealAudio,Caucasian (European),men,00078.mp4,FakeAVCeleb/RealVideo-RealAudio/Caucasian (European)/men/id00559,FakeAVCeleb_v1.2/RealVideo-RealAudio/Caucasian (European)/men/id00559/00078.mp4,../data/raw/FakeAVCeleb_v1.2/RealVideo-RealAudio/Caucasian (European)/men/id00559/00078.mp4,326_RealVideo-RealAudio,5,True,../data/processed/frames,../data/processed/audio/326_RealVideo-RealAudio.wav
id00594,-,-,real,A,RealVideo-RealAudio,Caucasian (European),men,00005.mp4,FakeAVCeleb/RealVideo-RealAudio/Caucasian (European)/men/id00594,FakeAVCeleb_v1.2/RealVideo-RealAudio/Caucasian (European)/men/id00594/00005.mp4,../data/raw/FakeAVCeleb_v1.2/RealVideo-RealAudio/Caucasian (European)/men/id00594/00005.mp4,327_RealVideo-RealAudio,5,True,../data/processed/frames,../data/processed/audio/327_RealVideo-RealAudio.wav
id00694,-,-,real,A,RealVideo-RealAudio,Caucasian (European),men,00340.mp4,FakeAVCeleb/RealVideo-RealAudio/Caucasian (European)/men/id00694,FakeAVCeleb_v1.2/RealVideo-RealAudio/Caucasian (European)/men/id00694/00340.mp4,../data/raw/FakeAVCeleb_v1.2/RealVideo-RealAudio/Caucasian (European)/men/id00694/00340.mp4,328_RealVideo-RealAudio,5,True,../data/processed/frames,../data/processed/audio/328_RealVideo-RealAudio.wav
id00709,-,-,real,A,RealVideo-RealAudio,Caucasian (European),men,00206.mp4,FakeAVCeleb/RealVideo-RealAudio/Caucasian (European)/men/id00709,FakeAVCeleb_v1.2/RealVideo-RealAudio/Caucasian (European)/men/id00709/00206.mp4,../data/raw/FakeAVCeleb_v1.2/RealVideo-RealAudio/Caucasian (European)/men/id00709/00206.mp4,329_RealVideo-RealAudio,5,True,../data/processed/frames,../data/processed/audio/329_RealVideo-RealAudio.wav
id00909,-,-,real,A,RealVideo-RealAudio,Caucasian (European),men,00037.mp4,FakeAVCeleb/RealVideo-RealAudio/Caucasian (European)/men/id00909,FakeAVCeleb_v1.2/RealVideo-RealAudio/Caucasian (European)/men/id00909/00037.mp4,../data/raw/FakeAVCeleb_v1.2/RealVideo-RealAudio/Caucasian (European)/men/id00909/00037.mp4,330_RealVideo-RealAudio,5,True,../data/processed/frames,../data/processed/audio/330_RealVideo-RealAudio.wav
id00919,-,-,real,A,RealVideo-RealAudio,Caucasian (European),men,00063.mp4,FakeAVCeleb/RealVideo-RealAudio/Caucasian (European)/men/id00919,FakeAVCeleb_v1.2/RealVideo-RealAudio/Caucasian (European)/men/id00919/00063.mp4,../data/raw/FakeAVCeleb_v1.2/RealVideo-RealAudio/Caucasian (European)/men/id00919/00063.mp4,331_RealVideo-RealAudio,5,True,../data/processed/frames,../data/processed/audio/331_RealVideo-RealAudio.wav
id00946,-,-,real,A,RealVideo-RealAudio,Caucasian (European),men,00126.mp4,FakeAVCeleb/RealVideo-RealAudio/Caucasian (European)/men/id00946,FakeAVCeleb_v1.2/RealVideo-RealAudio/Caucasian (European)/men/id00946/00126.mp4,../data/raw/FakeAVCeleb_v1.2/RealVideo-RealAudio/Caucasian (European)/men/id00946/00126.mp4,332_RealVideo-RealAudio,5,True,../data/processed/frames,../data/processed/audio/332_RealVideo-RealAudio.wav
id00963,-,-,real,A,RealVideo-RealAudio,Caucasian (European),men,00028.mp4,FakeAVCeleb/RealVideo-RealAudio/Caucasian (European)/men/id00963,FakeAVCeleb_v1.2/RealVideo-RealAudio/Caucasian (European)/men/id00963/00028.mp4,../data/raw/FakeAVCeleb_v1.2/RealVideo-RealAudio/Caucasian (European)/men/id00963/00028.mp4,333_RealVideo-RealAudio,5,True,../data/processed/frames,../data/processed/audio/333_RealVideo-RealAudio.wav
id00981,-,-,real,A,RealVideo-RealAudio,Caucasian (European),men,00092.mp4,FakeAVCeleb/RealVideo-RealAudio/Caucasian (European)/men/id00981,FakeAVCeleb_v1.2/RealVideo-RealAudio/Caucasian (European)/men/id00981/00092.mp4,../data/raw/FakeAVCeleb_v1.2/RealVideo-RealAudio/Caucasian (European)/men/id00981/00092.mp4,334_RealVideo-RealAudio,5,True,../data/processed/frames,../data/processed/audio/334_RealVideo-RealAudio.wav
id00990,-,-,real,A,RealVideo-RealAudio,Caucasian (European),men,00160.mp4,FakeAVCeleb/RealVideo-RealAudio/Caucasian (European)/men/id00990,FakeAVCeleb_v1.2/RealVideo-RealAudio/Caucasian (European)/men/id00990/00160.mp4,../data/raw/FakeAVCeleb_v1.2/RealVideo-RealAudio/Caucasian (European)/men/id00990/00160.mp4,335_RealVideo-RealAudio,5,True,../data/processed/frames,../data/processed/audio/335_RealVideo-RealAudio.wav
id00999,-,-,real,A,RealVideo-RealAudio,Caucasian (European),men,00028.mp4,FakeAVCeleb/RealVideo-RealAudio/Caucasian (European)/men/id00999,FakeAVCeleb_v1.2/RealVideo-RealAudio/Caucasian (European)/men/id00999/00028.mp4,../data/raw/FakeAVCeleb_v1.2/RealVideo-RealAudio/Caucasian (European)/men/id00999/00028.mp4,336_RealVideo-RealAudio,4,True,../data/processed/frames,../data/processed/audio/336_RealVideo-RealAudio.wav
id01051,-,-,real,A,RealVideo-RealAudio,Caucasian (European),men,00322.mp4,FakeAVCeleb/RealVideo-RealAudio/Caucasian (European)/men/id01051,FakeAVCeleb_v1.2/RealVideo-RealAudio/Caucasian (European)/men/id01051/00322.mp4,../data/raw/FakeAVCeleb_v1.2/RealVideo-RealAudio/Caucasian (European)/men/id01051/00322.mp4,337_RealVideo-RealAudio,4,True,../data/processed/frames,../data/processed/audio/337_RealVideo-RealAudio.wav
id01052,-,-,real,A,RealVideo-RealAudio,Caucasian (European),men,00076.mp4,FakeAVCeleb/RealVideo-RealAudio/Caucasian (European)/men/id01052,FakeAVCeleb_v1.2/RealVideo-RealAudio/Caucasian (European)/men/id01052/00076.mp4,../data/raw/FakeAVCeleb_v1.2/RealVideo-RealAudio/Caucasian (European)/men/id01052/00076.mp4,338_RealVideo-RealAudio,5,True,../data/processed/frames,../data/processed/audio/338_RealVideo-RealAudio.wav
id01058,-,-,real,A,RealVideo-RealAudio,Caucasian (European),men,00005.mp4,FakeAVCeleb/RealVideo-RealAudio/Caucasian (European)/men/id01058,FakeAVCeleb_v1.2/RealVideo-RealAudio/Caucasian (European)/men/id01058/00005.mp4,../data/raw/FakeAVCeleb_v1.2/RealVideo-RealAudio/Caucasian (European)/men/id01058/00005.mp4,339_RealVideo-RealAudio,4,True,../data/processed/frames,../data/processed/audio/339_RealVideo-RealAudio.wav
id01098,-,-,real,A,RealVideo-RealAudio,Caucasian (European),men,00044.mp4,FakeAVCeleb/RealVideo-RealAudio/Caucasian (European)/men/id01098,FakeAVCeleb_v1.2/RealVideo-RealAudio/Caucasian (European)/men/id01098/00044.mp4,../data/raw/FakeAVCeleb_v1.2/RealVideo-RealAudio/Caucasian (European)/men/id01098/00044.mp4,340_RealVideo-RealAudio,5,True,../data/processed/frames,../data/processed/audio/340_RealVideo-RealAudio.wav
id01099,-,-,real,A,RealVideo-RealAudio,Caucasian (European),men,00206.mp4,FakeAVCeleb/RealVideo-RealAudio/Caucasian (European)/men/id01099,FakeAVCeleb_v1.2/RealVideo-RealAudio/Caucasian (European)/men/id01099/00206.mp4,../data/raw/FakeAVCeleb_v1.2/RealVideo-RealAudio/Caucasian (European)/men/id01099/00206.mp4,341_RealVideo-RealAudio,3,True,../data/processed/frames,../data/processed/audio/341_RealVideo-RealAudio.wav
id01102,-,-,real,A,RealVideo-RealAudio,Caucasian (European),men,00197.mp4,FakeAVCeleb/RealVideo-RealAudio/Caucasian (European)/men/id01102,FakeAVCeleb_v1.2/RealVideo-RealAudio/Caucasian (European)/men/id01102/00197.mp4,../data/raw/FakeAVCeleb_v1.2/RealVideo-RealAudio/Caucasian (European)/men/id01102/00197.mp4,342_RealVideo-RealAudio,5,True,../data/processed/frames,../data/processed/audio/342_RealVideo-RealAudio.wav
id01123,-,-,real,A,RealVideo-RealAudio,Caucasian (European),men,00072.mp4,FakeAVCeleb/RealVideo-RealAudio/Caucasian (European)/men/id01123,FakeAVCeleb_v1.2/RealVideo-RealAudio/Caucasian (European)/men/id01123/00072.mp4,../data/raw/FakeAVCeleb_v1.2/RealVideo-RealAudio/Caucasian (European)/men/id01123/00072.mp4,343_RealVideo-RealAudio,3,True,../data/processed/frames,../data/processed/audio/343_RealVideo-RealAudio.wav
id01126,-,-,real,A,RealVideo-RealAudio,Caucasian (European),men,00040.mp4,FakeAVCeleb/RealVideo-RealAudio/Caucasian (European)/men/id01126,FakeAVCeleb_v1.2/RealVideo-RealAudio/Caucasian (European)/men/id01126/00040.mp4,../data/raw/FakeAVCeleb_v1.2/RealVideo-RealAudio/Caucasian (European)/men/id01126/00040.mp4,344_RealVideo-RealAudio,5,True,../data/processed/frames,../data/processed/audio/344_RealVideo-RealAudio.wav
id01154,-,-,real,A,RealVideo-RealAudio,Caucasian (European),men,00118.mp4,FakeAVCeleb/RealVideo-RealAudio/Caucasian (European)/men/id01154,FakeAVCeleb_v1.2/RealVideo-RealAudio/Caucasian (European)/men/id01154/00118.mp4,../data/raw/FakeAVCeleb_v1.2/RealVideo-RealAudio/Caucasian (European)/men/id01154/00118.mp4,345_RealVideo-RealAudio,5,True,../data/processed/frames,../data/processed/audio/345_RealVideo-RealAudio.wav
id01156,-,-,real,A,RealVideo-RealAudio,Caucasian (European),men,00078.mp4,FakeAVCeleb/RealVideo-RealAudio/Caucasian (European)/men/id01156,FakeAVCeleb_v1.2/RealVideo-RealAudio/Caucasian (European)/men/id01156/00078.mp4,../data/raw/FakeAVCeleb_v1.2/RealVideo-RealAudio/Caucasian (European)/men/id01156/00078.mp4,346_RealVideo-RealAudio,5,True,../data/processed/frames,../data/processed/audio/346_RealVideo-RealAudio.wav
id01157,-,-,real,A,RealVideo-RealAudio,Caucasian (European),men,00048.mp4,FakeAVCeleb/RealVideo-RealAudio/Caucasian (European)/men/id01157,FakeAVCeleb_v1.2/RealVideo-RealAudio/Caucasian (European)/men/id01157/00048.mp4,../data/raw/FakeAVCeleb_v1.2/RealVideo-RealAudio/Caucasian (European)/men/id01157/00048.mp4,347_RealVideo-RealAudio,5,True,../data/processed/frames,../data/processed/audio/347_RealVideo-RealAudio.wav
id02567,-,-,real,A,RealVideo-RealAudio,Caucasian (European),men,00040.mp4,FakeAVCeleb/RealVideo-RealAudio/Caucasian (European)/men/id02567,FakeAVCeleb_v1.2/RealVideo-RealAudio/Caucasian (European)/men/id02567/00040.mp4,../data/raw/FakeAVCeleb_v1.2/RealVideo-RealAudio/Caucasian (European)/men/id02567/00040.mp4,348_RealVideo-RealAudio,3,True,../data/processed/frames,../data/processed/audio/348_RealVideo-RealAudio.wav
id03205,-,-,real,A,RealVideo-RealAudio,Caucasian (European),men,00150.mp4,FakeAVCeleb/RealVideo-RealAudio/Caucasian (European)/men/id03205,FakeAVCeleb_v1.2/RealVideo-RealAudio/Caucasian (European)/men/id03205/00150.mp4,../data/raw/FakeAVCeleb_v1.2/RealVideo-RealAudio/Caucasian (European)/men/id03205/00150.mp4,349_RealVideo-RealAudio,3,True,../data/processed/frames,../data/processed/audio/349_RealVideo-RealAudio.wav
id00042,-,-,real,A,RealVideo-RealAudio,Caucasian (European),women,00028.mp4,FakeAVCeleb/RealVideo-RealAudio/Caucasian (European)/women/id00042,FakeAVCeleb_v1.2/RealVideo-RealAudio/Caucasian (European)/women/id00042/00028.mp4,../data/raw/FakeAVCeleb_v1.2/RealVideo-RealAudio/Caucasian (European)/women/id00042/00028.mp4,350_RealVideo-RealAudio,4,True,../data/processed/frames,../data/processed/audio/350_RealVideo-RealAudio.wav
id00068,-,-,real,A,RealVideo-RealAudio,Caucasian (European),women,00004.mp4,FakeAVCeleb/RealVideo-RealAudio/Caucasian (European)/women/id00068,FakeAVCeleb_v1.2/RealVideo-RealAudio/Caucasian (European)/women/id00068/00004.mp4,../data/raw/FakeAVCeleb_v1.2/RealVideo-RealAudio/Caucasian (European)/women/id00068/00004.mp4,351_RealVideo-RealAudio,4,True,../data/processed/frames,../data/processed/audio/351_RealVideo-RealAudio.wav
id00071,-,-,real,A,RealVideo-RealAudio,Caucasian (European),women,00014.mp4,FakeAVCeleb/RealVideo-RealAudio/Caucasian (European)/women/id00071,FakeAVCeleb_v1.2/RealVideo-RealAudio/Caucasian (European)/women/id00071/00014.mp4,../data/raw/FakeAVCeleb_v1.2/RealVideo-RealAudio/Caucasian (European)/women/id00071/00014.mp4,352_RealVideo-RealAudio,5,True,../data/processed/frames,../data/processed/audio/352_RealVideo-RealAudio.wav
id00188,-,-,real,A,RealVideo-RealAudio,Caucasian (European),women,00020.mp4,FakeAVCeleb/RealVideo-RealAudio/Caucasian (European)/women/id00188,FakeAVCeleb_v1.2/RealVideo-RealAudio/Caucasian (European)/women/id00188/00020.mp4,../data/raw/FakeAVCeleb_v1.2/RealVideo-RealAudio/Caucasian (European)/women/id00188/00020.mp4,353_RealVideo-RealAudio,5,True,../data/processed/frames,../data/processed/audio/353_RealVideo-RealAudio.wav
id00232,-,-,real,A,RealVideo-RealAudio,Caucasian (European),women,00025.mp4,FakeAVCeleb/RealVideo-RealAudio/Caucasian (European)/women/id00232,FakeAVCeleb_v1.2/RealVideo-RealAudio/Caucasian (European)/women/id00232/00025.mp4,../data/raw/FakeAVCeleb_v1.2/RealVideo-RealAudio/Caucasian (European)/women/id00232/00025.mp4,354_RealVideo-RealAudio,5,True,../data/processed/frames,../data/processed/audio/354_RealVideo-RealAudio.wav
id00234,-,-,real,A,RealVideo-RealAudio,Caucasian (European),women,00063.mp4,FakeAVCeleb/RealVideo-RealAudio/Caucasian (European)/women/id00234,FakeAVCeleb_v1.2/RealVideo-RealAudio/Caucasian (European)/women/id00234/00063.mp4,../data/raw/FakeAVCeleb_v1.2/RealVideo-RealAudio/Caucasian (European)/women/id00234/00063.mp4,355_RealVideo-RealAudio,5,True,../data/processed/frames,../data/processed/audio/355_RealVideo-RealAudio.wav
id00262,-,-,real,A,RealVideo-RealAudio,Caucasian (European),women,00028.mp4,FakeAVCeleb/RealVideo-RealAudio/Caucasian (European)/women/id00262,FakeAVCeleb_v1.2/RealVideo-RealAudio/Caucasian (European)/women/id00262/00028.mp4,../data/raw/FakeAVCeleb_v1.2/RealVideo-RealAudio/Caucasian (European)/women/id00262/00028.mp4,356_RealVideo-RealAudio,5,True,../data/processed/frames,../data/processed/audio/356_RealVideo-RealAudio.wav
id00270,-,-,real,A,RealVideo-RealAudio,Caucasian (European),women,00088.mp4,FakeAVCeleb/RealVideo-RealAudio/Caucasian (European)/women/id00270,FakeAVCeleb_v1.2/RealVideo-RealAudio/Caucasian (European)/women/id00270/00088.mp4,../data/raw/FakeAVCeleb_v1.2/RealVideo-RealAudio/Caucasian (European)/women/id00270/00088.mp4,357_RealVideo-RealAudio,5,True,../data/processed/frames,../data/processed/audio/357_RealVideo-RealAudio.wav
id00271,-,-,real,A,RealVideo-RealAudio,Caucasian (European),women,00028.mp4,FakeAVCeleb/RealVideo-RealAudio/Caucasian (European)/women/id00271,FakeAVCeleb_v1.2/RealVideo-RealAudio/Caucasian (European)/women/id00271/00028.mp4,../data/raw/FakeAVCeleb_v1.2/RealVideo-RealAudio/Caucasian (European)/women/id00271/00028.mp4,358_RealVideo-RealAudio,5,True,../data/processed/frames,../data/processed/audio/358_RealVideo-RealAudio.wav
id00287,-,-,real,A,RealVideo-RealAudio,Caucasian (European),women,00005.mp4,FakeAVCeleb/RealVideo-RealAudio/Caucasian (European)/women/id00287,FakeAVCeleb_v1.2/RealVideo-RealAudio/Caucasian (European)/women/id00287/00005.mp4,../data/raw/FakeAVCeleb_v1.2/RealVideo-RealAudio/Caucasian (European)/women/id00287/00005.mp4,359_RealVideo-RealAudio,5,True,../data/processed/frames,../data/processed/audio/359_RealVideo-RealAudio.wav
id00325,-,-,real,A,RealVideo-RealAudio,Caucasian (European),women,00015.mp4,FakeAVCeleb/RealVideo-RealAudio/Caucasian (European)/women/id00325,FakeAVCeleb_v1.2/RealVideo-RealAudio/Caucasian (European)/women/id00325/00015.mp4,../data/raw/FakeAVCeleb_v1.2/RealVideo-RealAudio/Caucasian (European)/women/id00325/00015.mp4,360_RealVideo-RealAudio,5,True,../data/processed/frames,../data/processed/audio/360_RealVideo-RealAudio.wav
id00328,-,-,real,A,RealVideo-RealAudio,Caucasian (European),women,00092.mp4,FakeAVCeleb/RealVideo-RealAudio/Caucasian (European)/women/id00328,FakeAVCeleb_v1.2/RealVideo-RealAudio/Caucasian (European)/women/id00328/00092.mp4,../data/raw/FakeAVCeleb_v1.2/RealVideo-RealAudio/Caucasian (European)/women/id00328/00092.mp4,361_RealVideo-RealAudio,4,True,../data/processed/frames,../data/processed/audio/361_RealVideo-RealAudio.wav
id00330,-,-,real,A,RealVideo-RealAudio,Caucasian (European),women,00118.mp4,FakeAVCeleb/RealVideo-RealAudio/Caucasian (European)/women/id00330,FakeAVCeleb_v1.2/RealVideo-RealAudio/Caucasian (European)/women/id00330/00118.mp4,../data/raw/FakeAVCeleb_v1.2/RealVideo-RealAudio/Caucasian (European)/women/id00330/00118.mp4,362_RealVideo-RealAudio,5,True,../data/processed/frames,../data/processed/audio/362_RealVideo-RealAudio.wav
id00332,-,-,real,A,RealVideo-RealAudio,Caucasian (European),women,00293.mp4,FakeAVCeleb/RealVideo-RealAudio/Caucasian (European)/women/id00332,FakeAVCeleb_v1.2/RealVideo-RealAudio/Caucasian (European)/women/id00332/00293.mp4,../data/raw/FakeAVCeleb_v1.2/RealVideo-RealAudio/Caucasian (European)/women/id00332/00293.mp4,363_RealVideo-RealAudio,5,True,../data/processed/frames,../data/processed/audio/363_RealVideo-RealAudio.wav
id00365,-,-,real,A,RealVideo-RealAudio,Caucasian (European),women,00078.mp4,FakeAVCeleb/RealVideo-RealAudio/Caucasian (European)/women/id00365,FakeAVCeleb_v1.2/RealVideo-RealAudio/Caucasian (European)/women/id00365/00078.mp4,../data/raw/FakeAVCeleb_v1.2/RealVideo-RealAudio/Caucasian (European)/women/id00365/00078.mp4,364_RealVideo-RealAudio,5,True,../data/processed/frames,../data/processed/audio/364_RealVideo-RealAudio.wav
id00373,-,-,real,A,RealVideo-RealAudio,Caucasian (European),women,00028.mp4,FakeAVCeleb/RealVideo-RealAudio/Caucasian (European)/women/id00373,FakeAVCeleb_v1.2/RealVideo-RealAudio/Caucasian (European)/women/id00373/00028.mp4,../data/raw/FakeAVCeleb_v1.2/RealVideo-RealAudio/Caucasian (European)/women/id00373/00028.mp4,365_RealVideo-RealAudio,5,True,../data/processed/frames,../data/processed/audio/365_RealVideo-RealAudio.wav
id00374,-,-,real,A,RealVideo-RealAudio,Caucasian (European),women,00311.mp4,FakeAVCeleb/RealVideo-RealAudio/Caucasian (European)/women/id00374,FakeAVCeleb_v1.2/RealVideo-RealAudio/Caucasian (European)/women/id00374/00311.mp4,../data/raw/FakeAVCeleb_v1.2/RealVideo-RealAudio/Caucasian (European)/women/id00374/00311.mp4,366_RealVideo-RealAudio,5,True,../data/processed/frames,../data/processed/audio/366_RealVideo-RealAudio.wav
id00379,-,-,real,A,RealVideo-RealAudio,Caucasian (European),women,00043.mp4,FakeAVCeleb/RealVideo-RealAudio/Caucasian (European)/women/id00379,FakeAVCeleb_v1.2/RealVideo-RealAudio/Caucasian (European)/women/id00379/00043.mp4,../data/raw/FakeAVCeleb_v1.2/RealVideo-RealAudio/Caucasian (European)/women/id00379/00043.mp4,367_RealVideo-RealAudio,5,True,../data/processed/frames,../data/processed/audio/367_RealVideo-RealAudio.wav
id00395,-,-,real,A,RealVideo-RealAudio,Caucasian (European),women,00420.mp4,FakeAVCeleb/RealVideo-RealAudio/Caucasian (European)/women/id00395,FakeAVCeleb_v1.2/RealVideo-RealAudio/Caucasian (European)/women/id00395/00420.mp4,../data/raw/FakeAVCeleb_v1.2/RealVideo-RealAudio/Caucasian (European)/women/id00395/00420.mp4,368_RealVideo-RealAudio,5,True,../data/processed/frames,../data/processed/audio/368_RealVideo-RealAudio.wav
id00403,-,-,real,A,RealVideo-RealAudio,Caucasian (European),women,00052.mp4,FakeAVCeleb/RealVideo-RealAudio/Caucasian (European)/women/id00403,FakeAVCeleb_v1.2/RealVideo-RealAudio/Caucasian (European)/women/id00403/00052.mp4,../data/raw/FakeAVCeleb_v1.2/RealVideo-RealAudio/Caucasian (European)/women/id00403/00052.mp4,369_RealVideo-RealAudio,4,True,../data/processed/frames,../data/processed/audio/369_RealVideo-RealAudio.wav
id00434,-,-,real,A,RealVideo-RealAudio,Caucasian (European),women,00046.mp4,FakeAVCeleb/RealVideo-RealAudio/Caucasian (European)/women/id00434,FakeAVCeleb_v1.2/RealVideo-RealAudio/Caucasian (European)/women/id00434/00046.mp4,../data/raw/FakeAVCeleb_v1.2/RealVideo-RealAudio/Caucasian (European)/women/id00434/00046.mp4,370_RealVideo-RealAudio,2,True,../data/processed/frames,../data/processed/audio/370_RealVideo-RealAudio.wav
id00484,-,-,real,A,RealVideo-RealAudio,Caucasian (European),women,00202.mp4,FakeAVCeleb/RealVideo-RealAudio/Caucasian (European)/women/id00484,FakeAVCeleb_v1.2/RealVideo-RealAudio/Caucasian (European)/women/id00484/00202.mp4,../data/raw/FakeAVCeleb_v1.2/RealVideo-RealAudio/Caucasian (European)/women/id00484/00202.mp4,371_RealVideo-RealAudio,5,True,../data/processed/frames,../data/processed/audio/371_RealVideo-RealAudio.wav
id00491,-,-,real,A,RealVideo-RealAudio,Caucasian (European),women,00122.mp4,FakeAVCeleb/RealVideo-RealAudio/Caucasian (European)/women/id00491,FakeAVCeleb_v1.2/RealVideo-RealAudio/Caucasian (European)/women/id00491/00122.mp4,../data/raw/FakeAVCeleb_v1.2/RealVideo-RealAudio/Caucasian (European)/women/id00491/00122.mp4,372_RealVideo-RealAudio,5,True,../data/processed/frames,../data/processed/audio/372_RealVideo-RealAudio.wav
id00495,-,-,real,A,RealVideo-RealAudio,Caucasian (European),women,00027.mp4,FakeAVCeleb/RealVideo-RealAudio/Caucasian (European)/women/id00495,FakeAVCeleb_v1.2/RealVideo-RealAudio/Caucasian (European)/women/id00495/00027.mp4,../data/raw/FakeAVCeleb_v1.2/RealVideo-RealAudio/Caucasian (European)/women/id00495/00027.mp4,373_RealVideo-RealAudio,5,True,../data/processed/frames,../data/processed/audio/373_RealVideo-RealAudio.wav
id00496,-,-,real,A,RealVideo-RealAudio,Caucasian (European),women,00015.mp4,FakeAVCeleb/RealVideo-RealAudio/Caucasian (European)/women/id00496,FakeAVCeleb_v1.2/RealVideo-RealAudio/Caucasian (European)/women/id00496/00015.mp4,../data/raw/FakeAVCeleb_v1.2/RealVideo-RealAudio/Caucasian (European)/women/id00496/00015.mp4,374_RealVideo-RealAudio,5,True,../data/processed/frames,../data/processed/audio/374_RealVideo-RealAudio.wav
id00569,-,-,real,A,RealVideo-RealAudio,Caucasian (European),women,00239.mp4,FakeAVCeleb/RealVideo-RealAudio/Caucasian (European)/women/id00569,FakeAVCeleb_v1.2/RealVideo-RealAudio/Caucasian (European)/women/id00569/00239.mp4,../data/raw/FakeAVCeleb_v1.2/RealVideo-RealAudio/Caucasian (European)/women/id00569/00239.mp4,375_RealVideo-RealAudio,5,True,../data/processed/frames,../data/processed/audio/375_RealVideo-RealAudio.wav
id00581,-,-,real,A,RealVideo-RealAudio,Caucasian (European),women,00010.mp4,FakeAVCeleb/RealVideo-RealAudio/Caucasian (European)/women/id00581,FakeAVCeleb_v1.2/RealVideo-RealAudio/Caucasian (European)/women/id00581/00010.mp4,../data/raw/FakeAVCeleb_v1.2/RealVideo-RealAudio/Caucasian (European)/women/id00581/00010.mp4,376_RealVideo-RealAudio,5,True,../data/processed/frames,../data/processed/audio/376_RealVideo-RealAudio.wav
id00589,-,-,real,A,RealVideo-RealAudio,Caucasian (European),women,00130.mp4,FakeAVCeleb/RealVideo-RealAudio/Caucasian (European)/women/id00589,FakeAVCeleb_v1.2/RealVideo-RealAudio/Caucasian (European)/women/id00589/00130.mp4,../data/raw/FakeAVCeleb_v1.2/RealVideo-RealAudio/Caucasian (European)/women/id00589/00130.mp4,377_RealVideo-RealAudio,5,True,../data/processed/frames,../data/processed/audio/377_RealVideo-RealAudio.wav
id00591,-,-,real,A,RealVideo-RealAudio,Caucasian (European),women,00001.mp4,FakeAVCeleb/RealVideo-RealAudio/Caucasian (European)/women/id00591,FakeAVCeleb_v1.2/RealVideo-RealAudio/Caucasian (European)/women/id00591/00001.mp4,../data/raw/FakeAVCeleb_v1.2/RealVideo-RealAudio/Caucasian (European)/women/id00591/00001.mp4,378_RealVideo-RealAudio,4,True,../data/processed/frames,../data/processed/audio/378_RealVideo-RealAudio.wav
id00633,-,-,real,A,RealVideo-RealAudio,Caucasian (European),women,00088.mp4,FakeAVCeleb/RealVideo-RealAudio/Caucasian (European)/women/id00633,FakeAVCeleb_v1.2/RealVideo-RealAudio/Caucasian (European)/women/id00633/00088.mp4,../data/raw/FakeAVCeleb_v1.2/RealVideo-RealAudio/Caucasian (European)/women/id00633/00088.mp4,379_RealVideo-RealAudio,4,True,../data/processed/frames,../data/processed/audio/379_RealVideo-RealAudio.wav
id00634,-,-,real,A,RealVideo-RealAudio,Caucasian (European),women,00078.mp4,FakeAVCeleb/RealVideo-RealAudio/Caucasian (European)/women/id00634,FakeAVCeleb_v1.2/RealVideo-RealAudio/Caucasian (European)/women/id00634/00078.mp4,../data/raw/FakeAVCeleb_v1.2/RealVideo-RealAudio/Caucasian (European)/women/id00634/00078.mp4,380_RealVideo-RealAudio,5,True,../data/processed/frames,../data/processed/audio/380_RealVideo-RealAudio.wav
id00735,-,-,real,A,RealVideo-RealAudio,Caucasian (European),women,00037.mp4,FakeAVCeleb/RealVideo-RealAudio/Caucasian (European)/women/id00735,FakeAVCeleb_v1.2/RealVideo-RealAudio/Caucasian (European)/women/id00735/00037.mp4,../data/raw/FakeAVCeleb_v1.2/RealVideo-RealAudio/Caucasian (European)/women/id00735/00037.mp4,381_RealVideo-RealAudio,5,True,../data/processed/frames,../data/processed/audio/381_RealVideo-RealAudio.wav
id00806,-,-,real,A,RealVideo-RealAudio,Caucasian (European),women,00005.mp4,FakeAVCeleb/RealVideo-RealAudio/Caucasian (European)/women/id00806,FakeAVCeleb_v1.2/RealVideo-RealAudio/Caucasian (European)/women/id00806/00005.mp4,../data/raw/FakeAVCeleb_v1.2/RealVideo-RealAudio/Caucasian (European)/women/id00806/00005.mp4,382_RealVideo-RealAudio,5,True,../data/processed/frames,../data/processed/audio/382_RealVideo-RealAudio.wav
id00813,-,-,real,A,RealVideo-RealAudio,Caucasian (European),women,00169.mp4,FakeAVCeleb/RealVideo-RealAudio/Caucasian (European)/women/id00813,FakeAVCeleb_v1.2/RealVideo-RealAudio/Caucasian (European)/women/id00813/00169.mp4,../data/raw/FakeAVCeleb_v1.2/RealVideo-RealAudio/Caucasian (European)/women/id00813/00169.mp4,383_RealVideo-RealAudio,5,True,../data/processed/frames,../data/processed/audio/383_RealVideo-RealAudio.wav
id00823,-,-,real,A,RealVideo-RealAudio,Caucasian (European),women,00125.mp4,FakeAVCeleb/RealVideo-RealAudio/Caucasian (European)/women/id00823,FakeAVCeleb_v1.2/RealVideo-RealAudio/Caucasian (European)/women/id00823/00125.mp4,../data/raw/FakeAVCeleb_v1.2/RealVideo-RealAudio/Caucasian (European)/women/id00823/00125.mp4,384_RealVideo-RealAudio,5,True,../data/processed/frames,../data/processed/audio/384_RealVideo-RealAudio.wav
id00826,-,-,real,A,RealVideo-RealAudio,Caucasian (European),women,00065.mp4,FakeAVCeleb/RealVideo-RealAudio/Caucasian (European)/women/id00826,FakeAVCeleb_v1.2/RealVideo-RealAudio/Caucasian (European)/women/id00826/00065.mp4,../data/raw/FakeAVCeleb_v1.2/RealVideo-RealAudio/Caucasian (European)/women/id00826/00065.mp4,385_RealVideo-RealAudio,4,True,../data/processed/frames,../data/processed/audio/385_RealVideo-RealAudio.wav
id00897,-,-,real,A,RealVideo-RealAudio,Caucasian (European),women,00005.mp4,FakeAVCeleb/RealVideo-RealAudio/Caucasian (European)/women/id00897,FakeAVCeleb_v1.2/RealVideo-RealAudio/Caucasian (European)/women/id00897/00005.mp4,../data/raw/FakeAVCeleb_v1.2/RealVideo-RealAudio/Caucasian (European)/women/id00897/00005.mp4,386_RealVideo-RealAudio,4,True,../data/processed/frames,../data/processed/audio/386_RealVideo-RealAudio.wav
id01001,-,-,real,A,RealVideo-RealAudio,Caucasian (European),women,00086.mp4,FakeAVCeleb/RealVideo-RealAudio/Caucasian (European)/women/id01001,FakeAVCeleb_v1.2/RealVideo-RealAudio/Caucasian (European)/women/id01001/00086.mp4,../data/raw/FakeAVCeleb_v1.2/RealVideo-RealAudio/Caucasian (European)/women/id01001/00086.mp4,387_RealVideo-RealAudio,5,True,../data/processed/frames,../data/processed/audio/387_RealVideo-RealAudio.wav
id01002,-,-,real,A,RealVideo-RealAudio,Caucasian (European),women,00043.mp4,FakeAVCeleb/RealVideo-RealAudio/Caucasian (European)/women/id01002,FakeAVCeleb_v1.2/RealVideo-RealAudio/Caucasian (European)/women/id01002/00043.mp4,../data/raw/FakeAVCeleb_v1.2/RealVideo-RealAudio/Caucasian (European)/women/id01002/00043.mp4,388_RealVideo-RealAudio,5,True,../data/processed/frames,../data/processed/audio/388_RealVideo-RealAudio.wav
id01018,-,-,real,A,RealVideo-RealAudio,Caucasian (European),women,00072.mp4,FakeAVCeleb/RealVideo-RealAudio/Caucasian (European)/women/id01018,FakeAVCeleb_v1.2/RealVideo-RealAudio/Caucasian (European)/women/id01018/00072.mp4,../data/raw/FakeAVCeleb_v1.2/RealVideo-RealAudio/Caucasian (European)/women/id01018/00072.mp4,389_RealVideo-RealAudio,4,True,../data/processed/frames,../data/processed/audio/389_RealVideo-RealAudio.wav
id03371,-,-,real,A,RealVideo-RealAudio,Caucasian (European),women,00430.mp4,FakeAVCeleb/RealVideo-RealAudio/Caucasian (European)/women/id03371,FakeAVCeleb_v1.2/RealVideo-RealAudio/Caucasian (European)/women/id03371/00430.mp4,../data/raw/FakeAVCeleb_v1.2/RealVideo-RealAudio/Caucasian (European)/women/id03371/00430.mp4,390_RealVideo-RealAudio,5,True,../data/processed/frames,../data/processed/audio/390_RealVideo-RealAudio.wav
id03589,-,-,real,A,RealVideo-RealAudio,Caucasian (European),women,00002.mp4,FakeAVCeleb/RealVideo-RealAudio/Caucasian (European)/women/id03589,FakeAVCeleb_v1.2/RealVideo-RealAudio/Caucasian (European)/women/id03589/00002.mp4,../data/raw/FakeAVCeleb_v1.2/RealVideo-RealAudio/Caucasian (European)/women/id03589/00002.mp4,391_RealVideo-RealAudio,5,True,../data/processed/frames,../data/processed/audio/391_RealVideo-RealAudio.wav
id03620,-,-,real,A,RealVideo-RealAudio,Caucasian (European),women,00081.mp4,FakeAVCeleb/RealVideo-RealAudio/Caucasian (European)/women/id03620,FakeAVCeleb_v1.2/RealVideo-RealAudio/Caucasian (European)/women/id03620/00081.mp4,../data/raw/FakeAVCeleb_v1.2/RealVideo-RealAudio/Caucasian (European)/women/id03620/00081.mp4,392_RealVideo-RealAudio,4,True,../data/processed/frames,../data/processed/audio/392_RealVideo-RealAudio.wav
id03649,-,-,real,A,RealVideo-RealAudio,Caucasian (European),women,00001.mp4,FakeAVCeleb/RealVideo-RealAudio/Caucasian (European)/women/id03649,FakeAVCeleb_v1.2/RealVideo-RealAudio/Caucasian (European)/women/id03649/00001.mp4,../data/raw/FakeAVCeleb_v1.2/RealVideo-RealAudio/Caucasian (European)/women/id03649/00001.mp4,393_RealVideo-RealAudio,5,True,../data/processed/frames,../data/processed/audio/393_RealVideo-RealAudio.wav
id03716,-,-,real,A,RealVideo-RealAudio,Caucasian (European),women,00040.mp4,FakeAVCeleb/RealVideo-RealAudio/Caucasian (European)/women/id03716,FakeAVCeleb_v1.2/RealVideo-RealAudio/Caucasian (European)/women/id03716/00040.mp4,../data/raw/FakeAVCeleb_v1.2/RealVideo-RealAudio/Caucasian (European)/women/id03716/00040.mp4,395_RealVideo-RealAudio,5,True,../data/processed/frames,../data/processed/audio/395_RealVideo-RealAudio.wav
id03816,-,-,real,A,RealVideo-RealAudio,Caucasian (European),women,00093.mp4,FakeAVCeleb/RealVideo-RealAudio/Caucasian (European)/women/id03816,FakeAVCeleb_v1.2/RealVideo-RealAudio/Caucasian (European)/women/id03816/00093.mp4,../data/raw/FakeAVCeleb_v1.2/RealVideo-RealAudio/Caucasian (European)/women/id03816/00093.mp4,396_RealVideo-RealAudio,5,True,../data/processed/frames,../data/processed/audio/396_RealVideo-RealAudio.wav
id03844,-,-,real,A,RealVideo-RealAudio,Caucasian (European),women,00028.mp4,FakeAVCeleb/RealVideo-RealAudio/Caucasian (European)/women/id03844,FakeAVCeleb_v1.2/RealVideo-RealAudio/Caucasian (European)/women/id03844/00028.mp4,../data/raw/FakeAVCeleb_v1.2/RealVideo-RealAudio/Caucasian (European)/women/id03844/00028.mp4,397_RealVideo-RealAudio,5,True,../data/processed/frames,../data/processed/audio/397_RealVideo-RealAudio.wav
id03858,-,-,real,A,RealVideo-RealAudio,Caucasian (European),women,00092.mp4,FakeAVCeleb/RealVideo-RealAudio/Caucasian (European)/women/id03858,FakeAVCeleb_v1.2/RealVideo-RealAudio/Caucasian (European)/women/id03858/00092.mp4,../data/raw/FakeAVCeleb_v1.2/RealVideo-RealAudio/Caucasian (European)/women/id03858/00092.mp4,398_RealVideo-RealAudio,4,True,../data/processed/frames,../data/processed/audio/398_RealVideo-RealAudio.wav
id03941,-,-,real,A,RealVideo-RealAudio,Caucasian (European),women,00021.mp4,FakeAVCeleb/RealVideo-RealAudio/Caucasian (European)/women/id03941,FakeAVCeleb_v1.2/RealVideo-RealAudio/Caucasian (European)/women/id03941/00021.mp4,../data/raw/FakeAVCeleb_v1.2/RealVideo-RealAudio/Caucasian (European)/women/id03941/00021.mp4,399_RealVideo-RealAudio,5,True,../data/processed/frames,../data/processed/audio/399_RealVideo-RealAudio.wav
id00032,-,-,real,A,RealVideo-RealAudio,Asian (South),men,00028.mp4,FakeAVCeleb/RealVideo-RealAudio/Asian (South)/men/id00032,FakeAVCeleb_v1.2/RealVideo-RealAudio/Asian (South)/men/id00032/00028.mp4,../data/raw/FakeAVCeleb_v1.2/RealVideo-RealAudio/Asian (South)/men/id00032/00028.mp4,400_RealVideo-RealAudio,5,True,../data/processed/frames,../data/processed/audio/400_RealVideo-RealAudio.wav
id00033,-,-,real,A,RealVideo-RealAudio,Asian (South),men,00276.mp4,FakeAVCeleb/RealVideo-RealAudio/Asian (South)/men/id00033,FakeAVCeleb_v1.2/RealVideo-RealAudio/Asian (South)/men/id00033/00276.mp4,../data/raw/FakeAVCeleb_v1.2/RealVideo-RealAudio/Asian (South)/men/id00033/00276.mp4,401_RealVideo-RealAudio,5,True,../data/processed/frames,../data/processed/audio/401_RealVideo-RealAudio.wav
id00078,-,-,real,A,RealVideo-RealAudio,Asian (South),men,00114.mp4,FakeAVCeleb/RealVideo-RealAudio/Asian (South)/men/id00078,FakeAVCeleb_v1.2/RealVideo-RealAudio/Asian (South)/men/id00078/00114.mp4,../data/raw/FakeAVCeleb_v1.2/RealVideo-RealAudio/Asian (South)/men/id00078/00114.mp4,402_RealVideo-RealAudio,5,True,../data/processed/frames,../data/processed/audio/402_RealVideo-RealAudio.wav
id00082,-,-,real,A,RealVideo-RealAudio,Asian (South),men,00052.mp4,FakeAVCeleb/RealVideo-RealAudio/Asian (South)/men/id00082,FakeAVCeleb_v1.2/RealVideo-RealAudio/Asian (South)/men/id00082/00052.mp4,../data/raw/FakeAVCeleb_v1.2/RealVideo-RealAudio/Asian (South)/men/id00082/00052.mp4,403_RealVideo-RealAudio,5,True,../data/processed/frames,../data/processed/audio/403_RealVideo-RealAudio.wav
id00103,-,-,real,A,RealVideo-RealAudio,Asian (South),men,00241.mp4,FakeAVCeleb/RealVideo-RealAudio/Asian (South)/men/id00103,FakeAVCeleb_v1.2/RealVideo-RealAudio/Asian (South)/men/id00103/00241.mp4,../data/raw/FakeAVCeleb_v1.2/RealVideo-RealAudio/Asian (South)/men/id00103/00241.mp4,404_RealVideo-RealAudio,5,True,../data/processed/frames,../data/processed/audio/404_RealVideo-RealAudio.wav
id00350,-,-,real,A,RealVideo-RealAudio,Asian (South),men,00015.mp4,FakeAVCeleb/RealVideo-RealAudio/Asian (South)/men/id00350,FakeAVCeleb_v1.2/RealVideo-RealAudio/Asian (South)/men/id00350/00015.mp4,../data/raw/FakeAVCeleb_v1.2/RealVideo-RealAudio/Asian (South)/men/id00350/00015.mp4,405_RealVideo-RealAudio,5,True,../data/processed/frames,../data/processed/audio/405_RealVideo-RealAudio.wav
id00414,-,-,real,A,RealVideo-RealAudio,Asian (South),men,00052.mp4,FakeAVCeleb/RealVideo-RealAudio/Asian (South)/men/id00414,FakeAVCeleb_v1.2/RealVideo-RealAudio/Asian (South)/men/id00414/00052.mp4,../data/raw/FakeAVCeleb_v1.2/RealVideo-RealAudio/Asian (South)/men/id00414/00052.mp4,406_RealVideo-RealAudio,5,True,../data/processed/frames,../data/processed/audio/406_RealVideo-RealAudio.wav
id00459,-,-,real,A,RealVideo-RealAudio,Asian (South),men,00382.mp4,FakeAVCeleb/RealVideo-RealAudio/Asian (South)/men/id00459,FakeAVCeleb_v1.2/RealVideo-RealAudio/Asian (South)/men/id00459/00382.mp4,../data/raw/FakeAVCeleb_v1.2/RealVideo-RealAudio/Asian (South)/men/id00459/00382.mp4,407_RealVideo-RealAudio,5,True,../data/processed/frames,../data/processed/audio/407_RealVideo-RealAudio.wav
id00685,-,-,real,A,RealVideo-RealAudio,Asian (South),men,00146.mp4,FakeAVCeleb/RealVideo-RealAudio/Asian (South)/men/id00685,FakeAVCeleb_v1.2/RealVideo-RealAudio/Asian (South)/men/id00685/00146.mp4,../data/raw/FakeAVCeleb_v1.2/RealVideo-RealAudio/Asian (South)/men/id00685/00146.mp4,408_RealVideo-RealAudio,5,True,../data/processed/frames,../data/processed/audio/408_RealVideo-RealAudio.wav
id00732,-,-,real,A,RealVideo-RealAudio,Asian (South),men,00118.mp4,FakeAVCeleb/RealVideo-RealAudio/Asian (South)/men/id00732,FakeAVCeleb_v1.2/RealVideo-RealAudio/Asian (South)/men/id00732/00118.mp4,../data/raw/FakeAVCeleb_v1.2/RealVideo-RealAudio/Asian (South)/men/id00732/00118.mp4,409_RealVideo-RealAudio,5,True,../data/processed/frames,../data/processed/audio/409_RealVideo-RealAudio.wav
id00745,-,-,real,A,RealVideo-RealAudio,Asian (South),men,00165.mp4,FakeAVCeleb/RealVideo-RealAudio/Asian (South)/men/id00745,FakeAVCeleb_v1.2/RealVideo-RealAudio/Asian (South)/men/id00745/00165.mp4,../data/raw/FakeAVCeleb_v1.2/RealVideo-RealAudio/Asian (South)/men/id00745/00165.mp4,410_RealVideo-RealAudio,4,True,../data/processed/frames,../data/processed/audio/410_RealVideo-RealAudio.wav
id00769,-,-,real,A,RealVideo-RealAudio,Asian (South),men,00015.mp4,FakeAVCeleb/RealVideo-RealAudio/Asian (South)/men/id00769,FakeAVCeleb_v1.2/RealVideo-RealAudio/Asian (South)/men/id00769/00015.mp4,../data/raw/FakeAVCeleb_v1.2/RealVideo-RealAudio/Asian (South)/men/id00769/00015.mp4,411_RealVideo-RealAudio,5,True,../data/processed/frames,../data/processed/audio/411_RealVideo-RealAudio.wav
id00773,-,-,real,A,RealVideo-RealAudio,Asian (South),men,00038.mp4,FakeAVCeleb/RealVideo-RealAudio/Asian (South)/men/id00773,FakeAVCeleb_v1.2/RealVideo-RealAudio/Asian (South)/men/id00773/00038.mp4,../data/raw/FakeAVCeleb_v1.2/RealVideo-RealAudio/Asian (South)/men/id00773/00038.mp4,412_RealVideo-RealAudio,5,True,../data/processed/frames,../data/processed/audio/412_RealVideo-RealAudio.wav
id00816,-,-,real,A,RealVideo-RealAudio,Asian (South),men,00118.mp4,FakeAVCeleb/RealVideo-RealAudio/Asian (South)/men/id00816,FakeAVCeleb_v1.2/RealVideo-RealAudio/Asian (South)/men/id00816/00118.mp4,../data/raw/FakeAVCeleb_v1.2/RealVideo-RealAudio/Asian (South)/men/id00816/00118.mp4,413_RealVideo-RealAudio,5,True,../data/processed/frames,../data/processed/audio/413_RealVideo-RealAudio.wav
id00857,-,-,real,A,RealVideo-RealAudio,Asian (South),men,00347.mp4,FakeAVCeleb/RealVideo-RealAudio/Asian (South)/men/id00857,FakeAVCeleb_v1.2/RealVideo-RealAudio/Asian (South)/men/id00857/00347.mp4,../data/raw/FakeAVCeleb_v1.2/RealVideo-RealAudio/Asian (South)/men/id00857/00347.mp4,414_RealVideo-RealAudio,5,True,../data/processed/frames,../data/processed/audio/414_RealVideo-RealAudio.wav
id00860,-,-,real,A,RealVideo-RealAudio,Asian (South),men,00154.mp4,FakeAVCeleb/RealVideo-RealAudio/Asian (South)/men/id00860,FakeAVCeleb_v1.2/RealVideo-RealAudio/Asian (South)/men/id00860/00154.mp4,../data/raw/FakeAVCeleb_v1.2/RealVideo-RealAudio/Asian (South)/men/id00860/00154.mp4,415_RealVideo-RealAudio,3,True,../data/processed/frames,../data/processed/audio/415_RealVideo-RealAudio.wav
id03180,-,-,real,A,RealVideo-RealAudio,Asian (South),men,00039.mp4,FakeAVCeleb/RealVideo-RealAudio/Asian (South)/men/id03180,FakeAVCeleb_v1.2/RealVideo-RealAudio/Asian (South)/men/id03180/00039.mp4,../data/raw/FakeAVCeleb_v1.2/RealVideo-RealAudio/Asian (South)/men/id03180/00039.mp4,416_RealVideo-RealAudio,3,True,../data/processed/frames,../data/processed/audio/416_RealVideo-RealAudio.wav
id03344,-,-,real,A,RealVideo-RealAudio,Asian (South),men,00114.mp4,FakeAVCeleb/RealVideo-RealAudio/Asian (South)/men/id03344,FakeAVCeleb_v1.2/RealVideo-RealAudio/Asian (South)/men/id03344/00114.mp4,../data/raw/FakeAVCeleb_v1.2/RealVideo-RealAudio/Asian (South)/men/id03344/00114.mp4,417_RealVideo-RealAudio,5,True,../data/processed/frames,../data/processed/audio/417_RealVideo-RealAudio.wav
id03599,-,-,real,A,RealVideo-RealAudio,Asian (South),men,00072.mp4,FakeAVCeleb/RealVideo-RealAudio/Asian (South)/men/id03599,FakeAVCeleb_v1.2/RealVideo-RealAudio/Asian (South)/men/id03599/00072.mp4,../data/raw/FakeAVCeleb_v1.2/RealVideo-RealAudio/Asian (South)/men/id03599/00072.mp4,418_RealVideo-RealAudio,5,True,../data/processed/frames,../data/processed/audio/418_RealVideo-RealAudio.wav
id03945,-,-,real,A,RealVideo-RealAudio,Asian (South),men,00063.mp4,FakeAVCeleb/RealVideo-RealAudio/Asian (South)/men/id03945,FakeAVCeleb_v1.2/RealVideo-RealAudio/Asian (South)/men/id03945/00063.mp4,../data/raw/FakeAVCeleb_v1.2/RealVideo-RealAudio/Asian (South)/men/id03945/00063.mp4,419_RealVideo-RealAudio,1,True,../data/processed/frames,../data/processed/audio/419_RealVideo-RealAudio.wav
id04526,-,-,real,A,RealVideo-RealAudio,Asian (South),men,00317.mp4,FakeAVCeleb/RealVideo-RealAudio/Asian (South)/men/id04526,FakeAVCeleb_v1.2/RealVideo-RealAudio/Asian (South)/men/id04526/00317.mp4,../data/raw/FakeAVCeleb_v1.2/RealVideo-RealAudio/Asian (South)/men/id04526/00317.mp4,420_RealVideo-RealAudio,5,True,../data/processed/frames,../data/processed/audio/420_RealVideo-RealAudio.wav
id04537,-,-,real,A,RealVideo-RealAudio,Asian (South),men,00083.mp4,FakeAVCeleb/RealVideo-RealAudio/Asian (South)/men/id04537,FakeAVCeleb_v1.2/RealVideo-RealAudio/Asian (South)/men/id04537/00083.mp4,../data/raw/FakeAVCeleb_v1.2/RealVideo-RealAudio/Asian (South)/men/id04537/00083.mp4,421_RealVideo-RealAudio,5,True,../data/processed/frames,../data/processed/audio/421_RealVideo-RealAudio.wav
id04554,-,-,real,A,RealVideo-RealAudio,Asian (South),men,00118.mp4,FakeAVCeleb/RealVideo-RealAudio/Asian (South)/men/id04554,FakeAVCeleb_v1.2/RealVideo-RealAudio/Asian (South)/men/id04554/00118.mp4,../data/raw/FakeAVCeleb_v1.2/RealVideo-RealAudio/Asian (South)/men/id04554/00118.mp4,422_RealVideo-RealAudio,5,True,../data/processed/frames,../data/processed/audio/422_RealVideo-RealAudio.wav
id04560,-,-,real,A,RealVideo-RealAudio,Asian (South),men,00195.mp4,FakeAVCeleb/RealVideo-RealAudio/Asian (South)/men/id04560,FakeAVCeleb_v1.2/RealVideo-RealAudio/Asian (South)/men/id04560/00195.mp4,../data/raw/FakeAVCeleb_v1.2/RealVideo-RealAudio/Asian (South)/men/id04560/00195.mp4,423_RealVideo-RealAudio,5,True,../data/processed/frames,../data/processed/audio/423_RealVideo-RealAudio.wav
id04561,-,-,real,A,RealVideo-RealAudio,Asian (South),men,00248.mp4,FakeAVCeleb/RealVideo-RealAudio/Asian (South)/men/id04561,FakeAVCeleb_v1.2/RealVideo-RealAudio/Asian (South)/men/id04561/00248.mp4,../data/raw/FakeAVCeleb_v1.2/RealVideo-RealAudio/Asian (South)/men/id04561/00248.mp4,424_RealVideo-RealAudio,5,True,../data/processed/frames,../data/processed/audio/424_RealVideo-RealAudio.wav
id04562,-,-,real,A,RealVideo-RealAudio,Asian (South),men,00221.mp4,FakeAVCeleb/RealVideo-RealAudio/Asian (South)/men/id04562,FakeAVCeleb_v1.2/RealVideo-RealAudio/Asian (South)/men/id04562/00221.mp4,../data/raw/FakeAVCeleb_v1.2/RealVideo-RealAudio/Asian (South)/men/id04562/00221.mp4,425_RealVideo-RealAudio,5,True,../data/processed/frames,../data/processed/audio/425_RealVideo-RealAudio.wav
id04599,-,-,real,A,RealVideo-RealAudio,Asian (South),men,00111.mp4,FakeAVCeleb/RealVideo-RealAudio/Asian (South)/men/id04599,FakeAVCeleb_v1.2/RealVideo-RealAudio/Asian (South)/men/id04599/00111.mp4,../data/raw/FakeAVCeleb_v1.2/RealVideo-RealAudio/Asian (South)/men/id04599/00111.mp4,426_RealVideo-RealAudio,2,True,../data/processed/frames,../data/processed/audio/426_RealVideo-RealAudio.wav
id04601,-,-,real,A,RealVideo-RealAudio,Asian (South),men,00118.mp4,FakeAVCeleb/RealVideo-RealAudio/Asian (South)/men/id04601,FakeAVCeleb_v1.2/RealVideo-RealAudio/Asian (South)/men/id04601/00118.mp4,../data/raw/FakeAVCeleb_v1.2/RealVideo-RealAudio/Asian (South)/men/id04601/00118.mp4,427_RealVideo-RealAudio,5,True,../data/processed/frames,../data/processed/audio/427_RealVideo-RealAudio.wav
id04928,-,-,real,A,RealVideo-RealAudio,Asian (South),men,00027.mp4,FakeAVCeleb/RealVideo-RealAudio/Asian (South)/men/id04928,FakeAVCeleb_v1.2/RealVideo-RealAudio/Asian (South)/men/id04928/00027.mp4,../data/raw/FakeAVCeleb_v1.2/RealVideo-RealAudio/Asian (South)/men/id04928/00027.mp4,428_RealVideo-RealAudio,5,True,../data/processed/frames,../data/processed/audio/428_RealVideo-RealAudio.wav
id06334,-,-,real,A,RealVideo-RealAudio,Asian (South),men,00015.mp4,FakeAVCeleb/RealVideo-RealAudio/Asian (South)/men/id06334,FakeAVCeleb_v1.2/RealVideo-RealAudio/Asian (South)/men/id06334/00015.mp4,../data/raw/FakeAVCeleb_v1.2/RealVideo-RealAudio/Asian (South)/men/id06334/00015.mp4,429_RealVideo-RealAudio,5,True,../data/processed/frames,../data/processed/audio/429_RealVideo-RealAudio.wav
id06354,-,-,real,A,RealVideo-RealAudio,Asian (South),men,00021.mp4,FakeAVCeleb/RealVideo-RealAudio/Asian (South)/men/id06354,FakeAVCeleb_v1.2/RealVideo-RealAudio/Asian (South)/men/id06354/00021.mp4,../data/raw/FakeAVCeleb_v1.2/RealVideo-RealAudio/Asian (South)/men/id06354/00021.mp4,430_RealVideo-RealAudio,3,True,../data/processed/frames,../data/processed/audio/430_RealVideo-RealAudio.wav
id06355,-,-,real,A,RealVideo-RealAudio,Asian (South),men,00347.mp4,FakeAVCeleb/RealVideo-RealAudio/Asian (South)/men/id06355,FakeAVCeleb_v1.2/RealVideo-RealAudio/Asian (South)/men/id06355/00347.mp4,../data/raw/FakeAVCeleb_v1.2/RealVideo-RealAudio/Asian (South)/men/id06355/00347.mp4,431_RealVideo-RealAudio,5,True,../data/processed/frames,../data/processed/audio/431_RealVideo-RealAudio.wav
id07108,-,-,real,A,RealVideo-RealAudio,Asian (South),men,00412.mp4,FakeAVCeleb/RealVideo-RealAudio/Asian (South)/men/id07108,FakeAVCeleb_v1.2/RealVideo-RealAudio/Asian (South)/men/id07108/00412.mp4,../data/raw/FakeAVCeleb_v1.2/RealVideo-RealAudio/Asian (South)/men/id07108/00412.mp4,434_RealVideo-RealAudio,5,True,../data/processed/frames,../data/processed/audio/434_RealVideo-RealAudio.wav
id07161,-,-,real,A,RealVideo-RealAudio,Asian (South),men,00159.mp4,FakeAVCeleb/RealVideo-RealAudio/Asian (South)/men/id07161,FakeAVCeleb_v1.2/RealVideo-RealAudio/Asian (South)/men/id07161/00159.mp4,../data/raw/FakeAVCeleb_v1.2/RealVideo-RealAudio/Asian (South)/men/id07161/00159.mp4,435_RealVideo-RealAudio,5,True,../data/processed/frames,../data/processed/audio/435_RealVideo-RealAudio.wav
id07163,-,-,real,A,RealVideo-RealAudio,Asian (South),men,00141.mp4,FakeAVCeleb/RealVideo-RealAudio/Asian (South)/men/id07163,FakeAVCeleb_v1.2/RealVideo-RealAudio/Asian (South)/men/id07163/00141.mp4,../data/raw/FakeAVCeleb_v1.2/RealVideo-RealAudio/Asian (South)/men/id07163/00141.mp4,436_RealVideo-RealAudio,5,True,../data/processed/frames,../data/processed/audio/436_RealVideo-RealAudio.wav
id07165,-,-,real,A,RealVideo-RealAudio,Asian (South),men,00368.mp4,FakeAVCeleb/RealVideo-RealAudio/Asian (South)/men/id07165,FakeAVCeleb_v1.2/RealVideo-RealAudio/Asian (South)/men/id07165/00368.mp4,../data/raw/FakeAVCeleb_v1.2/RealVideo-RealAudio/Asian (South)/men/id07165/00368.mp4,437_RealVideo-RealAudio,5,True,../data/processed/frames,../data/processed/audio/437_RealVideo-RealAudio.wav
id07179,-,-,real,A,RealVideo-RealAudio,Asian (South),men,00206.mp4,FakeAVCeleb/RealVideo-RealAudio/Asian (South)/men/id07179,FakeAVCeleb_v1.2/RealVideo-RealAudio/Asian (South)/men/id07179/00206.mp4,../data/raw/FakeAVCeleb_v1.2/RealVideo-RealAudio/Asian (South)/men/id07179/00206.mp4,438_RealVideo-RealAudio,5,True,../data/processed/frames,../data/processed/audio/438_RealVideo-RealAudio.wav
id07182,-,-,real,A,RealVideo-RealAudio,Asian (South),men,00040.mp4,FakeAVCeleb/RealVideo-RealAudio/Asian (South)/men/id07182,FakeAVCeleb_v1.2/RealVideo-RealAudio/Asian (South)/men/id07182/00040.mp4,../data/raw/FakeAVCeleb_v1.2/RealVideo-RealAudio/Asian (South)/men/id07182/00040.mp4,439_RealVideo-RealAudio,5,True,../data/processed/frames,../data/processed/audio/439_RealVideo-RealAudio.wav
id07194,-,-,real,A,RealVideo-RealAudio,Asian (South),men,00014.mp4,FakeAVCeleb/RealVideo-RealAudio/Asian (South)/men/id07194,FakeAVCeleb_v1.2/RealVideo-RealAudio/Asian (South)/men/id07194/00014.mp4,../data/raw/FakeAVCeleb_v1.2/RealVideo-RealAudio/Asian (South)/men/id07194/00014.mp4,440_RealVideo-RealAudio,5,True,../data/processed/frames,../data/processed/audio/440_RealVideo-RealAudio.wav
id07195,-,-,real,A,RealVideo-RealAudio,Asian (South),men,00186.mp4,FakeAVCeleb/RealVideo-RealAudio/Asian (South)/men/id07195,FakeAVCeleb_v1.2/RealVideo-RealAudio/Asian (South)/men/id07195/00186.mp4,../data/raw/FakeAVCeleb_v1.2/RealVideo-RealAudio/Asian (South)/men/id07195/00186.mp4,441_RealVideo-RealAudio,5,True,../data/processed/frames,../data/processed/audio/441_RealVideo-RealAudio.wav
id07200,-,-,real,A,RealVideo-RealAudio,Asian (South),men,00045.mp4,FakeAVCeleb/RealVideo-RealAudio/Asian (South)/men/id07200,FakeAVCeleb_v1.2/RealVideo-RealAudio/Asian (South)/men/id07200/00045.mp4,../data/raw/FakeAVCeleb_v1.2/RealVideo-RealAudio/Asian (South)/men/id07200/00045.mp4,442_RealVideo-RealAudio,4,True,../data/processed/frames,../data/processed/audio/442_RealVideo-RealAudio.wav
id07210,-,-,real,A,RealVideo-RealAudio,Asian (South),men,00005.mp4,FakeAVCeleb/RealVideo-RealAudio/Asian (South)/men/id07210,FakeAVCeleb_v1.2/RealVideo-RealAudio/Asian (South)/men/id07210/00005.mp4,../data/raw/FakeAVCeleb_v1.2/RealVideo-RealAudio/Asian (South)/men/id07210/00005.mp4,443_RealVideo-RealAudio,5,True,../data/processed/frames,../data/processed/audio/443_RealVideo-RealAudio.wav
id07233,-,-,real,A,RealVideo-RealAudio,Asian (South),men,00010.mp4,FakeAVCeleb/RealVideo-RealAudio/Asian (South)/men/id07233,FakeAVCeleb_v1.2/RealVideo-RealAudio/Asian (South)/men/id07233/00010.mp4,../data/raw/FakeAVCeleb_v1.2/RealVideo-RealAudio/Asian (South)/men/id07233/00010.mp4,444_RealVideo-RealAudio,5,True,../data/processed/frames,../data/processed/audio/444_RealVideo-RealAudio.wav
id07463,-,-,real,A,RealVideo-RealAudio,Asian (South),men,00028.mp4,FakeAVCeleb/RealVideo-RealAudio/Asian (South)/men/id07463,FakeAVCeleb_v1.2/RealVideo-RealAudio/Asian (South)/men/id07463/00028.mp4,../data/raw/FakeAVCeleb_v1.2/RealVideo-RealAudio/Asian (South)/men/id07463/00028.mp4,445_RealVideo-RealAudio,5,True,../data/processed/frames,../data/processed/audio/445_RealVideo-RealAudio.wav
id07768,-,-,real,A,RealVideo-RealAudio,Asian (South),men,00143.mp4,FakeAVCeleb/RealVideo-RealAudio/Asian (South)/men/id07768,FakeAVCeleb_v1.2/RealVideo-RealAudio/Asian (South)/men/id07768/00143.mp4,../data/raw/FakeAVCeleb_v1.2/RealVideo-RealAudio/Asian (South)/men/id07768/00143.mp4,446_RealVideo-RealAudio,5,True,../data/processed/frames,../data/processed/audio/446_RealVideo-RealAudio.wav
id08313,-,-,real,A,RealVideo-RealAudio,Asian (South),men,00202.mp4,FakeAVCeleb/RealVideo-RealAudio/Asian (South)/men/id08313,FakeAVCeleb_v1.2/RealVideo-RealAudio/Asian (South)/men/id08313/00202.mp4,../data/raw/FakeAVCeleb_v1.2/RealVideo-RealAudio/Asian (South)/men/id08313/00202.mp4,447_RealVideo-RealAudio,5,True,../data/processed/frames,../data/processed/audio/447_RealVideo-RealAudio.wav
id08314,-,-,real,A,RealVideo-RealAudio,Asian (South),men,00028.mp4,FakeAVCeleb/RealVideo-RealAudio/Asian (South)/men/id08314,FakeAVCeleb_v1.2/RealVideo-RealAudio/Asian (South)/men/id08314/00028.mp4,../data/raw/FakeAVCeleb_v1.2/RealVideo-RealAudio/Asian (South)/men/id08314/00028.mp4,448_RealVideo-RealAudio,5,True,../data/processed/frames,../data/processed/audio/448_RealVideo-RealAudio.wav
id08457,-,-,real,A,RealVideo-RealAudio,Asian (South),men,00417.mp4,FakeAVCeleb/RealVideo-RealAudio/Asian (South)/men/id08457,FakeAVCeleb_v1.2/RealVideo-RealAudio/Asian (South)/men/id08457/00417.mp4,../data/raw/FakeAVCeleb_v1.2/RealVideo-RealAudio/Asian (South)/men/id08457/00417.mp4,449_RealVideo-RealAudio,3,True,../data/processed/frames,../data/processed/audio/449_RealVideo-RealAudio.wav
id00043,-,-,real,A,RealVideo-RealAudio,Asian (South),women,00135.mp4,FakeAVCeleb/RealVideo-RealAudio/Asian (South)/women/id00043,FakeAVCeleb_v1.2/RealVideo-RealAudio/Asian (South)/women/id00043/00135.mp4,../data/raw/FakeAVCeleb_v1.2/RealVideo-RealAudio/Asian (South)/women/id00043/00135.mp4,450_RealVideo-RealAudio,5,True,../data/processed/frames,../data/processed/audio/450_RealVideo-RealAudio.wav
id00080,-,-,real,A,RealVideo-RealAudio,Asian (South),women,00281.mp4,FakeAVCeleb/RealVideo-RealAudio/Asian (South)/women/id00080,FakeAVCeleb_v1.2/RealVideo-RealAudio/Asian (South)/women/id00080/00281.mp4,../data/raw/FakeAVCeleb_v1.2/RealVideo-RealAudio/Asian (South)/women/id00080/00281.mp4,451_RealVideo-RealAudio,5,True,../data/processed/frames,../data/processed/audio/451_RealVideo-RealAudio.wav
id00149,-,-,real,A,RealVideo-RealAudio,Asian (South),women,00284.mp4,FakeAVCeleb/RealVideo-RealAudio/Asian (South)/women/id00149,FakeAVCeleb_v1.2/RealVideo-RealAudio/Asian (South)/women/id00149/00284.mp4,../data/raw/FakeAVCeleb_v1.2/RealVideo-RealAudio/Asian (South)/women/id00149/00284.mp4,452_RealVideo-RealAudio,4,True,../data/processed/frames,../data/processed/audio/452_RealVideo-RealAudio.wav
id00235,-,-,real,A,RealVideo-RealAudio,Asian (South),women,00052.mp4,FakeAVCeleb/RealVideo-RealAudio/Asian (South)/women/id00235,FakeAVCeleb_v1.2/RealVideo-RealAudio/Asian (South)/women/id00235/00052.mp4,../data/raw/FakeAVCeleb_v1.2/RealVideo-RealAudio/Asian (South)/women/id00235/00052.mp4,453_RealVideo-RealAudio,5,True,../data/processed/frames,../data/processed/audio/453_RealVideo-RealAudio.wav
id00417,-,-,real,A,RealVideo-RealAudio,Asian (South),women,00069.mp4,FakeAVCeleb/RealVideo-RealAudio/Asian (South)/women/id00417,FakeAVCeleb_v1.2/RealVideo-RealAudio/Asian (South)/women/id00417/00069.mp4,../data/raw/FakeAVCeleb_v1.2/RealVideo-RealAudio/Asian (South)/women/id00417/00069.mp4,454_RealVideo-RealAudio,3,True,../data/processed/frames,../data/processed/audio/454_RealVideo-RealAudio.wav
id00461,-,-,real,A,RealVideo-RealAudio,Asian (South),women,00043.mp4,FakeAVCeleb/RealVideo-RealAudio/Asian (South)/women/id00461,FakeAVCeleb_v1.2/RealVideo-RealAudio/Asian (South)/women/id00461/00043.mp4,../data/raw/FakeAVCeleb_v1.2/RealVideo-RealAudio/Asian (South)/women/id00461/00043.mp4,455_RealVideo-RealAudio,5,True,../data/processed/frames,../data/processed/audio/455_RealVideo-RealAudio.wav
id00488,-,-,real,A,RealVideo-RealAudio,Asian (South),women,00028.mp4,FakeAVCeleb/RealVideo-RealAudio/Asian (South)/women/id00488,FakeAVCeleb_v1.2/RealVideo-RealAudio/Asian (South)/women/id00488/00028.mp4,../data/raw/FakeAVCeleb_v1.2/RealVideo-RealAudio/Asian (South)/women/id00488/00028.mp4,456_RealVideo-RealAudio,5,True,../data/processed/frames,../data/processed/audio/456_RealVideo-RealAudio.wav
id00739,-,-,real,A,RealVideo-RealAudio,Asian (South),women,00005.mp4,FakeAVCeleb/RealVideo-RealAudio/Asian (South)/women/id00739,FakeAVCeleb_v1.2/RealVideo-RealAudio/Asian (South)/women/id00739/00005.mp4,../data/raw/FakeAVCeleb_v1.2/RealVideo-RealAudio/Asian (South)/women/id00739/00005.mp4,457_RealVideo-RealAudio,5,True,../data/processed/frames,../data/processed/audio/457_RealVideo-RealAudio.wav
id00747,-,-,real,A,RealVideo-RealAudio,Asian (South),women,00053.mp4,FakeAVCeleb/RealVideo-RealAudio/Asian (South)/women/id00747,FakeAVCeleb_v1.2/RealVideo-RealAudio/Asian (South)/women/id00747/00053.mp4,../data/raw/FakeAVCeleb_v1.2/RealVideo-RealAudio/Asian (South)/women/id00747/00053.mp4,458_RealVideo-RealAudio,5,True,../data/processed/frames,../data/processed/audio/458_RealVideo-RealAudio.wav
id01026,-,-,real,A,RealVideo-RealAudio,Asian (South),women,00083.mp4,FakeAVCeleb/RealVideo-RealAudio/Asian (South)/women/id01026,FakeAVCeleb_v1.2/RealVideo-RealAudio/Asian (South)/women/id01026/00083.mp4,../data/raw/FakeAVCeleb_v1.2/RealVideo-RealAudio/Asian (South)/women/id01026/00083.mp4,459_RealVideo-RealAudio,5,True,../data/processed/frames,../data/processed/audio/459_RealVideo-RealAudio.wav
id02089,-,-,real,A,RealVideo-RealAudio,Asian (South),women,00092.mp4,FakeAVCeleb/RealVideo-RealAudio/Asian (South)/women/id02089,FakeAVCeleb_v1.2/RealVideo-RealAudio/Asian (South)/women/id02089/00092.mp4,../data/raw/FakeAVCeleb_v1.2/RealVideo-RealAudio/Asian (South)/women/id02089/00092.mp4,460_RealVideo-RealAudio,3,True,../data/processed/frames,../data/processed/audio/460_RealVideo-RealAudio.wav
id02310,-,-,real,A,RealVideo-RealAudio,Asian (South),women,00139.mp4,FakeAVCeleb/RealVideo-RealAudio/Asian (South)/women/id02310,FakeAVCeleb_v1.2/RealVideo-RealAudio/Asian (South)/women/id02310/00139.mp4,../data/raw/FakeAVCeleb_v1.2/RealVideo-RealAudio/Asian (South)/women/id02310/00139.mp4,461_RealVideo-RealAudio,4,True,../data/processed/frames,../data/processed/audio/461_RealVideo-RealAudio.wav
id02619,-,-,real,A,RealVideo-RealAudio,Asian (South),women,00015.mp4,FakeAVCeleb/RealVideo-RealAudio/Asian (South)/women/id02619,FakeAVCeleb_v1.2/RealVideo-RealAudio/Asian (South)/women/id02619/00015.mp4,../data/raw/FakeAVCeleb_v1.2/RealVideo-RealAudio/Asian (South)/women/id02619/00015.mp4,462_RealVideo-RealAudio,5,True,../data/processed/frames,../data/processed/audio/462_RealVideo-RealAudio.wav
id03559,-,-,real,A,RealVideo-RealAudio,Asian (South),women,00023.mp4,FakeAVCeleb/RealVideo-RealAudio/Asian (South)/women/id03559,FakeAVCeleb_v1.2/RealVideo-RealAudio/Asian (South)/women/id03559/00023.mp4,../data/raw/FakeAVCeleb_v1.2/RealVideo-RealAudio/Asian (South)/women/id03559/00023.mp4,463_RealVideo-RealAudio,5,True,../data/processed/frames,../data/processed/audio/463_RealVideo-RealAudio.wav
id03815,-,-,real,A,RealVideo-RealAudio,Asian (South),women,00118.mp4,FakeAVCeleb/RealVideo-RealAudio/Asian (South)/women/id03815,FakeAVCeleb_v1.2/RealVideo-RealAudio/Asian (South)/women/id03815/00118.mp4,../data/raw/FakeAVCeleb_v1.2/RealVideo-RealAudio/Asian (South)/women/id03815/00118.mp4,464_RealVideo-RealAudio,5,True,../data/processed/frames,../data/processed/audio/464_RealVideo-RealAudio.wav
id03897,-,-,real,A,RealVideo-RealAudio,Asian (South),women,00021.mp4,FakeAVCeleb/RealVideo-RealAudio/Asian (South)/women/id03897,FakeAVCeleb_v1.2/RealVideo-RealAudio/Asian (South)/women/id03897/00021.mp4,../data/raw/FakeAVCeleb_v1.2/RealVideo-RealAudio/Asian (South)/women/id03897/00021.mp4,465_RealVideo-RealAudio,5,True,../data/processed/frames,../data/processed/audio/465_RealVideo-RealAudio.wav
id03985,-,-,real,A,RealVideo-RealAudio,Asian (South),women,00005.mp4,FakeAVCeleb/RealVideo-RealAudio/Asian (South)/women/id03985,FakeAVCeleb_v1.2/RealVideo-RealAudio/Asian (South)/women/id03985/00005.mp4,../data/raw/FakeAVCeleb_v1.2/RealVideo-RealAudio/Asian (South)/women/id03985/00005.mp4,466_RealVideo-RealAudio,5,True,../data/processed/frames,../data/processed/audio/466_RealVideo-RealAudio.wav
id04070,-,-,real,A,RealVideo-RealAudio,Asian (South),women,00072.mp4,FakeAVCeleb/RealVideo-RealAudio/Asian (South)/women/id04070,FakeAVCeleb_v1.2/RealVideo-RealAudio/Asian (South)/women/id04070/00072.mp4,../data/raw/FakeAVCeleb_v1.2/RealVideo-RealAudio/Asian (South)/women/id04070/00072.mp4,467_RealVideo-RealAudio,5,True,../data/processed/frames,../data/processed/audio/467_RealVideo-RealAudio.wav
id04490,-,-,real,A,RealVideo-RealAudio,Asian (South),women,00054.mp4,FakeAVCeleb/RealVideo-RealAudio/Asian (South)/women/id04490,FakeAVCeleb_v1.2/RealVideo-RealAudio/Asian (South)/women/id04490/00054.mp4,../data/raw/FakeAVCeleb_v1.2/RealVideo-RealAudio/Asian (South)/women/id04490/00054.mp4,468_RealVideo-RealAudio,5,True,../data/processed/frames,../data/processed/audio/468_RealVideo-RealAudio.wav
id04529,-,-,real,A,RealVideo-RealAudio,Asian (South),women,00186.mp4,FakeAVCeleb/RealVideo-RealAudio/Asian (South)/women/id04529,FakeAVCeleb_v1.2/RealVideo-RealAudio/Asian (South)/women/id04529/00186.mp4,../data/raw/FakeAVCeleb_v1.2/RealVideo-RealAudio/Asian (South)/women/id04529/00186.mp4,469_RealVideo-RealAudio,5,True,../data/processed/frames,../data/processed/audio/469_RealVideo-RealAudio.wav
id04530,-,-,real,A,RealVideo-RealAudio,Asian (South),women,00231.mp4,FakeAVCeleb/RealVideo-RealAudio/Asian (South)/women/id04530,FakeAVCeleb_v1.2/RealVideo-RealAudio/Asian (South)/women/id04530/00231.mp4,../data/raw/FakeAVCeleb_v1.2/RealVideo-RealAudio/Asian (South)/women/id04530/00231.mp4,470_RealVideo-RealAudio,5,True,../data/processed/frames,../data/processed/audio/470_RealVideo-RealAudio.wav
id04564,-,-,real,A,RealVideo-RealAudio,Asian (South),women,00417.mp4,FakeAVCeleb/RealVideo-RealAudio/Asian (South)/women/id04564,FakeAVCeleb_v1.2/RealVideo-RealAudio/Asian (South)/women/id04564/00417.mp4,../data/raw/FakeAVCeleb_v1.2/RealVideo-RealAudio/Asian (South)/women/id04564/00417.mp4,471_RealVideo-RealAudio,4,True,../data/processed/frames,../data/processed/audio/471_RealVideo-RealAudio.wav
id04582,-,-,real,A,RealVideo-RealAudio,Asian (South),women,00180.mp4,FakeAVCeleb/RealVideo-RealAudio/Asian (South)/women/id04582,FakeAVCeleb_v1.2/RealVideo-RealAudio/Asian (South)/women/id04582/00180.mp4,../data/raw/FakeAVCeleb_v1.2/RealVideo-RealAudio/Asian (South)/women/id04582/00180.mp4,472_RealVideo-RealAudio,3,True,../data/processed/frames,../data/processed/audio/472_RealVideo-RealAudio.wav
id04583,-,-,real,A,RealVideo-RealAudio,Asian (South),women,00077.mp4,FakeAVCeleb/RealVideo-RealAudio/Asian (South)/women/id04583,FakeAVCeleb_v1.2/RealVideo-RealAudio/Asian (South)/women/id04583/00077.mp4,../data/raw/FakeAVCeleb_v1.2/RealVideo-RealAudio/Asian (South)/women/id04583/00077.mp4,473_RealVideo-RealAudio,5,True,../data/processed/frames,../data/processed/audio/473_RealVideo-RealAudio.wav
id04927,-,-,real,A,RealVideo-RealAudio,Asian (South),women,00013.mp4,FakeAVCeleb/RealVideo-RealAudio/Asian (South)/women/id04927,FakeAVCeleb_v1.2/RealVideo-RealAudio/Asian (South)/women/id04927/00013.mp4,../data/raw/FakeAVCeleb_v1.2/RealVideo-RealAudio/Asian (South)/women/id04927/00013.mp4,474_RealVideo-RealAudio,2,True,../data/processed/frames,../data/processed/audio/474_RealVideo-RealAudio.wav
id05434,-,-,real,A,RealVideo-RealAudio,Asian (South),women,00052.mp4,FakeAVCeleb/RealVideo-RealAudio/Asian (South)/women/id05434,FakeAVCeleb_v1.2/RealVideo-RealAudio/Asian (South)/women/id05434/00052.mp4,../data/raw/FakeAVCeleb_v1.2/RealVideo-RealAudio/Asian (South)/women/id05434/00052.mp4,475_RealVideo-RealAudio,4,True,../data/processed/frames,../data/processed/audio/475_RealVideo-RealAudio.wav
id05435,-,-,real,A,RealVideo-RealAudio,Asian (South),women,00107.mp4,FakeAVCeleb/RealVideo-RealAudio/Asian (South)/women/id05435,FakeAVCeleb_v1.2/RealVideo-RealAudio/Asian (South)/women/id05435/00107.mp4,../data/raw/FakeAVCeleb_v1.2/RealVideo-RealAudio/Asian (South)/women/id05435/00107.mp4,476_RealVideo-RealAudio,5,True,../data/processed/frames,../data/processed/audio/476_RealVideo-RealAudio.wav
id05478,-,-,real,A,RealVideo-RealAudio,Asian (South),women,00135.mp4,FakeAVCeleb/RealVideo-RealAudio/Asian (South)/women/id05478,FakeAVCeleb_v1.2/RealVideo-RealAudio/Asian (South)/women/id05478/00135.mp4,../data/raw/FakeAVCeleb_v1.2/RealVideo-RealAudio/Asian (South)/women/id05478/00135.mp4,477_RealVideo-RealAudio,5,True,../data/processed/frames,../data/processed/audio/477_RealVideo-RealAudio.wav
id05845,-,-,real,A,RealVideo-RealAudio,Asian (South),women,00027.mp4,FakeAVCeleb/RealVideo-RealAudio/Asian (South)/women/id05845,FakeAVCeleb_v1.2/RealVideo-RealAudio/Asian (South)/women/id05845/00027.mp4,../data/raw/FakeAVCeleb_v1.2/RealVideo-RealAudio/Asian (South)/women/id05845/00027.mp4,478_RealVideo-RealAudio,5,True,../data/processed/frames,../data/processed/audio/478_RealVideo-RealAudio.wav
id05920,-,-,real,A,RealVideo-RealAudio,Asian (South),women,00161.mp4,FakeAVCeleb/RealVideo-RealAudio/Asian (South)/women/id05920,FakeAVCeleb_v1.2/RealVideo-RealAudio/Asian (South)/women/id05920/00161.mp4,../data/raw/FakeAVCeleb_v1.2/RealVideo-RealAudio/Asian (South)/women/id05920/00161.mp4,479_RealVideo-RealAudio,5,True,../data/processed/frames,../data/processed/audio/479_RealVideo-RealAudio.wav
id05931,-,-,real,A,RealVideo-RealAudio,Asian (South),women,00013.mp4,FakeAVCeleb/RealVideo-RealAudio/Asian (South)/women/id05931,FakeAVCeleb_v1.2/RealVideo-RealAudio/Asian (South)/women/id05931/00013.mp4,../data/raw/FakeAVCeleb_v1.2/RealVideo-RealAudio/Asian (South)/women/id05931/00013.mp4,480_RealVideo-RealAudio,5,True,../data/processed/frames,../data/processed/audio/480_RealVideo-RealAudio.wav
id06232,-,-,real,A,RealVideo-RealAudio,Asian (South),women,00025.mp4,FakeAVCeleb/RealVideo-RealAudio/Asian (South)/women/id06232,FakeAVCeleb_v1.2/RealVideo-RealAudio/Asian (South)/women/id06232/00025.mp4,../data/raw/FakeAVCeleb_v1.2/RealVideo-RealAudio/Asian (South)/women/id06232/00025.mp4,481_RealVideo-RealAudio,5,True,../data/processed/frames,../data/processed/audio/481_RealVideo-RealAudio.wav
id06254,-,-,real,A,RealVideo-RealAudio,Asian (South),women,00043.mp4,FakeAVCeleb/RealVideo-RealAudio/Asian (South)/women/id06254,FakeAVCeleb_v1.2/RealVideo-RealAudio/Asian (South)/women/id06254/00043.mp4,../data/raw/FakeAVCeleb_v1.2/RealVideo-RealAudio/Asian (South)/women/id06254/00043.mp4,482_RealVideo-RealAudio,5,True,../data/processed/frames,../data/processed/audio/482_RealVideo-RealAudio.wav
id06268,-,-,real,A,RealVideo-RealAudio,Asian (South),women,00159.mp4,FakeAVCeleb/RealVideo-RealAudio/Asian (South)/women/id06268,FakeAVCeleb_v1.2/RealVideo-RealAudio/Asian (South)/women/id06268/00159.mp4,../data/raw/FakeAVCeleb_v1.2/RealVideo-RealAudio/Asian (South)/women/id06268/00159.mp4,483_RealVideo-RealAudio,5,True,../data/processed/frames,../data/processed/audio/483_RealVideo-RealAudio.wav
id06343,-,-,real,A,RealVideo-RealAudio,Asian (South),women,00023.mp4,FakeAVCeleb/RealVideo-RealAudio/Asian (South)/women/id06343,FakeAVCeleb_v1.2/RealVideo-RealAudio/Asian (South)/women/id06343/00023.mp4,../data/raw/FakeAVCeleb_v1.2/RealVideo-RealAudio/Asian (South)/women/id06343/00023.mp4,484_RealVideo-RealAudio,5,True,../data/processed/frames,../data/processed/audio/484_RealVideo-RealAudio.wav
id06428,-,-,real,A,RealVideo-RealAudio,Asian (South),women,00043.mp4,FakeAVCeleb/RealVideo-RealAudio/Asian (South)/women/id06428,FakeAVCeleb_v1.2/RealVideo-RealAudio/Asian (South)/women/id06428/00043.mp4,../data/raw/FakeAVCeleb_v1.2/RealVideo-RealAudio/Asian (South)/women/id06428/00043.mp4,485_RealVideo-RealAudio,5,True,../data/processed/frames,../data/processed/audio/485_RealVideo-RealAudio.wav
id06437,-,-,real,A,RealVideo-RealAudio,Asian (South),women,00028.mp4,FakeAVCeleb/RealVideo-RealAudio/Asian (South)/women/id06437,FakeAVCeleb_v1.2/RealVideo-RealAudio/Asian (South)/women/id06437/00028.mp4,../data/raw/FakeAVCeleb_v1.2/RealVideo-RealAudio/Asian (South)/women/id06437/00028.mp4,486_RealVideo-RealAudio,5,True,../data/processed/frames,../data/processed/audio/486_RealVideo-RealAudio.wav
id06438,-,-,real,A,RealVideo-RealAudio,Asian (South),women,00110.mp4,FakeAVCeleb/RealVideo-RealAudio/Asian (South)/women/id06438,FakeAVCeleb_v1.2/RealVideo-RealAudio/Asian (South)/women/id06438/00110.mp4,../data/raw/FakeAVCeleb_v1.2/RealVideo-RealAudio/Asian (South)/women/id06438/00110.mp4,487_RealVideo-RealAudio,5,True,../data/processed/frames,../data/processed/audio/487_RealVideo-RealAudio.wav
id06439,-,-,real,A,RealVideo-RealAudio,Asian (South),women,00118.mp4,FakeAVCeleb/RealVideo-RealAudio/Asian (South)/women/id06439,FakeAVCeleb_v1.2/RealVideo-RealAudio/Asian (South)/women/id06439/00118.mp4,../data/raw/FakeAVCeleb_v1.2/RealVideo-RealAudio/Asian (South)/women/id06439/00118.mp4,488_RealVideo-RealAudio,5,True,../data/processed/frames,../data/processed/audio/488_RealVideo-RealAudio.wav
id06445,-,-,real,A,RealVideo-RealAudio,Asian (South),women,00150.mp4,FakeAVCeleb/RealVideo-RealAudio/Asian (South)/women/id06445,FakeAVCeleb_v1.2/RealVideo-RealAudio/Asian (South)/women/id06445/00150.mp4,../data/raw/FakeAVCeleb_v1.2/RealVideo-RealAudio/Asian (South)/women/id06445/00150.mp4,489_RealVideo-RealAudio,5,True,../data/processed/frames,../data/processed/audio/489_RealVideo-RealAudio.wav
id06752,-,-,real,A,RealVideo-RealAudio,Asian (South),women,00221.mp4,FakeAVCeleb/RealVideo-RealAudio/Asian (South)/women/id06752,FakeAVCeleb_v1.2/RealVideo-RealAudio/Asian (South)/women/id06752/00221.mp4,../data/raw/FakeAVCeleb_v1.2/RealVideo-RealAudio/Asian (South)/women/id06752/00221.mp4,490_RealVideo-RealAudio,5,True,../data/processed/frames,../data/processed/audio/490_RealVideo-RealAudio.wav
id07008,-,-,real,A,RealVideo-RealAudio,Asian (South),women,00175.mp4,FakeAVCeleb/RealVideo-RealAudio/Asian (South)/women/id07008,FakeAVCeleb_v1.2/RealVideo-RealAudio/Asian (South)/women/id07008/00175.mp4,../data/raw/FakeAVCeleb_v1.2/RealVideo-RealAudio/Asian (South)/women/id07008/00175.mp4,491_RealVideo-RealAudio,5,True,../data/processed/frames,../data/processed/audio/491_RealVideo-RealAudio.wav
id07049,-,-,real,A,RealVideo-RealAudio,Asian (South),women,00043.mp4,FakeAVCeleb/RealVideo-RealAudio/Asian (South)/women/id07049,FakeAVCeleb_v1.2/RealVideo-RealAudio/Asian (South)/women/id07049/00043.mp4,../data/raw/FakeAVCeleb_v1.2/RealVideo-RealAudio/Asian (South)/women/id07049/00043.mp4,492_RealVideo-RealAudio,5,True,../data/processed/frames,../data/processed/audio/492_RealVideo-RealAudio.wav
id07051,-,-,real,A,RealVideo-RealAudio,Asian (South),women,00083.mp4,FakeAVCeleb/RealVideo-RealAudio/Asian (South)/women/id07051,FakeAVCeleb_v1.2/RealVideo-RealAudio/Asian (South)/women/id07051/00083.mp4,../data/raw/FakeAVCeleb_v1.2/RealVideo-RealAudio/Asian (South)/women/id07051/00083.mp4,493_RealVideo-RealAudio,5,True,../data/processed/frames,../data/processed/audio/493_RealVideo-RealAudio.wav
id07078,-,-,real,A,RealVideo-RealAudio,Asian (South),women,00405.mp4,FakeAVCeleb/RealVideo-RealAudio/Asian (South)/women/id07078,FakeAVCeleb_v1.2/RealVideo-RealAudio/Asian (South)/women/id07078/00405.mp4,../data/raw/FakeAVCeleb_v1.2/RealVideo-RealAudio/Asian (South)/women/id07078/00405.mp4,494_RealVideo-RealAudio,5,True,../data/processed/frames,../data/processed/audio/494_RealVideo-RealAudio.wav
id07136,-,-,real,A,RealVideo-RealAudio,Asian (South),women,00052.mp4,FakeAVCeleb/RealVideo-RealAudio/Asian (South)/women/id07136,FakeAVCeleb_v1.2/RealVideo-RealAudio/Asian (South)/women/id07136/00052.mp4,../data/raw/FakeAVCeleb_v1.2/RealVideo-RealAudio/Asian (South)/women/id07136/00052.mp4,495_RealVideo-RealAudio,5,True,../data/processed/frames,../data/processed/audio/495_RealVideo-RealAudio.wav
id07236,-,-,real,A,RealVideo-RealAudio,Asian (South),women,00143.mp4,FakeAVCeleb/RealVideo-RealAudio/Asian (South)/women/id07236,FakeAVCeleb_v1.2/RealVideo-RealAudio/Asian (South)/women/id07236/00143.mp4,../data/raw/FakeAVCeleb_v1.2/RealVideo-RealAudio/Asian (South)/women/id07236/00143.mp4,496_RealVideo-RealAudio,5,True,../data/processed/frames,../data/processed/audio/496_RealVideo-RealAudio.wav
id07377,-,-,real,A,RealVideo-RealAudio,Asian (South),women,00025.mp4,FakeAVCeleb/RealVideo-RealAudio/Asian (South)/women/id07377,FakeAVCeleb_v1.2/RealVideo-RealAudio/Asian (South)/women/id07377/00025.mp4,../data/raw/FakeAVCeleb_v1.2/RealVideo-RealAudio/Asian (South)/women/id07377/00025.mp4,497_RealVideo-RealAudio,4,True,../data/processed/frames,../data/processed/audio/497_RealVideo-RealAudio.wav
id07686,-,-,real,A,RealVideo-RealAudio,Asian (South),women,00254.mp4,FakeAVCeleb/RealVideo-RealAudio/Asian (South)/women/id07686,FakeAVCeleb_v1.2/RealVideo-RealAudio/Asian (South)/women/id07686/00254.mp4,../data/raw/FakeAVCeleb_v1.2/RealVideo-RealAudio/Asian (South)/women/id07686/00254.mp4,498_RealVideo-RealAudio,5,True,../data/processed/frames,../data/processed/audio/498_RealVideo-RealAudio.wav
id07689,-,-,real,A,RealVideo-RealAudio,Asian (South),women,00028.mp4,FakeAVCeleb/RealVideo-RealAudio/Asian (South)/women/id07689,FakeAVCeleb_v1.2/RealVideo-RealAudio/Asian (South)/women/id07689/00028.mp4,../data/raw/FakeAVCeleb_v1.2/RealVideo-RealAudio/Asian (South)/women/id07689/00028.mp4,499_RealVideo-RealAudio,5,True,../data/processed/frames,../data/processed/audio/499_RealVideo-RealAudio.wav
id00076,fake.mp4,-,rtvc,B,RealVideo-FakeAudio,African,men,00109_fake.mp4,FakeAVCeleb/RealVideo-FakeAudio/African/men/id00076,FakeAVCeleb_v1.2/RealVideo-FakeAudio/African/men/id00076/00109_fake.mp4,../data/raw/FakeAVCeleb_v1.2/RealVideo-FakeAudio/African/men/id00076/00109_fake.mp4,500_RealVideo-FakeAudio,1,True,../data/processed/frames,../data/processed/audio/500_RealVideo-FakeAudio.wav
id00166,fake.mp4,-,rtvc,B,RealVideo-FakeAudio,African,men,00010_fake.mp4,FakeAVCeleb/RealVideo-FakeAudio/African/men/id00166,FakeAVCeleb_v1.2/RealVideo-FakeAudio/African/men/id00166/00010_fake.mp4,../data/raw/FakeAVCeleb_v1.2/RealVideo-FakeAudio/African/men/id00166/00010_fake.mp4,501_RealVideo-FakeAudio,3,True,../data/processed/frames,../data/processed/audio/501_RealVideo-FakeAudio.wav
id00173,fake.mp4,-,rtvc,B,RealVideo-FakeAudio,African,men,00118_fake.mp4,FakeAVCeleb/RealVideo-FakeAudio/African/men/id00173,FakeAVCeleb_v1.2/RealVideo-FakeAudio/African/men/id00173/00118_fake.mp4,../data/raw/FakeAVCeleb_v1.2/RealVideo-FakeAudio/African/men/id00173/00118_fake.mp4,502_RealVideo-FakeAudio,5,True,../data/processed/frames,../data/processed/audio/502_RealVideo-FakeAudio.wav
id00366,fake.mp4,-,rtvc,B,RealVideo-FakeAudio,African,men,00118_fake.mp4,FakeAVCeleb/RealVideo-FakeAudio/African/men/id00366,FakeAVCeleb_v1.2/RealVideo-FakeAudio/African/men/id00366/00118_fake.mp4,../data/raw/FakeAVCeleb_v1.2/RealVideo-FakeAudio/African/men/id00366/00118_fake.mp4,503_RealVideo-FakeAudio,3,True,../data/processed/frames,../data/processed/audio/503_RealVideo-FakeAudio.wav
id00391,fake.mp4,-,rtvc,B,RealVideo-FakeAudio,African,men,00052_fake.mp4,FakeAVCeleb/RealVideo-FakeAudio/African/men/id00391,FakeAVCeleb_v1.2/RealVideo-FakeAudio/African/men/id00391/00052_fake.mp4,../data/raw/FakeAVCeleb_v1.2/RealVideo-FakeAudio/African/men/id00391/00052_fake.mp4,504_RealVideo-FakeAudio,4,True,../data/processed/frames,../data/processed/audio/504_RealVideo-FakeAudio.wav
id00475,fake.mp4,-,rtvc,B,RealVideo-FakeAudio,African,men,00099_fake.mp4,FakeAVCeleb/RealVideo-FakeAudio/African/men/id00475,FakeAVCeleb_v1.2/RealVideo-FakeAudio/African/men/id00475/00099_fake.mp4,../data/raw/FakeAVCeleb_v1.2/RealVideo-FakeAudio/African/men/id00475/00099_fake.mp4,505_RealVideo-FakeAudio,1,True,../data/processed/frames,../data/processed/audio/505_RealVideo-FakeAudio.wav
id00476,fake.mp4,-,rtvc,B,RealVideo-FakeAudio,African,men,00109_fake.mp4,FakeAVCeleb/RealVideo-FakeAudio/African/men/id00476,FakeAVCeleb_v1.2/RealVideo-FakeAudio/African/men/id00476/00109_fake.mp4,../data/raw/FakeAVCeleb_v1.2/RealVideo-FakeAudio/African/men/id00476/00109_fake.mp4,506_RealVideo-FakeAudio,5,True,../data/processed/frames,../data/processed/audio/506_RealVideo-FakeAudio.wav
id00478,fake.mp4,-,rtvc,B,RealVideo-FakeAudio,African,men,00206_fake.mp4,FakeAVCeleb/RealVideo-FakeAudio/African/men/id00478,FakeAVCeleb_v1.2/RealVideo-FakeAudio/African/men/id00478/00206_fake.mp4,../data/raw/FakeAVCeleb_v1.2/RealVideo-FakeAudio/African/men/id00478/00206_fake.mp4,507_RealVideo-FakeAudio,1,True,../data/processed/frames,../data/processed/audio/507_RealVideo-FakeAudio.wav
id00518,fake.mp4,-,rtvc,B,RealVideo-FakeAudio,African,men,00031_fake.mp4,FakeAVCeleb/RealVideo-FakeAudio/African/men/id00518,FakeAVCeleb_v1.2/RealVideo-FakeAudio/African/men/id00518/00031_fake.mp4,../data/raw/FakeAVCeleb_v1.2/RealVideo-FakeAudio/African/men/id00518/00031_fake.mp4,508_RealVideo-FakeAudio,3,True,../data/processed/frames,../data/processed/audio/508_RealVideo-FakeAudio.wav
id00701,fake.mp4,-,rtvc,B,RealVideo-FakeAudio,African,men,00092_fake.mp4,FakeAVCeleb/RealVideo-FakeAudio/African/men/id00701,FakeAVCeleb_v1.2/RealVideo-FakeAudio/African/men/id00701/00092_fake.mp4,../data/raw/FakeAVCeleb_v1.2/RealVideo-FakeAudio/African/men/id00701/00092_fake.mp4,509_RealVideo-FakeAudio,3,True,../data/processed/frames,../data/processed/audio/509_RealVideo-FakeAudio.wav
id00781,fake.mp4,-,rtvc,B,RealVideo-FakeAudio,African,men,00092_fake.mp4,FakeAVCeleb/RealVideo-FakeAudio/African/men/id00781,FakeAVCeleb_v1.2/RealVideo-FakeAudio/African/men/id00781/00092_fake.mp4,../data/raw/FakeAVCeleb_v1.2/RealVideo-FakeAudio/African/men/id00781/00092_fake.mp4,511_RealVideo-FakeAudio,5,True,../data/processed/frames,../data/processed/audio/511_RealVideo-FakeAudio.wav
id00830,fake.mp4,-,rtvc,B,RealVideo-FakeAudio,African,men,00143_fake.mp4,FakeAVCeleb/RealVideo-FakeAudio/African/men/id00830,FakeAVCeleb_v1.2/RealVideo-FakeAudio/African/men/id00830/00143_fake.mp4,../data/raw/FakeAVCeleb_v1.2/RealVideo-FakeAudio/African/men/id00830/00143_fake.mp4,512_RealVideo-FakeAudio,3,True,../data/processed/frames,../data/processed/audio/512_RealVideo-FakeAudio.wav
id00944,fake.mp4,-,rtvc,B,RealVideo-FakeAudio,African,men,00135_fake.mp4,FakeAVCeleb/RealVideo-FakeAudio/African/men/id00944,FakeAVCeleb_v1.2/RealVideo-FakeAudio/African/men/id00944/00135_fake.mp4,../data/raw/FakeAVCeleb_v1.2/RealVideo-FakeAudio/African/men/id00944/00135_fake.mp4,513_RealVideo-FakeAudio,3,True,../data/processed/frames,../data/processed/audio/513_RealVideo-FakeAudio.wav
id00987,fake.mp4,-,rtvc,B,RealVideo-FakeAudio,African,men,00160_fake.mp4,FakeAVCeleb/RealVideo-FakeAudio/African/men/id00987,FakeAVCeleb_v1.2/RealVideo-FakeAudio/African/men/id00987/00160_fake.mp4,../data/raw/FakeAVCeleb_v1.2/RealVideo-FakeAudio/African/men/id00987/00160_fake.mp4,514_RealVideo-FakeAudio,5,True,../data/processed/frames,../data/processed/audio/514_RealVideo-FakeAudio.wav
id01036,fake.mp4,-,rtvc,B,RealVideo-FakeAudio,African,men,00010_fake.mp4,FakeAVCeleb/RealVideo-FakeAudio/African/men/id01036,FakeAVCeleb_v1.2/RealVideo-FakeAudio/African/men/id01036/00010_fake.mp4,../data/raw/FakeAVCeleb_v1.2/RealVideo-FakeAudio/African/men/id01036/00010_fake.mp4,515_RealVideo-FakeAudio,3,True,../data/processed/frames,../data/processed/audio/515_RealVideo-FakeAudio.wav
id01076,fake.mp4,-,rtvc,B,RealVideo-FakeAudio,African,men,00005_fake.mp4,FakeAVCeleb/RealVideo-FakeAudio/African/men/id01076,FakeAVCeleb_v1.2/RealVideo-FakeAudio/African/men/id01076/00005_fake.mp4,../data/raw/FakeAVCeleb_v1.2/RealVideo-FakeAudio/African/men/id01076/00005_fake.mp4,516_RealVideo-FakeAudio,3,True,../data/processed/frames,../data/processed/audio/516_RealVideo-FakeAudio.wav
id01170,fake.mp4,-,rtvc,B,RealVideo-FakeAudio,African,men,00021_fake.mp4,FakeAVCeleb/RealVideo-FakeAudio/African/men/id01170,FakeAVCeleb_v1.2/RealVideo-FakeAudio/African/men/id01170/00021_fake.mp4,../data/raw/FakeAVCeleb_v1.2/RealVideo-FakeAudio/African/men/id01170/00021_fake.mp4,517_RealVideo-FakeAudio,1,True,../data/processed/frames,../data/processed/audio/517_RealVideo-FakeAudio.wav
id01171,fake.mp4,-,rtvc,B,RealVideo-FakeAudio,African,men,00053_fake.mp4,FakeAVCeleb/RealVideo-FakeAudio/African/men/id01171,FakeAVCeleb_v1.2/RealVideo-FakeAudio/African/men/id01171/00053_fake.mp4,../data/raw/FakeAVCeleb_v1.2/RealVideo-FakeAudio/African/men/id01171/00053_fake.mp4,518_RealVideo-FakeAudio,5,True,../data/processed/frames,../data/processed/audio/518_RealVideo-FakeAudio.wav
id01179,fake.mp4,-,rtvc,B,RealVideo-FakeAudio,African,men,00160_fake.mp4,FakeAVCeleb/RealVideo-FakeAudio/African/men/id01179,FakeAVCeleb_v1.2/RealVideo-FakeAudio/African/men/id01179/00160_fake.mp4,../data/raw/FakeAVCeleb_v1.2/RealVideo-FakeAudio/African/men/id01179/00160_fake.mp4,519_RealVideo-FakeAudio,4,True,../data/processed/frames,../data/processed/audio/519_RealVideo-FakeAudio.wav
id01207,fake.mp4,-,rtvc,B,RealVideo-FakeAudio,African,men,00320_fake.mp4,FakeAVCeleb/RealVideo-FakeAudio/African/men/id01207,FakeAVCeleb_v1.2/RealVideo-FakeAudio/African/men/id01207/00320_fake.mp4,../data/raw/FakeAVCeleb_v1.2/RealVideo-FakeAudio/African/men/id01207/00320_fake.mp4,520_RealVideo-FakeAudio,4,True,../data/processed/frames,../data/processed/audio/520_RealVideo-FakeAudio.wav
id01236,fake.mp4,-,rtvc,B,RealVideo-FakeAudio,African,men,00005_fake.mp4,FakeAVCeleb/RealVideo-FakeAudio/African/men/id01236,FakeAVCeleb_v1.2/RealVideo-FakeAudio/African/men/id01236/00005_fake.mp4,../data/raw/FakeAVCeleb_v1.2/RealVideo-FakeAudio/African/men/id01236/00005_fake.mp4,521_RealVideo-FakeAudio,5,True,../data/processed/frames,../data/processed/audio/521_RealVideo-FakeAudio.wav
id01392,fake.mp4,-,rtvc,B,RealVideo-FakeAudio,African,men,00167_fake.mp4,FakeAVCeleb/RealVideo-FakeAudio/African/men/id01392,FakeAVCeleb_v1.2/RealVideo-FakeAudio/African/men/id01392/00167_fake.mp4,../data/raw/FakeAVCeleb_v1.2/RealVideo-FakeAudio/African/men/id01392/00167_fake.mp4,522_RealVideo-FakeAudio,3,True,../data/processed/frames,../data/processed/audio/522_RealVideo-FakeAudio.wav
id01452,fake.mp4,-,rtvc,B,RealVideo-FakeAudio,African,men,00001_fake.mp4,FakeAVCeleb/RealVideo-FakeAudio/African/men/id01452,FakeAVCeleb_v1.2/RealVideo-FakeAudio/African/men/id01452/00001_fake.mp4,../data/raw/FakeAVCeleb_v1.2/RealVideo-FakeAudio/African/men/id01452/00001_fake.mp4,523_RealVideo-FakeAudio,5,True,../data/processed/frames,../data/processed/audio/523_RealVideo-FakeAudio.wav
id01521,fake.mp4,-,rtvc,B,RealVideo-FakeAudio,African,men,00109_fake.mp4,FakeAVCeleb/RealVideo-FakeAudio/African/men/id01521,FakeAVCeleb_v1.2/RealVideo-FakeAudio/African/men/id01521/00109_fake.mp4,../data/raw/FakeAVCeleb_v1.2/RealVideo-FakeAudio/African/men/id01521/00109_fake.mp4,524_RealVideo-FakeAudio,5,True,../data/processed/frames,../data/processed/audio/524_RealVideo-FakeAudio.wav
id01528,fake.mp4,-,rtvc,B,RealVideo-FakeAudio,African,men,00017_fake.mp4,FakeAVCeleb/RealVideo-FakeAudio/African/men/id01528,FakeAVCeleb_v1.2/RealVideo-FakeAudio/African/men/id01528/00017_fake.mp4,../data/raw/FakeAVCeleb_v1.2/RealVideo-FakeAudio/African/men/id01528/00017_fake.mp4,525_RealVideo-FakeAudio,3,True,../data/processed/frames,../data/processed/audio/525_RealVideo-FakeAudio.wav
id01530,fake.mp4,-,rtvc,B,RealVideo-FakeAudio,African,men,00002_fake.mp4,FakeAVCeleb/RealVideo-FakeAudio/African/men/id01530,FakeAVCeleb_v1.2/RealVideo-FakeAudio/African/men/id01530/00002_fake.mp4,../data/raw/FakeAVCeleb_v1.2/RealVideo-FakeAudio/African/men/id01530/00002_fake.mp4,526_RealVideo-FakeAudio,5,True,../data/processed/frames,../data/processed/audio/526_RealVideo-FakeAudio.wav
id01544,fake.mp4,-,rtvc,B,RealVideo-FakeAudio,African,men,00044_fake.mp4,FakeAVCeleb/RealVideo-FakeAudio/African/men/id01544,FakeAVCeleb_v1.2/RealVideo-FakeAudio/African/men/id01544/00044_fake.mp4,../data/raw/FakeAVCeleb_v1.2/RealVideo-FakeAudio/African/men/id01544/00044_fake.mp4,527_RealVideo-FakeAudio,2,True,../data/processed/frames,../data/processed/audio/527_RealVideo-FakeAudio.wav
id01597,fake.mp4,-,rtvc,B,RealVideo-FakeAudio,African,men,00005_fake.mp4,FakeAVCeleb/RealVideo-FakeAudio/African/men/id01597,FakeAVCeleb_v1.2/RealVideo-FakeAudio/African/men/id01597/00005_fake.mp4,../data/raw/FakeAVCeleb_v1.2/RealVideo-FakeAudio/African/men/id01597/00005_fake.mp4,528_RealVideo-FakeAudio,5,True,../data/processed/frames,../data/processed/audio/528_RealVideo-FakeAudio.wav
id01598,fake.mp4,-,rtvc,B,RealVideo-FakeAudio,African,men,00044_fake.mp4,FakeAVCeleb/RealVideo-FakeAudio/African/men/id01598,FakeAVCeleb_v1.2/RealVideo-FakeAudio/African/men/id01598/00044_fake.mp4,../data/raw/FakeAVCeleb_v1.2/RealVideo-FakeAudio/African/men/id01598/00044_fake.mp4,529_RealVideo-FakeAudio,4,True,../data/processed/frames,../data/processed/audio/529_RealVideo-FakeAudio.wav
id01610,fake.mp4,-,rtvc,B,RealVideo-FakeAudio,African,men,00090_fake.mp4,FakeAVCeleb/RealVideo-FakeAudio/African/men/id01610,FakeAVCeleb_v1.2/RealVideo-FakeAudio/African/men/id01610/00090_fake.mp4,../data/raw/FakeAVCeleb_v1.2/RealVideo-FakeAudio/African/men/id01610/00090_fake.mp4,530_RealVideo-FakeAudio,5,True,../data/processed/frames,../data/processed/audio/530_RealVideo-FakeAudio.wav
id01637,fake.mp4,-,rtvc,B,RealVideo-FakeAudio,African,men,00002_fake.mp4,FakeAVCeleb/RealVideo-FakeAudio/African/men/id01637,FakeAVCeleb_v1.2/RealVideo-FakeAudio/African/men/id01637/00002_fake.mp4,../data/raw/FakeAVCeleb_v1.2/RealVideo-FakeAudio/African/men/id01637/00002_fake.mp4,531_RealVideo-FakeAudio,4,True,../data/processed/frames,../data/processed/audio/531_RealVideo-FakeAudio.wav
id01691,fake.mp4,-,rtvc,B,RealVideo-FakeAudio,African,men,00045_fake.mp4,FakeAVCeleb/RealVideo-FakeAudio/African/men/id01691,FakeAVCeleb_v1.2/RealVideo-FakeAudio/African/men/id01691/00045_fake.mp4,../data/raw/FakeAVCeleb_v1.2/RealVideo-FakeAudio/African/men/id01691/00045_fake.mp4,532_RealVideo-FakeAudio,5,True,../data/processed/frames,../data/processed/audio/532_RealVideo-FakeAudio.wav
id01717,fake.mp4,-,rtvc,B,RealVideo-FakeAudio,African,men,00005_fake.mp4,FakeAVCeleb/RealVideo-FakeAudio/African/men/id01717,FakeAVCeleb_v1.2/RealVideo-FakeAudio/African/men/id01717/00005_fake.mp4,../data/raw/FakeAVCeleb_v1.2/RealVideo-FakeAudio/African/men/id01717/00005_fake.mp4,533_RealVideo-FakeAudio,1,True,../data/processed/frames,../data/processed/audio/533_RealVideo-FakeAudio.wav
id01779,fake.mp4,-,rtvc,B,RealVideo-FakeAudio,African,men,00010_fake.mp4,FakeAVCeleb/RealVideo-FakeAudio/African/men/id01779,FakeAVCeleb_v1.2/RealVideo-FakeAudio/African/men/id01779/00010_fake.mp4,../data/raw/FakeAVCeleb_v1.2/RealVideo-FakeAudio/African/men/id01779/00010_fake.mp4,534_RealVideo-FakeAudio,5,True,../data/processed/frames,../data/processed/audio/534_RealVideo-FakeAudio.wav
id01835,fake.mp4,-,rtvc,B,RealVideo-FakeAudio,African,men,00130_fake.mp4,FakeAVCeleb/RealVideo-FakeAudio/African/men/id01835,FakeAVCeleb_v1.2/RealVideo-FakeAudio/African/men/id01835/00130_fake.mp4,../data/raw/FakeAVCeleb_v1.2/RealVideo-FakeAudio/African/men/id01835/00130_fake.mp4,535_RealVideo-FakeAudio,4,True,../data/processed/frames,../data/processed/audio/535_RealVideo-FakeAudio.wav
id01856,fake.mp4,-,rtvc,B,RealVideo-FakeAudio,African,men,00006_fake.mp4,FakeAVCeleb/RealVideo-FakeAudio/African/men/id01856,FakeAVCeleb_v1.2/RealVideo-FakeAudio/African/men/id01856/00006_fake.mp4,../data/raw/FakeAVCeleb_v1.2/RealVideo-FakeAudio/African/men/id01856/00006_fake.mp4,536_RealVideo-FakeAudio,3,True,../data/processed/frames,../data/processed/audio/536_RealVideo-FakeAudio.wav
id01920,fake.mp4,-,rtvc,B,RealVideo-FakeAudio,African,men,00099_fake.mp4,FakeAVCeleb/RealVideo-FakeAudio/African/men/id01920,FakeAVCeleb_v1.2/RealVideo-FakeAudio/African/men/id01920/00099_fake.mp4,../data/raw/FakeAVCeleb_v1.2/RealVideo-FakeAudio/African/men/id01920/00099_fake.mp4,537_RealVideo-FakeAudio,5,True,../data/processed/frames,../data/processed/audio/537_RealVideo-FakeAudio.wav
id01933,fake.mp4,-,rtvc,B,RealVideo-FakeAudio,African,men,00028_fake.mp4,FakeAVCeleb/RealVideo-FakeAudio/African/men/id01933,FakeAVCeleb_v1.2/RealVideo-FakeAudio/African/men/id01933/00028_fake.mp4,../data/raw/FakeAVCeleb_v1.2/RealVideo-FakeAudio/African/men/id01933/00028_fake.mp4,538_RealVideo-FakeAudio,3,True,../data/processed/frames,../data/processed/audio/538_RealVideo-FakeAudio.wav
id01972,fake.mp4,-,rtvc,B,RealVideo-FakeAudio,African,men,00078_fake.mp4,FakeAVCeleb/RealVideo-FakeAudio/African/men/id01972,FakeAVCeleb_v1.2/RealVideo-FakeAudio/African/men/id01972/00078_fake.mp4,../data/raw/FakeAVCeleb_v1.2/RealVideo-FakeAudio/African/men/id01972/00078_fake.mp4,539_RealVideo-FakeAudio,4,True,../data/processed/frames,../data/processed/audio/539_RealVideo-FakeAudio.wav
id02005,fake.mp4,-,rtvc,B,RealVideo-FakeAudio,African,men,00052_fake.mp4,FakeAVCeleb/RealVideo-FakeAudio/African/men/id02005,FakeAVCeleb_v1.2/RealVideo-FakeAudio/African/men/id02005/00052_fake.mp4,../data/raw/FakeAVCeleb_v1.2/RealVideo-FakeAudio/African/men/id02005/00052_fake.mp4,541_RealVideo-FakeAudio,5,True,../data/processed/frames,../data/processed/audio/541_RealVideo-FakeAudio.wav
id02051,fake.mp4,-,rtvc,B,RealVideo-FakeAudio,African,men,00015_fake.mp4,FakeAVCeleb/RealVideo-FakeAudio/African/men/id02051,FakeAVCeleb_v1.2/RealVideo-FakeAudio/African/men/id02051/00015_fake.mp4,../data/raw/FakeAVCeleb_v1.2/RealVideo-FakeAudio/African/men/id02051/00015_fake.mp4,543_RealVideo-FakeAudio,5,True,../data/processed/frames,../data/processed/audio/543_RealVideo-FakeAudio.wav
id02268,fake.mp4,-,rtvc,B,RealVideo-FakeAudio,African,men,00036_fake.mp4,FakeAVCeleb/RealVideo-FakeAudio/African/men/id02268,FakeAVCeleb_v1.2/RealVideo-FakeAudio/African/men/id02268/00036_fake.mp4,../data/raw/FakeAVCeleb_v1.2/RealVideo-FakeAudio/African/men/id02268/00036_fake.mp4,544_RealVideo-FakeAudio,5,True,../data/processed/frames,../data/processed/audio/544_RealVideo-FakeAudio.wav
id02296,fake.mp4,-,rtvc,B,RealVideo-FakeAudio,African,men,00019_fake.mp4,FakeAVCeleb/RealVideo-FakeAudio/African/men/id02296,FakeAVCeleb_v1.2/RealVideo-FakeAudio/African/men/id02296/00019_fake.mp4,../data/raw/FakeAVCeleb_v1.2/RealVideo-FakeAudio/African/men/id02296/00019_fake.mp4,545_RealVideo-FakeAudio,5,True,../data/processed/frames,../data/processed/audio/545_RealVideo-FakeAudio.wav
id02494,fake.mp4,-,rtvc,B,RealVideo-FakeAudio,African,men,00050_fake.mp4,FakeAVCeleb/RealVideo-FakeAudio/African/men/id02494,FakeAVCeleb_v1.2/RealVideo-FakeAudio/African/men/id02494/00050_fake.mp4,../data/raw/FakeAVCeleb_v1.2/RealVideo-FakeAudio/African/men/id02494/00050_fake.mp4,548_RealVideo-FakeAudio,1,True,../data/processed/frames,../data/processed/audio/548_RealVideo-FakeAudio.wav
id04727,fake.mp4,-,rtvc,B,RealVideo-FakeAudio,African,men,00007_fake.mp4,FakeAVCeleb/RealVideo-FakeAudio/African/men/id04727,FakeAVCeleb_v1.2/RealVideo-FakeAudio/African/men/id04727/00007_fake.mp4,../data/raw/FakeAVCeleb_v1.2/RealVideo-FakeAudio/African/men/id04727/00007_fake.mp4,549_RealVideo-FakeAudio,3,True,../data/processed/frames,../data/processed/audio/549_RealVideo-FakeAudio.wav
id00220,fake.mp4,-,rtvc,B,RealVideo-FakeAudio,African,women,00027_fake.mp4,FakeAVCeleb/RealVideo-FakeAudio/African/women/id00220,FakeAVCeleb_v1.2/RealVideo-FakeAudio/African/women/id00220/00027_fake.mp4,../data/raw/FakeAVCeleb_v1.2/RealVideo-FakeAudio/African/women/id00220/00027_fake.mp4,550_RealVideo-FakeAudio,5,True,../data/processed/frames,../data/processed/audio/550_RealVideo-FakeAudio.wav
id00359,fake.mp4,-,rtvc,B,RealVideo-FakeAudio,African,women,00053_fake.mp4,FakeAVCeleb/RealVideo-FakeAudio/African/women/id00359,FakeAVCeleb_v1.2/RealVideo-FakeAudio/African/women/id00359/00053_fake.mp4,../data/raw/FakeAVCeleb_v1.2/RealVideo-FakeAudio/African/women/id00359/00053_fake.mp4,551_RealVideo-FakeAudio,4,True,../data/processed/frames,../data/processed/audio/551_RealVideo-FakeAudio.wav
id00371,fake.mp4,-,rtvc,B,RealVideo-FakeAudio,African,women,00099_fake.mp4,FakeAVCeleb/RealVideo-FakeAudio/African/women/id00371,FakeAVCeleb_v1.2/RealVideo-FakeAudio/African/women/id00371/00099_fake.mp4,../data/raw/FakeAVCeleb_v1.2/RealVideo-FakeAudio/African/women/id00371/00099_fake.mp4,552_RealVideo-FakeAudio,5,True,../data/processed/frames,../data/processed/audio/552_RealVideo-FakeAudio.wav
id00460,fake.mp4,-,rtvc,B,RealVideo-FakeAudio,African,women,00005_fake.mp4,FakeAVCeleb/RealVideo-FakeAudio/African/women/id00460,FakeAVCeleb_v1.2/RealVideo-FakeAudio/African/women/id00460/00005_fake.mp4,../data/raw/FakeAVCeleb_v1.2/RealVideo-FakeAudio/African/women/id00460/00005_fake.mp4,553_RealVideo-FakeAudio,5,True,../data/processed/frames,../data/processed/audio/553_RealVideo-FakeAudio.wav
id00568,fake.mp4,-,rtvc,B,RealVideo-FakeAudio,African,women,00384_fake.mp4,FakeAVCeleb/RealVideo-FakeAudio/African/women/id00568,FakeAVCeleb_v1.2/RealVideo-FakeAudio/African/women/id00568/00384_fake.mp4,../data/raw/FakeAVCeleb_v1.2/RealVideo-FakeAudio/African/women/id00568/00384_fake.mp4,554_RealVideo-FakeAudio,5,True,../data/processed/frames,../data/processed/audio/554_RealVideo-FakeAudio.wav
id00577,fake.mp4,-,rtvc,B,RealVideo-FakeAudio,African,women,00010_fake.mp4,FakeAVCeleb/RealVideo-FakeAudio/African/women/id00577,FakeAVCeleb_v1.2/RealVideo-FakeAudio/African/women/id00577/00010_fake.mp4,../data/raw/FakeAVCeleb_v1.2/RealVideo-FakeAudio/African/women/id00577/00010_fake.mp4,555_RealVideo-FakeAudio,3,True,../data/processed/frames,../data/processed/audio/555_RealVideo-FakeAudio.wav
id00592,fake.mp4,-,rtvc,B,RealVideo-FakeAudio,African,women,00017_fake.mp4,FakeAVCeleb/RealVideo-FakeAudio/African/women/id00592,FakeAVCeleb_v1.2/RealVideo-FakeAudio/African/women/id00592/00017_fake.mp4,../data/raw/FakeAVCeleb_v1.2/RealVideo-FakeAudio/African/women/id00592/00017_fake.mp4,556_RealVideo-FakeAudio,4,True,../data/processed/frames,../data/processed/audio/556_RealVideo-FakeAudio.wav
id00707,fake.mp4,-,rtvc,B,RealVideo-FakeAudio,African,women,00052_fake.mp4,FakeAVCeleb/RealVideo-FakeAudio/African/women/id00707,FakeAVCeleb_v1.2/RealVideo-FakeAudio/African/women/id00707/00052_fake.mp4,../data/raw/FakeAVCeleb_v1.2/RealVideo-FakeAudio/African/women/id00707/00052_fake.mp4,557_RealVideo-FakeAudio,4,True,../data/processed/frames,../data/processed/audio/557_RealVideo-FakeAudio.wav
id00829,fake.mp4,-,rtvc,B,RealVideo-FakeAudio,African,women,00271_fake.mp4,FakeAVCeleb/RealVideo-FakeAudio/African/women/id00829,FakeAVCeleb_v1.2/RealVideo-FakeAudio/African/women/id00829/00271_fake.mp4,../data/raw/FakeAVCeleb_v1.2/RealVideo-FakeAudio/African/women/id00829/00271_fake.mp4,558_RealVideo-FakeAudio,5,True,../data/processed/frames,../data/processed/audio/558_RealVideo-FakeAudio.wav
id00832,fake.mp4,-,rtvc,B,RealVideo-FakeAudio,African,women,00078_fake.mp4,FakeAVCeleb/RealVideo-FakeAudio/African/women/id00832,FakeAVCeleb_v1.2/RealVideo-FakeAudio/African/women/id00832/00078_fake.mp4,../data/raw/FakeAVCeleb_v1.2/RealVideo-FakeAudio/African/women/id00832/00078_fake.mp4,559_RealVideo-FakeAudio,5,True,../data/processed/frames,../data/processed/audio/559_RealVideo-FakeAudio.wav
id01178,fake.mp4,-,rtvc,B,RealVideo-FakeAudio,African,women,00028_fake.mp4,FakeAVCeleb/RealVideo-FakeAudio/African/women/id01178,FakeAVCeleb_v1.2/RealVideo-FakeAudio/African/women/id01178/00028_fake.mp4,../data/raw/FakeAVCeleb_v1.2/RealVideo-FakeAudio/African/women/id01178/00028_fake.mp4,560_RealVideo-FakeAudio,5,True,../data/processed/frames,../data/processed/audio/560_RealVideo-FakeAudio.wav
id01532,fake.mp4,-,rtvc,B,RealVideo-FakeAudio,African,women,00065_fake.mp4,FakeAVCeleb/RealVideo-FakeAudio/African/women/id01532,FakeAVCeleb_v1.2/RealVideo-FakeAudio/African/women/id01532/00065_fake.mp4,../data/raw/FakeAVCeleb_v1.2/RealVideo-FakeAudio/African/women/id01532/00065_fake.mp4,561_RealVideo-FakeAudio,3,True,../data/processed/frames,../data/processed/audio/561_RealVideo-FakeAudio.wav
id01661,fake.mp4,-,rtvc,B,RealVideo-FakeAudio,African,women,00059_fake.mp4,FakeAVCeleb/RealVideo-FakeAudio/African/women/id01661,FakeAVCeleb_v1.2/RealVideo-FakeAudio/African/women/id01661/00059_fake.mp4,../data/raw/FakeAVCeleb_v1.2/RealVideo-FakeAudio/African/women/id01661/00059_fake.mp4,562_RealVideo-FakeAudio,3,True,../data/processed/frames,../data/processed/audio/562_RealVideo-FakeAudio.wav
id01783,fake.mp4,-,rtvc,B,RealVideo-FakeAudio,African,women,00015_fake.mp4,FakeAVCeleb/RealVideo-FakeAudio/African/women/id01783,FakeAVCeleb_v1.2/RealVideo-FakeAudio/African/women/id01783/00015_fake.mp4,../data/raw/FakeAVCeleb_v1.2/RealVideo-FakeAudio/African/women/id01783/00015_fake.mp4,563_RealVideo-FakeAudio,2,True,../data/processed/frames,../data/processed/audio/563_RealVideo-FakeAudio.wav
id01838,fake.mp4,-,rtvc,B,RealVideo-FakeAudio,African,women,00126_fake.mp4,FakeAVCeleb/RealVideo-FakeAudio/African/women/id01838,FakeAVCeleb_v1.2/RealVideo-FakeAudio/African/women/id01838/00126_fake.mp4,../data/raw/FakeAVCeleb_v1.2/RealVideo-FakeAudio/African/women/id01838/00126_fake.mp4,564_RealVideo-FakeAudio,5,True,../data/processed/frames,../data/processed/audio/564_RealVideo-FakeAudio.wav
id01907,fake.mp4,-,rtvc,B,RealVideo-FakeAudio,African,women,00148_fake.mp4,FakeAVCeleb/RealVideo-FakeAudio/African/women/id01907,FakeAVCeleb_v1.2/RealVideo-FakeAudio/African/women/id01907/00148_fake.mp4,../data/raw/FakeAVCeleb_v1.2/RealVideo-FakeAudio/African/women/id01907/00148_fake.mp4,565_RealVideo-FakeAudio,5,True,../data/processed/frames,../data/processed/audio/565_RealVideo-FakeAudio.wav
id02301,fake.mp4,-,rtvc,B,RealVideo-FakeAudio,African,women,00092_fake.mp4,FakeAVCeleb/RealVideo-FakeAudio/African/women/id02301,FakeAVCeleb_v1.2/RealVideo-FakeAudio/African/women/id02301/00092_fake.mp4,../data/raw/FakeAVCeleb_v1.2/RealVideo-FakeAudio/African/women/id02301/00092_fake.mp4,567_RealVideo-FakeAudio,5,True,../data/processed/frames,../data/processed/audio/567_RealVideo-FakeAudio.wav
id02508,fake.mp4,-,rtvc,B,RealVideo-FakeAudio,African,women,00083_fake.mp4,FakeAVCeleb/RealVideo-FakeAudio/African/women/id02508,FakeAVCeleb_v1.2/RealVideo-FakeAudio/African/women/id02508/00083_fake.mp4,../data/raw/FakeAVCeleb_v1.2/RealVideo-FakeAudio/African/women/id02508/00083_fake.mp4,568_RealVideo-FakeAudio,5,True,../data/processed/frames,../data/processed/audio/568_RealVideo-FakeAudio.wav
id02586,fake.mp4,-,rtvc,B,RealVideo-FakeAudio,African,women,00042_fake.mp4,FakeAVCeleb/RealVideo-FakeAudio/African/women/id02586,FakeAVCeleb_v1.2/RealVideo-FakeAudio/African/women/id02586/00042_fake.mp4,../data/raw/FakeAVCeleb_v1.2/RealVideo-FakeAudio/African/women/id02586/00042_fake.mp4,569_RealVideo-FakeAudio,4,True,../data/processed/frames,../data/processed/audio/569_RealVideo-FakeAudio.wav
id02617,fake.mp4,-,rtvc,B,RealVideo-FakeAudio,African,women,00028_fake.mp4,FakeAVCeleb/RealVideo-FakeAudio/African/women/id02617,FakeAVCeleb_v1.2/RealVideo-FakeAudio/African/women/id02617/00028_fake.mp4,../data/raw/FakeAVCeleb_v1.2/RealVideo-FakeAudio/African/women/id02617/00028_fake.mp4,570_RealVideo-FakeAudio,4,True,../data/processed/frames,../data/processed/audio/570_RealVideo-FakeAudio.wav
id02721,fake.mp4,-,rtvc,B,RealVideo-FakeAudio,African,women,00424_fake.mp4,FakeAVCeleb/RealVideo-FakeAudio/African/women/id02721,FakeAVCeleb_v1.2/RealVideo-FakeAudio/African/women/id02721/00424_fake.mp4,../data/raw/FakeAVCeleb_v1.2/RealVideo-FakeAudio/African/women/id02721/00424_fake.mp4,571_RealVideo-FakeAudio,4,True,../data/processed/frames,../data/processed/audio/571_RealVideo-FakeAudio.wav
id02808,fake.mp4,-,rtvc,B,RealVideo-FakeAudio,African,women,00056_fake.mp4,FakeAVCeleb/RealVideo-FakeAudio/African/women/id02808,FakeAVCeleb_v1.2/RealVideo-FakeAudio/African/women/id02808/00056_fake.mp4,../data/raw/FakeAVCeleb_v1.2/RealVideo-FakeAudio/African/women/id02808/00056_fake.mp4,572_RealVideo-FakeAudio,3,True,../data/processed/frames,../data/processed/audio/572_RealVideo-FakeAudio.wav
id02824,fake.mp4,-,rtvc,B,RealVideo-FakeAudio,African,women,00130_fake.mp4,FakeAVCeleb/RealVideo-FakeAudio/African/women/id02824,FakeAVCeleb_v1.2/RealVideo-FakeAudio/African/women/id02824/00130_fake.mp4,../data/raw/FakeAVCeleb_v1.2/RealVideo-FakeAudio/African/women/id02824/00130_fake.mp4,573_RealVideo-FakeAudio,4,True,../data/processed/frames,../data/processed/audio/573_RealVideo-FakeAudio.wav
id02838,fake.mp4,-,rtvc,B,RealVideo-FakeAudio,African,women,00080_fake.mp4,FakeAVCeleb/RealVideo-FakeAudio/African/women/id02838,FakeAVCeleb_v1.2/RealVideo-FakeAudio/African/women/id02838/00080_fake.mp4,../data/raw/FakeAVCeleb_v1.2/RealVideo-FakeAudio/African/women/id02838/00080_fake.mp4,574_RealVideo-FakeAudio,5,True,../data/processed/frames,../data/processed/audio/574_RealVideo-FakeAudio.wav
id02948,fake.mp4,-,rtvc,B,RealVideo-FakeAudio,African,women,00298_fake.mp4,FakeAVCeleb/RealVideo-FakeAudio/African/women/id02948,FakeAVCeleb_v1.2/RealVideo-FakeAudio/African/women/id02948/00298_fake.mp4,../data/raw/FakeAVCeleb_v1.2/RealVideo-FakeAudio/African/women/id02948/00298_fake.mp4,575_RealVideo-FakeAudio,4,True,../data/processed/frames,../data/processed/audio/575_RealVideo-FakeAudio.wav
id03103,fake.mp4,-,rtvc,B,RealVideo-FakeAudio,African,women,00130_fake.mp4,FakeAVCeleb/RealVideo-FakeAudio/African/women/id03103,FakeAVCeleb_v1.2/RealVideo-FakeAudio/African/women/id03103/00130_fake.mp4,../data/raw/FakeAVCeleb_v1.2/RealVideo-FakeAudio/African/women/id03103/00130_fake.mp4,576_RealVideo-FakeAudio,5,True,../data/processed/frames,../data/processed/audio/576_RealVideo-FakeAudio.wav
id03569,fake.mp4,-,rtvc,B,RealVideo-FakeAudio,African,women,00065_fake.mp4,FakeAVCeleb/RealVideo-FakeAudio/African/women/id03569,FakeAVCeleb_v1.2/RealVideo-FakeAudio/African/women/id03569/00065_fake.mp4,../data/raw/FakeAVCeleb_v1.2/RealVideo-FakeAudio/African/women/id03569/00065_fake.mp4,577_RealVideo-FakeAudio,2,True,../data/processed/frames,../data/processed/audio/577_RealVideo-FakeAudio.wav
id03656,fake.mp4,-,rtvc,B,RealVideo-FakeAudio,African,women,00052_fake.mp4,FakeAVCeleb/RealVideo-FakeAudio/African/women/id03656,FakeAVCeleb_v1.2/RealVideo-FakeAudio/African/women/id03656/00052_fake.mp4,../data/raw/FakeAVCeleb_v1.2/RealVideo-FakeAudio/African/women/id03656/00052_fake.mp4,578_RealVideo-FakeAudio,5,True,../data/processed/frames,../data/processed/audio/578_RealVideo-FakeAudio.wav
id03658,fake.mp4,-,rtvc,B,RealVideo-FakeAudio,African,women,00077_fake.mp4,FakeAVCeleb/RealVideo-FakeAudio/African/women/id03658,FakeAVCeleb_v1.2/RealVideo-FakeAudio/African/women/id03658/00077_fake.mp4,../data/raw/FakeAVCeleb_v1.2/RealVideo-FakeAudio/African/women/id03658/00077_fake.mp4,579_RealVideo-FakeAudio,2,True,../data/processed/frames,../data/processed/audio/579_RealVideo-FakeAudio.wav
id03713,fake.mp4,-,rtvc,B,RealVideo-FakeAudio,African,women,00249_fake.mp4,FakeAVCeleb/RealVideo-FakeAudio/African/women/id03713,FakeAVCeleb_v1.2/RealVideo-FakeAudio/African/women/id03713/00249_fake.mp4,../data/raw/FakeAVCeleb_v1.2/RealVideo-FakeAudio/African/women/id03713/00249_fake.mp4,580_RealVideo-FakeAudio,5,True,../data/processed/frames,../data/processed/audio/580_RealVideo-FakeAudio.wav
id03747,fake.mp4,-,rtvc,B,RealVideo-FakeAudio,African,women,00273_fake.mp4,FakeAVCeleb/RealVideo-FakeAudio/African/women/id03747,FakeAVCeleb_v1.2/RealVideo-FakeAudio/African/women/id03747/00273_fake.mp4,../data/raw/FakeAVCeleb_v1.2/RealVideo-FakeAudio/African/women/id03747/00273_fake.mp4,581_RealVideo-FakeAudio,5,True,../data/processed/frames,../data/processed/audio/581_RealVideo-FakeAudio.wav
id04055,fake.mp4,-,rtvc,B,RealVideo-FakeAudio,African,women,00001_fake.mp4,FakeAVCeleb/RealVideo-FakeAudio/African/women/id04055,FakeAVCeleb_v1.2/RealVideo-FakeAudio/African/women/id04055/00001_fake.mp4,../data/raw/FakeAVCeleb_v1.2/RealVideo-FakeAudio/African/women/id04055/00001_fake.mp4,582_RealVideo-FakeAudio,5,True,../data/processed/frames,../data/processed/audio/582_RealVideo-FakeAudio.wav
id04245,fake.mp4,-,rtvc,B,RealVideo-FakeAudio,African,women,00072_fake.mp4,FakeAVCeleb/RealVideo-FakeAudio/African/women/id04245,FakeAVCeleb_v1.2/RealVideo-FakeAudio/African/women/id04245/00072_fake.mp4,../data/raw/FakeAVCeleb_v1.2/RealVideo-FakeAudio/African/women/id04245/00072_fake.mp4,583_RealVideo-FakeAudio,5,True,../data/processed/frames,../data/processed/audio/583_RealVideo-FakeAudio.wav
id04376,fake.mp4,-,rtvc,B,RealVideo-FakeAudio,African,women,00181_fake.mp4,FakeAVCeleb/RealVideo-FakeAudio/African/women/id04376,FakeAVCeleb_v1.2/RealVideo-FakeAudio/African/women/id04376/00181_fake.mp4,../data/raw/FakeAVCeleb_v1.2/RealVideo-FakeAudio/African/women/id04376/00181_fake.mp4,585_RealVideo-FakeAudio,5,True,../data/processed/frames,../data/processed/audio/585_RealVideo-FakeAudio.wav
id04437,fake.mp4,-,rtvc,B,RealVideo-FakeAudio,African,women,00002_fake.mp4,FakeAVCeleb/RealVideo-FakeAudio/African/women/id04437,FakeAVCeleb_v1.2/RealVideo-FakeAudio/African/women/id04437/00002_fake.mp4,../data/raw/FakeAVCeleb_v1.2/RealVideo-FakeAudio/African/women/id04437/00002_fake.mp4,586_RealVideo-FakeAudio,5,True,../data/processed/frames,../data/processed/audio/586_RealVideo-FakeAudio.wav
id04540,fake.mp4,-,rtvc,B,RealVideo-FakeAudio,African,women,00078_fake.mp4,FakeAVCeleb/RealVideo-FakeAudio/African/women/id04540,FakeAVCeleb_v1.2/RealVideo-FakeAudio/African/women/id04540/00078_fake.mp4,../data/raw/FakeAVCeleb_v1.2/RealVideo-FakeAudio/African/women/id04540/00078_fake.mp4,587_RealVideo-FakeAudio,5,True,../data/processed/frames,../data/processed/audio/587_RealVideo-FakeAudio.wav
id04547,fake.mp4,-,rtvc,B,RealVideo-FakeAudio,African,women,00052_fake.mp4,FakeAVCeleb/RealVideo-FakeAudio/African/women/id04547,FakeAVCeleb_v1.2/RealVideo-FakeAudio/African/women/id04547/00052_fake.mp4,../data/raw/FakeAVCeleb_v1.2/RealVideo-FakeAudio/African/women/id04547/00052_fake.mp4,588_RealVideo-FakeAudio,3,True,../data/processed/frames,../data/processed/audio/588_RealVideo-FakeAudio.wav
id04689,fake.mp4,-,rtvc,B,RealVideo-FakeAudio,African,women,00005_fake.mp4,FakeAVCeleb/RealVideo-FakeAudio/African/women/id04689,FakeAVCeleb_v1.2/RealVideo-FakeAudio/African/women/id04689/00005_fake.mp4,../data/raw/FakeAVCeleb_v1.2/RealVideo-FakeAudio/African/women/id04689/00005_fake.mp4,589_RealVideo-FakeAudio,4,True,../data/processed/frames,../data/processed/audio/589_RealVideo-FakeAudio.wav
id04705,fake.mp4,-,rtvc,B,RealVideo-FakeAudio,African,women,00408_fake.mp4,FakeAVCeleb/RealVideo-FakeAudio/African/women/id04705,FakeAVCeleb_v1.2/RealVideo-FakeAudio/African/women/id04705/00408_fake.mp4,../data/raw/FakeAVCeleb_v1.2/RealVideo-FakeAudio/African/women/id04705/00408_fake.mp4,590_RealVideo-FakeAudio,2,True,../data/processed/frames,../data/processed/audio/590_RealVideo-FakeAudio.wav
id04736,fake.mp4,-,rtvc,B,RealVideo-FakeAudio,African,women,00083_fake.mp4,FakeAVCeleb/RealVideo-FakeAudio/African/women/id04736,FakeAVCeleb_v1.2/RealVideo-FakeAudio/African/women/id04736/00083_fake.mp4,../data/raw/FakeAVCeleb_v1.2/RealVideo-FakeAudio/African/women/id04736/00083_fake.mp4,591_RealVideo-FakeAudio,4,True,../data/processed/frames,../data/processed/audio/591_RealVideo-FakeAudio.wav
id04820,fake.mp4,-,rtvc,B,RealVideo-FakeAudio,African,women,00015_fake.mp4,FakeAVCeleb/RealVideo-FakeAudio/African/women/id04820,FakeAVCeleb_v1.2/RealVideo-FakeAudio/African/women/id04820/00015_fake.mp4,../data/raw/FakeAVCeleb_v1.2/RealVideo-FakeAudio/African/women/id04820/00015_fake.mp4,592_RealVideo-FakeAudio,5,True,../data/processed/frames,../data/processed/audio/592_RealVideo-FakeAudio.wav
id04939,fake.mp4,-,rtvc,B,RealVideo-FakeAudio,African,women,00174_fake.mp4,FakeAVCeleb/RealVideo-FakeAudio/African/women/id04939,FakeAVCeleb_v1.2/RealVideo-FakeAudio/African/women/id04939/00174_fake.mp4,../data/raw/FakeAVCeleb_v1.2/RealVideo-FakeAudio/African/women/id04939/00174_fake.mp4,593_RealVideo-FakeAudio,4,True,../data/processed/frames,../data/processed/audio/593_RealVideo-FakeAudio.wav
id05106,fake.mp4,-,rtvc,B,RealVideo-FakeAudio,African,women,00078_fake.mp4,FakeAVCeleb/RealVideo-FakeAudio/African/women/id05106,FakeAVCeleb_v1.2/RealVideo-FakeAudio/African/women/id05106/00078_fake.mp4,../data/raw/FakeAVCeleb_v1.2/RealVideo-FakeAudio/African/women/id05106/00078_fake.mp4,594_RealVideo-FakeAudio,5,True,../data/processed/frames,../data/processed/audio/594_RealVideo-FakeAudio.wav
id05231,fake.mp4,-,rtvc,B,RealVideo-FakeAudio,African,women,00149_fake.mp4,FakeAVCeleb/RealVideo-FakeAudio/African/women/id05231,FakeAVCeleb_v1.2/RealVideo-FakeAudio/African/women/id05231/00149_fake.mp4,../data/raw/FakeAVCeleb_v1.2/RealVideo-FakeAudio/African/women/id05231/00149_fake.mp4,595_RealVideo-FakeAudio,5,True,../data/processed/frames,../data/processed/audio/595_RealVideo-FakeAudio.wav
id05235,fake.mp4,-,rtvc,B,RealVideo-FakeAudio,African,women,00052_fake.mp4,FakeAVCeleb/RealVideo-FakeAudio/African/women/id05235,FakeAVCeleb_v1.2/RealVideo-FakeAudio/African/women/id05235/00052_fake.mp4,../data/raw/FakeAVCeleb_v1.2/RealVideo-FakeAudio/African/women/id05235/00052_fake.mp4,596_RealVideo-FakeAudio,3,True,../data/processed/frames,../data/processed/audio/596_RealVideo-FakeAudio.wav
id05251,fake.mp4,-,rtvc,B,RealVideo-FakeAudio,African,women,00033_fake.mp4,FakeAVCeleb/RealVideo-FakeAudio/African/women/id05251,FakeAVCeleb_v1.2/RealVideo-FakeAudio/African/women/id05251/00033_fake.mp4,../data/raw/FakeAVCeleb_v1.2/RealVideo-FakeAudio/African/women/id05251/00033_fake.mp4,597_RealVideo-FakeAudio,5,True,../data/processed/frames,../data/processed/audio/597_RealVideo-FakeAudio.wav
id05252,fake.mp4,-,rtvc,B,RealVideo-FakeAudio,African,women,00052_fake.mp4,FakeAVCeleb/RealVideo-FakeAudio/African/women/id05252,FakeAVCeleb_v1.2/RealVideo-FakeAudio/African/women/id05252/00052_fake.mp4,../data/raw/FakeAVCeleb_v1.2/RealVideo-FakeAudio/African/women/id05252/00052_fake.mp4,598_RealVideo-FakeAudio,4,True,../data/processed/frames,../data/processed/audio/598_RealVideo-FakeAudio.wav
id05980,fake.mp4,-,rtvc,B,RealVideo-FakeAudio,African,women,00143_fake.mp4,FakeAVCeleb/RealVideo-FakeAudio/African/women/id05980,FakeAVCeleb_v1.2/RealVideo-FakeAudio/African/women/id05980/00143_fake.mp4,../data/raw/FakeAVCeleb_v1.2/RealVideo-FakeAudio/African/women/id05980/00143_fake.mp4,599_RealVideo-FakeAudio,5,True,../data/processed/frames,../data/processed/audio/599_RealVideo-FakeAudio.wav
id00018,fake.mp4,-,rtvc,B,RealVideo-FakeAudio,Caucasian (American),men,00181_fake.mp4,FakeAVCeleb/RealVideo-FakeAudio/Caucasian (American)/men/id00018,FakeAVCeleb_v1.2/RealVideo-FakeAudio/Caucasian (American)/men/id00018/00181_fake.mp4,../data/raw/FakeAVCeleb_v1.2/RealVideo-FakeAudio/Caucasian (American)/men/id00018/00181_fake.mp4,600_RealVideo-FakeAudio,5,True,../data/processed/frames,../data/processed/audio/600_RealVideo-FakeAudio.wav
id00020,fake.mp4,-,rtvc,B,RealVideo-FakeAudio,Caucasian (American),men,00206_fake.mp4,FakeAVCeleb/RealVideo-FakeAudio/Caucasian (American)/men/id00020,FakeAVCeleb_v1.2/RealVideo-FakeAudio/Caucasian (American)/men/id00020/00206_fake.mp4,../data/raw/FakeAVCeleb_v1.2/RealVideo-FakeAudio/Caucasian (American)/men/id00020/00206_fake.mp4,601_RealVideo-FakeAudio,5,True,../data/processed/frames,../data/processed/audio/601_RealVideo-FakeAudio.wav
id00021,fake.mp4,-,rtvc,B,RealVideo-FakeAudio,Caucasian (American),men,00010_fake.mp4,FakeAVCeleb/RealVideo-FakeAudio/Caucasian (American)/men/id00021,FakeAVCeleb_v1.2/RealVideo-FakeAudio/Caucasian (American)/men/id00021/00010_fake.mp4,../data/raw/FakeAVCeleb_v1.2/RealVideo-FakeAudio/Caucasian (American)/men/id00021/00010_fake.mp4,602_RealVideo-FakeAudio,2,True,../data/processed/frames,../data/processed/audio/602_RealVideo-FakeAudio.wav
id00029,fake.mp4,-,rtvc,B,RealVideo-FakeAudio,Caucasian (American),men,00288_fake.mp4,FakeAVCeleb/RealVideo-FakeAudio/Caucasian (American)/men/id00029,FakeAVCeleb_v1.2/RealVideo-FakeAudio/Caucasian (American)/men/id00029/00288_fake.mp4,../data/raw/FakeAVCeleb_v1.2/RealVideo-FakeAudio/Caucasian (American)/men/id00029/00288_fake.mp4,603_RealVideo-FakeAudio,5,True,../data/processed/frames,../data/processed/audio/603_RealVideo-FakeAudio.wav
id00049,fake.mp4,-,rtvc,B,RealVideo-FakeAudio,Caucasian (American),men,00118_fake.mp4,FakeAVCeleb/RealVideo-FakeAudio/Caucasian (American)/men/id00049,FakeAVCeleb_v1.2/RealVideo-FakeAudio/Caucasian (American)/men/id00049/00118_fake.mp4,../data/raw/FakeAVCeleb_v1.2/RealVideo-FakeAudio/Caucasian (American)/men/id00049/00118_fake.mp4,604_RealVideo-FakeAudio,5,True,../data/processed/frames,../data/processed/audio/604_RealVideo-FakeAudio.wav
id00052,fake.mp4,-,rtvc,B,RealVideo-FakeAudio,Caucasian (American),men,00015_fake.mp4,FakeAVCeleb/RealVideo-FakeAudio/Caucasian (American)/men/id00052,FakeAVCeleb_v1.2/RealVideo-FakeAudio/Caucasian (American)/men/id00052/00015_fake.mp4,../data/raw/FakeAVCeleb_v1.2/RealVideo-FakeAudio/Caucasian (American)/men/id00052/00015_fake.mp4,605_RealVideo-FakeAudio,5,True,../data/processed/frames,../data/processed/audio/605_RealVideo-FakeAudio.wav
id00060,fake.mp4,-,rtvc,B,RealVideo-FakeAudio,Caucasian (American),men,00307_fake.mp4,FakeAVCeleb/RealVideo-FakeAudio/Caucasian (American)/men/id00060,FakeAVCeleb_v1.2/RealVideo-FakeAudio/Caucasian (American)/men/id00060/00307_fake.mp4,../data/raw/FakeAVCeleb_v1.2/RealVideo-FakeAudio/Caucasian (American)/men/id00060/00307_fake.mp4,606_RealVideo-FakeAudio,4,True,../data/processed/frames,../data/processed/audio/606_RealVideo-FakeAudio.wav
id00062,fake.mp4,-,rtvc,B,RealVideo-FakeAudio,Caucasian (American),men,00278_fake.mp4,FakeAVCeleb/RealVideo-FakeAudio/Caucasian (American)/men/id00062,FakeAVCeleb_v1.2/RealVideo-FakeAudio/Caucasian (American)/men/id00062/00278_fake.mp4,../data/raw/FakeAVCeleb_v1.2/RealVideo-FakeAudio/Caucasian (American)/men/id00062/00278_fake.mp4,607_RealVideo-FakeAudio,5,True,../data/processed/frames,../data/processed/audio/607_RealVideo-FakeAudio.wav
id00087,fake.mp4,-,rtvc,B,RealVideo-FakeAudio,Caucasian (American),men,00002_fake.mp4,FakeAVCeleb/RealVideo-FakeAudio/Caucasian (American)/men/id00087,FakeAVCeleb_v1.2/RealVideo-FakeAudio/Caucasian (American)/men/id00087/00002_fake.mp4,../data/raw/FakeAVCeleb_v1.2/RealVideo-FakeAudio/Caucasian (American)/men/id00087/00002_fake.mp4,608_RealVideo-FakeAudio,5,True,../data/processed/frames,../data/processed/audio/608_RealVideo-FakeAudio.wav
id00088,fake.mp4,-,rtvc,B,RealVideo-FakeAudio,Caucasian (American),men,00005_fake.mp4,FakeAVCeleb/RealVideo-FakeAudio/Caucasian (American)/men/id00088,FakeAVCeleb_v1.2/RealVideo-FakeAudio/Caucasian (American)/men/id00088/00005_fake.mp4,../data/raw/FakeAVCeleb_v1.2/RealVideo-FakeAudio/Caucasian (American)/men/id00088/00005_fake.mp4,609_RealVideo-FakeAudio,3,True,../data/processed/frames,../data/processed/audio/609_RealVideo-FakeAudio.wav
id00169,fake.mp4,-,rtvc,B,RealVideo-FakeAudio,Caucasian (American),men,00021_fake.mp4,FakeAVCeleb/RealVideo-FakeAudio/Caucasian (American)/men/id00169,FakeAVCeleb_v1.2/RealVideo-FakeAudio/Caucasian (American)/men/id00169/00021_fake.mp4,../data/raw/FakeAVCeleb_v1.2/RealVideo-FakeAudio/Caucasian (American)/men/id00169/00021_fake.mp4,610_RealVideo-FakeAudio,5,True,../data/processed/frames,../data/processed/audio/610_RealVideo-FakeAudio.wav
id00179,fake.mp4,-,rtvc,B,RealVideo-FakeAudio,Caucasian (American),men,00143_fake.mp4,FakeAVCeleb/RealVideo-FakeAudio/Caucasian (American)/men/id00179,FakeAVCeleb_v1.2/RealVideo-FakeAudio/Caucasian (American)/men/id00179/00143_fake.mp4,../data/raw/FakeAVCeleb_v1.2/RealVideo-FakeAudio/Caucasian (American)/men/id00179/00143_fake.mp4,611_RealVideo-FakeAudio,5,True,../data/processed/frames,../data/processed/audio/611_RealVideo-FakeAudio.wav
id00184,fake.mp4,-,rtvc,B,RealVideo-FakeAudio,Caucasian (American),men,00241_fake.mp4,FakeAVCeleb/RealVideo-FakeAudio/Caucasian (American)/men/id00184,FakeAVCeleb_v1.2/RealVideo-FakeAudio/Caucasian (American)/men/id00184/00241_fake.mp4,../data/raw/FakeAVCeleb_v1.2/RealVideo-FakeAudio/Caucasian (American)/men/id00184/00241_fake.mp4,612_RealVideo-FakeAudio,5,True,../data/processed/frames,../data/processed/audio/612_RealVideo-FakeAudio.wav
id00243,fake.mp4,-,rtvc,B,RealVideo-FakeAudio,Caucasian (American),men,00037_fake.mp4,FakeAVCeleb/RealVideo-FakeAudio/Caucasian (American)/men/id00243,FakeAVCeleb_v1.2/RealVideo-FakeAudio/Caucasian (American)/men/id00243/00037_fake.mp4,../data/raw/FakeAVCeleb_v1.2/RealVideo-FakeAudio/Caucasian (American)/men/id00243/00037_fake.mp4,613_RealVideo-FakeAudio,5,True,../data/processed/frames,../data/processed/audio/613_RealVideo-FakeAudio.wav
id00264,fake.mp4,-,rtvc,B,RealVideo-FakeAudio,Caucasian (American),men,00257_fake.mp4,FakeAVCeleb/RealVideo-FakeAudio/Caucasian (American)/men/id00264,FakeAVCeleb_v1.2/RealVideo-FakeAudio/Caucasian (American)/men/id00264/00257_fake.mp4,../data/raw/FakeAVCeleb_v1.2/RealVideo-FakeAudio/Caucasian (American)/men/id00264/00257_fake.mp4,614_RealVideo-FakeAudio,5,True,../data/processed/frames,../data/processed/audio/614_RealVideo-FakeAudio.wav
id00345,fake.mp4,-,rtvc,B,RealVideo-FakeAudio,Caucasian (American),men,00243_fake.mp4,FakeAVCeleb/RealVideo-FakeAudio/Caucasian (American)/men/id00345,FakeAVCeleb_v1.2/RealVideo-FakeAudio/Caucasian (American)/men/id00345/00243_fake.mp4,../data/raw/FakeAVCeleb_v1.2/RealVideo-FakeAudio/Caucasian (American)/men/id00345/00243_fake.mp4,615_RealVideo-FakeAudio,5,True,../data/processed/frames,../data/processed/audio/615_RealVideo-FakeAudio.wav
id00529,fake.mp4,-,rtvc,B,RealVideo-FakeAudio,Caucasian (American),men,00409_fake.mp4,FakeAVCeleb/RealVideo-FakeAudio/Caucasian (American)/men/id00529,FakeAVCeleb_v1.2/RealVideo-FakeAudio/Caucasian (American)/men/id00529/00409_fake.mp4,../data/raw/FakeAVCeleb_v1.2/RealVideo-FakeAudio/Caucasian (American)/men/id00529/00409_fake.mp4,616_RealVideo-FakeAudio,5,True,../data/processed/frames,../data/processed/audio/616_RealVideo-FakeAudio.wav
id00696,fake.mp4,-,rtvc,B,RealVideo-FakeAudio,Caucasian (American),men,00005_fake.mp4,FakeAVCeleb/RealVideo-FakeAudio/Caucasian (American)/men/id00696,FakeAVCeleb_v1.2/RealVideo-FakeAudio/Caucasian (American)/men/id00696/00005_fake.mp4,../data/raw/FakeAVCeleb_v1.2/RealVideo-FakeAudio/Caucasian (American)/men/id00696/00005_fake.mp4,617_RealVideo-FakeAudio,5,True,../data/processed/frames,../data/processed/audio/617_RealVideo-FakeAudio.wav
id00708,fake.mp4,-,rtvc,B,RealVideo-FakeAudio,Caucasian (American),men,00043_fake.mp4,FakeAVCeleb/RealVideo-FakeAudio/Caucasian (American)/men/id00708,FakeAVCeleb_v1.2/RealVideo-FakeAudio/Caucasian (American)/men/id00708/00043_fake.mp4,../data/raw/FakeAVCeleb_v1.2/RealVideo-FakeAudio/Caucasian (American)/men/id00708/00043_fake.mp4,618_RealVideo-FakeAudio,5,True,../data/processed/frames,../data/processed/audio/618_RealVideo-FakeAudio.wav
id00775,fake.mp4,-,rtvc,B,RealVideo-FakeAudio,Caucasian (American),men,00092_fake.mp4,FakeAVCeleb/RealVideo-FakeAudio/Caucasian (American)/men/id00775,FakeAVCeleb_v1.2/RealVideo-FakeAudio/Caucasian (American)/men/id00775/00092_fake.mp4,../data/raw/FakeAVCeleb_v1.2/RealVideo-FakeAudio/Caucasian (American)/men/id00775/00092_fake.mp4,619_RealVideo-FakeAudio,5,True,../data/processed/frames,../data/processed/audio/619_RealVideo-FakeAudio.wav
id00777,fake.mp4,-,rtvc,B,RealVideo-FakeAudio,Caucasian (American),men,00160_fake.mp4,FakeAVCeleb/RealVideo-FakeAudio/Caucasian (American)/men/id00777,FakeAVCeleb_v1.2/RealVideo-FakeAudio/Caucasian (American)/men/id00777/00160_fake.mp4,../data/raw/FakeAVCeleb_v1.2/RealVideo-FakeAudio/Caucasian (American)/men/id00777/00160_fake.mp4,620_RealVideo-FakeAudio,3,True,../data/processed/frames,../data/processed/audio/620_RealVideo-FakeAudio.wav
id00943,fake.mp4,-,rtvc,B,RealVideo-FakeAudio,Caucasian (American),men,00304_fake.mp4,FakeAVCeleb/RealVideo-FakeAudio/Caucasian (American)/men/id00943,FakeAVCeleb_v1.2/RealVideo-FakeAudio/Caucasian (American)/men/id00943/00304_fake.mp4,../data/raw/FakeAVCeleb_v1.2/RealVideo-FakeAudio/Caucasian (American)/men/id00943/00304_fake.mp4,621_RealVideo-FakeAudio,5,True,../data/processed/frames,../data/processed/audio/621_RealVideo-FakeAudio.wav
id00945,fake.mp4,-,rtvc,B,RealVideo-FakeAudio,Caucasian (American),men,00107_fake.mp4,FakeAVCeleb/RealVideo-FakeAudio/Caucasian (American)/men/id00945,FakeAVCeleb_v1.2/RealVideo-FakeAudio/Caucasian (American)/men/id00945/00107_fake.mp4,../data/raw/FakeAVCeleb_v1.2/RealVideo-FakeAudio/Caucasian (American)/men/id00945/00107_fake.mp4,622_RealVideo-FakeAudio,5,True,../data/processed/frames,../data/processed/audio/622_RealVideo-FakeAudio.wav
id00971,fake.mp4,-,rtvc,B,RealVideo-FakeAudio,Caucasian (American),men,00253_fake.mp4,FakeAVCeleb/RealVideo-FakeAudio/Caucasian (American)/men/id00971,FakeAVCeleb_v1.2/RealVideo-FakeAudio/Caucasian (American)/men/id00971/00253_fake.mp4,../data/raw/FakeAVCeleb_v1.2/RealVideo-FakeAudio/Caucasian (American)/men/id00971/00253_fake.mp4,623_RealVideo-FakeAudio,5,True,../data/processed/frames,../data/processed/audio/623_RealVideo-FakeAudio.wav
id01035,fake.mp4,-,rtvc,B,RealVideo-FakeAudio,Caucasian (American),men,00012_fake.mp4,FakeAVCeleb/RealVideo-FakeAudio/Caucasian (American)/men/id01035,FakeAVCeleb_v1.2/RealVideo-FakeAudio/Caucasian (American)/men/id01035/00012_fake.mp4,../data/raw/FakeAVCeleb_v1.2/RealVideo-FakeAudio/Caucasian (American)/men/id01035/00012_fake.mp4,624_RealVideo-FakeAudio,3,True,../data/processed/frames,../data/processed/audio/624_RealVideo-FakeAudio.wav
id01042,fake.mp4,-,rtvc,B,RealVideo-FakeAudio,Caucasian (American),men,00154_fake.mp4,FakeAVCeleb/RealVideo-FakeAudio/Caucasian (American)/men/id01042,FakeAVCeleb_v1.2/RealVideo-FakeAudio/Caucasian (American)/men/id01042/00154_fake.mp4,../data/raw/FakeAVCeleb_v1.2/RealVideo-FakeAudio/Caucasian (American)/men/id01042/00154_fake.mp4,625_RealVideo-FakeAudio,5,True,../data/processed/frames,../data/processed/audio/625_RealVideo-FakeAudio.wav
id01044,fake.mp4,-,rtvc,B,RealVideo-FakeAudio,Caucasian (American),men,00336_fake.mp4,FakeAVCeleb/RealVideo-FakeAudio/Caucasian (American)/men/id01044,FakeAVCeleb_v1.2/RealVideo-FakeAudio/Caucasian (American)/men/id01044/00336_fake.mp4,../data/raw/FakeAVCeleb_v1.2/RealVideo-FakeAudio/Caucasian (American)/men/id01044/00336_fake.mp4,626_RealVideo-FakeAudio,5,True,../data/processed/frames,../data/processed/audio/626_RealVideo-FakeAudio.wav
id01048,fake.mp4,-,rtvc,B,RealVideo-FakeAudio,Caucasian (American),men,00160_fake.mp4,FakeAVCeleb/RealVideo-FakeAudio/Caucasian (American)/men/id01048,FakeAVCeleb_v1.2/RealVideo-FakeAudio/Caucasian (American)/men/id01048/00160_fake.mp4,../data/raw/FakeAVCeleb_v1.2/RealVideo-FakeAudio/Caucasian (American)/men/id01048/00160_fake.mp4,627_RealVideo-FakeAudio,5,True,../data/processed/frames,../data/processed/audio/627_RealVideo-FakeAudio.wav
id01096,fake.mp4,-,rtvc,B,RealVideo-FakeAudio,Caucasian (American),men,00037_fake.mp4,FakeAVCeleb/RealVideo-FakeAudio/Caucasian (American)/men/id01096,FakeAVCeleb_v1.2/RealVideo-FakeAudio/Caucasian (American)/men/id01096/00037_fake.mp4,../data/raw/FakeAVCeleb_v1.2/RealVideo-FakeAudio/Caucasian (American)/men/id01096/00037_fake.mp4,628_RealVideo-FakeAudio,5,True,../data/processed/frames,../data/processed/audio/628_RealVideo-FakeAudio.wav
id01105,fake.mp4,-,rtvc,B,RealVideo-FakeAudio,Caucasian (American),men,00083_fake.mp4,FakeAVCeleb/RealVideo-FakeAudio/Caucasian (American)/men/id01105,FakeAVCeleb_v1.2/RealVideo-FakeAudio/Caucasian (American)/men/id01105/00083_fake.mp4,../data/raw/FakeAVCeleb_v1.2/RealVideo-FakeAudio/Caucasian (American)/men/id01105/00083_fake.mp4,629_RealVideo-FakeAudio,5,True,../data/processed/frames,../data/processed/audio/629_RealVideo-FakeAudio.wav
id01124,fake.mp4,-,rtvc,B,RealVideo-FakeAudio,Caucasian (American),men,00063_fake.mp4,FakeAVCeleb/RealVideo-FakeAudio/Caucasian (American)/men/id01124,FakeAVCeleb_v1.2/RealVideo-FakeAudio/Caucasian (American)/men/id01124/00063_fake.mp4,../data/raw/FakeAVCeleb_v1.2/RealVideo-FakeAudio/Caucasian (American)/men/id01124/00063_fake.mp4,630_RealVideo-FakeAudio,5,True,../data/processed/frames,../data/processed/audio/630_RealVideo-FakeAudio.wav
id01163,fake.mp4,-,rtvc,B,RealVideo-FakeAudio,Caucasian (American),men,00195_fake.mp4,FakeAVCeleb/RealVideo-FakeAudio/Caucasian (American)/men/id01163,FakeAVCeleb_v1.2/RealVideo-FakeAudio/Caucasian (American)/men/id01163/00195_fake.mp4,../data/raw/FakeAVCeleb_v1.2/RealVideo-FakeAudio/Caucasian (American)/men/id01163/00195_fake.mp4,631_RealVideo-FakeAudio,5,True,../data/processed/frames,../data/processed/audio/631_RealVideo-FakeAudio.wav
id01168,fake.mp4,-,rtvc,B,RealVideo-FakeAudio,Caucasian (American),men,00028_fake.mp4,FakeAVCeleb/RealVideo-FakeAudio/Caucasian (American)/men/id01168,FakeAVCeleb_v1.2/RealVideo-FakeAudio/Caucasian (American)/men/id01168/00028_fake.mp4,../data/raw/FakeAVCeleb_v1.2/RealVideo-FakeAudio/Caucasian (American)/men/id01168/00028_fake.mp4,632_RealVideo-FakeAudio,4,True,../data/processed/frames,../data/processed/audio/632_RealVideo-FakeAudio.wav
id01172,fake.mp4,-,rtvc,B,RealVideo-FakeAudio,Caucasian (American),men,00015_fake.mp4,FakeAVCeleb/RealVideo-FakeAudio/Caucasian (American)/men/id01172,FakeAVCeleb_v1.2/RealVideo-FakeAudio/Caucasian (American)/men/id01172/00015_fake.mp4,../data/raw/FakeAVCeleb_v1.2/RealVideo-FakeAudio/Caucasian (American)/men/id01172/00015_fake.mp4,633_RealVideo-FakeAudio,5,True,../data/processed/frames,../data/processed/audio/633_RealVideo-FakeAudio.wav
id01175,fake.mp4,-,rtvc,B,RealVideo-FakeAudio,Caucasian (American),men,00025_fake.mp4,FakeAVCeleb/RealVideo-FakeAudio/Caucasian (American)/men/id01175,FakeAVCeleb_v1.2/RealVideo-FakeAudio/Caucasian (American)/men/id01175/00025_fake.mp4,../data/raw/FakeAVCeleb_v1.2/RealVideo-FakeAudio/Caucasian (American)/men/id01175/00025_fake.mp4,634_RealVideo-FakeAudio,5,True,../data/processed/frames,../data/processed/audio/634_RealVideo-FakeAudio.wav
id01182,fake.mp4,-,rtvc,B,RealVideo-FakeAudio,Caucasian (American),men,00167_fake.mp4,FakeAVCeleb/RealVideo-FakeAudio/Caucasian (American)/men/id01182,FakeAVCeleb_v1.2/RealVideo-FakeAudio/Caucasian (American)/men/id01182/00167_fake.mp4,../data/raw/FakeAVCeleb_v1.2/RealVideo-FakeAudio/Caucasian (American)/men/id01182/00167_fake.mp4,635_RealVideo-FakeAudio,4,True,../data/processed/frames,../data/processed/audio/635_RealVideo-FakeAudio.wav
id01192,fake.mp4,-,rtvc,B,RealVideo-FakeAudio,Caucasian (American),men,00217_fake.mp4,FakeAVCeleb/RealVideo-FakeAudio/Caucasian (American)/men/id01192,FakeAVCeleb_v1.2/RealVideo-FakeAudio/Caucasian (American)/men/id01192/00217_fake.mp4,../data/raw/FakeAVCeleb_v1.2/RealVideo-FakeAudio/Caucasian (American)/men/id01192/00217_fake.mp4,636_RealVideo-FakeAudio,5,True,../data/processed/frames,../data/processed/audio/636_RealVideo-FakeAudio.wav
id01201,fake.mp4,-,rtvc,B,RealVideo-FakeAudio,Caucasian (American),men,00028_fake.mp4,FakeAVCeleb/RealVideo-FakeAudio/Caucasian (American)/men/id01201,FakeAVCeleb_v1.2/RealVideo-FakeAudio/Caucasian (American)/men/id01201/00028_fake.mp4,../data/raw/FakeAVCeleb_v1.2/RealVideo-FakeAudio/Caucasian (American)/men/id01201/00028_fake.mp4,637_RealVideo-FakeAudio,5,True,../data/processed/frames,../data/processed/audio/637_RealVideo-FakeAudio.wav
id01211,fake.mp4,-,rtvc,B,RealVideo-FakeAudio,Caucasian (American),men,00023_fake.mp4,FakeAVCeleb/RealVideo-FakeAudio/Caucasian (American)/men/id01211,FakeAVCeleb_v1.2/RealVideo-FakeAudio/Caucasian (American)/men/id01211/00023_fake.mp4,../data/raw/FakeAVCeleb_v1.2/RealVideo-FakeAudio/Caucasian (American)/men/id01211/00023_fake.mp4,639_RealVideo-FakeAudio,5,True,../data/processed/frames,../data/processed/audio/639_RealVideo-FakeAudio.wav
id01239,fake.mp4,-,rtvc,B,RealVideo-FakeAudio,Caucasian (American),men,00280_fake.mp4,FakeAVCeleb/RealVideo-FakeAudio/Caucasian (American)/men/id01239,FakeAVCeleb_v1.2/RealVideo-FakeAudio/Caucasian (American)/men/id01239/00280_fake.mp4,../data/raw/FakeAVCeleb_v1.2/RealVideo-FakeAudio/Caucasian (American)/men/id01239/00280_fake.mp4,640_RealVideo-FakeAudio,5,True,../data/processed/frames,../data/processed/audio/640_RealVideo-FakeAudio.wav
id03525,fake.mp4,-,rtvc,B,RealVideo-FakeAudio,Caucasian (American),men,00048_fake.mp4,FakeAVCeleb/RealVideo-FakeAudio/Caucasian (American)/men/id03525,FakeAVCeleb_v1.2/RealVideo-FakeAudio/Caucasian (American)/men/id03525/00048_fake.mp4,../data/raw/FakeAVCeleb_v1.2/RealVideo-FakeAudio/Caucasian (American)/men/id03525/00048_fake.mp4,641_RealVideo-FakeAudio,5,True,../data/processed/frames,../data/processed/audio/641_RealVideo-FakeAudio.wav
id03668,fake.mp4,-,rtvc,B,RealVideo-FakeAudio,Caucasian (American),men,00143_fake.mp4,FakeAVCeleb/RealVideo-FakeAudio/Caucasian (American)/men/id03668,FakeAVCeleb_v1.2/RealVideo-FakeAudio/Caucasian (American)/men/id03668/00143_fake.mp4,../data/raw/FakeAVCeleb_v1.2/RealVideo-FakeAudio/Caucasian (American)/men/id03668/00143_fake.mp4,642_RealVideo-FakeAudio,5,True,../data/processed/frames,../data/processed/audio/642_RealVideo-FakeAudio.wav
id03678,fake.mp4,-,rtvc,B,RealVideo-FakeAudio,Caucasian (American),men,00078_fake.mp4,FakeAVCeleb/RealVideo-FakeAudio/Caucasian (American)/men/id03678,FakeAVCeleb_v1.2/RealVideo-FakeAudio/Caucasian (American)/men/id03678/00078_fake.mp4,../data/raw/FakeAVCeleb_v1.2/RealVideo-FakeAudio/Caucasian (American)/men/id03678/00078_fake.mp4,643_RealVideo-FakeAudio,5,True,../data/processed/frames,../data/processed/audio/643_RealVideo-FakeAudio.wav
id03757,fake.mp4,-,rtvc,B,RealVideo-FakeAudio,Caucasian (American),men,00149_fake.mp4,FakeAVCeleb/RealVideo-FakeAudio/Caucasian (American)/men/id03757,FakeAVCeleb_v1.2/RealVideo-FakeAudio/Caucasian (American)/men/id03757/00149_fake.mp4,../data/raw/FakeAVCeleb_v1.2/RealVideo-FakeAudio/Caucasian (American)/men/id03757/00149_fake.mp4,644_RealVideo-FakeAudio,5,True,../data/processed/frames,../data/processed/audio/644_RealVideo-FakeAudio.wav
id04034,fake.mp4,-,rtvc,B,RealVideo-FakeAudio,Caucasian (American),men,00009_fake.mp4,FakeAVCeleb/RealVideo-FakeAudio/Caucasian (American)/men/id04034,FakeAVCeleb_v1.2/RealVideo-FakeAudio/Caucasian (American)/men/id04034/00009_fake.mp4,../data/raw/FakeAVCeleb_v1.2/RealVideo-FakeAudio/Caucasian (American)/men/id04034/00009_fake.mp4,645_RealVideo-FakeAudio,4,True,../data/processed/frames,../data/processed/audio/645_RealVideo-FakeAudio.wav
id04073,fake.mp4,-,rtvc,B,RealVideo-FakeAudio,Caucasian (American),men,00021_fake.mp4,FakeAVCeleb/RealVideo-FakeAudio/Caucasian (American)/men/id04073,FakeAVCeleb_v1.2/RealVideo-FakeAudio/Caucasian (American)/men/id04073/00021_fake.mp4,../data/raw/FakeAVCeleb_v1.2/RealVideo-FakeAudio/Caucasian (American)/men/id04073/00021_fake.mp4,646_RealVideo-FakeAudio,5,True,../data/processed/frames,../data/processed/audio/646_RealVideo-FakeAudio.wav
id04216,fake.mp4,-,rtvc,B,RealVideo-FakeAudio,Caucasian (American),men,00470_fake.mp4,FakeAVCeleb/RealVideo-FakeAudio/Caucasian (American)/men/id04216,FakeAVCeleb_v1.2/RealVideo-FakeAudio/Caucasian (American)/men/id04216/00470_fake.mp4,../data/raw/FakeAVCeleb_v1.2/RealVideo-FakeAudio/Caucasian (American)/men/id04216/00470_fake.mp4,647_RealVideo-FakeAudio,5,True,../data/processed/frames,../data/processed/audio/647_RealVideo-FakeAudio.wav
id04219,fake.mp4,-,rtvc,B,RealVideo-FakeAudio,Caucasian (American),men,00130_fake.mp4,FakeAVCeleb/RealVideo-FakeAudio/Caucasian (American)/men/id04219,FakeAVCeleb_v1.2/RealVideo-FakeAudio/Caucasian (American)/men/id04219/00130_fake.mp4,../data/raw/FakeAVCeleb_v1.2/RealVideo-FakeAudio/Caucasian (American)/men/id04219/00130_fake.mp4,648_RealVideo-FakeAudio,5,True,../data/processed/frames,../data/processed/audio/648_RealVideo-FakeAudio.wav
id04221,fake.mp4,-,rtvc,B,RealVideo-FakeAudio,Caucasian (American),men,00053_fake.mp4,FakeAVCeleb/RealVideo-FakeAudio/Caucasian (American)/men/id04221,FakeAVCeleb_v1.2/RealVideo-FakeAudio/Caucasian (American)/men/id04221/00053_fake.mp4,../data/raw/FakeAVCeleb_v1.2/RealVideo-FakeAudio/Caucasian (American)/men/id04221/00053_fake.mp4,649_RealVideo-FakeAudio,5,True,../data/processed/frames,../data/processed/audio/649_RealVideo-FakeAudio.wav
id00025,fake.mp4,-,rtvc,B,RealVideo-FakeAudio,Caucasian (American),women,00025_fake.mp4,FakeAVCeleb/RealVideo-FakeAudio/Caucasian (American)/women/id00025,FakeAVCeleb_v1.2/RealVideo-FakeAudio/Caucasian (American)/women/id00025/00025_fake.mp4,../data/raw/FakeAVCeleb_v1.2/RealVideo-FakeAudio/Caucasian (American)/women/id00025/00025_fake.mp4,650_RealVideo-FakeAudio,5,True,../data/processed/frames,../data/processed/audio/650_RealVideo-FakeAudio.wav
id00097,fake.mp4,-,rtvc,B,RealVideo-FakeAudio,Caucasian (American),women,00162_fake.mp4,FakeAVCeleb/RealVideo-FakeAudio/Caucasian (American)/women/id00097,FakeAVCeleb_v1.2/RealVideo-FakeAudio/Caucasian (American)/women/id00097/00162_fake.mp4,../data/raw/FakeAVCeleb_v1.2/RealVideo-FakeAudio/Caucasian (American)/women/id00097/00162_fake.mp4,651_RealVideo-FakeAudio,5,True,../data/processed/frames,../data/processed/audio/651_RealVideo-FakeAudio.wav
id00098,fake.mp4,-,rtvc,B,RealVideo-FakeAudio,Caucasian (American),women,00004_fake.mp4,FakeAVCeleb/RealVideo-FakeAudio/Caucasian (American)/women/id00098,FakeAVCeleb_v1.2/RealVideo-FakeAudio/Caucasian (American)/women/id00098/00004_fake.mp4,../data/raw/FakeAVCeleb_v1.2/RealVideo-FakeAudio/Caucasian (American)/women/id00098/00004_fake.mp4,652_RealVideo-FakeAudio,5,True,../data/processed/frames,../data/processed/audio/652_RealVideo-FakeAudio.wav
id00100,fake.mp4,-,rtvc,B,RealVideo-FakeAudio,Caucasian (American),women,00028_fake.mp4,FakeAVCeleb/RealVideo-FakeAudio/Caucasian (American)/women/id00100,FakeAVCeleb_v1.2/RealVideo-FakeAudio/Caucasian (American)/women/id00100/00028_fake.mp4,../data/raw/FakeAVCeleb_v1.2/RealVideo-FakeAudio/Caucasian (American)/women/id00100/00028_fake.mp4,653_RealVideo-FakeAudio,5,True,../data/processed/frames,../data/processed/audio/653_RealVideo-FakeAudio.wav
id00145,fake.mp4,-,rtvc,B,RealVideo-FakeAudio,Caucasian (American),women,00043_fake.mp4,FakeAVCeleb/RealVideo-FakeAudio/Caucasian (American)/women/id00145,FakeAVCeleb_v1.2/RealVideo-FakeAudio/Caucasian (American)/women/id00145/00043_fake.mp4,../data/raw/FakeAVCeleb_v1.2/RealVideo-FakeAudio/Caucasian (American)/women/id00145/00043_fake.mp4,654_RealVideo-FakeAudio,5,True,../data/processed/frames,../data/processed/audio/654_RealVideo-FakeAudio.wav
id00180,fake.mp4,-,rtvc,B,RealVideo-FakeAudio,Caucasian (American),women,00206_fake.mp4,FakeAVCeleb/RealVideo-FakeAudio/Caucasian (American)/women/id00180,FakeAVCeleb_v1.2/RealVideo-FakeAudio/Caucasian (American)/women/id00180/00206_fake.mp4,../data/raw/FakeAVCeleb_v1.2/RealVideo-FakeAudio/Caucasian (American)/women/id00180/00206_fake.mp4,655_RealVideo-FakeAudio,5,True,../data/processed/frames,../data/processed/audio/655_RealVideo-FakeAudio.wav
id00190,fake.mp4,-,rtvc,B,RealVideo-FakeAudio,Caucasian (American),women,00072_fake.mp4,FakeAVCeleb/RealVideo-FakeAudio/Caucasian (American)/women/id00190,FakeAVCeleb_v1.2/RealVideo-FakeAudio/Caucasian (American)/women/id00190/00072_fake.mp4,../data/raw/FakeAVCeleb_v1.2/RealVideo-FakeAudio/Caucasian (American)/women/id00190/00072_fake.mp4,656_RealVideo-FakeAudio,5,True,../data/processed/frames,../data/processed/audio/656_RealVideo-FakeAudio.wav
id00231,fake.mp4,-,rtvc,B,RealVideo-FakeAudio,Caucasian (American),women,00037_fake.mp4,FakeAVCeleb/RealVideo-FakeAudio/Caucasian (American)/women/id00231,FakeAVCeleb_v1.2/RealVideo-FakeAudio/Caucasian (American)/women/id00231/00037_fake.mp4,../data/raw/FakeAVCeleb_v1.2/RealVideo-FakeAudio/Caucasian (American)/women/id00231/00037_fake.mp4,657_RealVideo-FakeAudio,3,True,../data/processed/frames,../data/processed/audio/657_RealVideo-FakeAudio.wav
id00261,fake.mp4,-,rtvc,B,RealVideo-FakeAudio,Caucasian (American),women,00048_fake.mp4,FakeAVCeleb/RealVideo-FakeAudio/Caucasian (American)/women/id00261,FakeAVCeleb_v1.2/RealVideo-FakeAudio/Caucasian (American)/women/id00261/00048_fake.mp4,../data/raw/FakeAVCeleb_v1.2/RealVideo-FakeAudio/Caucasian (American)/women/id00261/00048_fake.mp4,658_RealVideo-FakeAudio,5,True,../data/processed/frames,../data/processed/audio/658_RealVideo-FakeAudio.wav
id00272,fake.mp4,-,rtvc,B,RealVideo-FakeAudio,Caucasian (American),women,00195_fake.mp4,FakeAVCeleb/RealVideo-FakeAudio/Caucasian (American)/women/id00272,FakeAVCeleb_v1.2/RealVideo-FakeAudio/Caucasian (American)/women/id00272/00195_fake.mp4,../data/raw/FakeAVCeleb_v1.2/RealVideo-FakeAudio/Caucasian (American)/women/id00272/00195_fake.mp4,659_RealVideo-FakeAudio,5,True,../data/processed/frames,../data/processed/audio/659_RealVideo-FakeAudio.wav
id00291,fake.mp4,-,rtvc,B,RealVideo-FakeAudio,Caucasian (American),women,00052_fake.mp4,FakeAVCeleb/RealVideo-FakeAudio/Caucasian (American)/women/id00291,FakeAVCeleb_v1.2/RealVideo-FakeAudio/Caucasian (American)/women/id00291/00052_fake.mp4,../data/raw/FakeAVCeleb_v1.2/RealVideo-FakeAudio/Caucasian (American)/women/id00291/00052_fake.mp4,660_RealVideo-FakeAudio,5,True,../data/processed/frames,../data/processed/audio/660_RealVideo-FakeAudio.wav
id00381,fake.mp4,-,rtvc,B,RealVideo-FakeAudio,Caucasian (American),women,00030_fake.mp4,FakeAVCeleb/RealVideo-FakeAudio/Caucasian (American)/women/id00381,FakeAVCeleb_v1.2/RealVideo-FakeAudio/Caucasian (American)/women/id00381/00030_fake.mp4,../data/raw/FakeAVCeleb_v1.2/RealVideo-FakeAudio/Caucasian (American)/women/id00381/00030_fake.mp4,661_RealVideo-FakeAudio,5,True,../data/processed/frames,../data/processed/audio/661_RealVideo-FakeAudio.wav
id00383,fake.mp4,-,rtvc,B,RealVideo-FakeAudio,Caucasian (American),women,00171_fake.mp4,FakeAVCeleb/RealVideo-FakeAudio/Caucasian (American)/women/id00383,FakeAVCeleb_v1.2/RealVideo-FakeAudio/Caucasian (American)/women/id00383/00171_fake.mp4,../data/raw/FakeAVCeleb_v1.2/RealVideo-FakeAudio/Caucasian (American)/women/id00383/00171_fake.mp4,662_RealVideo-FakeAudio,5,True,../data/processed/frames,../data/processed/audio/662_RealVideo-FakeAudio.wav
id00385,fake.mp4,-,rtvc,B,RealVideo-FakeAudio,Caucasian (American),women,00439_fake.mp4,FakeAVCeleb/RealVideo-FakeAudio/Caucasian (American)/women/id00385,FakeAVCeleb_v1.2/RealVideo-FakeAudio/Caucasian (American)/women/id00385/00439_fake.mp4,../data/raw/FakeAVCeleb_v1.2/RealVideo-FakeAudio/Caucasian (American)/women/id00385/00439_fake.mp4,663_RealVideo-FakeAudio,3,True,../data/processed/frames,../data/processed/audio/663_RealVideo-FakeAudio.wav
id00398,fake.mp4,-,rtvc,B,RealVideo-FakeAudio,Caucasian (American),women,00016_fake.mp4,FakeAVCeleb/RealVideo-FakeAudio/Caucasian (American)/women/id00398,FakeAVCeleb_v1.2/RealVideo-FakeAudio/Caucasian (American)/women/id00398/00016_fake.mp4,../data/raw/FakeAVCeleb_v1.2/RealVideo-FakeAudio/Caucasian (American)/women/id00398/00016_fake.mp4,664_RealVideo-FakeAudio,5,True,../data/processed/frames,../data/processed/audio/664_RealVideo-FakeAudio.wav
id00418,fake.mp4,-,rtvc,B,RealVideo-FakeAudio,Caucasian (American),women,00052_fake.mp4,FakeAVCeleb/RealVideo-FakeAudio/Caucasian (American)/women/id00418,FakeAVCeleb_v1.2/RealVideo-FakeAudio/Caucasian (American)/women/id00418/00052_fake.mp4,../data/raw/FakeAVCeleb_v1.2/RealVideo-FakeAudio/Caucasian (American)/women/id00418/00052_fake.mp4,665_RealVideo-FakeAudio,4,True,../data/processed/frames,../data/processed/audio/665_RealVideo-FakeAudio.wav
id00428,fake.mp4,-,rtvc,B,RealVideo-FakeAudio,Caucasian (American),women,00017_fake.mp4,FakeAVCeleb/RealVideo-FakeAudio/Caucasian (American)/women/id00428,FakeAVCeleb_v1.2/RealVideo-FakeAudio/Caucasian (American)/women/id00428/00017_fake.mp4,../data/raw/FakeAVCeleb_v1.2/RealVideo-FakeAudio/Caucasian (American)/women/id00428/00017_fake.mp4,666_RealVideo-FakeAudio,5,True,../data/processed/frames,../data/processed/audio/666_RealVideo-FakeAudio.wav
id00431,fake.mp4,-,rtvc,B,RealVideo-FakeAudio,Caucasian (American),women,00039_fake.mp4,FakeAVCeleb/RealVideo-FakeAudio/Caucasian (American)/women/id00431,FakeAVCeleb_v1.2/RealVideo-FakeAudio/Caucasian (American)/women/id00431/00039_fake.mp4,../data/raw/FakeAVCeleb_v1.2/RealVideo-FakeAudio/Caucasian (American)/women/id00431/00039_fake.mp4,667_RealVideo-FakeAudio,5,True,../data/processed/frames,../data/processed/audio/667_RealVideo-FakeAudio.wav
id00458,fake.mp4,-,rtvc,B,RealVideo-FakeAudio,Caucasian (American),women,00072_fake.mp4,FakeAVCeleb/RealVideo-FakeAudio/Caucasian (American)/women/id00458,FakeAVCeleb_v1.2/RealVideo-FakeAudio/Caucasian (American)/women/id00458/00072_fake.mp4,../data/raw/FakeAVCeleb_v1.2/RealVideo-FakeAudio/Caucasian (American)/women/id00458/00072_fake.mp4,668_RealVideo-FakeAudio,5,True,../data/processed/frames,../data/processed/audio/668_RealVideo-FakeAudio.wav
id00462,fake.mp4,-,rtvc,B,RealVideo-FakeAudio,Caucasian (American),women,00143_fake.mp4,FakeAVCeleb/RealVideo-FakeAudio/Caucasian (American)/women/id00462,FakeAVCeleb_v1.2/RealVideo-FakeAudio/Caucasian (American)/women/id00462/00143_fake.mp4,../data/raw/FakeAVCeleb_v1.2/RealVideo-FakeAudio/Caucasian (American)/women/id00462/00143_fake.mp4,669_RealVideo-FakeAudio,5,True,../data/processed/frames,../data/processed/audio/669_RealVideo-FakeAudio.wav
id00555,fake.mp4,-,rtvc,B,RealVideo-FakeAudio,Caucasian (American),women,00005_fake.mp4,FakeAVCeleb/RealVideo-FakeAudio/Caucasian (American)/women/id00555,FakeAVCeleb_v1.2/RealVideo-FakeAudio/Caucasian (American)/women/id00555/00005_fake.mp4,../data/raw/FakeAVCeleb_v1.2/RealVideo-FakeAudio/Caucasian (American)/women/id00555/00005_fake.mp4,670_RealVideo-FakeAudio,5,True,../data/processed/frames,../data/processed/audio/670_RealVideo-FakeAudio.wav
id00575,fake.mp4,-,rtvc,B,RealVideo-FakeAudio,Caucasian (American),women,00092_fake.mp4,FakeAVCeleb/RealVideo-FakeAudio/Caucasian (American)/women/id00575,FakeAVCeleb_v1.2/RealVideo-FakeAudio/Caucasian (American)/women/id00575/00092_fake.mp4,../data/raw/FakeAVCeleb_v1.2/RealVideo-FakeAudio/Caucasian (American)/women/id00575/00092_fake.mp4,671_RealVideo-FakeAudio,1,True,../data/processed/frames,../data/processed/audio/671_RealVideo-FakeAudio.wav
id00616,fake.mp4,-,rtvc,B,RealVideo-FakeAudio,Caucasian (American),women,00305_fake.mp4,FakeAVCeleb/RealVideo-FakeAudio/Caucasian (American)/women/id00616,FakeAVCeleb_v1.2/RealVideo-FakeAudio/Caucasian (American)/women/id00616/00305_fake.mp4,../data/raw/FakeAVCeleb_v1.2/RealVideo-FakeAudio/Caucasian (American)/women/id00616/00305_fake.mp4,672_RealVideo-FakeAudio,5,True,../data/processed/frames,../data/processed/audio/672_RealVideo-FakeAudio.wav
id00618,fake.mp4,-,rtvc,B,RealVideo-FakeAudio,Caucasian (American),women,00195_fake.mp4,FakeAVCeleb/RealVideo-FakeAudio/Caucasian (American)/women/id00618,FakeAVCeleb_v1.2/RealVideo-FakeAudio/Caucasian (American)/women/id00618/00195_fake.mp4,../data/raw/FakeAVCeleb_v1.2/RealVideo-FakeAudio/Caucasian (American)/women/id00618/00195_fake.mp4,673_RealVideo-FakeAudio,5,True,../data/processed/frames,../data/processed/audio/673_RealVideo-FakeAudio.wav
id00680,fake.mp4,-,rtvc,B,RealVideo-FakeAudio,Caucasian (American),women,00110_fake.mp4,FakeAVCeleb/RealVideo-FakeAudio/Caucasian (American)/women/id00680,FakeAVCeleb_v1.2/RealVideo-FakeAudio/Caucasian (American)/women/id00680/00110_fake.mp4,../data/raw/FakeAVCeleb_v1.2/RealVideo-FakeAudio/Caucasian (American)/women/id00680/00110_fake.mp4,674_RealVideo-FakeAudio,5,True,../data/processed/frames,../data/processed/audio/674_RealVideo-FakeAudio.wav
id00752,fake.mp4,-,rtvc,B,RealVideo-FakeAudio,Caucasian (American),women,00340_fake.mp4,FakeAVCeleb/RealVideo-FakeAudio/Caucasian (American)/women/id00752,FakeAVCeleb_v1.2/RealVideo-FakeAudio/Caucasian (American)/women/id00752/00340_fake.mp4,../data/raw/FakeAVCeleb_v1.2/RealVideo-FakeAudio/Caucasian (American)/women/id00752/00340_fake.mp4,675_RealVideo-FakeAudio,5,True,../data/processed/frames,../data/processed/audio/675_RealVideo-FakeAudio.wav
id00835,fake.mp4,-,rtvc,B,RealVideo-FakeAudio,Caucasian (American),women,00195_fake.mp4,FakeAVCeleb/RealVideo-FakeAudio/Caucasian (American)/women/id00835,FakeAVCeleb_v1.2/RealVideo-FakeAudio/Caucasian (American)/women/id00835/00195_fake.mp4,../data/raw/FakeAVCeleb_v1.2/RealVideo-FakeAudio/Caucasian (American)/women/id00835/00195_fake.mp4,676_RealVideo-FakeAudio,5,True,../data/processed/frames,../data/processed/audio/676_RealVideo-FakeAudio.wav
id00841,fake.mp4,-,rtvc,B,RealVideo-FakeAudio,Caucasian (American),women,00078_fake.mp4,FakeAVCeleb/RealVideo-FakeAudio/Caucasian (American)/women/id00841,FakeAVCeleb_v1.2/RealVideo-FakeAudio/Caucasian (American)/women/id00841/00078_fake.mp4,../data/raw/FakeAVCeleb_v1.2/RealVideo-FakeAudio/Caucasian (American)/women/id00841/00078_fake.mp4,677_RealVideo-FakeAudio,5,True,../data/processed/frames,../data/processed/audio/677_RealVideo-FakeAudio.wav
id00842,fake.mp4,-,rtvc,B,RealVideo-FakeAudio,Caucasian (American),women,00043_fake.mp4,FakeAVCeleb/RealVideo-FakeAudio/Caucasian (American)/women/id00842,FakeAVCeleb_v1.2/RealVideo-FakeAudio/Caucasian (American)/women/id00842/00043_fake.mp4,../data/raw/FakeAVCeleb_v1.2/RealVideo-FakeAudio/Caucasian (American)/women/id00842/00043_fake.mp4,678_RealVideo-FakeAudio,5,True,../data/processed/frames,../data/processed/audio/678_RealVideo-FakeAudio.wav
id00848,fake.mp4,-,rtvc,B,RealVideo-FakeAudio,Caucasian (American),women,00028_fake.mp4,FakeAVCeleb/RealVideo-FakeAudio/Caucasian (American)/women/id00848,FakeAVCeleb_v1.2/RealVideo-FakeAudio/Caucasian (American)/women/id00848/00028_fake.mp4,../data/raw/FakeAVCeleb_v1.2/RealVideo-FakeAudio/Caucasian (American)/women/id00848/00028_fake.mp4,679_RealVideo-FakeAudio,5,True,../data/processed/frames,../data/processed/audio/679_RealVideo-FakeAudio.wav
id01004,fake.mp4,-,rtvc,B,RealVideo-FakeAudio,Caucasian (American),women,00028_fake.mp4,FakeAVCeleb/RealVideo-FakeAudio/Caucasian (American)/women/id01004,FakeAVCeleb_v1.2/RealVideo-FakeAudio/Caucasian (American)/women/id01004/00028_fake.mp4,../data/raw/FakeAVCeleb_v1.2/RealVideo-FakeAudio/Caucasian (American)/women/id01004/00028_fake.mp4,680_RealVideo-FakeAudio,5,True,../data/processed/frames,../data/processed/audio/680_RealVideo-FakeAudio.wav
id01005,fake.mp4,-,rtvc,B,RealVideo-FakeAudio,Caucasian (American),women,00028_fake.mp4,FakeAVCeleb/RealVideo-FakeAudio/Caucasian (American)/women/id01005,FakeAVCeleb_v1.2/RealVideo-FakeAudio/Caucasian (American)/women/id01005/00028_fake.mp4,../data/raw/FakeAVCeleb_v1.2/RealVideo-FakeAudio/Caucasian (American)/women/id01005/00028_fake.mp4,681_RealVideo-FakeAudio,5,True,../data/processed/frames,../data/processed/audio/681_RealVideo-FakeAudio.wav
id01075,fake.mp4,-,rtvc,B,RealVideo-FakeAudio,Caucasian (American),women,00160_fake.mp4,FakeAVCeleb/RealVideo-FakeAudio/Caucasian (American)/women/id01075,FakeAVCeleb_v1.2/RealVideo-FakeAudio/Caucasian (American)/women/id01075/00160_fake.mp4,../data/raw/FakeAVCeleb_v1.2/RealVideo-FakeAudio/Caucasian (American)/women/id01075/00160_fake.mp4,682_RealVideo-FakeAudio,5,True,../data/processed/frames,../data/processed/audio/682_RealVideo-FakeAudio.wav
id01091,fake.mp4,-,rtvc,B,RealVideo-FakeAudio,Caucasian (American),women,00236_fake.mp4,FakeAVCeleb/RealVideo-FakeAudio/Caucasian (American)/women/id01091,FakeAVCeleb_v1.2/RealVideo-FakeAudio/Caucasian (American)/women/id01091/00236_fake.mp4,../data/raw/FakeAVCeleb_v1.2/RealVideo-FakeAudio/Caucasian (American)/women/id01091/00236_fake.mp4,683_RealVideo-FakeAudio,5,True,../data/processed/frames,../data/processed/audio/683_RealVideo-FakeAudio.wav
id01216,fake.mp4,-,rtvc,B,RealVideo-FakeAudio,Caucasian (American),women,00025_fake.mp4,FakeAVCeleb/RealVideo-FakeAudio/Caucasian (American)/women/id01216,FakeAVCeleb_v1.2/RealVideo-FakeAudio/Caucasian (American)/women/id01216/00025_fake.mp4,../data/raw/FakeAVCeleb_v1.2/RealVideo-FakeAudio/Caucasian (American)/women/id01216/00025_fake.mp4,684_RealVideo-FakeAudio,5,True,../data/processed/frames,../data/processed/audio/684_RealVideo-FakeAudio.wav
id01217,fake.mp4,-,rtvc,B,RealVideo-FakeAudio,Caucasian (American),women,00005_fake.mp4,FakeAVCeleb/RealVideo-FakeAudio/Caucasian (American)/women/id01217,FakeAVCeleb_v1.2/RealVideo-FakeAudio/Caucasian (American)/women/id01217/00005_fake.mp4,../data/raw/FakeAVCeleb_v1.2/RealVideo-FakeAudio/Caucasian (American)/women/id01217/00005_fake.mp4,685_RealVideo-FakeAudio,5,True,../data/processed/frames,../data/processed/audio/685_RealVideo-FakeAudio.wav
id01223,fake.mp4,-,rtvc,B,RealVideo-FakeAudio,Caucasian (American),women,00255_fake.mp4,FakeAVCeleb/RealVideo-FakeAudio/Caucasian (American)/women/id01223,FakeAVCeleb_v1.2/RealVideo-FakeAudio/Caucasian (American)/women/id01223/00255_fake.mp4,../data/raw/FakeAVCeleb_v1.2/RealVideo-FakeAudio/Caucasian (American)/women/id01223/00255_fake.mp4,686_RealVideo-FakeAudio,5,True,../data/processed/frames,../data/processed/audio/686_RealVideo-FakeAudio.wav
id01225,fake.mp4,-,rtvc,B,RealVideo-FakeAudio,Caucasian (American),women,00300_fake.mp4,FakeAVCeleb/RealVideo-FakeAudio/Caucasian (American)/women/id01225,FakeAVCeleb_v1.2/RealVideo-FakeAudio/Caucasian (American)/women/id01225/00300_fake.mp4,../data/raw/FakeAVCeleb_v1.2/RealVideo-FakeAudio/Caucasian (American)/women/id01225/00300_fake.mp4,687_RealVideo-FakeAudio,4,True,../data/processed/frames,../data/processed/audio/687_RealVideo-FakeAudio.wav
id01227,fake.mp4,-,rtvc,B,RealVideo-FakeAudio,Caucasian (American),women,00052_fake.mp4,FakeAVCeleb/RealVideo-FakeAudio/Caucasian (American)/women/id01227,FakeAVCeleb_v1.2/RealVideo-FakeAudio/Caucasian (American)/women/id01227/00052_fake.mp4,../data/raw/FakeAVCeleb_v1.2/RealVideo-FakeAudio/Caucasian (American)/women/id01227/00052_fake.mp4,688_RealVideo-FakeAudio,5,True,../data/processed/frames,../data/processed/audio/688_RealVideo-FakeAudio.wav
id01231,fake.mp4,-,rtvc,B,RealVideo-FakeAudio,Caucasian (American),women,00015_fake.mp4,FakeAVCeleb/RealVideo-FakeAudio/Caucasian (American)/women/id01231,FakeAVCeleb_v1.2/RealVideo-FakeAudio/Caucasian (American)/women/id01231/00015_fake.mp4,../data/raw/FakeAVCeleb_v1.2/RealVideo-FakeAudio/Caucasian (American)/women/id01231/00015_fake.mp4,689_RealVideo-FakeAudio,5,True,../data/processed/frames,../data/processed/audio/689_RealVideo-FakeAudio.wav
id01238,fake.mp4,-,rtvc,B,RealVideo-FakeAudio,Caucasian (American),women,00037_fake.mp4,FakeAVCeleb/RealVideo-FakeAudio/Caucasian (American)/women/id01238,FakeAVCeleb_v1.2/RealVideo-FakeAudio/Caucasian (American)/women/id01238/00037_fake.mp4,../data/raw/FakeAVCeleb_v1.2/RealVideo-FakeAudio/Caucasian (American)/women/id01238/00037_fake.mp4,690_RealVideo-FakeAudio,5,True,../data/processed/frames,../data/processed/audio/690_RealVideo-FakeAudio.wav
id01245,fake.mp4,-,rtvc,B,RealVideo-FakeAudio,Caucasian (American),women,00028_fake.mp4,FakeAVCeleb/RealVideo-FakeAudio/Caucasian (American)/women/id01245,FakeAVCeleb_v1.2/RealVideo-FakeAudio/Caucasian (American)/women/id01245/00028_fake.mp4,../data/raw/FakeAVCeleb_v1.2/RealVideo-FakeAudio/Caucasian (American)/women/id01245/00028_fake.mp4,691_RealVideo-FakeAudio,3,True,../data/processed/frames,../data/processed/audio/691_RealVideo-FakeAudio.wav
id01248,fake.mp4,-,rtvc,B,RealVideo-FakeAudio,Caucasian (American),women,00005_fake.mp4,FakeAVCeleb/RealVideo-FakeAudio/Caucasian (American)/women/id01248,FakeAVCeleb_v1.2/RealVideo-FakeAudio/Caucasian (American)/women/id01248/00005_fake.mp4,../data/raw/FakeAVCeleb_v1.2/RealVideo-FakeAudio/Caucasian (American)/women/id01248/00005_fake.mp4,692_RealVideo-FakeAudio,4,True,../data/processed/frames,../data/processed/audio/692_RealVideo-FakeAudio.wav
id02464,fake.mp4,-,rtvc,B,RealVideo-FakeAudio,Caucasian (American),women,00002_fake.mp4,FakeAVCeleb/RealVideo-FakeAudio/Caucasian (American)/women/id02464,FakeAVCeleb_v1.2/RealVideo-FakeAudio/Caucasian (American)/women/id02464/00002_fake.mp4,../data/raw/FakeAVCeleb_v1.2/RealVideo-FakeAudio/Caucasian (American)/women/id02464/00002_fake.mp4,693_RealVideo-FakeAudio,5,True,../data/processed/frames,../data/processed/audio/693_RealVideo-FakeAudio.wav
id02466,fake.mp4,-,rtvc,B,RealVideo-FakeAudio,Caucasian (American),women,00136_fake.mp4,FakeAVCeleb/RealVideo-FakeAudio/Caucasian (American)/women/id02466,FakeAVCeleb_v1.2/RealVideo-FakeAudio/Caucasian (American)/women/id02466/00136_fake.mp4,../data/raw/FakeAVCeleb_v1.2/RealVideo-FakeAudio/Caucasian (American)/women/id02466/00136_fake.mp4,694_RealVideo-FakeAudio,5,True,../data/processed/frames,../data/processed/audio/694_RealVideo-FakeAudio.wav
id03556,fake.mp4,-,rtvc,B,RealVideo-FakeAudio,Caucasian (American),women,00043_fake.mp4,FakeAVCeleb/RealVideo-FakeAudio/Caucasian (American)/women/id03556,FakeAVCeleb_v1.2/RealVideo-FakeAudio/Caucasian (American)/women/id03556/00043_fake.mp4,../data/raw/FakeAVCeleb_v1.2/RealVideo-FakeAudio/Caucasian (American)/women/id03556/00043_fake.mp4,695_RealVideo-FakeAudio,5,True,../data/processed/frames,../data/processed/audio/695_RealVideo-FakeAudio.wav
id03605,fake.mp4,-,rtvc,B,RealVideo-FakeAudio,Caucasian (American),women,00048_fake.mp4,FakeAVCeleb/RealVideo-FakeAudio/Caucasian (American)/women/id03605,FakeAVCeleb_v1.2/RealVideo-FakeAudio/Caucasian (American)/women/id03605/00048_fake.mp4,../data/raw/FakeAVCeleb_v1.2/RealVideo-FakeAudio/Caucasian (American)/women/id03605/00048_fake.mp4,696_RealVideo-FakeAudio,5,True,../data/processed/frames,../data/processed/audio/696_RealVideo-FakeAudio.wav
id03696,fake.mp4,-,rtvc,B,RealVideo-FakeAudio,Caucasian (American),women,00160_fake.mp4,FakeAVCeleb/RealVideo-FakeAudio/Caucasian (American)/women/id03696,FakeAVCeleb_v1.2/RealVideo-FakeAudio/Caucasian (American)/women/id03696/00160_fake.mp4,../data/raw/FakeAVCeleb_v1.2/RealVideo-FakeAudio/Caucasian (American)/women/id03696/00160_fake.mp4,697_RealVideo-FakeAudio,3,True,../data/processed/frames,../data/processed/audio/697_RealVideo-FakeAudio.wav
id03707,fake.mp4,-,rtvc,B,RealVideo-FakeAudio,Caucasian (American),women,00055_fake.mp4,FakeAVCeleb/RealVideo-FakeAudio/Caucasian (American)/women/id03707,FakeAVCeleb_v1.2/RealVideo-FakeAudio/Caucasian (American)/women/id03707/00055_fake.mp4,../data/raw/FakeAVCeleb_v1.2/RealVideo-FakeAudio/Caucasian (American)/women/id03707/00055_fake.mp4,698_RealVideo-FakeAudio,5,True,../data/processed/frames,../data/processed/audio/698_RealVideo-FakeAudio.wav
id03781,fake.mp4,-,rtvc,B,RealVideo-FakeAudio,Caucasian (American),women,00113_fake.mp4,FakeAVCeleb/RealVideo-FakeAudio/Caucasian (American)/women/id03781,FakeAVCeleb_v1.2/RealVideo-FakeAudio/Caucasian (American)/women/id03781/00113_fake.mp4,../data/raw/FakeAVCeleb_v1.2/RealVideo-FakeAudio/Caucasian (American)/women/id03781/00113_fake.mp4,699_RealVideo-FakeAudio,5,True,../data/processed/frames,../data/processed/audio/699_RealVideo-FakeAudio.wav
id00056,fake.mp4,-,rtvc,B,RealVideo-FakeAudio,Asian (East),men,00028_fake.mp4,FakeAVCeleb/RealVideo-FakeAudio/Asian (East)/men/id00056,FakeAVCeleb_v1.2/RealVideo-FakeAudio/Asian (East)/men/id00056/00028_fake.mp4,../data/raw/FakeAVCeleb_v1.2/RealVideo-FakeAudio/Asian (East)/men/id00056/00028_fake.mp4,700_RealVideo-FakeAudio,5,True,../data/processed/frames,../data/processed/audio/700_RealVideo-FakeAudio.wav
id00126,fake.mp4,-,rtvc,B,RealVideo-FakeAudio,Asian (East),men,00173_fake.mp4,FakeAVCeleb/RealVideo-FakeAudio/Asian (East)/men/id00126,FakeAVCeleb_v1.2/RealVideo-FakeAudio/Asian (East)/men/id00126/00173_fake.mp4,../data/raw/FakeAVCeleb_v1.2/RealVideo-FakeAudio/Asian (East)/men/id00126/00173_fake.mp4,701_RealVideo-FakeAudio,3,True,../data/processed/frames,../data/processed/audio/701_RealVideo-FakeAudio.wav
id00560,fake.mp4,-,rtvc,B,RealVideo-FakeAudio,Asian (East),men,00041_fake.mp4,FakeAVCeleb/RealVideo-FakeAudio/Asian (East)/men/id00560,FakeAVCeleb_v1.2/RealVideo-FakeAudio/Asian (East)/men/id00560/00041_fake.mp4,../data/raw/FakeAVCeleb_v1.2/RealVideo-FakeAudio/Asian (East)/men/id00560/00041_fake.mp4,702_RealVideo-FakeAudio,5,True,../data/processed/frames,../data/processed/audio/702_RealVideo-FakeAudio.wav
id00597,fake.mp4,-,rtvc,B,RealVideo-FakeAudio,Asian (East),men,00019_fake.mp4,FakeAVCeleb/RealVideo-FakeAudio/Asian (East)/men/id00597,FakeAVCeleb_v1.2/RealVideo-FakeAudio/Asian (East)/men/id00597/00019_fake.mp4,../data/raw/FakeAVCeleb_v1.2/RealVideo-FakeAudio/Asian (East)/men/id00597/00019_fake.mp4,703_RealVideo-FakeAudio,5,True,../data/processed/frames,../data/processed/audio/703_RealVideo-FakeAudio.wav
id00740,fake.mp4,-,rtvc,B,RealVideo-FakeAudio,Asian (East),men,00015_fake.mp4,FakeAVCeleb/RealVideo-FakeAudio/Asian (East)/men/id00740,FakeAVCeleb_v1.2/RealVideo-FakeAudio/Asian (East)/men/id00740/00015_fake.mp4,../data/raw/FakeAVCeleb_v1.2/RealVideo-FakeAudio/Asian (East)/men/id00740/00015_fake.mp4,704_RealVideo-FakeAudio,5,True,../data/processed/frames,../data/processed/audio/704_RealVideo-FakeAudio.wav
id00863,fake.mp4,-,rtvc,B,RealVideo-FakeAudio,Asian (East),men,00069_fake.mp4,FakeAVCeleb/RealVideo-FakeAudio/Asian (East)/men/id00863,FakeAVCeleb_v1.2/RealVideo-FakeAudio/Asian (East)/men/id00863/00069_fake.mp4,../data/raw/FakeAVCeleb_v1.2/RealVideo-FakeAudio/Asian (East)/men/id00863/00069_fake.mp4,705_RealVideo-FakeAudio,4,True,../data/processed/frames,../data/processed/audio/705_RealVideo-FakeAudio.wav
id01204,fake.mp4,-,rtvc,B,RealVideo-FakeAudio,Asian (East),men,00092_fake.mp4,FakeAVCeleb/RealVideo-FakeAudio/Asian (East)/men/id01204,FakeAVCeleb_v1.2/RealVideo-FakeAudio/Asian (East)/men/id01204/00092_fake.mp4,../data/raw/FakeAVCeleb_v1.2/RealVideo-FakeAudio/Asian (East)/men/id01204/00092_fake.mp4,706_RealVideo-FakeAudio,4,True,../data/processed/frames,../data/processed/audio/706_RealVideo-FakeAudio.wav
id01212,fake.mp4,-,rtvc,B,RealVideo-FakeAudio,Asian (East),men,00183_fake.mp4,FakeAVCeleb/RealVideo-FakeAudio/Asian (East)/men/id01212,FakeAVCeleb_v1.2/RealVideo-FakeAudio/Asian (East)/men/id01212/00183_fake.mp4,../data/raw/FakeAVCeleb_v1.2/RealVideo-FakeAudio/Asian (East)/men/id01212/00183_fake.mp4,707_RealVideo-FakeAudio,3,True,../data/processed/frames,../data/processed/audio/707_RealVideo-FakeAudio.wav
id01215,fake.mp4,-,rtvc,B,RealVideo-FakeAudio,Asian (East),men,00001_fake.mp4,FakeAVCeleb/RealVideo-FakeAudio/Asian (East)/men/id01215,FakeAVCeleb_v1.2/RealVideo-FakeAudio/Asian (East)/men/id01215/00001_fake.mp4,../data/raw/FakeAVCeleb_v1.2/RealVideo-FakeAudio/Asian (East)/men/id01215/00001_fake.mp4,708_RealVideo-FakeAudio,2,True,../data/processed/frames,../data/processed/audio/708_RealVideo-FakeAudio.wav
id01589,fake.mp4,-,rtvc,B,RealVideo-FakeAudio,Asian (East),men,00017_fake.mp4,FakeAVCeleb/RealVideo-FakeAudio/Asian (East)/men/id01589,FakeAVCeleb_v1.2/RealVideo-FakeAudio/Asian (East)/men/id01589/00017_fake.mp4,../data/raw/FakeAVCeleb_v1.2/RealVideo-FakeAudio/Asian (East)/men/id01589/00017_fake.mp4,709_RealVideo-FakeAudio,2,True,../data/processed/frames,../data/processed/audio/709_RealVideo-FakeAudio.wav
id01683,fake.mp4,-,rtvc,B,RealVideo-FakeAudio,Asian (East),men,00052_fake.mp4,FakeAVCeleb/RealVideo-FakeAudio/Asian (East)/men/id01683,FakeAVCeleb_v1.2/RealVideo-FakeAudio/Asian (East)/men/id01683/00052_fake.mp4,../data/raw/FakeAVCeleb_v1.2/RealVideo-FakeAudio/Asian (East)/men/id01683/00052_fake.mp4,710_RealVideo-FakeAudio,5,True,../data/processed/frames,../data/processed/audio/710_RealVideo-FakeAudio.wav
id02332,fake.mp4,-,rtvc,B,RealVideo-FakeAudio,Asian (East),men,00055_fake.mp4,FakeAVCeleb/RealVideo-FakeAudio/Asian (East)/men/id02332,FakeAVCeleb_v1.2/RealVideo-FakeAudio/Asian (East)/men/id02332/00055_fake.mp4,../data/raw/FakeAVCeleb_v1.2/RealVideo-FakeAudio/Asian (East)/men/id02332/00055_fake.mp4,711_RealVideo-FakeAudio,5,True,../data/processed/frames,../data/processed/audio/711_RealVideo-FakeAudio.wav
id02365,fake.mp4,-,rtvc,B,RealVideo-FakeAudio,Asian (East),men,00028_fake.mp4,FakeAVCeleb/RealVideo-FakeAudio/Asian (East)/men/id02365,FakeAVCeleb_v1.2/RealVideo-FakeAudio/Asian (East)/men/id02365/00028_fake.mp4,../data/raw/FakeAVCeleb_v1.2/RealVideo-FakeAudio/Asian (East)/men/id02365/00028_fake.mp4,712_RealVideo-FakeAudio,5,True,../data/processed/frames,../data/processed/audio/712_RealVideo-FakeAudio.wav
id02493,fake.mp4,-,rtvc,B,RealVideo-FakeAudio,Asian (East),men,00073_fake.mp4,FakeAVCeleb/RealVideo-FakeAudio/Asian (East)/men/id02493,FakeAVCeleb_v1.2/RealVideo-FakeAudio/Asian (East)/men/id02493/00073_fake.mp4,../data/raw/FakeAVCeleb_v1.2/RealVideo-FakeAudio/Asian (East)/men/id02493/00073_fake.mp4,713_RealVideo-FakeAudio,5,True,../data/processed/frames,../data/processed/audio/713_RealVideo-FakeAudio.wav
id02553,fake.mp4,-,rtvc,B,RealVideo-FakeAudio,Asian (East),men,00043_fake.mp4,FakeAVCeleb/RealVideo-FakeAudio/Asian (East)/men/id02553,FakeAVCeleb_v1.2/RealVideo-FakeAudio/Asian (East)/men/id02553/00043_fake.mp4,../data/raw/FakeAVCeleb_v1.2/RealVideo-FakeAudio/Asian (East)/men/id02553/00043_fake.mp4,714_RealVideo-FakeAudio,4,True,../data/processed/frames,../data/processed/audio/714_RealVideo-FakeAudio.wav
id02561,fake.mp4,-,rtvc,B,RealVideo-FakeAudio,Asian (East),men,02561_fake.mp4,FakeAVCeleb/RealVideo-FakeAudio/Asian (East)/men/id02561,FakeAVCeleb_v1.2/RealVideo-FakeAudio/Asian (East)/men/id02561/02561_fake.mp4,../data/raw/FakeAVCeleb_v1.2/RealVideo-FakeAudio/Asian (East)/men/id02561/02561_fake.mp4,715_RealVideo-FakeAudio,5,True,../data/processed/frames,../data/processed/audio/715_RealVideo-FakeAudio.wav
id03028,fake.mp4,-,rtvc,B,RealVideo-FakeAudio,Asian (East),men,00466_fake.mp4,FakeAVCeleb/RealVideo-FakeAudio/Asian (East)/men/id03028,FakeAVCeleb_v1.2/RealVideo-FakeAudio/Asian (East)/men/id03028/00466_fake.mp4,../data/raw/FakeAVCeleb_v1.2/RealVideo-FakeAudio/Asian (East)/men/id03028/00466_fake.mp4,716_RealVideo-FakeAudio,5,True,../data/processed/frames,../data/processed/audio/716_RealVideo-FakeAudio.wav
id03168,fake.mp4,-,rtvc,B,RealVideo-FakeAudio,Asian (East),men,03168_fake.mp4,FakeAVCeleb/RealVideo-FakeAudio/Asian (East)/men/id03168,FakeAVCeleb_v1.2/RealVideo-FakeAudio/Asian (East)/men/id03168/03168_fake.mp4,../data/raw/FakeAVCeleb_v1.2/RealVideo-FakeAudio/Asian (East)/men/id03168/03168_fake.mp4,717_RealVideo-FakeAudio,4,True,../data/processed/frames,../data/processed/audio/717_RealVideo-FakeAudio.wav
id03889,fake.mp4,-,rtvc,B,RealVideo-FakeAudio,Asian (East),men,00052_fake.mp4,FakeAVCeleb/RealVideo-FakeAudio/Asian (East)/men/id03889,FakeAVCeleb_v1.2/RealVideo-FakeAudio/Asian (East)/men/id03889/00052_fake.mp4,../data/raw/FakeAVCeleb_v1.2/RealVideo-FakeAudio/Asian (East)/men/id03889/00052_fake.mp4,718_RealVideo-FakeAudio,5,True,../data/processed/frames,../data/processed/audio/718_RealVideo-FakeAudio.wav
id03965,fake.mp4,-,rtvc,B,RealVideo-FakeAudio,Asian (East),men,00051_fake.mp4,FakeAVCeleb/RealVideo-FakeAudio/Asian (East)/men/id03965,FakeAVCeleb_v1.2/RealVideo-FakeAudio/Asian (East)/men/id03965/00051_fake.mp4,../data/raw/FakeAVCeleb_v1.2/RealVideo-FakeAudio/Asian (East)/men/id03965/00051_fake.mp4,719_RealVideo-FakeAudio,5,True,../data/processed/frames,../data/processed/audio/719_RealVideo-FakeAudio.wav
id04111,fake.mp4,-,rtvc,B,RealVideo-FakeAudio,Asian (East),men,00015_fake.mp4,FakeAVCeleb/RealVideo-FakeAudio/Asian (East)/men/id04111,FakeAVCeleb_v1.2/RealVideo-FakeAudio/Asian (East)/men/id04111/00015_fake.mp4,../data/raw/FakeAVCeleb_v1.2/RealVideo-FakeAudio/Asian (East)/men/id04111/00015_fake.mp4,720_RealVideo-FakeAudio,5,True,../data/processed/frames,../data/processed/audio/720_RealVideo-FakeAudio.wav
id04222,fake.mp4,-,rtvc,B,RealVideo-FakeAudio,Asian (East),men,00078_fake.mp4,FakeAVCeleb/RealVideo-FakeAudio/Asian (East)/men/id04222,FakeAVCeleb_v1.2/RealVideo-FakeAudio/Asian (East)/men/id04222/00078_fake.mp4,../data/raw/FakeAVCeleb_v1.2/RealVideo-FakeAudio/Asian (East)/men/id04222/00078_fake.mp4,721_RealVideo-FakeAudio,2,True,../data/processed/frames,../data/processed/audio/721_RealVideo-FakeAudio.wav
id04687,fake.mp4,-,rtvc,B,RealVideo-FakeAudio,Asian (East),men,00066_fake.mp4,FakeAVCeleb/RealVideo-FakeAudio/Asian (East)/men/id04687,FakeAVCeleb_v1.2/RealVideo-FakeAudio/Asian (East)/men/id04687/00066_fake.mp4,../data/raw/FakeAVCeleb_v1.2/RealVideo-FakeAudio/Asian (East)/men/id04687/00066_fake.mp4,722_RealVideo-FakeAudio,5,True,../data/processed/frames,../data/processed/audio/722_RealVideo-FakeAudio.wav
id04691,fake.mp4,-,rtvc,B,RealVideo-FakeAudio,Asian (East),men,1_fake.mp4,FakeAVCeleb/RealVideo-FakeAudio/Asian (East)/men/id04691,FakeAVCeleb_v1.2/RealVideo-FakeAudio/Asian (East)/men/id04691/1_fake.mp4,../data/raw/FakeAVCeleb_v1.2/RealVideo-FakeAudio/Asian (East)/men/id04691/1_fake.mp4,723_RealVideo-FakeAudio,4,True,../data/processed/frames,../data/processed/audio/723_RealVideo-FakeAudio.wav
id04726,fake.mp4,-,rtvc,B,RealVideo-FakeAudio,Asian (East),men,00245_fake.mp4,FakeAVCeleb/RealVideo-FakeAudio/Asian (East)/men/id04726,FakeAVCeleb_v1.2/RealVideo-FakeAudio/Asian (East)/men/id04726/00245_fake.mp4,../data/raw/FakeAVCeleb_v1.2/RealVideo-FakeAudio/Asian (East)/men/id04726/00245_fake.mp4,724_RealVideo-FakeAudio,4,True,../data/processed/frames,../data/processed/audio/724_RealVideo-FakeAudio.wav
id04774,fake.mp4,-,rtvc,B,RealVideo-FakeAudio,Asian (East),men,00032_fake.mp4,FakeAVCeleb/RealVideo-FakeAudio/Asian (East)/men/id04774,FakeAVCeleb_v1.2/RealVideo-FakeAudio/Asian (East)/men/id04774/00032_fake.mp4,../data/raw/FakeAVCeleb_v1.2/RealVideo-FakeAudio/Asian (East)/men/id04774/00032_fake.mp4,725_RealVideo-FakeAudio,1,True,../data/processed/frames,../data/processed/audio/725_RealVideo-FakeAudio.wav
id04884,fake.mp4,-,rtvc,B,RealVideo-FakeAudio,Asian (East),men,00028_fake.mp4,FakeAVCeleb/RealVideo-FakeAudio/Asian (East)/men/id04884,FakeAVCeleb_v1.2/RealVideo-FakeAudio/Asian (East)/men/id04884/00028_fake.mp4,../data/raw/FakeAVCeleb_v1.2/RealVideo-FakeAudio/Asian (East)/men/id04884/00028_fake.mp4,727_RealVideo-FakeAudio,5,True,../data/processed/frames,../data/processed/audio/727_RealVideo-FakeAudio.wav
id05268,fake.mp4,-,rtvc,B,RealVideo-FakeAudio,Asian (East),men,00010_fake.mp4,FakeAVCeleb/RealVideo-FakeAudio/Asian (East)/men/id05268,FakeAVCeleb_v1.2/RealVideo-FakeAudio/Asian (East)/men/id05268/00010_fake.mp4,../data/raw/FakeAVCeleb_v1.2/RealVideo-FakeAudio/Asian (East)/men/id05268/00010_fake.mp4,728_RealVideo-FakeAudio,5,True,../data/processed/frames,../data/processed/audio/728_RealVideo-FakeAudio.wav
id05332,fake.mp4,-,rtvc,B,RealVideo-FakeAudio,Asian (East),men,00065_fake.mp4,FakeAVCeleb/RealVideo-FakeAudio/Asian (East)/men/id05332,FakeAVCeleb_v1.2/RealVideo-FakeAudio/Asian (East)/men/id05332/00065_fake.mp4,../data/raw/FakeAVCeleb_v1.2/RealVideo-FakeAudio/Asian (East)/men/id05332/00065_fake.mp4,729_RealVideo-FakeAudio,5,True,../data/processed/frames,../data/processed/audio/729_RealVideo-FakeAudio.wav
id05383,fake.mp4,-,rtvc,B,RealVideo-FakeAudio,Asian (East),men,00015_fake.mp4,FakeAVCeleb/RealVideo-FakeAudio/Asian (East)/men/id05383,FakeAVCeleb_v1.2/RealVideo-FakeAudio/Asian (East)/men/id05383/00015_fake.mp4,../data/raw/FakeAVCeleb_v1.2/RealVideo-FakeAudio/Asian (East)/men/id05383/00015_fake.mp4,730_RealVideo-FakeAudio,5,True,../data/processed/frames,../data/processed/audio/730_RealVideo-FakeAudio.wav
id05479,fake.mp4,-,rtvc,B,RealVideo-FakeAudio,Asian (East),men,05479_fake.mp4,FakeAVCeleb/RealVideo-FakeAudio/Asian (East)/men/id05479,FakeAVCeleb_v1.2/RealVideo-FakeAudio/Asian (East)/men/id05479/05479_fake.mp4,../data/raw/FakeAVCeleb_v1.2/RealVideo-FakeAudio/Asian (East)/men/id05479/05479_fake.mp4,731_RealVideo-FakeAudio,5,True,../data/processed/frames,../data/processed/audio/731_RealVideo-FakeAudio.wav
id05743,fake.mp4,-,rtvc,B,RealVideo-FakeAudio,Asian (East),men,00015_fake.mp4,FakeAVCeleb/RealVideo-FakeAudio/Asian (East)/men/id05743,FakeAVCeleb_v1.2/RealVideo-FakeAudio/Asian (East)/men/id05743/00015_fake.mp4,../data/raw/FakeAVCeleb_v1.2/RealVideo-FakeAudio/Asian (East)/men/id05743/00015_fake.mp4,732_RealVideo-FakeAudio,2,True,../data/processed/frames,../data/processed/audio/732_RealVideo-FakeAudio.wav
id06152,fake.mp4,-,rtvc,B,RealVideo-FakeAudio,Asian (East),men,00302_fake.mp4,FakeAVCeleb/RealVideo-FakeAudio/Asian (East)/men/id06152,FakeAVCeleb_v1.2/RealVideo-FakeAudio/Asian (East)/men/id06152/00302_fake.mp4,../data/raw/FakeAVCeleb_v1.2/RealVideo-FakeAudio/Asian (East)/men/id06152/00302_fake.mp4,733_RealVideo-FakeAudio,5,True,../data/processed/frames,../data/processed/audio/733_RealVideo-FakeAudio.wav
id06269,fake.mp4,-,rtvc,B,RealVideo-FakeAudio,Asian (East),men,00005_fake.mp4,FakeAVCeleb/RealVideo-FakeAudio/Asian (East)/men/id06269,FakeAVCeleb_v1.2/RealVideo-FakeAudio/Asian (East)/men/id06269/00005_fake.mp4,../data/raw/FakeAVCeleb_v1.2/RealVideo-FakeAudio/Asian (East)/men/id06269/00005_fake.mp4,734_RealVideo-FakeAudio,3,True,../data/processed/frames,../data/processed/audio/734_RealVideo-FakeAudio.wav
id06467,fake.mp4,-,rtvc,B,RealVideo-FakeAudio,Asian (East),men,00010_fake.mp4,FakeAVCeleb/RealVideo-FakeAudio/Asian (East)/men/id06467,FakeAVCeleb_v1.2/RealVideo-FakeAudio/Asian (East)/men/id06467/00010_fake.mp4,../data/raw/FakeAVCeleb_v1.2/RealVideo-FakeAudio/Asian (East)/men/id06467/00010_fake.mp4,735_RealVideo-FakeAudio,5,True,../data/processed/frames,../data/processed/audio/735_RealVideo-FakeAudio.wav
id06470,fake.mp4,-,rtvc,B,RealVideo-FakeAudio,Asian (East),men,00052_fake.mp4,FakeAVCeleb/RealVideo-FakeAudio/Asian (East)/men/id06470,FakeAVCeleb_v1.2/RealVideo-FakeAudio/Asian (East)/men/id06470/00052_fake.mp4,../data/raw/FakeAVCeleb_v1.2/RealVideo-FakeAudio/Asian (East)/men/id06470/00052_fake.mp4,736_RealVideo-FakeAudio,5,True,../data/processed/frames,../data/processed/audio/736_RealVideo-FakeAudio.wav
id06535,fake.mp4,-,rtvc,B,RealVideo-FakeAudio,Asian (East),men,00183_fake.mp4,FakeAVCeleb/RealVideo-FakeAudio/Asian (East)/men/id06535,FakeAVCeleb_v1.2/RealVideo-FakeAudio/Asian (East)/men/id06535/00183_fake.mp4,../data/raw/FakeAVCeleb_v1.2/RealVideo-FakeAudio/Asian (East)/men/id06535/00183_fake.mp4,737_RealVideo-FakeAudio,2,True,../data/processed/frames,../data/processed/audio/737_RealVideo-FakeAudio.wav
id06591,fake.mp4,-,rtvc,B,RealVideo-FakeAudio,Asian (East),men,00021_fake.mp4,FakeAVCeleb/RealVideo-FakeAudio/Asian (East)/men/id06591,FakeAVCeleb_v1.2/RealVideo-FakeAudio/Asian (East)/men/id06591/00021_fake.mp4,../data/raw/FakeAVCeleb_v1.2/RealVideo-FakeAudio/Asian (East)/men/id06591/00021_fake.mp4,738_RealVideo-FakeAudio,3,True,../data/processed/frames,../data/processed/audio/738_RealVideo-FakeAudio.wav
id06594,fake.mp4,-,rtvc,B,RealVideo-FakeAudio,Asian (East),men,00002_fake.mp4,FakeAVCeleb/RealVideo-FakeAudio/Asian (East)/men/id06594,FakeAVCeleb_v1.2/RealVideo-FakeAudio/Asian (East)/men/id06594/00002_fake.mp4,../data/raw/FakeAVCeleb_v1.2/RealVideo-FakeAudio/Asian (East)/men/id06594/00002_fake.mp4,739_RealVideo-FakeAudio,5,True,../data/processed/frames,../data/processed/audio/739_RealVideo-FakeAudio.wav
id06776,-,-,rtvc,B,RealVideo-FakeAudio,Asian (East),men,00021.mp4,FakeAVCeleb/RealVideo-FakeAudio/Asian (East)/men/id06776,FakeAVCeleb_v1.2/RealVideo-FakeAudio/Asian (East)/men/id06776/00021.mp4,../data/raw/FakeAVCeleb_v1.2/RealVideo-FakeAudio/Asian (East)/men/id06776/00021.mp4,740_RealVideo-FakeAudio,5,True,../data/processed/frames,../data/processed/audio/740_RealVideo-FakeAudio.wav
id06807,fake.mp4,-,rtvc,B,RealVideo-FakeAudio,Asian (East),men,00015_fake.mp4,FakeAVCeleb/RealVideo-FakeAudio/Asian (East)/men/id06807,FakeAVCeleb_v1.2/RealVideo-FakeAudio/Asian (East)/men/id06807/00015_fake.mp4,../data/raw/FakeAVCeleb_v1.2/RealVideo-FakeAudio/Asian (East)/men/id06807/00015_fake.mp4,741_RealVideo-FakeAudio,3,True,../data/processed/frames,../data/processed/audio/741_RealVideo-FakeAudio.wav
id06878,fake.mp4,-,rtvc,B,RealVideo-FakeAudio,Asian (East),men,00001_fake.mp4,FakeAVCeleb/RealVideo-FakeAudio/Asian (East)/men/id06878,FakeAVCeleb_v1.2/RealVideo-FakeAudio/Asian (East)/men/id06878/00001_fake.mp4,../data/raw/FakeAVCeleb_v1.2/RealVideo-FakeAudio/Asian (East)/men/id06878/00001_fake.mp4,742_RealVideo-FakeAudio,4,True,../data/processed/frames,../data/processed/audio/742_RealVideo-FakeAudio.wav
id07102,fake.mp4,-,rtvc,B,RealVideo-FakeAudio,Asian (East),men,00052_fake.mp4,FakeAVCeleb/RealVideo-FakeAudio/Asian (East)/men/id07102,FakeAVCeleb_v1.2/RealVideo-FakeAudio/Asian (East)/men/id07102/00052_fake.mp4,../data/raw/FakeAVCeleb_v1.2/RealVideo-FakeAudio/Asian (East)/men/id07102/00052_fake.mp4,743_RealVideo-FakeAudio,3,True,../data/processed/frames,../data/processed/audio/743_RealVideo-FakeAudio.wav
id07338,fake.mp4,-,rtvc,B,RealVideo-FakeAudio,Asian (East),men,00003_fake.mp4,FakeAVCeleb/RealVideo-FakeAudio/Asian (East)/men/id07338,FakeAVCeleb_v1.2/RealVideo-FakeAudio/Asian (East)/men/id07338/00003_fake.mp4,../data/raw/FakeAVCeleb_v1.2/RealVideo-FakeAudio/Asian (East)/men/id07338/00003_fake.mp4,744_RealVideo-FakeAudio,5,True,../data/processed/frames,../data/processed/audio/744_RealVideo-FakeAudio.wav
id08299,fake.mp4,-,rtvc,B,RealVideo-FakeAudio,Asian (East),men,00110_fake.mp4,FakeAVCeleb/RealVideo-FakeAudio/Asian (East)/men/id08299,FakeAVCeleb_v1.2/RealVideo-FakeAudio/Asian (East)/men/id08299/00110_fake.mp4,../data/raw/FakeAVCeleb_v1.2/RealVideo-FakeAudio/Asian (East)/men/id08299/00110_fake.mp4,745_RealVideo-FakeAudio,5,True,../data/processed/frames,../data/processed/audio/745_RealVideo-FakeAudio.wav
id08613,fake.mp4,-,rtvc,B,RealVideo-FakeAudio,Asian (East),men,00074_fake.mp4,FakeAVCeleb/RealVideo-FakeAudio/Asian (East)/men/id08613,FakeAVCeleb_v1.2/RealVideo-FakeAudio/Asian (East)/men/id08613/00074_fake.mp4,../data/raw/FakeAVCeleb_v1.2/RealVideo-FakeAudio/Asian (East)/men/id08613/00074_fake.mp4,746_RealVideo-FakeAudio,5,True,../data/processed/frames,../data/processed/audio/746_RealVideo-FakeAudio.wav
id08652,fake.mp4,-,rtvc,B,RealVideo-FakeAudio,Asian (East),men,00006_fake.mp4,FakeAVCeleb/RealVideo-FakeAudio/Asian (East)/men/id08652,FakeAVCeleb_v1.2/RealVideo-FakeAudio/Asian (East)/men/id08652/00006_fake.mp4,../data/raw/FakeAVCeleb_v1.2/RealVideo-FakeAudio/Asian (East)/men/id08652/00006_fake.mp4,747_RealVideo-FakeAudio,5,True,../data/processed/frames,../data/processed/audio/747_RealVideo-FakeAudio.wav
id09053,fake.mp4,-,rtvc,B,RealVideo-FakeAudio,Asian (East),men,00005_fake.mp4,FakeAVCeleb/RealVideo-FakeAudio/Asian (East)/men/id09053,FakeAVCeleb_v1.2/RealVideo-FakeAudio/Asian (East)/men/id09053/00005_fake.mp4,../data/raw/FakeAVCeleb_v1.2/RealVideo-FakeAudio/Asian (East)/men/id09053/00005_fake.mp4,748_RealVideo-FakeAudio,4,True,../data/processed/frames,../data/processed/audio/748_RealVideo-FakeAudio.wav
id09143,fake.mp4,-,rtvc,B,RealVideo-FakeAudio,Asian (East),men,00056_fake.mp4,FakeAVCeleb/RealVideo-FakeAudio/Asian (East)/men/id09143,FakeAVCeleb_v1.2/RealVideo-FakeAudio/Asian (East)/men/id09143/00056_fake.mp4,../data/raw/FakeAVCeleb_v1.2/RealVideo-FakeAudio/Asian (East)/men/id09143/00056_fake.mp4,749_RealVideo-FakeAudio,5,True,../data/processed/frames,../data/processed/audio/749_RealVideo-FakeAudio.wav
id00363,fake.mp4,-,rtvc,B,RealVideo-FakeAudio,Asian (East),women,00014_fake.mp4,FakeAVCeleb/RealVideo-FakeAudio/Asian (East)/women/id00363,FakeAVCeleb_v1.2/RealVideo-FakeAudio/Asian (East)/women/id00363/00014_fake.mp4,../data/raw/FakeAVCeleb_v1.2/RealVideo-FakeAudio/Asian (East)/women/id00363/00014_fake.mp4,751_RealVideo-FakeAudio,3,True,../data/processed/frames,../data/processed/audio/751_RealVideo-FakeAudio.wav
id00566,fake.mp4,-,rtvc,B,RealVideo-FakeAudio,Asian (East),women,00032_fake.mp4,FakeAVCeleb/RealVideo-FakeAudio/Asian (East)/women/id00566,FakeAVCeleb_v1.2/RealVideo-FakeAudio/Asian (East)/women/id00566/00032_fake.mp4,../data/raw/FakeAVCeleb_v1.2/RealVideo-FakeAudio/Asian (East)/women/id00566/00032_fake.mp4,753_RealVideo-FakeAudio,5,True,../data/processed/frames,../data/processed/audio/753_RealVideo-FakeAudio.wav
id00579,fake.mp4,-,rtvc,B,RealVideo-FakeAudio,Asian (East),women,00030_fake.mp4,FakeAVCeleb/RealVideo-FakeAudio/Asian (East)/women/id00579,FakeAVCeleb_v1.2/RealVideo-FakeAudio/Asian (East)/women/id00579/00030_fake.mp4,../data/raw/FakeAVCeleb_v1.2/RealVideo-FakeAudio/Asian (East)/women/id00579/00030_fake.mp4,754_RealVideo-FakeAudio,5,True,../data/processed/frames,../data/processed/audio/754_RealVideo-FakeAudio.wav
id00582,fake.mp4,-,rtvc,B,RealVideo-FakeAudio,Asian (East),women,00006_fake.mp4,FakeAVCeleb/RealVideo-FakeAudio/Asian (East)/women/id00582,FakeAVCeleb_v1.2/RealVideo-FakeAudio/Asian (East)/women/id00582/00006_fake.mp4,../data/raw/FakeAVCeleb_v1.2/RealVideo-FakeAudio/Asian (East)/women/id00582/00006_fake.mp4,755_RealVideo-FakeAudio,5,True,../data/processed/frames,../data/processed/audio/755_RealVideo-FakeAudio.wav
id00763,fake.mp4,-,rtvc,B,RealVideo-FakeAudio,Asian (East),women,00074_fake.mp4,FakeAVCeleb/RealVideo-FakeAudio/Asian (East)/women/id00763,FakeAVCeleb_v1.2/RealVideo-FakeAudio/Asian (East)/women/id00763/00074_fake.mp4,../data/raw/FakeAVCeleb_v1.2/RealVideo-FakeAudio/Asian (East)/women/id00763/00074_fake.mp4,756_RealVideo-FakeAudio,5,True,../data/processed/frames,../data/processed/audio/756_RealVideo-FakeAudio.wav
id00935,fake.mp4,-,rtvc,B,RealVideo-FakeAudio,Asian (East),women,00005_fake.mp4,FakeAVCeleb/RealVideo-FakeAudio/Asian (East)/women/id00935,FakeAVCeleb_v1.2/RealVideo-FakeAudio/Asian (East)/women/id00935/00005_fake.mp4,../data/raw/FakeAVCeleb_v1.2/RealVideo-FakeAudio/Asian (East)/women/id00935/00005_fake.mp4,757_RealVideo-FakeAudio,1,True,../data/processed/frames,../data/processed/audio/757_RealVideo-FakeAudio.wav
id01281,fake.mp4,-,rtvc,B,RealVideo-FakeAudio,Asian (East),women,00040_fake.mp4,FakeAVCeleb/RealVideo-FakeAudio/Asian (East)/women/id01281,FakeAVCeleb_v1.2/RealVideo-FakeAudio/Asian (East)/women/id01281/00040_fake.mp4,../data/raw/FakeAVCeleb_v1.2/RealVideo-FakeAudio/Asian (East)/women/id01281/00040_fake.mp4,758_RealVideo-FakeAudio,2,True,../data/processed/frames,../data/processed/audio/758_RealVideo-FakeAudio.wav
id01451,fake.mp4,-,rtvc,B,RealVideo-FakeAudio,Asian (East),women,00099_fake.mp4,FakeAVCeleb/RealVideo-FakeAudio/Asian (East)/women/id01451,FakeAVCeleb_v1.2/RealVideo-FakeAudio/Asian (East)/women/id01451/00099_fake.mp4,../data/raw/FakeAVCeleb_v1.2/RealVideo-FakeAudio/Asian (East)/women/id01451/00099_fake.mp4,759_RealVideo-FakeAudio,4,True,../data/processed/frames,../data/processed/audio/759_RealVideo-FakeAudio.wav
id02587,fake.mp4,-,rtvc,B,RealVideo-FakeAudio,Asian (East),women,00020_fake.mp4,FakeAVCeleb/RealVideo-FakeAudio/Asian (East)/women/id02587,FakeAVCeleb_v1.2/RealVideo-FakeAudio/Asian (East)/women/id02587/00020_fake.mp4,../data/raw/FakeAVCeleb_v1.2/RealVideo-FakeAudio/Asian (East)/women/id02587/00020_fake.mp4,760_RealVideo-FakeAudio,4,True,../data/processed/frames,../data/processed/audio/760_RealVideo-FakeAudio.wav
id02807,fake.mp4,-,rtvc,B,RealVideo-FakeAudio,Asian (East),women,00032_fake.mp4,FakeAVCeleb/RealVideo-FakeAudio/Asian (East)/women/id02807,FakeAVCeleb_v1.2/RealVideo-FakeAudio/Asian (East)/women/id02807/00032_fake.mp4,../data/raw/FakeAVCeleb_v1.2/RealVideo-FakeAudio/Asian (East)/women/id02807/00032_fake.mp4,761_RealVideo-FakeAudio,2,True,../data/processed/frames,../data/processed/audio/761_RealVideo-FakeAudio.wav
id03211,fake.mp4,-,rtvc,B,RealVideo-FakeAudio,Asian (East),women,00032_fake.mp4,FakeAVCeleb/RealVideo-FakeAudio/Asian (East)/women/id03211,FakeAVCeleb_v1.2/RealVideo-FakeAudio/Asian (East)/women/id03211/00032_fake.mp4,../data/raw/FakeAVCeleb_v1.2/RealVideo-FakeAudio/Asian (East)/women/id03211/00032_fake.mp4,762_RealVideo-FakeAudio,5,True,../data/processed/frames,../data/processed/audio/762_RealVideo-FakeAudio.wav
id03379,fake.mp4,-,rtvc,B,RealVideo-FakeAudio,Asian (East),women,00032_fake.mp4,FakeAVCeleb/RealVideo-FakeAudio/Asian (East)/women/id03379,FakeAVCeleb_v1.2/RealVideo-FakeAudio/Asian (East)/women/id03379/00032_fake.mp4,../data/raw/FakeAVCeleb_v1.2/RealVideo-FakeAudio/Asian (East)/women/id03379/00032_fake.mp4,763_RealVideo-FakeAudio,3,True,../data/processed/frames,../data/processed/audio/763_RealVideo-FakeAudio.wav
id03940,fake.mp4,-,rtvc,B,RealVideo-FakeAudio,Asian (East),women,00025_fake.mp4,FakeAVCeleb/RealVideo-FakeAudio/Asian (East)/women/id03940,FakeAVCeleb_v1.2/RealVideo-FakeAudio/Asian (East)/women/id03940/00025_fake.mp4,../data/raw/FakeAVCeleb_v1.2/RealVideo-FakeAudio/Asian (East)/women/id03940/00025_fake.mp4,764_RealVideo-FakeAudio,5,True,../data/processed/frames,../data/processed/audio/764_RealVideo-FakeAudio.wav
id04057,fake.mp4,-,rtvc,B,RealVideo-FakeAudio,Asian (East),women,00015_fake.mp4,FakeAVCeleb/RealVideo-FakeAudio/Asian (East)/women/id04057,FakeAVCeleb_v1.2/RealVideo-FakeAudio/Asian (East)/women/id04057/00015_fake.mp4,../data/raw/FakeAVCeleb_v1.2/RealVideo-FakeAudio/Asian (East)/women/id04057/00015_fake.mp4,765_RealVideo-FakeAudio,4,True,../data/processed/frames,../data/processed/audio/765_RealVideo-FakeAudio.wav
id04066,fake.mp4,-,rtvc,B,RealVideo-FakeAudio,Asian (East),women,00013_fake.mp4,FakeAVCeleb/RealVideo-FakeAudio/Asian (East)/women/id04066,FakeAVCeleb_v1.2/RealVideo-FakeAudio/Asian (East)/women/id04066/00013_fake.mp4,../data/raw/FakeAVCeleb_v1.2/RealVideo-FakeAudio/Asian (East)/women/id04066/00013_fake.mp4,766_RealVideo-FakeAudio,5,True,../data/processed/frames,../data/processed/audio/766_RealVideo-FakeAudio.wav
id04144,fake.mp4,-,rtvc,B,RealVideo-FakeAudio,Asian (East),women,00028_fake.mp4,FakeAVCeleb/RealVideo-FakeAudio/Asian (East)/women/id04144,FakeAVCeleb_v1.2/RealVideo-FakeAudio/Asian (East)/women/id04144/00028_fake.mp4,../data/raw/FakeAVCeleb_v1.2/RealVideo-FakeAudio/Asian (East)/women/id04144/00028_fake.mp4,767_RealVideo-FakeAudio,5,True,../data/processed/frames,../data/processed/audio/767_RealVideo-FakeAudio.wav
id04414,fake.mp4,-,rtvc,B,RealVideo-FakeAudio,Asian (East),women,00001_fake.mp4,FakeAVCeleb/RealVideo-FakeAudio/Asian (East)/women/id04414,FakeAVCeleb_v1.2/RealVideo-FakeAudio/Asian (East)/women/id04414/00001_fake.mp4,../data/raw/FakeAVCeleb_v1.2/RealVideo-FakeAudio/Asian (East)/women/id04414/00001_fake.mp4,768_RealVideo-FakeAudio,5,True,../data/processed/frames,../data/processed/audio/768_RealVideo-FakeAudio.wav
id04701,fake.mp4,-,rtvc,B,RealVideo-FakeAudio,Asian (East),women,00017_fake.mp4,FakeAVCeleb/RealVideo-FakeAudio/Asian (East)/women/id04701,FakeAVCeleb_v1.2/RealVideo-FakeAudio/Asian (East)/women/id04701/00017_fake.mp4,../data/raw/FakeAVCeleb_v1.2/RealVideo-FakeAudio/Asian (East)/women/id04701/00017_fake.mp4,769_RealVideo-FakeAudio,2,True,../data/processed/frames,../data/processed/audio/769_RealVideo-FakeAudio.wav
id05576,fake.mp4,-,rtvc,B,RealVideo-FakeAudio,Asian (East),women,00368_fake.mp4,FakeAVCeleb/RealVideo-FakeAudio/Asian (East)/women/id05576,FakeAVCeleb_v1.2/RealVideo-FakeAudio/Asian (East)/women/id05576/00368_fake.mp4,../data/raw/FakeAVCeleb_v1.2/RealVideo-FakeAudio/Asian (East)/women/id05576/00368_fake.mp4,770_RealVideo-FakeAudio,5,True,../data/processed/frames,../data/processed/audio/770_RealVideo-FakeAudio.wav
id05620,fake.mp4,-,rtvc,B,RealVideo-FakeAudio,Asian (East),women,00005_fake.mp4,FakeAVCeleb/RealVideo-FakeAudio/Asian (East)/women/id05620,FakeAVCeleb_v1.2/RealVideo-FakeAudio/Asian (East)/women/id05620/00005_fake.mp4,../data/raw/FakeAVCeleb_v1.2/RealVideo-FakeAudio/Asian (East)/women/id05620/00005_fake.mp4,771_RealVideo-FakeAudio,4,True,../data/processed/frames,../data/processed/audio/771_RealVideo-FakeAudio.wav
id05631,fake.mp4,-,rtvc,B,RealVideo-FakeAudio,Asian (East),women,00073_fake.mp4,FakeAVCeleb/RealVideo-FakeAudio/Asian (East)/women/id05631,FakeAVCeleb_v1.2/RealVideo-FakeAudio/Asian (East)/women/id05631/00073_fake.mp4,../data/raw/FakeAVCeleb_v1.2/RealVideo-FakeAudio/Asian (East)/women/id05631/00073_fake.mp4,772_RealVideo-FakeAudio,5,True,../data/processed/frames,../data/processed/audio/772_RealVideo-FakeAudio.wav
id05844,fake.mp4,-,rtvc,B,RealVideo-FakeAudio,Asian (East),women,00072_fake.mp4,FakeAVCeleb/RealVideo-FakeAudio/Asian (East)/women/id05844,FakeAVCeleb_v1.2/RealVideo-FakeAudio/Asian (East)/women/id05844/00072_fake.mp4,../data/raw/FakeAVCeleb_v1.2/RealVideo-FakeAudio/Asian (East)/women/id05844/00072_fake.mp4,773_RealVideo-FakeAudio,5,True,../data/processed/frames,../data/processed/audio/773_RealVideo-FakeAudio.wav
id06054,fake.mp4,-,rtvc,B,RealVideo-FakeAudio,Asian (East),women,00010_fake.mp4,FakeAVCeleb/RealVideo-FakeAudio/Asian (East)/women/id06054,FakeAVCeleb_v1.2/RealVideo-FakeAudio/Asian (East)/women/id06054/00010_fake.mp4,../data/raw/FakeAVCeleb_v1.2/RealVideo-FakeAudio/Asian (East)/women/id06054/00010_fake.mp4,774_RealVideo-FakeAudio,5,True,../data/processed/frames,../data/processed/audio/774_RealVideo-FakeAudio.wav
id06060,fake.mp4,-,rtvc,B,RealVideo-FakeAudio,Asian (East),women,00219_fake.mp4,FakeAVCeleb/RealVideo-FakeAudio/Asian (East)/women/id06060,FakeAVCeleb_v1.2/RealVideo-FakeAudio/Asian (East)/women/id06060/00219_fake.mp4,../data/raw/FakeAVCeleb_v1.2/RealVideo-FakeAudio/Asian (East)/women/id06060/00219_fake.mp4,775_RealVideo-FakeAudio,5,True,../data/processed/frames,../data/processed/audio/775_RealVideo-FakeAudio.wav
id06061,fake.mp4,-,rtvc,B,RealVideo-FakeAudio,Asian (East),women,00002_fake.mp4,FakeAVCeleb/RealVideo-FakeAudio/Asian (East)/women/id06061,FakeAVCeleb_v1.2/RealVideo-FakeAudio/Asian (East)/women/id06061/00002_fake.mp4,../data/raw/FakeAVCeleb_v1.2/RealVideo-FakeAudio/Asian (East)/women/id06061/00002_fake.mp4,776_RealVideo-FakeAudio,5,True,../data/processed/frames,../data/processed/audio/776_RealVideo-FakeAudio.wav
id06065,fake.mp4,-,rtvc,B,RealVideo-FakeAudio,Asian (East),women,00160_fake.mp4,FakeAVCeleb/RealVideo-FakeAudio/Asian (East)/women/id06065,FakeAVCeleb_v1.2/RealVideo-FakeAudio/Asian (East)/women/id06065/00160_fake.mp4,../data/raw/FakeAVCeleb_v1.2/RealVideo-FakeAudio/Asian (East)/women/id06065/00160_fake.mp4,777_RealVideo-FakeAudio,2,True,../data/processed/frames,../data/processed/audio/777_RealVideo-FakeAudio.wav
id06066,fake.mp4,-,rtvc,B,RealVideo-FakeAudio,Asian (East),women,00028_fake.mp4,FakeAVCeleb/RealVideo-FakeAudio/Asian (East)/women/id06066,FakeAVCeleb_v1.2/RealVideo-FakeAudio/Asian (East)/women/id06066/00028_fake.mp4,../data/raw/FakeAVCeleb_v1.2/RealVideo-FakeAudio/Asian (East)/women/id06066/00028_fake.mp4,778_RealVideo-FakeAudio,5,True,../data/processed/frames,../data/processed/audio/778_RealVideo-FakeAudio.wav
id06158,fake.mp4,-,rtvc,B,RealVideo-FakeAudio,Asian (East),women,00015_fake.mp4,FakeAVCeleb/RealVideo-FakeAudio/Asian (East)/women/id06158,FakeAVCeleb_v1.2/RealVideo-FakeAudio/Asian (East)/women/id06158/00015_fake.mp4,../data/raw/FakeAVCeleb_v1.2/RealVideo-FakeAudio/Asian (East)/women/id06158/00015_fake.mp4,779_RealVideo-FakeAudio,3,True,../data/processed/frames,../data/processed/audio/779_RealVideo-FakeAudio.wav
id06388,fake.mp4,-,rtvc,B,RealVideo-FakeAudio,Asian (East),women,00005_fake.mp4,FakeAVCeleb/RealVideo-FakeAudio/Asian (East)/women/id06388,FakeAVCeleb_v1.2/RealVideo-FakeAudio/Asian (East)/women/id06388/00005_fake.mp4,../data/raw/FakeAVCeleb_v1.2/RealVideo-FakeAudio/Asian (East)/women/id06388/00005_fake.mp4,781_RealVideo-FakeAudio,5,True,../data/processed/frames,../data/processed/audio/781_RealVideo-FakeAudio.wav
id06427,fake.mp4,-,rtvc,B,RealVideo-FakeAudio,Asian (East),women,00138_fake.mp4,FakeAVCeleb/RealVideo-FakeAudio/Asian (East)/women/id06427,FakeAVCeleb_v1.2/RealVideo-FakeAudio/Asian (East)/women/id06427/00138_fake.mp4,../data/raw/FakeAVCeleb_v1.2/RealVideo-FakeAudio/Asian (East)/women/id06427/00138_fake.mp4,782_RealVideo-FakeAudio,4,True,../data/processed/frames,../data/processed/audio/782_RealVideo-FakeAudio.wav
id06443,fake.mp4,-,rtvc,B,RealVideo-FakeAudio,Asian (East),women,00232_fake.mp4,FakeAVCeleb/RealVideo-FakeAudio/Asian (East)/women/id06443,FakeAVCeleb_v1.2/RealVideo-FakeAudio/Asian (East)/women/id06443/00232_fake.mp4,../data/raw/FakeAVCeleb_v1.2/RealVideo-FakeAudio/Asian (East)/women/id06443/00232_fake.mp4,783_RealVideo-FakeAudio,5,True,../data/processed/frames,../data/processed/audio/783_RealVideo-FakeAudio.wav
id06462,fake.mp4,-,rtvc,B,RealVideo-FakeAudio,Asian (East),women,00014_fake.mp4,FakeAVCeleb/RealVideo-FakeAudio/Asian (East)/women/id06462,FakeAVCeleb_v1.2/RealVideo-FakeAudio/Asian (East)/women/id06462/00014_fake.mp4,../data/raw/FakeAVCeleb_v1.2/RealVideo-FakeAudio/Asian (East)/women/id06462/00014_fake.mp4,784_RealVideo-FakeAudio,5,True,../data/processed/frames,../data/processed/audio/784_RealVideo-FakeAudio.wav
id07039,fake.mp4,-,rtvc,B,RealVideo-FakeAudio,Asian (East),women,00105_fake.mp4,FakeAVCeleb/RealVideo-FakeAudio/Asian (East)/women/id07039,FakeAVCeleb_v1.2/RealVideo-FakeAudio/Asian (East)/women/id07039/00105_fake.mp4,../data/raw/FakeAVCeleb_v1.2/RealVideo-FakeAudio/Asian (East)/women/id07039/00105_fake.mp4,785_RealVideo-FakeAudio,5,True,../data/processed/frames,../data/processed/audio/785_RealVideo-FakeAudio.wav
id07383,fake.mp4,-,rtvc,B,RealVideo-FakeAudio,Asian (East),women,00011_fake.mp4,FakeAVCeleb/RealVideo-FakeAudio/Asian (East)/women/id07383,FakeAVCeleb_v1.2/RealVideo-FakeAudio/Asian (East)/women/id07383/00011_fake.mp4,../data/raw/FakeAVCeleb_v1.2/RealVideo-FakeAudio/Asian (East)/women/id07383/00011_fake.mp4,786_RealVideo-FakeAudio,5,True,../data/processed/frames,../data/processed/audio/786_RealVideo-FakeAudio.wav
id07739,fake.mp4,-,rtvc,B,RealVideo-FakeAudio,Asian (East),women,00019_fake.mp4,FakeAVCeleb/RealVideo-FakeAudio/Asian (East)/women/id07739,FakeAVCeleb_v1.2/RealVideo-FakeAudio/Asian (East)/women/id07739/00019_fake.mp4,../data/raw/FakeAVCeleb_v1.2/RealVideo-FakeAudio/Asian (East)/women/id07739/00019_fake.mp4,787_RealVideo-FakeAudio,5,True,../data/processed/frames,../data/processed/audio/787_RealVideo-FakeAudio.wav
id07799,fake.mp4,-,rtvc,B,RealVideo-FakeAudio,Asian (East),women,00063_fake.mp4,FakeAVCeleb/RealVideo-FakeAudio/Asian (East)/women/id07799,FakeAVCeleb_v1.2/RealVideo-FakeAudio/Asian (East)/women/id07799/00063_fake.mp4,../data/raw/FakeAVCeleb_v1.2/RealVideo-FakeAudio/Asian (East)/women/id07799/00063_fake.mp4,788_RealVideo-FakeAudio,5,True,../data/processed/frames,../data/processed/audio/788_RealVideo-FakeAudio.wav
id07901,fake.mp4,-,rtvc,B,RealVideo-FakeAudio,Asian (East),women,00040_fake.mp4,FakeAVCeleb/RealVideo-FakeAudio/Asian (East)/women/id07901,FakeAVCeleb_v1.2/RealVideo-FakeAudio/Asian (East)/women/id07901/00040_fake.mp4,../data/raw/FakeAVCeleb_v1.2/RealVideo-FakeAudio/Asian (East)/women/id07901/00040_fake.mp4,789_RealVideo-FakeAudio,5,True,../data/processed/frames,../data/processed/audio/789_RealVideo-FakeAudio.wav
id08139,fake.mp4,-,rtvc,B,RealVideo-FakeAudio,Asian (East),women,00067_fake.mp4,FakeAVCeleb/RealVideo-FakeAudio/Asian (East)/women/id08139,FakeAVCeleb_v1.2/RealVideo-FakeAudio/Asian (East)/women/id08139/00067_fake.mp4,../data/raw/FakeAVCeleb_v1.2/RealVideo-FakeAudio/Asian (East)/women/id08139/00067_fake.mp4,790_RealVideo-FakeAudio,5,True,../data/processed/frames,../data/processed/audio/790_RealVideo-FakeAudio.wav
id08397,fake.mp4,-,rtvc,B,RealVideo-FakeAudio,Asian (East),women,00167_fake.mp4,FakeAVCeleb/RealVideo-FakeAudio/Asian (East)/women/id08397,FakeAVCeleb_v1.2/RealVideo-FakeAudio/Asian (East)/women/id08397/00167_fake.mp4,../data/raw/FakeAVCeleb_v1.2/RealVideo-FakeAudio/Asian (East)/women/id08397/00167_fake.mp4,791_RealVideo-FakeAudio,4,True,../data/processed/frames,../data/processed/audio/791_RealVideo-FakeAudio.wav
id08402,fake.mp4,-,rtvc,B,RealVideo-FakeAudio,Asian (East),women,00092_fake.mp4,FakeAVCeleb/RealVideo-FakeAudio/Asian (East)/women/id08402,FakeAVCeleb_v1.2/RealVideo-FakeAudio/Asian (East)/women/id08402/00092_fake.mp4,../data/raw/FakeAVCeleb_v1.2/RealVideo-FakeAudio/Asian (East)/women/id08402/00092_fake.mp4,792_RealVideo-FakeAudio,5,True,../data/processed/frames,../data/processed/audio/792_RealVideo-FakeAudio.wav
id08819,fake.mp4,-,rtvc,B,RealVideo-FakeAudio,Asian (East),women,00052_fake.mp4,FakeAVCeleb/RealVideo-FakeAudio/Asian (East)/women/id08819,FakeAVCeleb_v1.2/RealVideo-FakeAudio/Asian (East)/women/id08819/00052_fake.mp4,../data/raw/FakeAVCeleb_v1.2/RealVideo-FakeAudio/Asian (East)/women/id08819/00052_fake.mp4,793_RealVideo-FakeAudio,4,True,../data/processed/frames,../data/processed/audio/793_RealVideo-FakeAudio.wav
id09116,fake.mp4,-,rtvc,B,RealVideo-FakeAudio,Asian (East),women,00026_fake.mp4,FakeAVCeleb/RealVideo-FakeAudio/Asian (East)/women/id09116,FakeAVCeleb_v1.2/RealVideo-FakeAudio/Asian (East)/women/id09116/00026_fake.mp4,../data/raw/FakeAVCeleb_v1.2/RealVideo-FakeAudio/Asian (East)/women/id09116/00026_fake.mp4,794_RealVideo-FakeAudio,5,True,../data/processed/frames,../data/processed/audio/794_RealVideo-FakeAudio.wav
id09125,fake.mp4,-,rtvc,B,RealVideo-FakeAudio,Asian (East),women,00098_fake.mp4,FakeAVCeleb/RealVideo-FakeAudio/Asian (East)/women/id09125,FakeAVCeleb_v1.2/RealVideo-FakeAudio/Asian (East)/women/id09125/00098_fake.mp4,../data/raw/FakeAVCeleb_v1.2/RealVideo-FakeAudio/Asian (East)/women/id09125/00098_fake.mp4,795_RealVideo-FakeAudio,1,True,../data/processed/frames,../data/processed/audio/795_RealVideo-FakeAudio.wav
id09171,fake.mp4,-,rtvc,B,RealVideo-FakeAudio,Asian (East),women,00092_fake.mp4,FakeAVCeleb/RealVideo-FakeAudio/Asian (East)/women/id09171,FakeAVCeleb_v1.2/RealVideo-FakeAudio/Asian (East)/women/id09171/00092_fake.mp4,../data/raw/FakeAVCeleb_v1.2/RealVideo-FakeAudio/Asian (East)/women/id09171/00092_fake.mp4,796_RealVideo-FakeAudio,5,True,../data/processed/frames,../data/processed/audio/796_RealVideo-FakeAudio.wav
id09174,fake.mp4,-,rtvc,B,RealVideo-FakeAudio,Asian (East),women,00015_fake.mp4,FakeAVCeleb/RealVideo-FakeAudio/Asian (East)/women/id09174,FakeAVCeleb_v1.2/RealVideo-FakeAudio/Asian (East)/women/id09174/00015_fake.mp4,../data/raw/FakeAVCeleb_v1.2/RealVideo-FakeAudio/Asian (East)/women/id09174/00015_fake.mp4,797_RealVideo-FakeAudio,5,True,../data/processed/frames,../data/processed/audio/797_RealVideo-FakeAudio.wav
id09175,fake.mp4,-,rtvc,B,RealVideo-FakeAudio,Asian (East),women,00072_fake.mp4,FakeAVCeleb/RealVideo-FakeAudio/Asian (East)/women/id09175,FakeAVCeleb_v1.2/RealVideo-FakeAudio/Asian (East)/women/id09175/00072_fake.mp4,../data/raw/FakeAVCeleb_v1.2/RealVideo-FakeAudio/Asian (East)/women/id09175/00072_fake.mp4,798_RealVideo-FakeAudio,5,True,../data/processed/frames,../data/processed/audio/798_RealVideo-FakeAudio.wav
id09181,fake.mp4,-,rtvc,B,RealVideo-FakeAudio,Asian (East),women,00048_fake.mp4,FakeAVCeleb/RealVideo-FakeAudio/Asian (East)/women/id09181,FakeAVCeleb_v1.2/RealVideo-FakeAudio/Asian (East)/women/id09181/00048_fake.mp4,../data/raw/FakeAVCeleb_v1.2/RealVideo-FakeAudio/Asian (East)/women/id09181/00048_fake.mp4,799_RealVideo-FakeAudio,5,True,../data/processed/frames,../data/processed/audio/799_RealVideo-FakeAudio.wav
id00055,fake.mp4,-,rtvc,B,RealVideo-FakeAudio,Caucasian (European),men,00120_fake.mp4,FakeAVCeleb/RealVideo-FakeAudio/Caucasian (European)/men/id00055,FakeAVCeleb_v1.2/RealVideo-FakeAudio/Caucasian (European)/men/id00055/00120_fake.mp4,../data/raw/FakeAVCeleb_v1.2/RealVideo-FakeAudio/Caucasian (European)/men/id00055/00120_fake.mp4,800_RealVideo-FakeAudio,5,True,../data/processed/frames,../data/processed/audio/800_RealVideo-FakeAudio.wav
id00063,fake.mp4,-,rtvc,B,RealVideo-FakeAudio,Caucasian (European),men,00021_fake.mp4,FakeAVCeleb/RealVideo-FakeAudio/Caucasian (European)/men/id00063,FakeAVCeleb_v1.2/RealVideo-FakeAudio/Caucasian (European)/men/id00063/00021_fake.mp4,../data/raw/FakeAVCeleb_v1.2/RealVideo-FakeAudio/Caucasian (European)/men/id00063/00021_fake.mp4,801_RealVideo-FakeAudio,5,True,../data/processed/frames,../data/processed/audio/801_RealVideo-FakeAudio.wav
id00171,fake.mp4,-,rtvc,B,RealVideo-FakeAudio,Caucasian (European),men,00092_fake.mp4,FakeAVCeleb/RealVideo-FakeAudio/Caucasian (European)/men/id00171,FakeAVCeleb_v1.2/RealVideo-FakeAudio/Caucasian (European)/men/id00171/00092_fake.mp4,../data/raw/FakeAVCeleb_v1.2/RealVideo-FakeAudio/Caucasian (European)/men/id00171/00092_fake.mp4,802_RealVideo-FakeAudio,5,True,../data/processed/frames,../data/processed/audio/802_RealVideo-FakeAudio.wav
id00183,fake.mp4,-,rtvc,B,RealVideo-FakeAudio,Caucasian (European),men,00015_fake.mp4,FakeAVCeleb/RealVideo-FakeAudio/Caucasian (European)/men/id00183,FakeAVCeleb_v1.2/RealVideo-FakeAudio/Caucasian (European)/men/id00183/00015_fake.mp4,../data/raw/FakeAVCeleb_v1.2/RealVideo-FakeAudio/Caucasian (European)/men/id00183/00015_fake.mp4,803_RealVideo-FakeAudio,5,True,../data/processed/frames,../data/processed/audio/803_RealVideo-FakeAudio.wav
id00185,fake.mp4,-,rtvc,B,RealVideo-FakeAudio,Caucasian (European),men,00015_fake.mp4,FakeAVCeleb/RealVideo-FakeAudio/Caucasian (European)/men/id00185,FakeAVCeleb_v1.2/RealVideo-FakeAudio/Caucasian (European)/men/id00185/00015_fake.mp4,../data/raw/FakeAVCeleb_v1.2/RealVideo-FakeAudio/Caucasian (European)/men/id00185/00015_fake.mp4,804_RealVideo-FakeAudio,3,True,../data/processed/frames,../data/processed/audio/804_RealVideo-FakeAudio.wav
id00186,fake.mp4,-,rtvc,B,RealVideo-FakeAudio,Caucasian (European),men,00120_fake.mp4,FakeAVCeleb/RealVideo-FakeAudio/Caucasian (European)/men/id00186,FakeAVCeleb_v1.2/RealVideo-FakeAudio/Caucasian (European)/men/id00186/00120_fake.mp4,../data/raw/FakeAVCeleb_v1.2/RealVideo-FakeAudio/Caucasian (European)/men/id00186/00120_fake.mp4,805_RealVideo-FakeAudio,5,True,../data/processed/frames,../data/processed/audio/805_RealVideo-FakeAudio.wav
id00187,fake.mp4,-,rtvc,B,RealVideo-FakeAudio,Caucasian (European),men,00360_fake.mp4,FakeAVCeleb/RealVideo-FakeAudio/Caucasian (European)/men/id00187,FakeAVCeleb_v1.2/RealVideo-FakeAudio/Caucasian (European)/men/id00187/00360_fake.mp4,../data/raw/FakeAVCeleb_v1.2/RealVideo-FakeAudio/Caucasian (European)/men/id00187/00360_fake.mp4,806_RealVideo-FakeAudio,5,True,../data/processed/frames,../data/processed/audio/806_RealVideo-FakeAudio.wav
id00192,fake.mp4,-,rtvc,B,RealVideo-FakeAudio,Caucasian (European),men,00078_fake.mp4,FakeAVCeleb/RealVideo-FakeAudio/Caucasian (European)/men/id00192,FakeAVCeleb_v1.2/RealVideo-FakeAudio/Caucasian (European)/men/id00192/00078_fake.mp4,../data/raw/FakeAVCeleb_v1.2/RealVideo-FakeAudio/Caucasian (European)/men/id00192/00078_fake.mp4,807_RealVideo-FakeAudio,5,True,../data/processed/frames,../data/processed/audio/807_RealVideo-FakeAudio.wav
id00225,fake.mp4,-,rtvc,B,RealVideo-FakeAudio,Caucasian (European),men,00078_fake.mp4,FakeAVCeleb/RealVideo-FakeAudio/Caucasian (European)/men/id00225,FakeAVCeleb_v1.2/RealVideo-FakeAudio/Caucasian (European)/men/id00225/00078_fake.mp4,../data/raw/FakeAVCeleb_v1.2/RealVideo-FakeAudio/Caucasian (European)/men/id00225/00078_fake.mp4,808_RealVideo-FakeAudio,5,True,../data/processed/frames,../data/processed/audio/808_RealVideo-FakeAudio.wav
id00241,fake.mp4,-,rtvc,B,RealVideo-FakeAudio,Caucasian (European),men,00015_fake.mp4,FakeAVCeleb/RealVideo-FakeAudio/Caucasian (European)/men/id00241,FakeAVCeleb_v1.2/RealVideo-FakeAudio/Caucasian (European)/men/id00241/00015_fake.mp4,../data/raw/FakeAVCeleb_v1.2/RealVideo-FakeAudio/Caucasian (European)/men/id00241/00015_fake.mp4,809_RealVideo-FakeAudio,5,True,../data/processed/frames,../data/processed/audio/809_RealVideo-FakeAudio.wav
id00253,fake.mp4,-,rtvc,B,RealVideo-FakeAudio,Caucasian (European),men,00021_fake.mp4,FakeAVCeleb/RealVideo-FakeAudio/Caucasian (European)/men/id00253,FakeAVCeleb_v1.2/RealVideo-FakeAudio/Caucasian (European)/men/id00253/00021_fake.mp4,../data/raw/FakeAVCeleb_v1.2/RealVideo-FakeAudio/Caucasian (European)/men/id00253/00021_fake.mp4,810_RealVideo-FakeAudio,5,True,../data/processed/frames,../data/processed/audio/810_RealVideo-FakeAudio.wav
id00265,fake.mp4,-,rtvc,B,RealVideo-FakeAudio,Caucasian (European),men,00130_fake.mp4,FakeAVCeleb/RealVideo-FakeAudio/Caucasian (European)/men/id00265,FakeAVCeleb_v1.2/RealVideo-FakeAudio/Caucasian (European)/men/id00265/00130_fake.mp4,../data/raw/FakeAVCeleb_v1.2/RealVideo-FakeAudio/Caucasian (European)/men/id00265/00130_fake.mp4,811_RealVideo-FakeAudio,5,True,../data/processed/frames,../data/processed/audio/811_RealVideo-FakeAudio.wav
id00266,fake.mp4,-,rtvc,B,RealVideo-FakeAudio,Caucasian (European),men,00470_fake.mp4,FakeAVCeleb/RealVideo-FakeAudio/Caucasian (European)/men/id00266,FakeAVCeleb_v1.2/RealVideo-FakeAudio/Caucasian (European)/men/id00266/00470_fake.mp4,../data/raw/FakeAVCeleb_v1.2/RealVideo-FakeAudio/Caucasian (European)/men/id00266/00470_fake.mp4,812_RealVideo-FakeAudio,4,True,../data/processed/frames,../data/processed/audio/812_RealVideo-FakeAudio.wav
id00282,fake.mp4,-,rtvc,B,RealVideo-FakeAudio,Caucasian (European),men,00268_fake.mp4,FakeAVCeleb/RealVideo-FakeAudio/Caucasian (European)/men/id00282,FakeAVCeleb_v1.2/RealVideo-FakeAudio/Caucasian (European)/men/id00282/00268_fake.mp4,../data/raw/FakeAVCeleb_v1.2/RealVideo-FakeAudio/Caucasian (European)/men/id00282/00268_fake.mp4,813_RealVideo-FakeAudio,5,True,../data/processed/frames,../data/processed/audio/813_RealVideo-FakeAudio.wav
id00292,fake.mp4,-,rtvc,B,RealVideo-FakeAudio,Caucasian (European),men,00072_fake.mp4,FakeAVCeleb/RealVideo-FakeAudio/Caucasian (European)/men/id00292,FakeAVCeleb_v1.2/RealVideo-FakeAudio/Caucasian (European)/men/id00292/00072_fake.mp4,../data/raw/FakeAVCeleb_v1.2/RealVideo-FakeAudio/Caucasian (European)/men/id00292/00072_fake.mp4,814_RealVideo-FakeAudio,5,True,../data/processed/frames,../data/processed/audio/814_RealVideo-FakeAudio.wav
id00305,fake.mp4,-,rtvc,B,RealVideo-FakeAudio,Caucasian (European),men,00113_fake.mp4,FakeAVCeleb/RealVideo-FakeAudio/Caucasian (European)/men/id00305,FakeAVCeleb_v1.2/RealVideo-FakeAudio/Caucasian (European)/men/id00305/00113_fake.mp4,../data/raw/FakeAVCeleb_v1.2/RealVideo-FakeAudio/Caucasian (European)/men/id00305/00113_fake.mp4,815_RealVideo-FakeAudio,5,True,../data/processed/frames,../data/processed/audio/815_RealVideo-FakeAudio.wav
id00306,fake.mp4,-,rtvc,B,RealVideo-FakeAudio,Caucasian (European),men,00015_fake.mp4,FakeAVCeleb/RealVideo-FakeAudio/Caucasian (European)/men/id00306,FakeAVCeleb_v1.2/RealVideo-FakeAudio/Caucasian (European)/men/id00306/00015_fake.mp4,../data/raw/FakeAVCeleb_v1.2/RealVideo-FakeAudio/Caucasian (European)/men/id00306/00015_fake.mp4,816_RealVideo-FakeAudio,4,True,../data/processed/frames,../data/processed/audio/816_RealVideo-FakeAudio.wav
id00358,fake.mp4,-,rtvc,B,RealVideo-FakeAudio,Caucasian (European),men,00217_fake.mp4,FakeAVCeleb/RealVideo-FakeAudio/Caucasian (European)/men/id00358,FakeAVCeleb_v1.2/RealVideo-FakeAudio/Caucasian (European)/men/id00358/00217_fake.mp4,../data/raw/FakeAVCeleb_v1.2/RealVideo-FakeAudio/Caucasian (European)/men/id00358/00217_fake.mp4,817_RealVideo-FakeAudio,5,True,../data/processed/frames,../data/processed/audio/817_RealVideo-FakeAudio.wav
id00368,fake.mp4,-,rtvc,B,RealVideo-FakeAudio,Caucasian (European),men,00078_fake.mp4,FakeAVCeleb/RealVideo-FakeAudio/Caucasian (European)/men/id00368,FakeAVCeleb_v1.2/RealVideo-FakeAudio/Caucasian (European)/men/id00368/00078_fake.mp4,../data/raw/FakeAVCeleb_v1.2/RealVideo-FakeAudio/Caucasian (European)/men/id00368/00078_fake.mp4,818_RealVideo-FakeAudio,5,True,../data/processed/frames,../data/processed/audio/818_RealVideo-FakeAudio.wav
id00415,fake.mp4,-,rtvc,B,RealVideo-FakeAudio,Caucasian (European),men,00017_fake.mp4,FakeAVCeleb/RealVideo-FakeAudio/Caucasian (European)/men/id00415,FakeAVCeleb_v1.2/RealVideo-FakeAudio/Caucasian (European)/men/id00415/00017_fake.mp4,../data/raw/FakeAVCeleb_v1.2/RealVideo-FakeAudio/Caucasian (European)/men/id00415/00017_fake.mp4,819_RealVideo-FakeAudio,3,True,../data/processed/frames,../data/processed/audio/819_RealVideo-FakeAudio.wav
id00498,fake.mp4,-,rtvc,B,RealVideo-FakeAudio,Caucasian (European),men,00014_fake.mp4,FakeAVCeleb/RealVideo-FakeAudio/Caucasian (European)/men/id00498,FakeAVCeleb_v1.2/RealVideo-FakeAudio/Caucasian (European)/men/id00498/00014_fake.mp4,../data/raw/FakeAVCeleb_v1.2/RealVideo-FakeAudio/Caucasian (European)/men/id00498/00014_fake.mp4,820_RealVideo-FakeAudio,5,True,../data/processed/frames,../data/processed/audio/820_RealVideo-FakeAudio.wav
id00519,fake.mp4,-,rtvc,B,RealVideo-FakeAudio,Caucasian (European),men,00028_fake.mp4,FakeAVCeleb/RealVideo-FakeAudio/Caucasian (European)/men/id00519,FakeAVCeleb_v1.2/RealVideo-FakeAudio/Caucasian (European)/men/id00519/00028_fake.mp4,../data/raw/FakeAVCeleb_v1.2/RealVideo-FakeAudio/Caucasian (European)/men/id00519/00028_fake.mp4,821_RealVideo-FakeAudio,5,True,../data/processed/frames,../data/processed/audio/821_RealVideo-FakeAudio.wav
id00520,fake.mp4,-,rtvc,B,RealVideo-FakeAudio,Caucasian (European),men,00187_fake.mp4,FakeAVCeleb/RealVideo-FakeAudio/Caucasian (European)/men/id00520,FakeAVCeleb_v1.2/RealVideo-FakeAudio/Caucasian (European)/men/id00520/00187_fake.mp4,../data/raw/FakeAVCeleb_v1.2/RealVideo-FakeAudio/Caucasian (European)/men/id00520/00187_fake.mp4,822_RealVideo-FakeAudio,5,True,../data/processed/frames,../data/processed/audio/822_RealVideo-FakeAudio.wav
id00535,fake.mp4,-,rtvc,B,RealVideo-FakeAudio,Caucasian (European),men,00005_fake.mp4,FakeAVCeleb/RealVideo-FakeAudio/Caucasian (European)/men/id00535,FakeAVCeleb_v1.2/RealVideo-FakeAudio/Caucasian (European)/men/id00535/00005_fake.mp4,../data/raw/FakeAVCeleb_v1.2/RealVideo-FakeAudio/Caucasian (European)/men/id00535/00005_fake.mp4,823_RealVideo-FakeAudio,5,True,../data/processed/frames,../data/processed/audio/823_RealVideo-FakeAudio.wav
id00548,fake.mp4,-,rtvc,B,RealVideo-FakeAudio,Caucasian (European),men,00015_fake.mp4,FakeAVCeleb/RealVideo-FakeAudio/Caucasian (European)/men/id00548,FakeAVCeleb_v1.2/RealVideo-FakeAudio/Caucasian (European)/men/id00548/00015_fake.mp4,../data/raw/FakeAVCeleb_v1.2/RealVideo-FakeAudio/Caucasian (European)/men/id00548/00015_fake.mp4,824_RealVideo-FakeAudio,5,True,../data/processed/frames,../data/processed/audio/824_RealVideo-FakeAudio.wav
id00554,fake.mp4,-,rtvc,B,RealVideo-FakeAudio,Caucasian (European),men,00028_fake.mp4,FakeAVCeleb/RealVideo-FakeAudio/Caucasian (European)/men/id00554,FakeAVCeleb_v1.2/RealVideo-FakeAudio/Caucasian (European)/men/id00554/00028_fake.mp4,../data/raw/FakeAVCeleb_v1.2/RealVideo-FakeAudio/Caucasian (European)/men/id00554/00028_fake.mp4,825_RealVideo-FakeAudio,5,True,../data/processed/frames,../data/processed/audio/825_RealVideo-FakeAudio.wav
id00559,fake.mp4,-,rtvc,B,RealVideo-FakeAudio,Caucasian (European),men,00078_fake.mp4,FakeAVCeleb/RealVideo-FakeAudio/Caucasian (European)/men/id00559,FakeAVCeleb_v1.2/RealVideo-FakeAudio/Caucasian (European)/men/id00559/00078_fake.mp4,../data/raw/FakeAVCeleb_v1.2/RealVideo-FakeAudio/Caucasian (European)/men/id00559/00078_fake.mp4,826_RealVideo-FakeAudio,5,True,../data/processed/frames,../data/processed/audio/826_RealVideo-FakeAudio.wav
id00594,fake.mp4,-,rtvc,B,RealVideo-FakeAudio,Caucasian (European),men,00005_fake.mp4,FakeAVCeleb/RealVideo-FakeAudio/Caucasian (European)/men/id00594,FakeAVCeleb_v1.2/RealVideo-FakeAudio/Caucasian (European)/men/id00594/00005_fake.mp4,../data/raw/FakeAVCeleb_v1.2/RealVideo-FakeAudio/Caucasian (European)/men/id00594/00005_fake.mp4,827_RealVideo-FakeAudio,5,True,../data/processed/frames,../data/processed/audio/827_RealVideo-FakeAudio.wav
id00694,fake.mp4,-,rtvc,B,RealVideo-FakeAudio,Caucasian (European),men,00340_fake.mp4,FakeAVCeleb/RealVideo-FakeAudio/Caucasian (European)/men/id00694,FakeAVCeleb_v1.2/RealVideo-FakeAudio/Caucasian (European)/men/id00694/00340_fake.mp4,../data/raw/FakeAVCeleb_v1.2/RealVideo-FakeAudio/Caucasian (European)/men/id00694/00340_fake.mp4,828_RealVideo-FakeAudio,5,True,../data/processed/frames,../data/processed/audio/828_RealVideo-FakeAudio.wav
id00709,fake.mp4,-,rtvc,B,RealVideo-FakeAudio,Caucasian (European),men,00206_fake.mp4,FakeAVCeleb/RealVideo-FakeAudio/Caucasian (European)/men/id00709,FakeAVCeleb_v1.2/RealVideo-FakeAudio/Caucasian (European)/men/id00709/00206_fake.mp4,../data/raw/FakeAVCeleb_v1.2/RealVideo-FakeAudio/Caucasian (European)/men/id00709/00206_fake.mp4,829_RealVideo-FakeAudio,5,True,../data/processed/frames,../data/processed/audio/829_RealVideo-FakeAudio.wav
id00909,fake.mp4,-,rtvc,B,RealVideo-FakeAudio,Caucasian (European),men,00037_fake.mp4,FakeAVCeleb/RealVideo-FakeAudio/Caucasian (European)/men/id00909,FakeAVCeleb_v1.2/RealVideo-FakeAudio/Caucasian (European)/men/id00909/00037_fake.mp4,../data/raw/FakeAVCeleb_v1.2/RealVideo-FakeAudio/Caucasian (European)/men/id00909/00037_fake.mp4,830_RealVideo-FakeAudio,5,True,../data/processed/frames,../data/processed/audio/830_RealVideo-FakeAudio.wav
id00919,fake.mp4,-,rtvc,B,RealVideo-FakeAudio,Caucasian (European),men,00063_fake.mp4,FakeAVCeleb/RealVideo-FakeAudio/Caucasian (European)/men/id00919,FakeAVCeleb_v1.2/RealVideo-FakeAudio/Caucasian (European)/men/id00919/00063_fake.mp4,../data/raw/FakeAVCeleb_v1.2/RealVideo-FakeAudio/Caucasian (European)/men/id00919/00063_fake.mp4,831_RealVideo-FakeAudio,5,True,../data/processed/frames,../data/processed/audio/831_RealVideo-FakeAudio.wav
id00946,fake.mp4,-,rtvc,B,RealVideo-FakeAudio,Caucasian (European),men,00126_fake.mp4,FakeAVCeleb/RealVideo-FakeAudio/Caucasian (European)/men/id00946,FakeAVCeleb_v1.2/RealVideo-FakeAudio/Caucasian (European)/men/id00946/00126_fake.mp4,../data/raw/FakeAVCeleb_v1.2/RealVideo-FakeAudio/Caucasian (European)/men/id00946/00126_fake.mp4,832_RealVideo-FakeAudio,5,True,../data/processed/frames,../data/processed/audio/832_RealVideo-FakeAudio.wav
id00963,fake.mp4,-,rtvc,B,RealVideo-FakeAudio,Caucasian (European),men,00028_fake.mp4,FakeAVCeleb/RealVideo-FakeAudio/Caucasian (European)/men/id00963,FakeAVCeleb_v1.2/RealVideo-FakeAudio/Caucasian (European)/men/id00963/00028_fake.mp4,../data/raw/FakeAVCeleb_v1.2/RealVideo-FakeAudio/Caucasian (European)/men/id00963/00028_fake.mp4,833_RealVideo-FakeAudio,5,True,../data/processed/frames,../data/processed/audio/833_RealVideo-FakeAudio.wav
id00981,fake.mp4,-,rtvc,B,RealVideo-FakeAudio,Caucasian (European),men,00092_fake.mp4,FakeAVCeleb/RealVideo-FakeAudio/Caucasian (European)/men/id00981,FakeAVCeleb_v1.2/RealVideo-FakeAudio/Caucasian (European)/men/id00981/00092_fake.mp4,../data/raw/FakeAVCeleb_v1.2/RealVideo-FakeAudio/Caucasian (European)/men/id00981/00092_fake.mp4,834_RealVideo-FakeAudio,5,True,../data/processed/frames,../data/processed/audio/834_RealVideo-FakeAudio.wav
id00990,fake.mp4,-,rtvc,B,RealVideo-FakeAudio,Caucasian (European),men,00160_fake.mp4,FakeAVCeleb/RealVideo-FakeAudio/Caucasian (European)/men/id00990,FakeAVCeleb_v1.2/RealVideo-FakeAudio/Caucasian (European)/men/id00990/00160_fake.mp4,../data/raw/FakeAVCeleb_v1.2/RealVideo-FakeAudio/Caucasian (European)/men/id00990/00160_fake.mp4,835_RealVideo-FakeAudio,5,True,../data/processed/frames,../data/processed/audio/835_RealVideo-FakeAudio.wav
id00999,fake.mp4,-,rtvc,B,RealVideo-FakeAudio,Caucasian (European),men,00028_fake.mp4,FakeAVCeleb/RealVideo-FakeAudio/Caucasian (European)/men/id00999,FakeAVCeleb_v1.2/RealVideo-FakeAudio/Caucasian (European)/men/id00999/00028_fake.mp4,../data/raw/FakeAVCeleb_v1.2/RealVideo-FakeAudio/Caucasian (European)/men/id00999/00028_fake.mp4,836_RealVideo-FakeAudio,4,True,../data/processed/frames,../data/processed/audio/836_RealVideo-FakeAudio.wav
id01051,fake.mp4,-,rtvc,B,RealVideo-FakeAudio,Caucasian (European),men,00322_fake.mp4,FakeAVCeleb/RealVideo-FakeAudio/Caucasian (European)/men/id01051,FakeAVCeleb_v1.2/RealVideo-FakeAudio/Caucasian (European)/men/id01051/00322_fake.mp4,../data/raw/FakeAVCeleb_v1.2/RealVideo-FakeAudio/Caucasian (European)/men/id01051/00322_fake.mp4,837_RealVideo-FakeAudio,4,True,../data/processed/frames,../data/processed/audio/837_RealVideo-FakeAudio.wav
id01052,fake.mp4,-,rtvc,B,RealVideo-FakeAudio,Caucasian (European),men,00076_fake.mp4,FakeAVCeleb/RealVideo-FakeAudio/Caucasian (European)/men/id01052,FakeAVCeleb_v1.2/RealVideo-FakeAudio/Caucasian (European)/men/id01052/00076_fake.mp4,../data/raw/FakeAVCeleb_v1.2/RealVideo-FakeAudio/Caucasian (European)/men/id01052/00076_fake.mp4,838_RealVideo-FakeAudio,5,True,../data/processed/frames,../data/processed/audio/838_RealVideo-FakeAudio.wav
id01058,fake.mp4,-,rtvc,B,RealVideo-FakeAudio,Caucasian (European),men,00005_fake.mp4,FakeAVCeleb/RealVideo-FakeAudio/Caucasian (European)/men/id01058,FakeAVCeleb_v1.2/RealVideo-FakeAudio/Caucasian (European)/men/id01058/00005_fake.mp4,../data/raw/FakeAVCeleb_v1.2/RealVideo-FakeAudio/Caucasian (European)/men/id01058/00005_fake.mp4,839_RealVideo-FakeAudio,5,True,../data/processed/frames,../data/processed/audio/839_RealVideo-FakeAudio.wav
id01098,fake.mp4,-,rtvc,B,RealVideo-FakeAudio,Caucasian (European),men,00044_fake.mp4,FakeAVCeleb/RealVideo-FakeAudio/Caucasian (European)/men/id01098,FakeAVCeleb_v1.2/RealVideo-FakeAudio/Caucasian (European)/men/id01098/00044_fake.mp4,../data/raw/FakeAVCeleb_v1.2/RealVideo-FakeAudio/Caucasian (European)/men/id01098/00044_fake.mp4,840_RealVideo-FakeAudio,5,True,../data/processed/frames,../data/processed/audio/840_RealVideo-FakeAudio.wav
id01099,fake.mp4,-,rtvc,B,RealVideo-FakeAudio,Caucasian (European),men,00206_fake.mp4,FakeAVCeleb/RealVideo-FakeAudio/Caucasian (European)/men/id01099,FakeAVCeleb_v1.2/RealVideo-FakeAudio/Caucasian (European)/men/id01099/00206_fake.mp4,../data/raw/FakeAVCeleb_v1.2/RealVideo-FakeAudio/Caucasian (European)/men/id01099/00206_fake.mp4,841_RealVideo-FakeAudio,3,True,../data/processed/frames,../data/processed/audio/841_RealVideo-FakeAudio.wav
id01102,fake.mp4,-,rtvc,B,RealVideo-FakeAudio,Caucasian (European),men,00197_fake.mp4,FakeAVCeleb/RealVideo-FakeAudio/Caucasian (European)/men/id01102,FakeAVCeleb_v1.2/RealVideo-FakeAudio/Caucasian (European)/men/id01102/00197_fake.mp4,../data/raw/FakeAVCeleb_v1.2/RealVideo-FakeAudio/Caucasian (European)/men/id01102/00197_fake.mp4,842_RealVideo-FakeAudio,5,True,../data/processed/frames,../data/processed/audio/842_RealVideo-FakeAudio.wav
id01123,fake.mp4,-,rtvc,B,RealVideo-FakeAudio,Caucasian (European),men,00072_fake.mp4,FakeAVCeleb/RealVideo-FakeAudio/Caucasian (European)/men/id01123,FakeAVCeleb_v1.2/RealVideo-FakeAudio/Caucasian (European)/men/id01123/00072_fake.mp4,../data/raw/FakeAVCeleb_v1.2/RealVideo-FakeAudio/Caucasian (European)/men/id01123/00072_fake.mp4,843_RealVideo-FakeAudio,4,True,../data/processed/frames,../data/processed/audio/843_RealVideo-FakeAudio.wav
id01126,fake.mp4,-,rtvc,B,RealVideo-FakeAudio,Caucasian (European),men,00040_fake.mp4,FakeAVCeleb/RealVideo-FakeAudio/Caucasian (European)/men/id01126,FakeAVCeleb_v1.2/RealVideo-FakeAudio/Caucasian (European)/men/id01126/00040_fake.mp4,../data/raw/FakeAVCeleb_v1.2/RealVideo-FakeAudio/Caucasian (European)/men/id01126/00040_fake.mp4,844_RealVideo-FakeAudio,5,True,../data/processed/frames,../data/processed/audio/844_RealVideo-FakeAudio.wav
id01154,fake.mp4,-,rtvc,B,RealVideo-FakeAudio,Caucasian (European),men,00118_fake.mp4,FakeAVCeleb/RealVideo-FakeAudio/Caucasian (European)/men/id01154,FakeAVCeleb_v1.2/RealVideo-FakeAudio/Caucasian (European)/men/id01154/00118_fake.mp4,../data/raw/FakeAVCeleb_v1.2/RealVideo-FakeAudio/Caucasian (European)/men/id01154/00118_fake.mp4,845_RealVideo-FakeAudio,5,True,../data/processed/frames,../data/processed/audio/845_RealVideo-FakeAudio.wav
id01156,fake.mp4,-,rtvc,B,RealVideo-FakeAudio,Caucasian (European),men,00078_fake.mp4,FakeAVCeleb/RealVideo-FakeAudio/Caucasian (European)/men/id01156,FakeAVCeleb_v1.2/RealVideo-FakeAudio/Caucasian (European)/men/id01156/00078_fake.mp4,../data/raw/FakeAVCeleb_v1.2/RealVideo-FakeAudio/Caucasian (European)/men/id01156/00078_fake.mp4,846_RealVideo-FakeAudio,5,True,../data/processed/frames,../data/processed/audio/846_RealVideo-FakeAudio.wav
id01157,fake.mp4,-,rtvc,B,RealVideo-FakeAudio,Caucasian (European),men,00048_fake.mp4,FakeAVCeleb/RealVideo-FakeAudio/Caucasian (European)/men/id01157,FakeAVCeleb_v1.2/RealVideo-FakeAudio/Caucasian (European)/men/id01157/00048_fake.mp4,../data/raw/FakeAVCeleb_v1.2/RealVideo-FakeAudio/Caucasian (European)/men/id01157/00048_fake.mp4,847_RealVideo-FakeAudio,5,True,../data/processed/frames,../data/processed/audio/847_RealVideo-FakeAudio.wav
id02567,fake.mp4,-,rtvc,B,RealVideo-FakeAudio,Caucasian (European),men,00040_fake.mp4,FakeAVCeleb/RealVideo-FakeAudio/Caucasian (European)/men/id02567,FakeAVCeleb_v1.2/RealVideo-FakeAudio/Caucasian (European)/men/id02567/00040_fake.mp4,../data/raw/FakeAVCeleb_v1.2/RealVideo-FakeAudio/Caucasian (European)/men/id02567/00040_fake.mp4,848_RealVideo-FakeAudio,3,True,../data/processed/frames,../data/processed/audio/848_RealVideo-FakeAudio.wav
id03205,fake.mp4,-,rtvc,B,RealVideo-FakeAudio,Caucasian (European),men,00150_fake.mp4,FakeAVCeleb/RealVideo-FakeAudio/Caucasian (European)/men/id03205,FakeAVCeleb_v1.2/RealVideo-FakeAudio/Caucasian (European)/men/id03205/00150_fake.mp4,../data/raw/FakeAVCeleb_v1.2/RealVideo-FakeAudio/Caucasian (European)/men/id03205/00150_fake.mp4,849_RealVideo-FakeAudio,3,True,../data/processed/frames,../data/processed/audio/849_RealVideo-FakeAudio.wav
id00042,fake.mp4,-,rtvc,B,RealVideo-FakeAudio,Caucasian (European),women,00028_fake.mp4,FakeAVCeleb/RealVideo-FakeAudio/Caucasian (European)/women/id00042,FakeAVCeleb_v1.2/RealVideo-FakeAudio/Caucasian (European)/women/id00042/00028_fake.mp4,../data/raw/FakeAVCeleb_v1.2/RealVideo-FakeAudio/Caucasian (European)/women/id00042/00028_fake.mp4,850_RealVideo-FakeAudio,5,True,../data/processed/frames,../data/processed/audio/850_RealVideo-FakeAudio.wav
id00068,fake.mp4,-,rtvc,B,RealVideo-FakeAudio,Caucasian (European),women,00004_fake.mp4,FakeAVCeleb/RealVideo-FakeAudio/Caucasian (European)/women/id00068,FakeAVCeleb_v1.2/RealVideo-FakeAudio/Caucasian (European)/women/id00068/00004_fake.mp4,../data/raw/FakeAVCeleb_v1.2/RealVideo-FakeAudio/Caucasian (European)/women/id00068/00004_fake.mp4,851_RealVideo-FakeAudio,4,True,../data/processed/frames,../data/processed/audio/851_RealVideo-FakeAudio.wav
id00071,fake.mp4,-,rtvc,B,RealVideo-FakeAudio,Caucasian (European),women,00014_fake.mp4,FakeAVCeleb/RealVideo-FakeAudio/Caucasian (European)/women/id00071,FakeAVCeleb_v1.2/RealVideo-FakeAudio/Caucasian (European)/women/id00071/00014_fake.mp4,../data/raw/FakeAVCeleb_v1.2/RealVideo-FakeAudio/Caucasian (European)/women/id00071/00014_fake.mp4,852_RealVideo-FakeAudio,5,True,../data/processed/frames,../data/processed/audio/852_RealVideo-FakeAudio.wav
id00188,fake.mp4,-,rtvc,B,RealVideo-FakeAudio,Caucasian (European),women,00020_fake.mp4,FakeAVCeleb/RealVideo-FakeAudio/Caucasian (European)/women/id00188,FakeAVCeleb_v1.2/RealVideo-FakeAudio/Caucasian (European)/women/id00188/00020_fake.mp4,../data/raw/FakeAVCeleb_v1.2/RealVideo-FakeAudio/Caucasian (European)/women/id00188/00020_fake.mp4,853_RealVideo-FakeAudio,5,True,../data/processed/frames,../data/processed/audio/853_RealVideo-FakeAudio.wav
id00232,fake.mp4,-,rtvc,B,RealVideo-FakeAudio,Caucasian (European),women,00025_fake.mp4,FakeAVCeleb/RealVideo-FakeAudio/Caucasian (European)/women/id00232,FakeAVCeleb_v1.2/RealVideo-FakeAudio/Caucasian (European)/women/id00232/00025_fake.mp4,../data/raw/FakeAVCeleb_v1.2/RealVideo-FakeAudio/Caucasian (European)/women/id00232/00025_fake.mp4,854_RealVideo-FakeAudio,5,True,../data/processed/frames,../data/processed/audio/854_RealVideo-FakeAudio.wav
id00234,fake.mp4,-,rtvc,B,RealVideo-FakeAudio,Caucasian (European),women,00063_fake.mp4,FakeAVCeleb/RealVideo-FakeAudio/Caucasian (European)/women/id00234,FakeAVCeleb_v1.2/RealVideo-FakeAudio/Caucasian (European)/women/id00234/00063_fake.mp4,../data/raw/FakeAVCeleb_v1.2/RealVideo-FakeAudio/Caucasian (European)/women/id00234/00063_fake.mp4,855_RealVideo-FakeAudio,5,True,../data/processed/frames,../data/processed/audio/855_RealVideo-FakeAudio.wav
id00262,fake.mp4,-,rtvc,B,RealVideo-FakeAudio,Caucasian (European),women,00028_fake.mp4,FakeAVCeleb/RealVideo-FakeAudio/Caucasian (European)/women/id00262,FakeAVCeleb_v1.2/RealVideo-FakeAudio/Caucasian (European)/women/id00262/00028_fake.mp4,../data/raw/FakeAVCeleb_v1.2/RealVideo-FakeAudio/Caucasian (European)/women/id00262/00028_fake.mp4,856_RealVideo-FakeAudio,5,True,../data/processed/frames,../data/processed/audio/856_RealVideo-FakeAudio.wav
id00270,fake.mp4,-,rtvc,B,RealVideo-FakeAudio,Caucasian (European),women,00088_fake.mp4,FakeAVCeleb/RealVideo-FakeAudio/Caucasian (European)/women/id00270,FakeAVCeleb_v1.2/RealVideo-FakeAudio/Caucasian (European)/women/id00270/00088_fake.mp4,../data/raw/FakeAVCeleb_v1.2/RealVideo-FakeAudio/Caucasian (European)/women/id00270/00088_fake.mp4,857_RealVideo-FakeAudio,5,True,../data/processed/frames,../data/processed/audio/857_RealVideo-FakeAudio.wav
id00271,fake.mp4,-,rtvc,B,RealVideo-FakeAudio,Caucasian (European),women,00028_fake.mp4,FakeAVCeleb/RealVideo-FakeAudio/Caucasian (European)/women/id00271,FakeAVCeleb_v1.2/RealVideo-FakeAudio/Caucasian (European)/women/id00271/00028_fake.mp4,../data/raw/FakeAVCeleb_v1.2/RealVideo-FakeAudio/Caucasian (European)/women/id00271/00028_fake.mp4,858_RealVideo-FakeAudio,5,True,../data/processed/frames,../data/processed/audio/858_RealVideo-FakeAudio.wav
id00287,fake.mp4,-,rtvc,B,RealVideo-FakeAudio,Caucasian (European),women,00005_fake.mp4,FakeAVCeleb/RealVideo-FakeAudio/Caucasian (European)/women/id00287,FakeAVCeleb_v1.2/RealVideo-FakeAudio/Caucasian (European)/women/id00287/00005_fake.mp4,../data/raw/FakeAVCeleb_v1.2/RealVideo-FakeAudio/Caucasian (European)/women/id00287/00005_fake.mp4,859_RealVideo-FakeAudio,5,True,../data/processed/frames,../data/processed/audio/859_RealVideo-FakeAudio.wav
id00325,fake.mp4,-,rtvc,B,RealVideo-FakeAudio,Caucasian (European),women,00015_fake.mp4,FakeAVCeleb/RealVideo-FakeAudio/Caucasian (European)/women/id00325,FakeAVCeleb_v1.2/RealVideo-FakeAudio/Caucasian (European)/women/id00325/00015_fake.mp4,../data/raw/FakeAVCeleb_v1.2/RealVideo-FakeAudio/Caucasian (European)/women/id00325/00015_fake.mp4,860_RealVideo-FakeAudio,5,True,../data/processed/frames,../data/processed/audio/860_RealVideo-FakeAudio.wav
id00328,fake.mp4,-,rtvc,B,RealVideo-FakeAudio,Caucasian (European),women,00092_fake.mp4,FakeAVCeleb/RealVideo-FakeAudio/Caucasian (European)/women/id00328,FakeAVCeleb_v1.2/RealVideo-FakeAudio/Caucasian (European)/women/id00328/00092_fake.mp4,../data/raw/FakeAVCeleb_v1.2/RealVideo-FakeAudio/Caucasian (European)/women/id00328/00092_fake.mp4,861_RealVideo-FakeAudio,4,True,../data/processed/frames,../data/processed/audio/861_RealVideo-FakeAudio.wav
id00330,fake.mp4,-,rtvc,B,RealVideo-FakeAudio,Caucasian (European),women,00118_fake.mp4,FakeAVCeleb/RealVideo-FakeAudio/Caucasian (European)/women/id00330,FakeAVCeleb_v1.2/RealVideo-FakeAudio/Caucasian (European)/women/id00330/00118_fake.mp4,../data/raw/FakeAVCeleb_v1.2/RealVideo-FakeAudio/Caucasian (European)/women/id00330/00118_fake.mp4,862_RealVideo-FakeAudio,5,True,../data/processed/frames,../data/processed/audio/862_RealVideo-FakeAudio.wav
id00332,fake.mp4,-,rtvc,B,RealVideo-FakeAudio,Caucasian (European),women,00293_fake.mp4,FakeAVCeleb/RealVideo-FakeAudio/Caucasian (European)/women/id00332,FakeAVCeleb_v1.2/RealVideo-FakeAudio/Caucasian (European)/women/id00332/00293_fake.mp4,../data/raw/FakeAVCeleb_v1.2/RealVideo-FakeAudio/Caucasian (European)/women/id00332/00293_fake.mp4,863_RealVideo-FakeAudio,5,True,../data/processed/frames,../data/processed/audio/863_RealVideo-FakeAudio.wav
id00365,fake.mp4,-,rtvc,B,RealVideo-FakeAudio,Caucasian (European),women,00078_fake.mp4,FakeAVCeleb/RealVideo-FakeAudio/Caucasian (European)/women/id00365,FakeAVCeleb_v1.2/RealVideo-FakeAudio/Caucasian (European)/women/id00365/00078_fake.mp4,../data/raw/FakeAVCeleb_v1.2/RealVideo-FakeAudio/Caucasian (European)/women/id00365/00078_fake.mp4,864_RealVideo-FakeAudio,5,True,../data/processed/frames,../data/processed/audio/864_RealVideo-FakeAudio.wav
id00373,fake.mp4,-,rtvc,B,RealVideo-FakeAudio,Caucasian (European),women,00028_fake.mp4,FakeAVCeleb/RealVideo-FakeAudio/Caucasian (European)/women/id00373,FakeAVCeleb_v1.2/RealVideo-FakeAudio/Caucasian (European)/women/id00373/00028_fake.mp4,../data/raw/FakeAVCeleb_v1.2/RealVideo-FakeAudio/Caucasian (European)/women/id00373/00028_fake.mp4,865_RealVideo-FakeAudio,5,True,../data/processed/frames,../data/processed/audio/865_RealVideo-FakeAudio.wav
id00374,fake.mp4,-,rtvc,B,RealVideo-FakeAudio,Caucasian (European),women,00311_fake.mp4,FakeAVCeleb/RealVideo-FakeAudio/Caucasian (European)/women/id00374,FakeAVCeleb_v1.2/RealVideo-FakeAudio/Caucasian (European)/women/id00374/00311_fake.mp4,../data/raw/FakeAVCeleb_v1.2/RealVideo-FakeAudio/Caucasian (European)/women/id00374/00311_fake.mp4,866_RealVideo-FakeAudio,5,True,../data/processed/frames,../data/processed/audio/866_RealVideo-FakeAudio.wav
id00379,fake.mp4,-,rtvc,B,RealVideo-FakeAudio,Caucasian (European),women,00043_fake.mp4,FakeAVCeleb/RealVideo-FakeAudio/Caucasian (European)/women/id00379,FakeAVCeleb_v1.2/RealVideo-FakeAudio/Caucasian (European)/women/id00379/00043_fake.mp4,../data/raw/FakeAVCeleb_v1.2/RealVideo-FakeAudio/Caucasian (European)/women/id00379/00043_fake.mp4,867_RealVideo-FakeAudio,5,True,../data/processed/frames,../data/processed/audio/867_RealVideo-FakeAudio.wav
id00395,fake.mp4,-,rtvc,B,RealVideo-FakeAudio,Caucasian (European),women,00420_fake.mp4,FakeAVCeleb/RealVideo-FakeAudio/Caucasian (European)/women/id00395,FakeAVCeleb_v1.2/RealVideo-FakeAudio/Caucasian (European)/women/id00395/00420_fake.mp4,../data/raw/FakeAVCeleb_v1.2/RealVideo-FakeAudio/Caucasian (European)/women/id00395/00420_fake.mp4,868_RealVideo-FakeAudio,5,True,../data/processed/frames,../data/processed/audio/868_RealVideo-FakeAudio.wav
id00403,fake.mp4,-,rtvc,B,RealVideo-FakeAudio,Caucasian (European),women,00052_fake.mp4,FakeAVCeleb/RealVideo-FakeAudio/Caucasian (European)/women/id00403,FakeAVCeleb_v1.2/RealVideo-FakeAudio/Caucasian (European)/women/id00403/00052_fake.mp4,../data/raw/FakeAVCeleb_v1.2/RealVideo-FakeAudio/Caucasian (European)/women/id00403/00052_fake.mp4,869_RealVideo-FakeAudio,3,True,../data/processed/frames,../data/processed/audio/869_RealVideo-FakeAudio.wav
id00434,fake.mp4,-,rtvc,B,RealVideo-FakeAudio,Caucasian (European),women,00046_fake.mp4,FakeAVCeleb/RealVideo-FakeAudio/Caucasian (European)/women/id00434,FakeAVCeleb_v1.2/RealVideo-FakeAudio/Caucasian (European)/women/id00434/00046_fake.mp4,../data/raw/FakeAVCeleb_v1.2/RealVideo-FakeAudio/Caucasian (European)/women/id00434/00046_fake.mp4,870_RealVideo-FakeAudio,3,True,../data/processed/frames,../data/processed/audio/870_RealVideo-FakeAudio.wav
id00484,fake.mp4,-,rtvc,B,RealVideo-FakeAudio,Caucasian (European),women,00202_fake.mp4,FakeAVCeleb/RealVideo-FakeAudio/Caucasian (European)/women/id00484,FakeAVCeleb_v1.2/RealVideo-FakeAudio/Caucasian (European)/women/id00484/00202_fake.mp4,../data/raw/FakeAVCeleb_v1.2/RealVideo-FakeAudio/Caucasian (European)/women/id00484/00202_fake.mp4,871_RealVideo-FakeAudio,5,True,../data/processed/frames,../data/processed/audio/871_RealVideo-FakeAudio.wav
id00491,fake.mp4,-,rtvc,B,RealVideo-FakeAudio,Caucasian (European),women,00122_fake.mp4,FakeAVCeleb/RealVideo-FakeAudio/Caucasian (European)/women/id00491,FakeAVCeleb_v1.2/RealVideo-FakeAudio/Caucasian (European)/women/id00491/00122_fake.mp4,../data/raw/FakeAVCeleb_v1.2/RealVideo-FakeAudio/Caucasian (European)/women/id00491/00122_fake.mp4,872_RealVideo-FakeAudio,5,True,../data/processed/frames,../data/processed/audio/872_RealVideo-FakeAudio.wav
id00495,fake.mp4,-,rtvc,B,RealVideo-FakeAudio,Caucasian (European),women,00027_fake.mp4,FakeAVCeleb/RealVideo-FakeAudio/Caucasian (European)/women/id00495,FakeAVCeleb_v1.2/RealVideo-FakeAudio/Caucasian (European)/women/id00495/00027_fake.mp4,../data/raw/FakeAVCeleb_v1.2/RealVideo-FakeAudio/Caucasian (European)/women/id00495/00027_fake.mp4,873_RealVideo-FakeAudio,5,True,../data/processed/frames,../data/processed/audio/873_RealVideo-FakeAudio.wav
id00496,fake.mp4,-,rtvc,B,RealVideo-FakeAudio,Caucasian (European),women,00015_fake.mp4,FakeAVCeleb/RealVideo-FakeAudio/Caucasian (European)/women/id00496,FakeAVCeleb_v1.2/RealVideo-FakeAudio/Caucasian (European)/women/id00496/00015_fake.mp4,../data/raw/FakeAVCeleb_v1.2/RealVideo-FakeAudio/Caucasian (European)/women/id00496/00015_fake.mp4,874_RealVideo-FakeAudio,5,True,../data/processed/frames,../data/processed/audio/874_RealVideo-FakeAudio.wav
id00569,fake.mp4,-,rtvc,B,RealVideo-FakeAudio,Caucasian (European),women,00239_fake.mp4,FakeAVCeleb/RealVideo-FakeAudio/Caucasian (European)/women/id00569,FakeAVCeleb_v1.2/RealVideo-FakeAudio/Caucasian (European)/women/id00569/00239_fake.mp4,../data/raw/FakeAVCeleb_v1.2/RealVideo-FakeAudio/Caucasian (European)/women/id00569/00239_fake.mp4,875_RealVideo-FakeAudio,5,True,../data/processed/frames,../data/processed/audio/875_RealVideo-FakeAudio.wav
id00581,fake.mp4,-,rtvc,B,RealVideo-FakeAudio,Caucasian (European),women,00010_fake.mp4,FakeAVCeleb/RealVideo-FakeAudio/Caucasian (European)/women/id00581,FakeAVCeleb_v1.2/RealVideo-FakeAudio/Caucasian (European)/women/id00581/00010_fake.mp4,../data/raw/FakeAVCeleb_v1.2/RealVideo-FakeAudio/Caucasian (European)/women/id00581/00010_fake.mp4,876_RealVideo-FakeAudio,5,True,../data/processed/frames,../data/processed/audio/876_RealVideo-FakeAudio.wav
id00589,fake.mp4,-,rtvc,B,RealVideo-FakeAudio,Caucasian (European),women,00130_fake.mp4,FakeAVCeleb/RealVideo-FakeAudio/Caucasian (European)/women/id00589,FakeAVCeleb_v1.2/RealVideo-FakeAudio/Caucasian (European)/women/id00589/00130_fake.mp4,../data/raw/FakeAVCeleb_v1.2/RealVideo-FakeAudio/Caucasian (European)/women/id00589/00130_fake.mp4,877_RealVideo-FakeAudio,5,True,../data/processed/frames,../data/processed/audio/877_RealVideo-FakeAudio.wav
id00591,fake.mp4,-,rtvc,B,RealVideo-FakeAudio,Caucasian (European),women,00001_fake.mp4,FakeAVCeleb/RealVideo-FakeAudio/Caucasian (European)/women/id00591,FakeAVCeleb_v1.2/RealVideo-FakeAudio/Caucasian (European)/women/id00591/00001_fake.mp4,../data/raw/FakeAVCeleb_v1.2/RealVideo-FakeAudio/Caucasian (European)/women/id00591/00001_fake.mp4,878_RealVideo-FakeAudio,4,True,../data/processed/frames,../data/processed/audio/878_RealVideo-FakeAudio.wav
id00633,fake.mp4,-,rtvc,B,RealVideo-FakeAudio,Caucasian (European),women,00088_fake.mp4,FakeAVCeleb/RealVideo-FakeAudio/Caucasian (European)/women/id00633,FakeAVCeleb_v1.2/RealVideo-FakeAudio/Caucasian (European)/women/id00633/00088_fake.mp4,../data/raw/FakeAVCeleb_v1.2/RealVideo-FakeAudio/Caucasian (European)/women/id00633/00088_fake.mp4,879_RealVideo-FakeAudio,4,True,../data/processed/frames,../data/processed/audio/879_RealVideo-FakeAudio.wav
id00634,fake.mp4,-,rtvc,B,RealVideo-FakeAudio,Caucasian (European),women,00078_fake.mp4,FakeAVCeleb/RealVideo-FakeAudio/Caucasian (European)/women/id00634,FakeAVCeleb_v1.2/RealVideo-FakeAudio/Caucasian (European)/women/id00634/00078_fake.mp4,../data/raw/FakeAVCeleb_v1.2/RealVideo-FakeAudio/Caucasian (European)/women/id00634/00078_fake.mp4,880_RealVideo-FakeAudio,5,True,../data/processed/frames,../data/processed/audio/880_RealVideo-FakeAudio.wav
id00735,fake.mp4,-,rtvc,B,RealVideo-FakeAudio,Caucasian (European),women,00037_fake.mp4,FakeAVCeleb/RealVideo-FakeAudio/Caucasian (European)/women/id00735,FakeAVCeleb_v1.2/RealVideo-FakeAudio/Caucasian (European)/women/id00735/00037_fake.mp4,../data/raw/FakeAVCeleb_v1.2/RealVideo-FakeAudio/Caucasian (European)/women/id00735/00037_fake.mp4,881_RealVideo-FakeAudio,5,True,../data/processed/frames,../data/processed/audio/881_RealVideo-FakeAudio.wav
id00806,fake.mp4,-,rtvc,B,RealVideo-FakeAudio,Caucasian (European),women,00005_fake.mp4,FakeAVCeleb/RealVideo-FakeAudio/Caucasian (European)/women/id00806,FakeAVCeleb_v1.2/RealVideo-FakeAudio/Caucasian (European)/women/id00806/00005_fake.mp4,../data/raw/FakeAVCeleb_v1.2/RealVideo-FakeAudio/Caucasian (European)/women/id00806/00005_fake.mp4,882_RealVideo-FakeAudio,5,True,../data/processed/frames,../data/processed/audio/882_RealVideo-FakeAudio.wav
id00813,fake.mp4,-,rtvc,B,RealVideo-FakeAudio,Caucasian (European),women,00169_fake.mp4,FakeAVCeleb/RealVideo-FakeAudio/Caucasian (European)/women/id00813,FakeAVCeleb_v1.2/RealVideo-FakeAudio/Caucasian (European)/women/id00813/00169_fake.mp4,../data/raw/FakeAVCeleb_v1.2/RealVideo-FakeAudio/Caucasian (European)/women/id00813/00169_fake.mp4,883_RealVideo-FakeAudio,5,True,../data/processed/frames,../data/processed/audio/883_RealVideo-FakeAudio.wav
id00823,fake.mp4,-,rtvc,B,RealVideo-FakeAudio,Caucasian (European),women,00125_fake.mp4,FakeAVCeleb/RealVideo-FakeAudio/Caucasian (European)/women/id00823,FakeAVCeleb_v1.2/RealVideo-FakeAudio/Caucasian (European)/women/id00823/00125_fake.mp4,../data/raw/FakeAVCeleb_v1.2/RealVideo-FakeAudio/Caucasian (European)/women/id00823/00125_fake.mp4,884_RealVideo-FakeAudio,5,True,../data/processed/frames,../data/processed/audio/884_RealVideo-FakeAudio.wav
id00826,fake.mp4,-,rtvc,B,RealVideo-FakeAudio,Caucasian (European),women,00065_fake.mp4,FakeAVCeleb/RealVideo-FakeAudio/Caucasian (European)/women/id00826,FakeAVCeleb_v1.2/RealVideo-FakeAudio/Caucasian (European)/women/id00826/00065_fake.mp4,../data/raw/FakeAVCeleb_v1.2/RealVideo-FakeAudio/Caucasian (European)/women/id00826/00065_fake.mp4,885_RealVideo-FakeAudio,4,True,../data/processed/frames,../data/processed/audio/885_RealVideo-FakeAudio.wav
id00897,fake.mp4,-,rtvc,B,RealVideo-FakeAudio,Caucasian (European),women,00005_fake.mp4,FakeAVCeleb/RealVideo-FakeAudio/Caucasian (European)/women/id00897,FakeAVCeleb_v1.2/RealVideo-FakeAudio/Caucasian (European)/women/id00897/00005_fake.mp4,../data/raw/FakeAVCeleb_v1.2/RealVideo-FakeAudio/Caucasian (European)/women/id00897/00005_fake.mp4,886_RealVideo-FakeAudio,5,True,../data/processed/frames,../data/processed/audio/886_RealVideo-FakeAudio.wav
id01001,fake.mp4,-,rtvc,B,RealVideo-FakeAudio,Caucasian (European),women,00086_fake.mp4,FakeAVCeleb/RealVideo-FakeAudio/Caucasian (European)/women/id01001,FakeAVCeleb_v1.2/RealVideo-FakeAudio/Caucasian (European)/women/id01001/00086_fake.mp4,../data/raw/FakeAVCeleb_v1.2/RealVideo-FakeAudio/Caucasian (European)/women/id01001/00086_fake.mp4,887_RealVideo-FakeAudio,5,True,../data/processed/frames,../data/processed/audio/887_RealVideo-FakeAudio.wav
id01002,fake.mp4,-,rtvc,B,RealVideo-FakeAudio,Caucasian (European),women,00043_fake.mp4,FakeAVCeleb/RealVideo-FakeAudio/Caucasian (European)/women/id01002,FakeAVCeleb_v1.2/RealVideo-FakeAudio/Caucasian (European)/women/id01002/00043_fake.mp4,../data/raw/FakeAVCeleb_v1.2/RealVideo-FakeAudio/Caucasian (European)/women/id01002/00043_fake.mp4,888_RealVideo-FakeAudio,5,True,../data/processed/frames,../data/processed/audio/888_RealVideo-FakeAudio.wav
id01018,fake.mp4,-,rtvc,B,RealVideo-FakeAudio,Caucasian (European),women,00072_fake.mp4,FakeAVCeleb/RealVideo-FakeAudio/Caucasian (European)/women/id01018,FakeAVCeleb_v1.2/RealVideo-FakeAudio/Caucasian (European)/women/id01018/00072_fake.mp4,../data/raw/FakeAVCeleb_v1.2/RealVideo-FakeAudio/Caucasian (European)/women/id01018/00072_fake.mp4,889_RealVideo-FakeAudio,5,True,../data/processed/frames,../data/processed/audio/889_RealVideo-FakeAudio.wav
id03371,fake.mp4,-,rtvc,B,RealVideo-FakeAudio,Caucasian (European),women,00430_fake.mp4,FakeAVCeleb/RealVideo-FakeAudio/Caucasian (European)/women/id03371,FakeAVCeleb_v1.2/RealVideo-FakeAudio/Caucasian (European)/women/id03371/00430_fake.mp4,../data/raw/FakeAVCeleb_v1.2/RealVideo-FakeAudio/Caucasian (European)/women/id03371/00430_fake.mp4,890_RealVideo-FakeAudio,5,True,../data/processed/frames,../data/processed/audio/890_RealVideo-FakeAudio.wav
id03589,fake.mp4,-,rtvc,B,RealVideo-FakeAudio,Caucasian (European),women,00002_fake.mp4,FakeAVCeleb/RealVideo-FakeAudio/Caucasian (European)/women/id03589,FakeAVCeleb_v1.2/RealVideo-FakeAudio/Caucasian (European)/women/id03589/00002_fake.mp4,../data/raw/FakeAVCeleb_v1.2/RealVideo-FakeAudio/Caucasian (European)/women/id03589/00002_fake.mp4,891_RealVideo-FakeAudio,5,True,../data/processed/frames,../data/processed/audio/891_RealVideo-FakeAudio.wav
id03620,fake.mp4,-,rtvc,B,RealVideo-FakeAudio,Caucasian (European),women,00081_fake.mp4,FakeAVCeleb/RealVideo-FakeAudio/Caucasian (European)/women/id03620,FakeAVCeleb_v1.2/RealVideo-FakeAudio/Caucasian (European)/women/id03620/00081_fake.mp4,../data/raw/FakeAVCeleb_v1.2/RealVideo-FakeAudio/Caucasian (European)/women/id03620/00081_fake.mp4,892_RealVideo-FakeAudio,4,True,../data/processed/frames,../data/processed/audio/892_RealVideo-FakeAudio.wav
id03649,fake.mp4,-,rtvc,B,RealVideo-FakeAudio,Caucasian (European),women,00001_fake.mp4,FakeAVCeleb/RealVideo-FakeAudio/Caucasian (European)/women/id03649,FakeAVCeleb_v1.2/RealVideo-FakeAudio/Caucasian (European)/women/id03649/00001_fake.mp4,../data/raw/FakeAVCeleb_v1.2/RealVideo-FakeAudio/Caucasian (European)/women/id03649/00001_fake.mp4,893_RealVideo-FakeAudio,5,True,../data/processed/frames,../data/processed/audio/893_RealVideo-FakeAudio.wav
id03716,fake.mp4,-,rtvc,B,RealVideo-FakeAudio,Caucasian (European),women,00040_fake.mp4,FakeAVCeleb/RealVideo-FakeAudio/Caucasian (European)/women/id03716,FakeAVCeleb_v1.2/RealVideo-FakeAudio/Caucasian (European)/women/id03716/00040_fake.mp4,../data/raw/FakeAVCeleb_v1.2/RealVideo-FakeAudio/Caucasian (European)/women/id03716/00040_fake.mp4,895_RealVideo-FakeAudio,5,True,../data/processed/frames,../data/processed/audio/895_RealVideo-FakeAudio.wav
id03816,fake.mp4,-,rtvc,B,RealVideo-FakeAudio,Caucasian (European),women,00093_fake.mp4,FakeAVCeleb/RealVideo-FakeAudio/Caucasian (European)/women/id03816,FakeAVCeleb_v1.2/RealVideo-FakeAudio/Caucasian (European)/women/id03816/00093_fake.mp4,../data/raw/FakeAVCeleb_v1.2/RealVideo-FakeAudio/Caucasian (European)/women/id03816/00093_fake.mp4,896_RealVideo-FakeAudio,5,True,../data/processed/frames,../data/processed/audio/896_RealVideo-FakeAudio.wav
id03844,fake.mp4,-,rtvc,B,RealVideo-FakeAudio,Caucasian (European),women,00028_fake.mp4,FakeAVCeleb/RealVideo-FakeAudio/Caucasian (European)/women/id03844,FakeAVCeleb_v1.2/RealVideo-FakeAudio/Caucasian (European)/women/id03844/00028_fake.mp4,../data/raw/FakeAVCeleb_v1.2/RealVideo-FakeAudio/Caucasian (European)/women/id03844/00028_fake.mp4,897_RealVideo-FakeAudio,5,True,../data/processed/frames,../data/processed/audio/897_RealVideo-FakeAudio.wav
id03858,fake.mp4,-,rtvc,B,RealVideo-FakeAudio,Caucasian (European),women,00092_fake.mp4,FakeAVCeleb/RealVideo-FakeAudio/Caucasian (European)/women/id03858,FakeAVCeleb_v1.2/RealVideo-FakeAudio/Caucasian (European)/women/id03858/00092_fake.mp4,../data/raw/FakeAVCeleb_v1.2/RealVideo-FakeAudio/Caucasian (European)/women/id03858/00092_fake.mp4,898_RealVideo-FakeAudio,4,True,../data/processed/frames,../data/processed/audio/898_RealVideo-FakeAudio.wav
id03941,fake.mp4,-,rtvc,B,RealVideo-FakeAudio,Caucasian (European),women,00021_fake.mp4,FakeAVCeleb/RealVideo-FakeAudio/Caucasian (European)/women/id03941,FakeAVCeleb_v1.2/RealVideo-FakeAudio/Caucasian (European)/women/id03941/00021_fake.mp4,../data/raw/FakeAVCeleb_v1.2/RealVideo-FakeAudio/Caucasian (European)/women/id03941/00021_fake.mp4,899_RealVideo-FakeAudio,5,True,../data/processed/frames,../data/processed/audio/899_RealVideo-FakeAudio.wav
id00032,fake.mp4,-,rtvc,B,RealVideo-FakeAudio,Asian (South),men,00028_fake.mp4,FakeAVCeleb/RealVideo-FakeAudio/Asian (South)/men/id00032,FakeAVCeleb_v1.2/RealVideo-FakeAudio/Asian (South)/men/id00032/00028_fake.mp4,../data/raw/FakeAVCeleb_v1.2/RealVideo-FakeAudio/Asian (South)/men/id00032/00028_fake.mp4,900_RealVideo-FakeAudio,5,True,../data/processed/frames,../data/processed/audio/900_RealVideo-FakeAudio.wav
id00033,fake.mp4,-,rtvc,B,RealVideo-FakeAudio,Asian (South),men,00276_fake.mp4,FakeAVCeleb/RealVideo-FakeAudio/Asian (South)/men/id00033,FakeAVCeleb_v1.2/RealVideo-FakeAudio/Asian (South)/men/id00033/00276_fake.mp4,../data/raw/FakeAVCeleb_v1.2/RealVideo-FakeAudio/Asian (South)/men/id00033/00276_fake.mp4,901_RealVideo-FakeAudio,5,True,../data/processed/frames,../data/processed/audio/901_RealVideo-FakeAudio.wav
id00078,fake.mp4,-,rtvc,B,RealVideo-FakeAudio,Asian (South),men,00114_fake.mp4,FakeAVCeleb/RealVideo-FakeAudio/Asian (South)/men/id00078,FakeAVCeleb_v1.2/RealVideo-FakeAudio/Asian (South)/men/id00078/00114_fake.mp4,../data/raw/FakeAVCeleb_v1.2/RealVideo-FakeAudio/Asian (South)/men/id00078/00114_fake.mp4,902_RealVideo-FakeAudio,5,True,../data/processed/frames,../data/processed/audio/902_RealVideo-FakeAudio.wav
id00082,fake.mp4,-,rtvc,B,RealVideo-FakeAudio,Asian (South),men,00052_fake.mp4,FakeAVCeleb/RealVideo-FakeAudio/Asian (South)/men/id00082,FakeAVCeleb_v1.2/RealVideo-FakeAudio/Asian (South)/men/id00082/00052_fake.mp4,../data/raw/FakeAVCeleb_v1.2/RealVideo-FakeAudio/Asian (South)/men/id00082/00052_fake.mp4,903_RealVideo-FakeAudio,5,True,../data/processed/frames,../data/processed/audio/903_RealVideo-FakeAudio.wav
id00103,fake.mp4,-,rtvc,B,RealVideo-FakeAudio,Asian (South),men,00241_fake.mp4,FakeAVCeleb/RealVideo-FakeAudio/Asian (South)/men/id00103,FakeAVCeleb_v1.2/RealVideo-FakeAudio/Asian (South)/men/id00103/00241_fake.mp4,../data/raw/FakeAVCeleb_v1.2/RealVideo-FakeAudio/Asian (South)/men/id00103/00241_fake.mp4,904_RealVideo-FakeAudio,5,True,../data/processed/frames,../data/processed/audio/904_RealVideo-FakeAudio.wav
id00350,fake.mp4,-,rtvc,B,RealVideo-FakeAudio,Asian (South),men,00015_fake.mp4,FakeAVCeleb/RealVideo-FakeAudio/Asian (South)/men/id00350,FakeAVCeleb_v1.2/RealVideo-FakeAudio/Asian (South)/men/id00350/00015_fake.mp4,../data/raw/FakeAVCeleb_v1.2/RealVideo-FakeAudio/Asian (South)/men/id00350/00015_fake.mp4,905_RealVideo-FakeAudio,5,True,../data/processed/frames,../data/processed/audio/905_RealVideo-FakeAudio.wav
id00414,fake.mp4,-,rtvc,B,RealVideo-FakeAudio,Asian (South),men,00052_fake.mp4,FakeAVCeleb/RealVideo-FakeAudio/Asian (South)/men/id00414,FakeAVCeleb_v1.2/RealVideo-FakeAudio/Asian (South)/men/id00414/00052_fake.mp4,../data/raw/FakeAVCeleb_v1.2/RealVideo-FakeAudio/Asian (South)/men/id00414/00052_fake.mp4,906_RealVideo-FakeAudio,5,True,../data/processed/frames,../data/processed/audio/906_RealVideo-FakeAudio.wav
id00459,fake.mp4,-,rtvc,B,RealVideo-FakeAudio,Asian (South),men,00382_fake.mp4,FakeAVCeleb/RealVideo-FakeAudio/Asian (South)/men/id00459,FakeAVCeleb_v1.2/RealVideo-FakeAudio/Asian (South)/men/id00459/00382_fake.mp4,../data/raw/FakeAVCeleb_v1.2/RealVideo-FakeAudio/Asian (South)/men/id00459/00382_fake.mp4,907_RealVideo-FakeAudio,5,True,../data/processed/frames,../data/processed/audio/907_RealVideo-FakeAudio.wav
id00685,fake.mp4,-,rtvc,B,RealVideo-FakeAudio,Asian (South),men,00146_fake.mp4,FakeAVCeleb/RealVideo-FakeAudio/Asian (South)/men/id00685,FakeAVCeleb_v1.2/RealVideo-FakeAudio/Asian (South)/men/id00685/00146_fake.mp4,../data/raw/FakeAVCeleb_v1.2/RealVideo-FakeAudio/Asian (South)/men/id00685/00146_fake.mp4,908_RealVideo-FakeAudio,5,True,../data/processed/frames,../data/processed/audio/908_RealVideo-FakeAudio.wav
id00732,fake.mp4,-,rtvc,B,RealVideo-FakeAudio,Asian (South),men,00118_fake.mp4,FakeAVCeleb/RealVideo-FakeAudio/Asian (South)/men/id00732,FakeAVCeleb_v1.2/RealVideo-FakeAudio/Asian (South)/men/id00732/00118_fake.mp4,../data/raw/FakeAVCeleb_v1.2/RealVideo-FakeAudio/Asian (South)/men/id00732/00118_fake.mp4,909_RealVideo-FakeAudio,4,True,../data/processed/frames,../data/processed/audio/909_RealVideo-FakeAudio.wav
id00745,fake.mp4,-,rtvc,B,RealVideo-FakeAudio,Asian (South),men,00165_fake.mp4,FakeAVCeleb/RealVideo-FakeAudio/Asian (South)/men/id00745,FakeAVCeleb_v1.2/RealVideo-FakeAudio/Asian (South)/men/id00745/00165_fake.mp4,../data/raw/FakeAVCeleb_v1.2/RealVideo-FakeAudio/Asian (South)/men/id00745/00165_fake.mp4,910_RealVideo-FakeAudio,4,True,../data/processed/frames,../data/processed/audio/910_RealVideo-FakeAudio.wav
id00769,fake.mp4,-,rtvc,B,RealVideo-FakeAudio,Asian (South),men,00015_fake.mp4,FakeAVCeleb/RealVideo-FakeAudio/Asian (South)/men/id00769,FakeAVCeleb_v1.2/RealVideo-FakeAudio/Asian (South)/men/id00769/00015_fake.mp4,../data/raw/FakeAVCeleb_v1.2/RealVideo-FakeAudio/Asian (South)/men/id00769/00015_fake.mp4,911_RealVideo-FakeAudio,5,True,../data/processed/frames,../data/processed/audio/911_RealVideo-FakeAudio.wav
id00773,fake.mp4,-,rtvc,B,RealVideo-FakeAudio,Asian (South),men,00038_fake.mp4,FakeAVCeleb/RealVideo-FakeAudio/Asian (South)/men/id00773,FakeAVCeleb_v1.2/RealVideo-FakeAudio/Asian (South)/men/id00773/00038_fake.mp4,../data/raw/FakeAVCeleb_v1.2/RealVideo-FakeAudio/Asian (South)/men/id00773/00038_fake.mp4,912_RealVideo-FakeAudio,5,True,../data/processed/frames,../data/processed/audio/912_RealVideo-FakeAudio.wav
id00816,fake.mp4,-,rtvc,B,RealVideo-FakeAudio,Asian (South),men,00118_fake.mp4,FakeAVCeleb/RealVideo-FakeAudio/Asian (South)/men/id00816,FakeAVCeleb_v1.2/RealVideo-FakeAudio/Asian (South)/men/id00816/00118_fake.mp4,../data/raw/FakeAVCeleb_v1.2/RealVideo-FakeAudio/Asian (South)/men/id00816/00118_fake.mp4,913_RealVideo-FakeAudio,5,True,../data/processed/frames,../data/processed/audio/913_RealVideo-FakeAudio.wav
id00857,fake.mp4,-,rtvc,B,RealVideo-FakeAudio,Asian (South),men,00347_fake.mp4,FakeAVCeleb/RealVideo-FakeAudio/Asian (South)/men/id00857,FakeAVCeleb_v1.2/RealVideo-FakeAudio/Asian (South)/men/id00857/00347_fake.mp4,../data/raw/FakeAVCeleb_v1.2/RealVideo-FakeAudio/Asian (South)/men/id00857/00347_fake.mp4,914_RealVideo-FakeAudio,5,True,../data/processed/frames,../data/processed/audio/914_RealVideo-FakeAudio.wav
id00860,fake.mp4,-,rtvc,B,RealVideo-FakeAudio,Asian (South),men,00154_fake.mp4,FakeAVCeleb/RealVideo-FakeAudio/Asian (South)/men/id00860,FakeAVCeleb_v1.2/RealVideo-FakeAudio/Asian (South)/men/id00860/00154_fake.mp4,../data/raw/FakeAVCeleb_v1.2/RealVideo-FakeAudio/Asian (South)/men/id00860/00154_fake.mp4,915_RealVideo-FakeAudio,2,True,../data/processed/frames,../data/processed/audio/915_RealVideo-FakeAudio.wav
id03180,fake.mp4,-,rtvc,B,RealVideo-FakeAudio,Asian (South),men,00039_fake.mp4,FakeAVCeleb/RealVideo-FakeAudio/Asian (South)/men/id03180,FakeAVCeleb_v1.2/RealVideo-FakeAudio/Asian (South)/men/id03180/00039_fake.mp4,../data/raw/FakeAVCeleb_v1.2/RealVideo-FakeAudio/Asian (South)/men/id03180/00039_fake.mp4,916_RealVideo-FakeAudio,3,True,../data/processed/frames,../data/processed/audio/916_RealVideo-FakeAudio.wav
id03344,fake.mp4,-,rtvc,B,RealVideo-FakeAudio,Asian (South),men,00114_fake.mp4,FakeAVCeleb/RealVideo-FakeAudio/Asian (South)/men/id03344,FakeAVCeleb_v1.2/RealVideo-FakeAudio/Asian (South)/men/id03344/00114_fake.mp4,../data/raw/FakeAVCeleb_v1.2/RealVideo-FakeAudio/Asian (South)/men/id03344/00114_fake.mp4,917_RealVideo-FakeAudio,5,True,../data/processed/frames,../data/processed/audio/917_RealVideo-FakeAudio.wav
id03599,fake.mp4,-,rtvc,B,RealVideo-FakeAudio,Asian (South),men,00072_fake.mp4,FakeAVCeleb/RealVideo-FakeAudio/Asian (South)/men/id03599,FakeAVCeleb_v1.2/RealVideo-FakeAudio/Asian (South)/men/id03599/00072_fake.mp4,../data/raw/FakeAVCeleb_v1.2/RealVideo-FakeAudio/Asian (South)/men/id03599/00072_fake.mp4,918_RealVideo-FakeAudio,5,True,../data/processed/frames,../data/processed/audio/918_RealVideo-FakeAudio.wav
id04526,fake.mp4,-,rtvc,B,RealVideo-FakeAudio,Asian (South),men,00317_fake.mp4,FakeAVCeleb/RealVideo-FakeAudio/Asian (South)/men/id04526,FakeAVCeleb_v1.2/RealVideo-FakeAudio/Asian (South)/men/id04526/00317_fake.mp4,../data/raw/FakeAVCeleb_v1.2/RealVideo-FakeAudio/Asian (South)/men/id04526/00317_fake.mp4,920_RealVideo-FakeAudio,5,True,../data/processed/frames,../data/processed/audio/920_RealVideo-FakeAudio.wav
id04537,fake.mp4,-,rtvc,B,RealVideo-FakeAudio,Asian (South),men,00083_fake.mp4,FakeAVCeleb/RealVideo-FakeAudio/Asian (South)/men/id04537,FakeAVCeleb_v1.2/RealVideo-FakeAudio/Asian (South)/men/id04537/00083_fake.mp4,../data/raw/FakeAVCeleb_v1.2/RealVideo-FakeAudio/Asian (South)/men/id04537/00083_fake.mp4,921_RealVideo-FakeAudio,5,True,../data/processed/frames,../data/processed/audio/921_RealVideo-FakeAudio.wav
id04554,fake.mp4,-,rtvc,B,RealVideo-FakeAudio,Asian (South),men,00118_fake.mp4,FakeAVCeleb/RealVideo-FakeAudio/Asian (South)/men/id04554,FakeAVCeleb_v1.2/RealVideo-FakeAudio/Asian (South)/men/id04554/00118_fake.mp4,../data/raw/FakeAVCeleb_v1.2/RealVideo-FakeAudio/Asian (South)/men/id04554/00118_fake.mp4,922_RealVideo-FakeAudio,5,True,../data/processed/frames,../data/processed/audio/922_RealVideo-FakeAudio.wav
id04560,fake.mp4,-,rtvc,B,RealVideo-FakeAudio,Asian (South),men,00195_fake.mp4,FakeAVCeleb/RealVideo-FakeAudio/Asian (South)/men/id04560,FakeAVCeleb_v1.2/RealVideo-FakeAudio/Asian (South)/men/id04560/00195_fake.mp4,../data/raw/FakeAVCeleb_v1.2/RealVideo-FakeAudio/Asian (South)/men/id04560/00195_fake.mp4,923_RealVideo-FakeAudio,5,True,../data/processed/frames,../data/processed/audio/923_RealVideo-FakeAudio.wav
id04561,fake.mp4,-,rtvc,B,RealVideo-FakeAudio,Asian (South),men,00248_fake.mp4,FakeAVCeleb/RealVideo-FakeAudio/Asian (South)/men/id04561,FakeAVCeleb_v1.2/RealVideo-FakeAudio/Asian (South)/men/id04561/00248_fake.mp4,../data/raw/FakeAVCeleb_v1.2/RealVideo-FakeAudio/Asian (South)/men/id04561/00248_fake.mp4,924_RealVideo-FakeAudio,5,True,../data/processed/frames,../data/processed/audio/924_RealVideo-FakeAudio.wav
id04562,fake.mp4,-,rtvc,B,RealVideo-FakeAudio,Asian (South),men,00221_fake.mp4,FakeAVCeleb/RealVideo-FakeAudio/Asian (South)/men/id04562,FakeAVCeleb_v1.2/RealVideo-FakeAudio/Asian (South)/men/id04562/00221_fake.mp4,../data/raw/FakeAVCeleb_v1.2/RealVideo-FakeAudio/Asian (South)/men/id04562/00221_fake.mp4,925_RealVideo-FakeAudio,5,True,../data/processed/frames,../data/processed/audio/925_RealVideo-FakeAudio.wav
id04599,fake.mp4,-,rtvc,B,RealVideo-FakeAudio,Asian (South),men,00111_fake.mp4,FakeAVCeleb/RealVideo-FakeAudio/Asian (South)/men/id04599,FakeAVCeleb_v1.2/RealVideo-FakeAudio/Asian (South)/men/id04599/00111_fake.mp4,../data/raw/FakeAVCeleb_v1.2/RealVideo-FakeAudio/Asian (South)/men/id04599/00111_fake.mp4,926_RealVideo-FakeAudio,2,True,../data/processed/frames,../data/processed/audio/926_RealVideo-FakeAudio.wav
id04601,fake.mp4,-,rtvc,B,RealVideo-FakeAudio,Asian (South),men,00118_fake.mp4,FakeAVCeleb/RealVideo-FakeAudio/Asian (South)/men/id04601,FakeAVCeleb_v1.2/RealVideo-FakeAudio/Asian (South)/men/id04601/00118_fake.mp4,../data/raw/FakeAVCeleb_v1.2/RealVideo-FakeAudio/Asian (South)/men/id04601/00118_fake.mp4,927_RealVideo-FakeAudio,5,True,../data/processed/frames,../data/processed/audio/927_RealVideo-FakeAudio.wav
id04928,fake.mp4,-,rtvc,B,RealVideo-FakeAudio,Asian (South),men,00027_fake.mp4,FakeAVCeleb/RealVideo-FakeAudio/Asian (South)/men/id04928,FakeAVCeleb_v1.2/RealVideo-FakeAudio/Asian (South)/men/id04928/00027_fake.mp4,../data/raw/FakeAVCeleb_v1.2/RealVideo-FakeAudio/Asian (South)/men/id04928/00027_fake.mp4,928_RealVideo-FakeAudio,5,True,../data/processed/frames,../data/processed/audio/928_RealVideo-FakeAudio.wav
id06334,fake.mp4,-,rtvc,B,RealVideo-FakeAudio,Asian (South),men,00015_fake.mp4,FakeAVCeleb/RealVideo-FakeAudio/Asian (South)/men/id06334,FakeAVCeleb_v1.2/RealVideo-FakeAudio/Asian (South)/men/id06334/00015_fake.mp4,../data/raw/FakeAVCeleb_v1.2/RealVideo-FakeAudio/Asian (South)/men/id06334/00015_fake.mp4,929_RealVideo-FakeAudio,5,True,../data/processed/frames,../data/processed/audio/929_RealVideo-FakeAudio.wav
id06354,fake.mp4,-,rtvc,B,RealVideo-FakeAudio,Asian (South),men,00021_fake.mp4,FakeAVCeleb/RealVideo-FakeAudio/Asian (South)/men/id06354,FakeAVCeleb_v1.2/RealVideo-FakeAudio/Asian (South)/men/id06354/00021_fake.mp4,../data/raw/FakeAVCeleb_v1.2/RealVideo-FakeAudio/Asian (South)/men/id06354/00021_fake.mp4,930_RealVideo-FakeAudio,4,True,../data/processed/frames,../data/processed/audio/930_RealVideo-FakeAudio.wav
id06355,fake.mp4,-,rtvc,B,RealVideo-FakeAudio,Asian (South),men,00347_fake.mp4,FakeAVCeleb/RealVideo-FakeAudio/Asian (South)/men/id06355,FakeAVCeleb_v1.2/RealVideo-FakeAudio/Asian (South)/men/id06355/00347_fake.mp4,../data/raw/FakeAVCeleb_v1.2/RealVideo-FakeAudio/Asian (South)/men/id06355/00347_fake.mp4,931_RealVideo-FakeAudio,5,True,../data/processed/frames,../data/processed/audio/931_RealVideo-FakeAudio.wav
id07108,fake.mp4,-,rtvc,B,RealVideo-FakeAudio,Asian (South),men,00412_fake.mp4,FakeAVCeleb/RealVideo-FakeAudio/Asian (South)/men/id07108,FakeAVCeleb_v1.2/RealVideo-FakeAudio/Asian (South)/men/id07108/00412_fake.mp4,../data/raw/FakeAVCeleb_v1.2/RealVideo-FakeAudio/Asian (South)/men/id07108/00412_fake.mp4,934_RealVideo-FakeAudio,3,True,../data/processed/frames,../data/processed/audio/934_RealVideo-FakeAudio.wav
id07161,fake.mp4,-,rtvc,B,RealVideo-FakeAudio,Asian (South),men,00159_fake.mp4,FakeAVCeleb/RealVideo-FakeAudio/Asian (South)/men/id07161,FakeAVCeleb_v1.2/RealVideo-FakeAudio/Asian (South)/men/id07161/00159_fake.mp4,../data/raw/FakeAVCeleb_v1.2/RealVideo-FakeAudio/Asian (South)/men/id07161/00159_fake.mp4,935_RealVideo-FakeAudio,5,True,../data/processed/frames,../data/processed/audio/935_RealVideo-FakeAudio.wav
id07163,fake.mp4,-,rtvc,B,RealVideo-FakeAudio,Asian (South),men,00141_fake.mp4,FakeAVCeleb/RealVideo-FakeAudio/Asian (South)/men/id07163,FakeAVCeleb_v1.2/RealVideo-FakeAudio/Asian (South)/men/id07163/00141_fake.mp4,../data/raw/FakeAVCeleb_v1.2/RealVideo-FakeAudio/Asian (South)/men/id07163/00141_fake.mp4,936_RealVideo-FakeAudio,5,True,../data/processed/frames,../data/processed/audio/936_RealVideo-FakeAudio.wav
id07165,fake.mp4,-,rtvc,B,RealVideo-FakeAudio,Asian (South),men,00368_fake.mp4,FakeAVCeleb/RealVideo-FakeAudio/Asian (South)/men/id07165,FakeAVCeleb_v1.2/RealVideo-FakeAudio/Asian (South)/men/id07165/00368_fake.mp4,../data/raw/FakeAVCeleb_v1.2/RealVideo-FakeAudio/Asian (South)/men/id07165/00368_fake.mp4,937_RealVideo-FakeAudio,5,True,../data/processed/frames,../data/processed/audio/937_RealVideo-FakeAudio.wav
id07179,fake.mp4,-,rtvc,B,RealVideo-FakeAudio,Asian (South),men,00206_fake.mp4,FakeAVCeleb/RealVideo-FakeAudio/Asian (South)/men/id07179,FakeAVCeleb_v1.2/RealVideo-FakeAudio/Asian (South)/men/id07179/00206_fake.mp4,../data/raw/FakeAVCeleb_v1.2/RealVideo-FakeAudio/Asian (South)/men/id07179/00206_fake.mp4,938_RealVideo-FakeAudio,5,True,../data/processed/frames,../data/processed/audio/938_RealVideo-FakeAudio.wav
id07182,fake.mp4,-,rtvc,B,RealVideo-FakeAudio,Asian (South),men,00040_fake.mp4,FakeAVCeleb/RealVideo-FakeAudio/Asian (South)/men/id07182,FakeAVCeleb_v1.2/RealVideo-FakeAudio/Asian (South)/men/id07182/00040_fake.mp4,../data/raw/FakeAVCeleb_v1.2/RealVideo-FakeAudio/Asian (South)/men/id07182/00040_fake.mp4,939_RealVideo-FakeAudio,5,True,../data/processed/frames,../data/processed/audio/939_RealVideo-FakeAudio.wav
id07194,fake.mp4,-,rtvc,B,RealVideo-FakeAudio,Asian (South),men,00014_fake.mp4,FakeAVCeleb/RealVideo-FakeAudio/Asian (South)/men/id07194,FakeAVCeleb_v1.2/RealVideo-FakeAudio/Asian (South)/men/id07194/00014_fake.mp4,../data/raw/FakeAVCeleb_v1.2/RealVideo-FakeAudio/Asian (South)/men/id07194/00014_fake.mp4,940_RealVideo-FakeAudio,5,True,../data/processed/frames,../data/processed/audio/940_RealVideo-FakeAudio.wav
id07195,fake.mp4,-,rtvc,B,RealVideo-FakeAudio,Asian (South),men,00186_fake.mp4,FakeAVCeleb/RealVideo-FakeAudio/Asian (South)/men/id07195,FakeAVCeleb_v1.2/RealVideo-FakeAudio/Asian (South)/men/id07195/00186_fake.mp4,../data/raw/FakeAVCeleb_v1.2/RealVideo-FakeAudio/Asian (South)/men/id07195/00186_fake.mp4,941_RealVideo-FakeAudio,4,True,../data/processed/frames,../data/processed/audio/941_RealVideo-FakeAudio.wav
id07200,fake.mp4,-,rtvc,B,RealVideo-FakeAudio,Asian (South),men,00045_fake.mp4,FakeAVCeleb/RealVideo-FakeAudio/Asian (South)/men/id07200,FakeAVCeleb_v1.2/RealVideo-FakeAudio/Asian (South)/men/id07200/00045_fake.mp4,../data/raw/FakeAVCeleb_v1.2/RealVideo-FakeAudio/Asian (South)/men/id07200/00045_fake.mp4,942_RealVideo-FakeAudio,5,True,../data/processed/frames,../data/processed/audio/942_RealVideo-FakeAudio.wav
id07210,fake.mp4,-,rtvc,B,RealVideo-FakeAudio,Asian (South),men,00005_fake.mp4,FakeAVCeleb/RealVideo-FakeAudio/Asian (South)/men/id07210,FakeAVCeleb_v1.2/RealVideo-FakeAudio/Asian (South)/men/id07210/00005_fake.mp4,../data/raw/FakeAVCeleb_v1.2/RealVideo-FakeAudio/Asian (South)/men/id07210/00005_fake.mp4,943_RealVideo-FakeAudio,5,True,../data/processed/frames,../data/processed/audio/943_RealVideo-FakeAudio.wav
id07233,fake.mp4,-,rtvc,B,RealVideo-FakeAudio,Asian (South),men,00010_fake.mp4,FakeAVCeleb/RealVideo-FakeAudio/Asian (South)/men/id07233,FakeAVCeleb_v1.2/RealVideo-FakeAudio/Asian (South)/men/id07233/00010_fake.mp4,../data/raw/FakeAVCeleb_v1.2/RealVideo-FakeAudio/Asian (South)/men/id07233/00010_fake.mp4,944_RealVideo-FakeAudio,5,True,../data/processed/frames,../data/processed/audio/944_RealVideo-FakeAudio.wav
id07463,fake.mp4,-,rtvc,B,RealVideo-FakeAudio,Asian (South),men,00028_fake.mp4,FakeAVCeleb/RealVideo-FakeAudio/Asian (South)/men/id07463,FakeAVCeleb_v1.2/RealVideo-FakeAudio/Asian (South)/men/id07463/00028_fake.mp4,../data/raw/FakeAVCeleb_v1.2/RealVideo-FakeAudio/Asian (South)/men/id07463/00028_fake.mp4,945_RealVideo-FakeAudio,5,True,../data/processed/frames,../data/processed/audio/945_RealVideo-FakeAudio.wav
id07768,fake.mp4,-,rtvc,B,RealVideo-FakeAudio,Asian (South),men,00143_fake.mp4,FakeAVCeleb/RealVideo-FakeAudio/Asian (South)/men/id07768,FakeAVCeleb_v1.2/RealVideo-FakeAudio/Asian (South)/men/id07768/00143_fake.mp4,../data/raw/FakeAVCeleb_v1.2/RealVideo-FakeAudio/Asian (South)/men/id07768/00143_fake.mp4,946_RealVideo-FakeAudio,5,True,../data/processed/frames,../data/processed/audio/946_RealVideo-FakeAudio.wav
id08313,fake.mp4,-,rtvc,B,RealVideo-FakeAudio,Asian (South),men,00202_fake.mp4,FakeAVCeleb/RealVideo-FakeAudio/Asian (South)/men/id08313,FakeAVCeleb_v1.2/RealVideo-FakeAudio/Asian (South)/men/id08313/00202_fake.mp4,../data/raw/FakeAVCeleb_v1.2/RealVideo-FakeAudio/Asian (South)/men/id08313/00202_fake.mp4,947_RealVideo-FakeAudio,5,True,../data/processed/frames,../data/processed/audio/947_RealVideo-FakeAudio.wav
id08314,fake.mp4,-,rtvc,B,RealVideo-FakeAudio,Asian (South),men,00028_fake.mp4,FakeAVCeleb/RealVideo-FakeAudio/Asian (South)/men/id08314,FakeAVCeleb_v1.2/RealVideo-FakeAudio/Asian (South)/men/id08314/00028_fake.mp4,../data/raw/FakeAVCeleb_v1.2/RealVideo-FakeAudio/Asian (South)/men/id08314/00028_fake.mp4,948_RealVideo-FakeAudio,5,True,../data/processed/frames,../data/processed/audio/948_RealVideo-FakeAudio.wav
id08457,fake.mp4,-,rtvc,B,RealVideo-FakeAudio,Asian (South),men,00417_fake.mp4,FakeAVCeleb/RealVideo-FakeAudio/Asian (South)/men/id08457,FakeAVCeleb_v1.2/RealVideo-FakeAudio/Asian (South)/men/id08457/00417_fake.mp4,../data/raw/FakeAVCeleb_v1.2/RealVideo-FakeAudio/Asian (South)/men/id08457/00417_fake.mp4,949_RealVideo-FakeAudio,3,True,../data/processed/frames,../data/processed/audio/949_RealVideo-FakeAudio.wav
id00043,fake.mp4,-,rtvc,B,RealVideo-FakeAudio,Asian (South),women,00135_fake.mp4,FakeAVCeleb/RealVideo-FakeAudio/Asian (South)/women/id00043,FakeAVCeleb_v1.2/RealVideo-FakeAudio/Asian (South)/women/id00043/00135_fake.mp4,../data/raw/FakeAVCeleb_v1.2/RealVideo-FakeAudio/Asian (South)/women/id00043/00135_fake.mp4,950_RealVideo-FakeAudio,5,True,../data/processed/frames,../data/processed/audio/950_RealVideo-FakeAudio.wav
id00080,fake.mp4,-,rtvc,B,RealVideo-FakeAudio,Asian (South),women,00281_fake.mp4,FakeAVCeleb/RealVideo-FakeAudio/Asian (South)/women/id00080,FakeAVCeleb_v1.2/RealVideo-FakeAudio/Asian (South)/women/id00080/00281_fake.mp4,../data/raw/FakeAVCeleb_v1.2/RealVideo-FakeAudio/Asian (South)/women/id00080/00281_fake.mp4,951_RealVideo-FakeAudio,4,True,../data/processed/frames,../data/processed/audio/951_RealVideo-FakeAudio.wav
id00149,fake.mp4,-,rtvc,B,RealVideo-FakeAudio,Asian (South),women,00284_fake.mp4,FakeAVCeleb/RealVideo-FakeAudio/Asian (South)/women/id00149,FakeAVCeleb_v1.2/RealVideo-FakeAudio/Asian (South)/women/id00149/00284_fake.mp4,../data/raw/FakeAVCeleb_v1.2/RealVideo-FakeAudio/Asian (South)/women/id00149/00284_fake.mp4,952_RealVideo-FakeAudio,4,True,../data/processed/frames,../data/processed/audio/952_RealVideo-FakeAudio.wav
id00235,fake.mp4,-,rtvc,B,RealVideo-FakeAudio,Asian (South),women,00052_fake.mp4,FakeAVCeleb/RealVideo-FakeAudio/Asian (South)/women/id00235,FakeAVCeleb_v1.2/RealVideo-FakeAudio/Asian (South)/women/id00235/00052_fake.mp4,../data/raw/FakeAVCeleb_v1.2/RealVideo-FakeAudio/Asian (South)/women/id00235/00052_fake.mp4,953_RealVideo-FakeAudio,5,True,../data/processed/frames,../data/processed/audio/953_RealVideo-FakeAudio.wav
id00417,fake.mp4,-,rtvc,B,RealVideo-FakeAudio,Asian (South),women,00069_fake.mp4,FakeAVCeleb/RealVideo-FakeAudio/Asian (South)/women/id00417,FakeAVCeleb_v1.2/RealVideo-FakeAudio/Asian (South)/women/id00417/00069_fake.mp4,../data/raw/FakeAVCeleb_v1.2/RealVideo-FakeAudio/Asian (South)/women/id00417/00069_fake.mp4,954_RealVideo-FakeAudio,3,True,../data/processed/frames,../data/processed/audio/954_RealVideo-FakeAudio.wav
id00461,fake.mp4,-,rtvc,B,RealVideo-FakeAudio,Asian (South),women,00043_fake.mp4,FakeAVCeleb/RealVideo-FakeAudio/Asian (South)/women/id00461,FakeAVCeleb_v1.2/RealVideo-FakeAudio/Asian (South)/women/id00461/00043_fake.mp4,../data/raw/FakeAVCeleb_v1.2/RealVideo-FakeAudio/Asian (South)/women/id00461/00043_fake.mp4,955_RealVideo-FakeAudio,5,True,../data/processed/frames,../data/processed/audio/955_RealVideo-FakeAudio.wav
id00488,fake.mp4,-,rtvc,B,RealVideo-FakeAudio,Asian (South),women,00028_fake.mp4,FakeAVCeleb/RealVideo-FakeAudio/Asian (South)/women/id00488,FakeAVCeleb_v1.2/RealVideo-FakeAudio/Asian (South)/women/id00488/00028_fake.mp4,../data/raw/FakeAVCeleb_v1.2/RealVideo-FakeAudio/Asian (South)/women/id00488/00028_fake.mp4,956_RealVideo-FakeAudio,5,True,../data/processed/frames,../data/processed/audio/956_RealVideo-FakeAudio.wav
id00739,fake.mp4,-,rtvc,B,RealVideo-FakeAudio,Asian (South),women,00005_fake.mp4,FakeAVCeleb/RealVideo-FakeAudio/Asian (South)/women/id00739,FakeAVCeleb_v1.2/RealVideo-FakeAudio/Asian (South)/women/id00739/00005_fake.mp4,../data/raw/FakeAVCeleb_v1.2/RealVideo-FakeAudio/Asian (South)/women/id00739/00005_fake.mp4,957_RealVideo-FakeAudio,5,True,../data/processed/frames,../data/processed/audio/957_RealVideo-FakeAudio.wav
id00747,fake.mp4,-,rtvc,B,RealVideo-FakeAudio,Asian (South),women,00053_fake.mp4,FakeAVCeleb/RealVideo-FakeAudio/Asian (South)/women/id00747,FakeAVCeleb_v1.2/RealVideo-FakeAudio/Asian (South)/women/id00747/00053_fake.mp4,../data/raw/FakeAVCeleb_v1.2/RealVideo-FakeAudio/Asian (South)/women/id00747/00053_fake.mp4,958_RealVideo-FakeAudio,5,True,../data/processed/frames,../data/processed/audio/958_RealVideo-FakeAudio.wav
id01026,fake.mp4,-,rtvc,B,RealVideo-FakeAudio,Asian (South),women,00083_fake.mp4,FakeAVCeleb/RealVideo-FakeAudio/Asian (South)/women/id01026,FakeAVCeleb_v1.2/RealVideo-FakeAudio/Asian (South)/women/id01026/00083_fake.mp4,../data/raw/FakeAVCeleb_v1.2/RealVideo-FakeAudio/Asian (South)/women/id01026/00083_fake.mp4,959_RealVideo-FakeAudio,5,True,../data/processed/frames,../data/processed/audio/959_RealVideo-FakeAudio.wav
id02089,fake.mp4,-,rtvc,B,RealVideo-FakeAudio,Asian (South),women,00092_fake.mp4,FakeAVCeleb/RealVideo-FakeAudio/Asian (South)/women/id02089,FakeAVCeleb_v1.2/RealVideo-FakeAudio/Asian (South)/women/id02089/00092_fake.mp4,../data/raw/FakeAVCeleb_v1.2/RealVideo-FakeAudio/Asian (South)/women/id02089/00092_fake.mp4,960_RealVideo-FakeAudio,4,True,../data/processed/frames,../data/processed/audio/960_RealVideo-FakeAudio.wav
id02310,fake.mp4,-,rtvc,B,RealVideo-FakeAudio,Asian (South),women,00139_fake.mp4,FakeAVCeleb/RealVideo-FakeAudio/Asian (South)/women/id02310,FakeAVCeleb_v1.2/RealVideo-FakeAudio/Asian (South)/women/id02310/00139_fake.mp4,../data/raw/FakeAVCeleb_v1.2/RealVideo-FakeAudio/Asian (South)/women/id02310/00139_fake.mp4,961_RealVideo-FakeAudio,4,True,../data/processed/frames,../data/processed/audio/961_RealVideo-FakeAudio.wav
id02619,fake.mp4,-,rtvc,B,RealVideo-FakeAudio,Asian (South),women,00015_fake.mp4,FakeAVCeleb/RealVideo-FakeAudio/Asian (South)/women/id02619,FakeAVCeleb_v1.2/RealVideo-FakeAudio/Asian (South)/women/id02619/00015_fake.mp4,../data/raw/FakeAVCeleb_v1.2/RealVideo-FakeAudio/Asian (South)/women/id02619/00015_fake.mp4,962_RealVideo-FakeAudio,5,True,../data/processed/frames,../data/processed/audio/962_RealVideo-FakeAudio.wav
id03559,fake.mp4,-,rtvc,B,RealVideo-FakeAudio,Asian (South),women,00023_fake.mp4,FakeAVCeleb/RealVideo-FakeAudio/Asian (South)/women/id03559,FakeAVCeleb_v1.2/RealVideo-FakeAudio/Asian (South)/women/id03559/00023_fake.mp4,../data/raw/FakeAVCeleb_v1.2/RealVideo-FakeAudio/Asian (South)/women/id03559/00023_fake.mp4,963_RealVideo-FakeAudio,5,True,../data/processed/frames,../data/processed/audio/963_RealVideo-FakeAudio.wav
id03815,fake.mp4,-,rtvc,B,RealVideo-FakeAudio,Asian (South),women,00118_fake.mp4,FakeAVCeleb/RealVideo-FakeAudio/Asian (South)/women/id03815,FakeAVCeleb_v1.2/RealVideo-FakeAudio/Asian (South)/women/id03815/00118_fake.mp4,../data/raw/FakeAVCeleb_v1.2/RealVideo-FakeAudio/Asian (South)/women/id03815/00118_fake.mp4,964_RealVideo-FakeAudio,5,True,../data/processed/frames,../data/processed/audio/964_RealVideo-FakeAudio.wav
id03897,fake.mp4,-,rtvc,B,RealVideo-FakeAudio,Asian (South),women,00021_fake.mp4,FakeAVCeleb/RealVideo-FakeAudio/Asian (South)/women/id03897,FakeAVCeleb_v1.2/RealVideo-FakeAudio/Asian (South)/women/id03897/00021_fake.mp4,../data/raw/FakeAVCeleb_v1.2/RealVideo-FakeAudio/Asian (South)/women/id03897/00021_fake.mp4,965_RealVideo-FakeAudio,5,True,../data/processed/frames,../data/processed/audio/965_RealVideo-FakeAudio.wav
id03985,fake.mp4,-,rtvc,B,RealVideo-FakeAudio,Asian (South),women,00005_fake.mp4,FakeAVCeleb/RealVideo-FakeAudio/Asian (South)/women/id03985,FakeAVCeleb_v1.2/RealVideo-FakeAudio/Asian (South)/women/id03985/00005_fake.mp4,../data/raw/FakeAVCeleb_v1.2/RealVideo-FakeAudio/Asian (South)/women/id03985/00005_fake.mp4,966_RealVideo-FakeAudio,5,True,../data/processed/frames,../data/processed/audio/966_RealVideo-FakeAudio.wav
id04070,fake.mp4,-,rtvc,B,RealVideo-FakeAudio,Asian (South),women,00072_fake.mp4,FakeAVCeleb/RealVideo-FakeAudio/Asian (South)/women/id04070,FakeAVCeleb_v1.2/RealVideo-FakeAudio/Asian (South)/women/id04070/00072_fake.mp4,../data/raw/FakeAVCeleb_v1.2/RealVideo-FakeAudio/Asian (South)/women/id04070/00072_fake.mp4,967_RealVideo-FakeAudio,5,True,../data/processed/frames,../data/processed/audio/967_RealVideo-FakeAudio.wav
id04490,fake.mp4,-,rtvc,B,RealVideo-FakeAudio,Asian (South),women,00054_fake.mp4,FakeAVCeleb/RealVideo-FakeAudio/Asian (South)/women/id04490,FakeAVCeleb_v1.2/RealVideo-FakeAudio/Asian (South)/women/id04490/00054_fake.mp4,../data/raw/FakeAVCeleb_v1.2/RealVideo-FakeAudio/Asian (South)/women/id04490/00054_fake.mp4,968_RealVideo-FakeAudio,5,True,../data/processed/frames,../data/processed/audio/968_RealVideo-FakeAudio.wav
id04529,fake.mp4,-,rtvc,B,RealVideo-FakeAudio,Asian (South),women,00186_fake.mp4,FakeAVCeleb/RealVideo-FakeAudio/Asian (South)/women/id04529,FakeAVCeleb_v1.2/RealVideo-FakeAudio/Asian (South)/women/id04529/00186_fake.mp4,../data/raw/FakeAVCeleb_v1.2/RealVideo-FakeAudio/Asian (South)/women/id04529/00186_fake.mp4,969_RealVideo-FakeAudio,5,True,../data/processed/frames,../data/processed/audio/969_RealVideo-FakeAudio.wav
id04530,fake.mp4,-,rtvc,B,RealVideo-FakeAudio,Asian (South),women,00231_fake.mp4,FakeAVCeleb/RealVideo-FakeAudio/Asian (South)/women/id04530,FakeAVCeleb_v1.2/RealVideo-FakeAudio/Asian (South)/women/id04530/00231_fake.mp4,../data/raw/FakeAVCeleb_v1.2/RealVideo-FakeAudio/Asian (South)/women/id04530/00231_fake.mp4,970_RealVideo-FakeAudio,5,True,../data/processed/frames,../data/processed/audio/970_RealVideo-FakeAudio.wav
id04564,fake.mp4,-,rtvc,B,RealVideo-FakeAudio,Asian (South),women,00417_fake.mp4,FakeAVCeleb/RealVideo-FakeAudio/Asian (South)/women/id04564,FakeAVCeleb_v1.2/RealVideo-FakeAudio/Asian (South)/women/id04564/00417_fake.mp4,../data/raw/FakeAVCeleb_v1.2/RealVideo-FakeAudio/Asian (South)/women/id04564/00417_fake.mp4,971_RealVideo-FakeAudio,3,True,../data/processed/frames,../data/processed/audio/971_RealVideo-FakeAudio.wav
id04582,fake.mp4,-,rtvc,B,RealVideo-FakeAudio,Asian (South),women,00180_fake.mp4,FakeAVCeleb/RealVideo-FakeAudio/Asian (South)/women/id04582,FakeAVCeleb_v1.2/RealVideo-FakeAudio/Asian (South)/women/id04582/00180_fake.mp4,../data/raw/FakeAVCeleb_v1.2/RealVideo-FakeAudio/Asian (South)/women/id04582/00180_fake.mp4,972_RealVideo-FakeAudio,3,True,../data/processed/frames,../data/processed/audio/972_RealVideo-FakeAudio.wav
id04583,fake.mp4,-,rtvc,B,RealVideo-FakeAudio,Asian (South),women,00077_fake.mp4,FakeAVCeleb/RealVideo-FakeAudio/Asian (South)/women/id04583,FakeAVCeleb_v1.2/RealVideo-FakeAudio/Asian (South)/women/id04583/00077_fake.mp4,../data/raw/FakeAVCeleb_v1.2/RealVideo-FakeAudio/Asian (South)/women/id04583/00077_fake.mp4,973_RealVideo-FakeAudio,5,True,../data/processed/frames,../data/processed/audio/973_RealVideo-FakeAudio.wav
id04927,fake.mp4,-,rtvc,B,RealVideo-FakeAudio,Asian (South),women,00013_fake.mp4,FakeAVCeleb/RealVideo-FakeAudio/Asian (South)/women/id04927,FakeAVCeleb_v1.2/RealVideo-FakeAudio/Asian (South)/women/id04927/00013_fake.mp4,../data/raw/FakeAVCeleb_v1.2/RealVideo-FakeAudio/Asian (South)/women/id04927/00013_fake.mp4,974_RealVideo-FakeAudio,2,True,../data/processed/frames,../data/processed/audio/974_RealVideo-FakeAudio.wav
id05434,fake.mp4,-,rtvc,B,RealVideo-FakeAudio,Asian (South),women,00052_fake.mp4,FakeAVCeleb/RealVideo-FakeAudio/Asian (South)/women/id05434,FakeAVCeleb_v1.2/RealVideo-FakeAudio/Asian (South)/women/id05434/00052_fake.mp4,../data/raw/FakeAVCeleb_v1.2/RealVideo-FakeAudio/Asian (South)/women/id05434/00052_fake.mp4,975_RealVideo-FakeAudio,4,True,../data/processed/frames,../data/processed/audio/975_RealVideo-FakeAudio.wav
id05435,fake.mp4,-,rtvc,B,RealVideo-FakeAudio,Asian (South),women,00107_fake.mp4,FakeAVCeleb/RealVideo-FakeAudio/Asian (South)/women/id05435,FakeAVCeleb_v1.2/RealVideo-FakeAudio/Asian (South)/women/id05435/00107_fake.mp4,../data/raw/FakeAVCeleb_v1.2/RealVideo-FakeAudio/Asian (South)/women/id05435/00107_fake.mp4,976_RealVideo-FakeAudio,5,True,../data/processed/frames,../data/processed/audio/976_RealVideo-FakeAudio.wav
id05478,fake.mp4,-,rtvc,B,RealVideo-FakeAudio,Asian (South),women,00135_fake.mp4,FakeAVCeleb/RealVideo-FakeAudio/Asian (South)/women/id05478,FakeAVCeleb_v1.2/RealVideo-FakeAudio/Asian (South)/women/id05478/00135_fake.mp4,../data/raw/FakeAVCeleb_v1.2/RealVideo-FakeAudio/Asian (South)/women/id05478/00135_fake.mp4,977_RealVideo-FakeAudio,5,True,../data/processed/frames,../data/processed/audio/977_RealVideo-FakeAudio.wav
id05845,fake.mp4,-,rtvc,B,RealVideo-FakeAudio,Asian (South),women,00027_fake.mp4,FakeAVCeleb/RealVideo-FakeAudio/Asian (South)/women/id05845,FakeAVCeleb_v1.2/RealVideo-FakeAudio/Asian (South)/women/id05845/00027_fake.mp4,../data/raw/FakeAVCeleb_v1.2/RealVideo-FakeAudio/Asian (South)/women/id05845/00027_fake.mp4,978_RealVideo-FakeAudio,5,True,../data/processed/frames,../data/processed/audio/978_RealVideo-FakeAudio.wav
id05920,fake.mp4,-,rtvc,B,RealVideo-FakeAudio,Asian (South),women,00161_fake.mp4,FakeAVCeleb/RealVideo-FakeAudio/Asian (South)/women/id05920,FakeAVCeleb_v1.2/RealVideo-FakeAudio/Asian (South)/women/id05920/00161_fake.mp4,../data/raw/FakeAVCeleb_v1.2/RealVideo-FakeAudio/Asian (South)/women/id05920/00161_fake.mp4,979_RealVideo-FakeAudio,5,True,../data/processed/frames,../data/processed/audio/979_RealVideo-FakeAudio.wav
id05931,fake.mp4,-,rtvc,B,RealVideo-FakeAudio,Asian (South),women,00013_fake.mp4,FakeAVCeleb/RealVideo-FakeAudio/Asian (South)/women/id05931,FakeAVCeleb_v1.2/RealVideo-FakeAudio/Asian (South)/women/id05931/00013_fake.mp4,../data/raw/FakeAVCeleb_v1.2/RealVideo-FakeAudio/Asian (South)/women/id05931/00013_fake.mp4,980_RealVideo-FakeAudio,5,True,../data/processed/frames,../data/processed/audio/980_RealVideo-FakeAudio.wav
id06232,fake.mp4,-,rtvc,B,RealVideo-FakeAudio,Asian (South),women,00025_fake.mp4,FakeAVCeleb/RealVideo-FakeAudio/Asian (South)/women/id06232,FakeAVCeleb_v1.2/RealVideo-FakeAudio/Asian (South)/women/id06232/00025_fake.mp4,../data/raw/FakeAVCeleb_v1.2/RealVideo-FakeAudio/Asian (South)/women/id06232/00025_fake.mp4,981_RealVideo-FakeAudio,5,True,../data/processed/frames,../data/processed/audio/981_RealVideo-FakeAudio.wav
id06254,fake.mp4,-,rtvc,B,RealVideo-FakeAudio,Asian (South),women,00043_fake.mp4,FakeAVCeleb/RealVideo-FakeAudio/Asian (South)/women/id06254,FakeAVCeleb_v1.2/RealVideo-FakeAudio/Asian (South)/women/id06254/00043_fake.mp4,../data/raw/FakeAVCeleb_v1.2/RealVideo-FakeAudio/Asian (South)/women/id06254/00043_fake.mp4,982_RealVideo-FakeAudio,5,True,../data/processed/frames,../data/processed/audio/982_RealVideo-FakeAudio.wav
id06268,fake.mp4,-,rtvc,B,RealVideo-FakeAudio,Asian (South),women,00159_fake.mp4,FakeAVCeleb/RealVideo-FakeAudio/Asian (South)/women/id06268,FakeAVCeleb_v1.2/RealVideo-FakeAudio/Asian (South)/women/id06268/00159_fake.mp4,../data/raw/FakeAVCeleb_v1.2/RealVideo-FakeAudio/Asian (South)/women/id06268/00159_fake.mp4,983_RealVideo-FakeAudio,5,True,../data/processed/frames,../data/processed/audio/983_RealVideo-FakeAudio.wav
id06343,fake.mp4,-,rtvc,B,RealVideo-FakeAudio,Asian (South),women,00023_fake.mp4,FakeAVCeleb/RealVideo-FakeAudio/Asian (South)/women/id06343,FakeAVCeleb_v1.2/RealVideo-FakeAudio/Asian (South)/women/id06343/00023_fake.mp4,../data/raw/FakeAVCeleb_v1.2/RealVideo-FakeAudio/Asian (South)/women/id06343/00023_fake.mp4,984_RealVideo-FakeAudio,5,True,../data/processed/frames,../data/processed/audio/984_RealVideo-FakeAudio.wav
id06428,fake.mp4,-,rtvc,B,RealVideo-FakeAudio,Asian (South),women,00043_fake.mp4,FakeAVCeleb/RealVideo-FakeAudio/Asian (South)/women/id06428,FakeAVCeleb_v1.2/RealVideo-FakeAudio/Asian (South)/women/id06428/00043_fake.mp4,../data/raw/FakeAVCeleb_v1.2/RealVideo-FakeAudio/Asian (South)/women/id06428/00043_fake.mp4,985_RealVideo-FakeAudio,5,True,../data/processed/frames,../data/processed/audio/985_RealVideo-FakeAudio.wav
id06437,fake.mp4,-,rtvc,B,RealVideo-FakeAudio,Asian (South),women,00028_fake.mp4,FakeAVCeleb/RealVideo-FakeAudio/Asian (South)/women/id06437,FakeAVCeleb_v1.2/RealVideo-FakeAudio/Asian (South)/women/id06437/00028_fake.mp4,../data/raw/FakeAVCeleb_v1.2/RealVideo-FakeAudio/Asian (South)/women/id06437/00028_fake.mp4,986_RealVideo-FakeAudio,5,True,../data/processed/frames,../data/processed/audio/986_RealVideo-FakeAudio.wav
id06438,fake.mp4,-,rtvc,B,RealVideo-FakeAudio,Asian (South),women,00110_fake.mp4,FakeAVCeleb/RealVideo-FakeAudio/Asian (South)/women/id06438,FakeAVCeleb_v1.2/RealVideo-FakeAudio/Asian (South)/women/id06438/00110_fake.mp4,../data/raw/FakeAVCeleb_v1.2/RealVideo-FakeAudio/Asian (South)/women/id06438/00110_fake.mp4,987_RealVideo-FakeAudio,5,True,../data/processed/frames,../data/processed/audio/987_RealVideo-FakeAudio.wav
id06439,fake.mp4,-,rtvc,B,RealVideo-FakeAudio,Asian (South),women,00118_fake.mp4,FakeAVCeleb/RealVideo-FakeAudio/Asian (South)/women/id06439,FakeAVCeleb_v1.2/RealVideo-FakeAudio/Asian (South)/women/id06439/00118_fake.mp4,../data/raw/FakeAVCeleb_v1.2/RealVideo-FakeAudio/Asian (South)/women/id06439/00118_fake.mp4,988_RealVideo-FakeAudio,5,True,../data/processed/frames,../data/processed/audio/988_RealVideo-FakeAudio.wav
id06445,fake.mp4,-,rtvc,B,RealVideo-FakeAudio,Asian (South),women,00150_fake.mp4,FakeAVCeleb/RealVideo-FakeAudio/Asian (South)/women/id06445,FakeAVCeleb_v1.2/RealVideo-FakeAudio/Asian (South)/women/id06445/00150_fake.mp4,../data/raw/FakeAVCeleb_v1.2/RealVideo-FakeAudio/Asian (South)/women/id06445/00150_fake.mp4,989_RealVideo-FakeAudio,5,True,../data/processed/frames,../data/processed/audio/989_RealVideo-FakeAudio.wav
id06752,fake.mp4,-,rtvc,B,RealVideo-FakeAudio,Asian (South),women,00221_fake.mp4,FakeAVCeleb/RealVideo-FakeAudio/Asian (South)/women/id06752,FakeAVCeleb_v1.2/RealVideo-FakeAudio/Asian (South)/women/id06752/00221_fake.mp4,../data/raw/FakeAVCeleb_v1.2/RealVideo-FakeAudio/Asian (South)/women/id06752/00221_fake.mp4,990_RealVideo-FakeAudio,5,True,../data/processed/frames,../data/processed/audio/990_RealVideo-FakeAudio.wav
id07008,fake.mp4,-,rtvc,B,RealVideo-FakeAudio,Asian (South),women,00175_fake.mp4,FakeAVCeleb/RealVideo-FakeAudio/Asian (South)/women/id07008,FakeAVCeleb_v1.2/RealVideo-FakeAudio/Asian (South)/women/id07008/00175_fake.mp4,../data/raw/FakeAVCeleb_v1.2/RealVideo-FakeAudio/Asian (South)/women/id07008/00175_fake.mp4,991_RealVideo-FakeAudio,5,True,../data/processed/frames,../data/processed/audio/991_RealVideo-FakeAudio.wav
id07049,fake.mp4,-,rtvc,B,RealVideo-FakeAudio,Asian (South),women,00043_fake.mp4,FakeAVCeleb/RealVideo-FakeAudio/Asian (South)/women/id07049,FakeAVCeleb_v1.2/RealVideo-FakeAudio/Asian (South)/women/id07049/00043_fake.mp4,../data/raw/FakeAVCeleb_v1.2/RealVideo-FakeAudio/Asian (South)/women/id07049/00043_fake.mp4,992_RealVideo-FakeAudio,4,True,../data/processed/frames,../data/processed/audio/992_RealVideo-FakeAudio.wav
id07051,fake.mp4,-,rtvc,B,RealVideo-FakeAudio,Asian (South),women,00083_fake.mp4,FakeAVCeleb/RealVideo-FakeAudio/Asian (South)/women/id07051,FakeAVCeleb_v1.2/RealVideo-FakeAudio/Asian (South)/women/id07051/00083_fake.mp4,../data/raw/FakeAVCeleb_v1.2/RealVideo-FakeAudio/Asian (South)/women/id07051/00083_fake.mp4,993_RealVideo-FakeAudio,5,True,../data/processed/frames,../data/processed/audio/993_RealVideo-FakeAudio.wav
id07078,fake.mp4,-,rtvc,B,RealVideo-FakeAudio,Asian (South),women,00405_fake.mp4,FakeAVCeleb/RealVideo-FakeAudio/Asian (South)/women/id07078,FakeAVCeleb_v1.2/RealVideo-FakeAudio/Asian (South)/women/id07078/00405_fake.mp4,../data/raw/FakeAVCeleb_v1.2/RealVideo-FakeAudio/Asian (South)/women/id07078/00405_fake.mp4,994_RealVideo-FakeAudio,5,True,../data/processed/frames,../data/processed/audio/994_RealVideo-FakeAudio.wav
id07136,fake.mp4,-,rtvc,B,RealVideo-FakeAudio,Asian (South),women,00052_fake.mp4,FakeAVCeleb/RealVideo-FakeAudio/Asian (South)/women/id07136,FakeAVCeleb_v1.2/RealVideo-FakeAudio/Asian (South)/women/id07136/00052_fake.mp4,../data/raw/FakeAVCeleb_v1.2/RealVideo-FakeAudio/Asian (South)/women/id07136/00052_fake.mp4,995_RealVideo-FakeAudio,5,True,../data/processed/frames,../data/processed/audio/995_RealVideo-FakeAudio.wav
id07236,fake.mp4,-,rtvc,B,RealVideo-FakeAudio,Asian (South),women,00143_fake.mp4,FakeAVCeleb/RealVideo-FakeAudio/Asian (South)/women/id07236,FakeAVCeleb_v1.2/RealVideo-FakeAudio/Asian (South)/women/id07236/00143_fake.mp4,../data/raw/FakeAVCeleb_v1.2/RealVideo-FakeAudio/Asian (South)/women/id07236/00143_fake.mp4,996_RealVideo-FakeAudio,5,True,../data/processed/frames,../data/processed/audio/996_RealVideo-FakeAudio.wav
id07377,fake.mp4,-,rtvc,B,RealVideo-FakeAudio,Asian (South),women,00025_fake.mp4,FakeAVCeleb/RealVideo-FakeAudio/Asian (South)/women/id07377,FakeAVCeleb_v1.2/RealVideo-FakeAudio/Asian (South)/women/id07377/00025_fake.mp4,../data/raw/FakeAVCeleb_v1.2/RealVideo-FakeAudio/Asian (South)/women/id07377/00025_fake.mp4,997_RealVideo-FakeAudio,5,True,../data/processed/frames,../data/processed/audio/997_RealVideo-FakeAudio.wav
id07686,fake.mp4,-,rtvc,B,RealVideo-FakeAudio,Asian (South),women,00254_fake.mp4,FakeAVCeleb/RealVideo-FakeAudio/Asian (South)/women/id07686,FakeAVCeleb_v1.2/RealVideo-FakeAudio/Asian (South)/women/id07686/00254_fake.mp4,../data/raw/FakeAVCeleb_v1.2/RealVideo-FakeAudio/Asian (South)/women/id07686/00254_fake.mp4,998_RealVideo-FakeAudio,5,True,../data/processed/frames,../data/processed/audio/998_RealVideo-FakeAudio.wav
id07689,fake.mp4,-,rtvc,B,RealVideo-FakeAudio,Asian (South),women,00028_fake.mp4,FakeAVCeleb/RealVideo-FakeAudio/Asian (South)/women/id07689,FakeAVCeleb_v1.2/RealVideo-FakeAudio/Asian (South)/women/id07689/00028_fake.mp4,../data/raw/FakeAVCeleb_v1.2/RealVideo-FakeAudio/Asian (South)/women/id07689/00028_fake.mp4,999_RealVideo-FakeAudio,5,True,../data/processed/frames,../data/processed/audio/999_RealVideo-FakeAudio.wav
id07739,id06060,-,wav2lip,C,FakeVideo-RealAudio,Asian (East),women,00019_id06060_wavtolip.mp4,FakeAVCeleb/FakeVideo-RealAudio/Asian (East)/women/id07739,FakeAVCeleb_v1.2/FakeVideo-RealAudio/Asian (East)/women/id07739/00019_id06060_wavtolip.mp4,../data/raw/FakeAVCeleb_v1.2/FakeVideo-RealAudio/Asian (East)/women/id07739/00019_id06060_wavtolip.mp4,1000_FakeVideo-RealAudio,5,True,../data/processed/frames,../data/processed/audio/1000_FakeVideo-RealAudio.wav
id00597,id05268,-,wav2lip,C,FakeVideo-RealAudio,Asian (East),men,00019_id05268_wavtolip.mp4,FakeAVCeleb/FakeVideo-RealAudio/Asian (East)/men/id00597,FakeAVCeleb_v1.2/FakeVideo-RealAudio/Asian (East)/men/id00597/00019_id05268_wavtolip.mp4,../data/raw/FakeAVCeleb_v1.2/FakeVideo-RealAudio/Asian (East)/men/id00597/00019_id05268_wavtolip.mp4,1001_FakeVideo-RealAudio,5,True,../data/processed/frames,../data/processed/audio/1001_FakeVideo-RealAudio.wav
id00459,id00769,-,wav2lip,C,FakeVideo-RealAudio,Asian (South),men,00382_id00769_wavtolip.mp4,FakeAVCeleb/FakeVideo-RealAudio/Asian (South)/men/id00459,FakeAVCeleb_v1.2/FakeVideo-RealAudio/Asian (South)/men/id00459/00382_id00769_wavtolip.mp4,../data/raw/FakeAVCeleb_v1.2/FakeVideo-RealAudio/Asian (South)/men/id00459/00382_id00769_wavtolip.mp4,1002_FakeVideo-RealAudio,5,True,../data/processed/frames,../data/processed/audio/1002_FakeVideo-RealAudio.wav
id07136,id03815,-,fsgan,C,FakeVideo-RealAudio,Asian (South),women,00052_id03815_hw41YlLps4w.mp4,FakeAVCeleb/FakeVideo-RealAudio/Asian (South)/women/id07136,FakeAVCeleb_v1.2/FakeVideo-RealAudio/Asian (South)/women/id07136/00052_id03815_hw41YlLps4w.mp4,../data/raw/FakeAVCeleb_v1.2/FakeVideo-RealAudio/Asian (South)/women/id07136/00052_id03815_hw41YlLps4w.mp4,1003_FakeVideo-RealAudio,5,True,../data/processed/frames,../data/processed/audio/1003_FakeVideo-RealAudio.wav
id00025,id00848,-,fsgan,C,FakeVideo-RealAudio,Caucasian (American),women,00025_id00848_o1_9Cu3YMN0.mp4,FakeAVCeleb/FakeVideo-RealAudio/Caucasian (American)/women/id00025,FakeAVCeleb_v1.2/FakeVideo-RealAudio/Caucasian (American)/women/id00025/00025_id00848_o1_9Cu3YMN0.mp4,../data/raw/FakeAVCeleb_v1.2/FakeVideo-RealAudio/Caucasian (American)/women/id00025/00025_id00848_o1_9Cu3YMN0.mp4,1004_FakeVideo-RealAudio,5,True,../data/processed/frames,../data/processed/audio/1004_FakeVideo-RealAudio.wav
id06066,id05631,-,wav2lip,C,FakeVideo-RealAudio,Asian (East),women,00028_id05631_wavtolip.mp4,FakeAVCeleb/FakeVideo-RealAudio/Asian (East)/women/id06066,FakeAVCeleb_v1.2/FakeVideo-RealAudio/Asian (East)/women/id06066/00028_id05631_wavtolip.mp4,../data/raw/FakeAVCeleb_v1.2/FakeVideo-RealAudio/Asian (East)/women/id06066/00028_id05631_wavtolip.mp4,1005_FakeVideo-RealAudio,5,True,../data/processed/frames,../data/processed/audio/1005_FakeVideo-RealAudio.wav
id01018,id03649,-,wav2lip,C,FakeVideo-RealAudio,Caucasian (European),women,00072_id03649_wavtolip.mp4,FakeAVCeleb/FakeVideo-RealAudio/Caucasian (European)/women/id01018,FakeAVCeleb_v1.2/FakeVideo-RealAudio/Caucasian (European)/women/id01018/00072_id03649_wavtolip.mp4,../data/raw/FakeAVCeleb_v1.2/FakeVideo-RealAudio/Caucasian (European)/women/id01018/00072_id03649_wavtolip.mp4,1006_FakeVideo-RealAudio,5,True,../data/processed/frames,../data/processed/audio/1006_FakeVideo-RealAudio.wav
id00179,id00049,-,wav2lip,C,FakeVideo-RealAudio,Caucasian (American),men,00143_id00049_wavtolip.mp4,FakeAVCeleb/FakeVideo-RealAudio/Caucasian (American)/men/id00179,FakeAVCeleb_v1.2/FakeVideo-RealAudio/Caucasian (American)/men/id00179/00143_id00049_wavtolip.mp4,../data/raw/FakeAVCeleb_v1.2/FakeVideo-RealAudio/Caucasian (American)/men/id00179/00143_id00049_wavtolip.mp4,1007_FakeVideo-RealAudio,5,True,../data/processed/frames,../data/processed/audio/1007_FakeVideo-RealAudio.wav
id01838,id05235,-,fsgan,C,FakeVideo-RealAudio,African,women,00126_id05235_ASy8lP3SRtw.mp4,FakeAVCeleb/FakeVideo-RealAudio/African/women/id01838,FakeAVCeleb_v1.2/FakeVideo-RealAudio/African/women/id01838/00126_id05235_ASy8lP3SRtw.mp4,../data/raw/FakeAVCeleb_v1.2/FakeVideo-RealAudio/African/women/id01838/00126_id05235_ASy8lP3SRtw.mp4,1008_FakeVideo-RealAudio,3,True,../data/processed/frames,../data/processed/audio/1008_FakeVideo-RealAudio.wav
id00981,id00358,-,fsgan,C,FakeVideo-RealAudio,Caucasian (European),men,00092_id00358_vsVwGKy79kM.mp4,FakeAVCeleb/FakeVideo-RealAudio/Caucasian (European)/men/id00981,FakeAVCeleb_v1.2/FakeVideo-RealAudio/Caucasian (European)/men/id00981/00092_id00358_vsVwGKy79kM.mp4,../data/raw/FakeAVCeleb_v1.2/FakeVideo-RealAudio/Caucasian (European)/men/id00981/00092_id00358_vsVwGKy79kM.mp4,1009_FakeVideo-RealAudio,5,True,../data/processed/frames,../data/processed/audio/1009_FakeVideo-RealAudio.wav
id06427,id06060,-,wav2lip,C,FakeVideo-RealAudio,Asian (East),women,00138_id06060_wavtolip.mp4,FakeAVCeleb/FakeVideo-RealAudio/Asian (East)/women/id06427,FakeAVCeleb_v1.2/FakeVideo-RealAudio/Asian (East)/women/id06427/00138_id06060_wavtolip.mp4,../data/raw/FakeAVCeleb_v1.2/FakeVideo-RealAudio/Asian (East)/women/id06427/00138_id06060_wavtolip.mp4,1010_FakeVideo-RealAudio,5,True,../data/processed/frames,../data/processed/audio/1010_FakeVideo-RealAudio.wav
id03103,id00460,-,fsgan,C,FakeVideo-RealAudio,African,women,00130_id00460_9sVM1Crx1FA.mp4,FakeAVCeleb/FakeVideo-RealAudio/African/women/id03103,FakeAVCeleb_v1.2/FakeVideo-RealAudio/African/women/id03103/00130_id00460_9sVM1Crx1FA.mp4,../data/raw/FakeAVCeleb_v1.2/FakeVideo-RealAudio/African/women/id03103/00130_id00460_9sVM1Crx1FA.mp4,1011_FakeVideo-RealAudio,5,True,../data/processed/frames,../data/processed/audio/1011_FakeVideo-RealAudio.wav
id07210,id00685,-,wav2lip,C,FakeVideo-RealAudio,Asian (South),men,00005_id00685_wavtolip.mp4,FakeAVCeleb/FakeVideo-RealAudio/Asian (South)/men/id07210,FakeAVCeleb_v1.2/FakeVideo-RealAudio/Asian (South)/men/id07210/00005_id00685_wavtolip.mp4,../data/raw/FakeAVCeleb_v1.2/FakeVideo-RealAudio/Asian (South)/men/id07210/00005_id00685_wavtolip.mp4,1012_FakeVideo-RealAudio,5,True,../data/processed/frames,../data/processed/audio/1012_FakeVideo-RealAudio.wav
id07165,id03599,-,wav2lip,C,FakeVideo-RealAudio,Asian (South),men,00368_id03599_wavtolip.mp4,FakeAVCeleb/FakeVideo-RealAudio/Asian (South)/men/id07165,FakeAVCeleb_v1.2/FakeVideo-RealAudio/Asian (South)/men/id07165/00368_id03599_wavtolip.mp4,../data/raw/FakeAVCeleb_v1.2/FakeVideo-RealAudio/Asian (South)/men/id07165/00368_id03599_wavtolip.mp4,1013_FakeVideo-RealAudio,5,True,../data/processed/frames,../data/processed/audio/1013_FakeVideo-RealAudio.wav
id00763,id07901,-,wav2lip,C,FakeVideo-RealAudio,Asian (East),women,00074_id07901_wavtolip.mp4,FakeAVCeleb/FakeVideo-RealAudio/Asian (East)/women/id00763,FakeAVCeleb_v1.2/FakeVideo-RealAudio/Asian (East)/women/id00763/00074_id07901_wavtolip.mp4,../data/raw/FakeAVCeleb_v1.2/FakeVideo-RealAudio/Asian (East)/women/id00763/00074_id07901_wavtolip.mp4,1014_FakeVideo-RealAudio,5,True,../data/processed/frames,../data/processed/audio/1014_FakeVideo-RealAudio.wav
id03599,id06753,-,fsgan,C,FakeVideo-RealAudio,Asian (South),men,00072_id06753_BRg5r4jHC3I.mp4,FakeAVCeleb/FakeVideo-RealAudio/Asian (South)/men/id03599,FakeAVCeleb_v1.2/FakeVideo-RealAudio/Asian (South)/men/id03599/00072_id06753_BRg5r4jHC3I.mp4,../data/raw/FakeAVCeleb_v1.2/FakeVideo-RealAudio/Asian (South)/men/id03599/00072_id06753_BRg5r4jHC3I.mp4,1015_FakeVideo-RealAudio,5,True,../data/processed/frames,../data/processed/audio/1015_FakeVideo-RealAudio.wav
id06268,id04564,-,wav2lip,C,FakeVideo-RealAudio,Asian (South),women,00159_id04564_wavtolip.mp4,FakeAVCeleb/FakeVideo-RealAudio/Asian (South)/women/id06268,FakeAVCeleb_v1.2/FakeVideo-RealAudio/Asian (South)/women/id06268/00159_id04564_wavtolip.mp4,../data/raw/FakeAVCeleb_v1.2/FakeVideo-RealAudio/Asian (South)/women/id06268/00159_id04564_wavtolip.mp4,1016_FakeVideo-RealAudio,5,True,../data/processed/frames,../data/processed/audio/1016_FakeVideo-RealAudio.wav
id08314,id04537,-,wav2lip,C,FakeVideo-RealAudio,Asian (South),men,00028_id04537_wavtolip.mp4,FakeAVCeleb/FakeVideo-RealAudio/Asian (South)/men/id08314,FakeAVCeleb_v1.2/FakeVideo-RealAudio/Asian (South)/men/id08314/00028_id04537_wavtolip.mp4,../data/raw/FakeAVCeleb_v1.2/FakeVideo-RealAudio/Asian (South)/men/id08314/00028_id04537_wavtolip.mp4,1018_FakeVideo-RealAudio,5,True,../data/processed/frames,../data/processed/audio/1018_FakeVideo-RealAudio.wav
id00897,id00589,-,wav2lip,C,FakeVideo-RealAudio,Caucasian (European),women,00005_id00589_wavtolip.mp4,FakeAVCeleb/FakeVideo-RealAudio/Caucasian (European)/women/id00897,FakeAVCeleb_v1.2/FakeVideo-RealAudio/Caucasian (European)/women/id00897/00005_id00589_wavtolip.mp4,../data/raw/FakeAVCeleb_v1.2/FakeVideo-RealAudio/Caucasian (European)/women/id00897/00005_id00589_wavtolip.mp4,1019_FakeVideo-RealAudio,5,True,../data/processed/frames,../data/processed/audio/1019_FakeVideo-RealAudio.wav
id00366,id01972,-,wav2lip,C,FakeVideo-RealAudio,African,men,00118_id01972_wavtolip.mp4,FakeAVCeleb/FakeVideo-RealAudio/African/men/id00366,FakeAVCeleb_v1.2/FakeVideo-RealAudio/African/men/id00366/00118_id01972_wavtolip.mp4,../data/raw/FakeAVCeleb_v1.2/FakeVideo-RealAudio/African/men/id00366/00118_id01972_wavtolip.mp4,1020_FakeVideo-RealAudio,2,True,../data/processed/frames,../data/processed/audio/1020_FakeVideo-RealAudio.wav
id03589,id00234,-,wav2lip,C,FakeVideo-RealAudio,Caucasian (European),women,00002_id00234_wavtolip.mp4,FakeAVCeleb/FakeVideo-RealAudio/Caucasian (European)/women/id03589,FakeAVCeleb_v1.2/FakeVideo-RealAudio/Caucasian (European)/women/id03589/00002_id00234_wavtolip.mp4,../data/raw/FakeAVCeleb_v1.2/FakeVideo-RealAudio/Caucasian (European)/women/id03589/00002_id00234_wavtolip.mp4,1021_FakeVideo-RealAudio,5,True,../data/processed/frames,../data/processed/audio/1021_FakeVideo-RealAudio.wav
id06066,id00763,-,fsgan,C,FakeVideo-RealAudio,Asian (East),women,00028_id00763_lI1GEn3Ima0.mp4,FakeAVCeleb/FakeVideo-RealAudio/Asian (East)/women/id06066,FakeAVCeleb_v1.2/FakeVideo-RealAudio/Asian (East)/women/id06066/00028_id00763_lI1GEn3Ima0.mp4,../data/raw/FakeAVCeleb_v1.2/FakeVideo-RealAudio/Asian (East)/women/id06066/00028_id00763_lI1GEn3Ima0.mp4,1022_FakeVideo-RealAudio,2,True,../data/processed/frames,../data/processed/audio/1022_FakeVideo-RealAudio.wav
id07195,id07108,-,faceswap,C,FakeVideo-RealAudio,Asian (South),men,00186_id07108_qwfQPcvjGRY_faceswap.mp4,FakeAVCeleb/FakeVideo-RealAudio/Asian (South)/men/id07195,FakeAVCeleb_v1.2/FakeVideo-RealAudio/Asian (South)/men/id07195/00186_id07108_qwfQPcvjGRY_faceswap.mp4,../data/raw/FakeAVCeleb_v1.2/FakeVideo-RealAudio/Asian (South)/men/id07195/00186_id07108_qwfQPcvjGRY_faceswap.mp4,1023_FakeVideo-RealAudio,5,True,../data/processed/frames,../data/processed/audio/1023_FakeVideo-RealAudio.wav
id00385,id00848,-,wav2lip,C,FakeVideo-RealAudio,Caucasian (American),women,00439_id00848_wavtolip.mp4,FakeAVCeleb/FakeVideo-RealAudio/Caucasian (American)/women/id00385,FakeAVCeleb_v1.2/FakeVideo-RealAudio/Caucasian (American)/women/id00385/00439_id00848_wavtolip.mp4,../data/raw/FakeAVCeleb_v1.2/FakeVideo-RealAudio/Caucasian (American)/women/id00385/00439_id00848_wavtolip.mp4,1024_FakeVideo-RealAudio,5,True,../data/processed/frames,../data/processed/audio/1024_FakeVideo-RealAudio.wav
id04066,id00763,-,wav2lip,C,FakeVideo-RealAudio,Asian (East),women,00013_id00763_wavtolip.mp4,FakeAVCeleb/FakeVideo-RealAudio/Asian (East)/women/id04066,FakeAVCeleb_v1.2/FakeVideo-RealAudio/Asian (East)/women/id04066/00013_id00763_wavtolip.mp4,../data/raw/FakeAVCeleb_v1.2/FakeVideo-RealAudio/Asian (East)/women/id04066/00013_id00763_wavtolip.mp4,1025_FakeVideo-RealAudio,5,True,../data/processed/frames,../data/processed/audio/1025_FakeVideo-RealAudio.wav
id02301,id05106,-,wav2lip,C,FakeVideo-RealAudio,African,women,00092_id05106_wavtolip.mp4,FakeAVCeleb/FakeVideo-RealAudio/African/women/id02301,FakeAVCeleb_v1.2/FakeVideo-RealAudio/African/women/id02301/00092_id05106_wavtolip.mp4,../data/raw/FakeAVCeleb_v1.2/FakeVideo-RealAudio/African/women/id02301/00092_id05106_wavtolip.mp4,1026_FakeVideo-RealAudio,5,True,../data/processed/frames,../data/processed/audio/1026_FakeVideo-RealAudio.wav
id07768,id04599,-,wav2lip,C,FakeVideo-RealAudio,Asian (South),men,00143_id04599_wavtolip.mp4,FakeAVCeleb/FakeVideo-RealAudio/Asian (South)/men/id07768,FakeAVCeleb_v1.2/FakeVideo-RealAudio/Asian (South)/men/id07768/00143_id04599_wavtolip.mp4,../data/raw/FakeAVCeleb_v1.2/FakeVideo-RealAudio/Asian (South)/men/id07768/00143_id04599_wavtolip.mp4,1027_FakeVideo-RealAudio,5,True,../data/processed/frames,../data/processed/audio/1027_FakeVideo-RealAudio.wav
id00366,id00781,-,fsgan,C,FakeVideo-RealAudio,African,men,00118_id00781_fvsSae9yc0A.mp4,FakeAVCeleb/FakeVideo-RealAudio/African/men/id00366,FakeAVCeleb_v1.2/FakeVideo-RealAudio/African/men/id00366/00118_id00781_fvsSae9yc0A.mp4,../data/raw/FakeAVCeleb_v1.2/FakeVideo-RealAudio/African/men/id00366/00118_id00781_fvsSae9yc0A.mp4,1028_FakeVideo-RealAudio,4,True,../data/processed/frames,../data/processed/audio/1028_FakeVideo-RealAudio.wav
id02301,id00359,-,wav2lip,C,FakeVideo-RealAudio,African,women,00092_id00359_wavtolip.mp4,FakeAVCeleb/FakeVideo-RealAudio/African/women/id02301,FakeAVCeleb_v1.2/FakeVideo-RealAudio/African/women/id02301/00092_id00359_wavtolip.mp4,../data/raw/FakeAVCeleb_v1.2/FakeVideo-RealAudio/African/women/id02301/00092_id00359_wavtolip.mp4,1029_FakeVideo-RealAudio,5,True,../data/processed/frames,../data/processed/audio/1029_FakeVideo-RealAudio.wav
id05931,id00235,-,wav2lip,C,FakeVideo-RealAudio,Asian (South),women,00013_id00235_wavtolip.mp4,FakeAVCeleb/FakeVideo-RealAudio/Asian (South)/women/id05931,FakeAVCeleb_v1.2/FakeVideo-RealAudio/Asian (South)/women/id05931/00013_id00235_wavtolip.mp4,../data/raw/FakeAVCeleb_v1.2/FakeVideo-RealAudio/Asian (South)/women/id05931/00013_id00235_wavtolip.mp4,1030_FakeVideo-RealAudio,5,True,../data/processed/frames,../data/processed/audio/1030_FakeVideo-RealAudio.wav
id00707,id00592,-,wav2lip,C,FakeVideo-RealAudio,African,women,00052_id00592_wavtolip.mp4,FakeAVCeleb/FakeVideo-RealAudio/African/women/id00707,FakeAVCeleb_v1.2/FakeVideo-RealAudio/African/women/id00707/00052_id00592_wavtolip.mp4,../data/raw/FakeAVCeleb_v1.2/FakeVideo-RealAudio/African/women/id00707/00052_id00592_wavtolip.mp4,1031_FakeVideo-RealAudio,5,True,../data/processed/frames,../data/processed/audio/1031_FakeVideo-RealAudio.wav
id00062,id00169,-,wav2lip,C,FakeVideo-RealAudio,Caucasian (American),men,00278_id00169_wavtolip.mp4,FakeAVCeleb/FakeVideo-RealAudio/Caucasian (American)/men/id00062,FakeAVCeleb_v1.2/FakeVideo-RealAudio/Caucasian (American)/men/id00062/00278_id00169_wavtolip.mp4,../data/raw/FakeAVCeleb_v1.2/FakeVideo-RealAudio/Caucasian (American)/men/id00062/00278_id00169_wavtolip.mp4,1032_FakeVideo-RealAudio,5,True,../data/processed/frames,../data/processed/audio/1032_FakeVideo-RealAudio.wav
id00495,id00403,-,wav2lip,C,FakeVideo-RealAudio,Caucasian (European),women,00027_id00403_wavtolip.mp4,FakeAVCeleb/FakeVideo-RealAudio/Caucasian (European)/women/id00495,FakeAVCeleb_v1.2/FakeVideo-RealAudio/Caucasian (European)/women/id00495/00027_id00403_wavtolip.mp4,../data/raw/FakeAVCeleb_v1.2/FakeVideo-RealAudio/Caucasian (European)/women/id00495/00027_id00403_wavtolip.mp4,1033_FakeVideo-RealAudio,5,True,../data/processed/frames,../data/processed/audio/1033_FakeVideo-RealAudio.wav
id00264,id01201,-,fsgan,C,FakeVideo-RealAudio,Caucasian (American),men,00257_id01201_Q8XWfmNiWYA.mp4,FakeAVCeleb/FakeVideo-RealAudio/Caucasian (American)/men/id00264,FakeAVCeleb_v1.2/FakeVideo-RealAudio/Caucasian (American)/men/id00264/00257_id01201_Q8XWfmNiWYA.mp4,../data/raw/FakeAVCeleb_v1.2/FakeVideo-RealAudio/Caucasian (American)/men/id00264/00257_id01201_Q8XWfmNiWYA.mp4,1034_FakeVideo-RealAudio,4,True,../data/processed/frames,../data/processed/audio/1034_FakeVideo-RealAudio.wav
id04564,id06268,-,wav2lip,C,FakeVideo-RealAudio,Asian (South),women,00417_id06268_wavtolip.mp4,FakeAVCeleb/FakeVideo-RealAudio/Asian (South)/women/id04564,FakeAVCeleb_v1.2/FakeVideo-RealAudio/Asian (South)/women/id04564/00417_id06268_wavtolip.mp4,../data/raw/FakeAVCeleb_v1.2/FakeVideo-RealAudio/Asian (South)/women/id04564/00417_id06268_wavtolip.mp4,1036_FakeVideo-RealAudio,4,True,../data/processed/frames,../data/processed/audio/1036_FakeVideo-RealAudio.wav
id07165,id00082,-,wav2lip,C,FakeVideo-RealAudio,Asian (South),men,00368_id00082_wavtolip.mp4,FakeAVCeleb/FakeVideo-RealAudio/Asian (South)/men/id07165,FakeAVCeleb_v1.2/FakeVideo-RealAudio/Asian (South)/men/id07165/00368_id00082_wavtolip.mp4,../data/raw/FakeAVCeleb_v1.2/FakeVideo-RealAudio/Asian (South)/men/id07165/00368_id00082_wavtolip.mp4,1037_FakeVideo-RealAudio,5,True,../data/processed/frames,../data/processed/audio/1037_FakeVideo-RealAudio.wav
id01001,id01018,-,wav2lip,C,FakeVideo-RealAudio,Caucasian (European),women,00086_id01018_wavtolip.mp4,FakeAVCeleb/FakeVideo-RealAudio/Caucasian (European)/women/id01001,FakeAVCeleb_v1.2/FakeVideo-RealAudio/Caucasian (European)/women/id01001/00086_id01018_wavtolip.mp4,../data/raw/FakeAVCeleb_v1.2/FakeVideo-RealAudio/Caucasian (European)/women/id01001/00086_id01018_wavtolip.mp4,1038_FakeVideo-RealAudio,5,True,../data/processed/frames,../data/processed/audio/1038_FakeVideo-RealAudio.wav
id01225,id00180,-,wav2lip,C,FakeVideo-RealAudio,Caucasian (American),women,00300_id00180_wavtolip.mp4,FakeAVCeleb/FakeVideo-RealAudio/Caucasian (American)/women/id01225,FakeAVCeleb_v1.2/FakeVideo-RealAudio/Caucasian (American)/women/id01225/00300_id00180_wavtolip.mp4,../data/raw/FakeAVCeleb_v1.2/FakeVideo-RealAudio/Caucasian (American)/women/id01225/00300_id00180_wavtolip.mp4,1039_FakeVideo-RealAudio,3,True,../data/processed/frames,../data/processed/audio/1039_FakeVideo-RealAudio.wav
id03815,id06438,-,wav2lip,C,FakeVideo-RealAudio,Asian (South),women,00118_id06438_wavtolip.mp4,FakeAVCeleb/FakeVideo-RealAudio/Asian (South)/women/id03815,FakeAVCeleb_v1.2/FakeVideo-RealAudio/Asian (South)/women/id03815/00118_id06438_wavtolip.mp4,../data/raw/FakeAVCeleb_v1.2/FakeVideo-RealAudio/Asian (South)/women/id03815/00118_id06438_wavtolip.mp4,1040_FakeVideo-RealAudio,4,True,../data/processed/frames,../data/processed/audio/1040_FakeVideo-RealAudio.wav
id05434,0.mp4,-,faceswap,C,FakeVideo-RealAudio,Asian (South),women,00052_0.mp4,FakeAVCeleb/FakeVideo-RealAudio/Asian (South)/women/id05434,FakeAVCeleb_v1.2/FakeVideo-RealAudio/Asian (South)/women/id05434/00052_0.mp4,../data/raw/FakeAVCeleb_v1.2/FakeVideo-RealAudio/Asian (South)/women/id05434/00052_0.mp4,1041_FakeVideo-RealAudio,5,True,../data/processed/frames,../data/processed/audio/1041_FakeVideo-RealAudio.wav
id00777,id01239,-,fsgan,C,FakeVideo-RealAudio,Caucasian (American),men,00160_id01239_gJvquKo7kbA.mp4,FakeAVCeleb/FakeVideo-RealAudio/Caucasian (American)/men/id00777,FakeAVCeleb_v1.2/FakeVideo-RealAudio/Caucasian (American)/men/id00777/00160_id01239_gJvquKo7kbA.mp4,../data/raw/FakeAVCeleb_v1.2/FakeVideo-RealAudio/Caucasian (American)/men/id00777/00160_id01239_gJvquKo7kbA.mp4,1042_FakeVideo-RealAudio,4,True,../data/processed/frames,../data/processed/audio/1042_FakeVideo-RealAudio.wav
id07165,id00745,-,fsgan,C,FakeVideo-RealAudio,Asian (South),men,00368_id00745_eODND1ul7vE.mp4,FakeAVCeleb/FakeVideo-RealAudio/Asian (South)/men/id07165,FakeAVCeleb_v1.2/FakeVideo-RealAudio/Asian (South)/men/id07165/00368_id00745_eODND1ul7vE.mp4,../data/raw/FakeAVCeleb_v1.2/FakeVideo-RealAudio/Asian (South)/men/id07165/00368_id00745_eODND1ul7vE.mp4,1043_FakeVideo-RealAudio,5,True,../data/processed/frames,../data/processed/audio/1043_FakeVideo-RealAudio.wav
id00971,id01210,-,wav2lip,C,FakeVideo-RealAudio,Caucasian (American),men,00253_id01210_wavtolip.mp4,FakeAVCeleb/FakeVideo-RealAudio/Caucasian (American)/men/id00971,FakeAVCeleb_v1.2/FakeVideo-RealAudio/Caucasian (American)/men/id00971/00253_id01210_wavtolip.mp4,../data/raw/FakeAVCeleb_v1.2/FakeVideo-RealAudio/Caucasian (American)/men/id00971/00253_id01210_wavtolip.mp4,1044_FakeVideo-RealAudio,5,True,../data/processed/frames,../data/processed/audio/1044_FakeVideo-RealAudio.wav
id00391,id01597,-,wav2lip,C,FakeVideo-RealAudio,African,men,00052_id01597_wavtolip.mp4,FakeAVCeleb/FakeVideo-RealAudio/African/men/id00391,FakeAVCeleb_v1.2/FakeVideo-RealAudio/African/men/id00391/00052_id01597_wavtolip.mp4,../data/raw/FakeAVCeleb_v1.2/FakeVideo-RealAudio/African/men/id00391/00052_id01597_wavtolip.mp4,1045_FakeVideo-RealAudio,5,True,../data/processed/frames,../data/processed/audio/1045_FakeVideo-RealAudio.wav
id00232,id00332,-,wav2lip,C,FakeVideo-RealAudio,Caucasian (European),women,00025_id00332_wavtolip.mp4,FakeAVCeleb/FakeVideo-RealAudio/Caucasian (European)/women/id00232,FakeAVCeleb_v1.2/FakeVideo-RealAudio/Caucasian (European)/women/id00232/00025_id00332_wavtolip.mp4,../data/raw/FakeAVCeleb_v1.2/FakeVideo-RealAudio/Caucasian (European)/women/id00232/00025_id00332_wavtolip.mp4,1046_FakeVideo-RealAudio,5,True,../data/processed/frames,../data/processed/audio/1046_FakeVideo-RealAudio.wav
id05435,id04530,-,fsgan,C,FakeVideo-RealAudio,Asian (South),women,00107_id04530_W5-PTTL9HzU.mp4,FakeAVCeleb/FakeVideo-RealAudio/Asian (South)/women/id05435,FakeAVCeleb_v1.2/FakeVideo-RealAudio/Asian (South)/women/id05435/00107_id04530_W5-PTTL9HzU.mp4,../data/raw/FakeAVCeleb_v1.2/FakeVideo-RealAudio/Asian (South)/women/id05435/00107_id04530_W5-PTTL9HzU.mp4,1047_FakeVideo-RealAudio,5,True,../data/processed/frames,../data/processed/audio/1047_FakeVideo-RealAudio.wav
id01002,id00042,-,wav2lip,C,FakeVideo-RealAudio,Caucasian (European),women,00043_id00042_wavtolip.mp4,FakeAVCeleb/FakeVideo-RealAudio/Caucasian (European)/women/id01002,FakeAVCeleb_v1.2/FakeVideo-RealAudio/Caucasian (European)/women/id01002/00043_id00042_wavtolip.mp4,../data/raw/FakeAVCeleb_v1.2/FakeVideo-RealAudio/Caucasian (European)/women/id01002/00043_id00042_wavtolip.mp4,1048_FakeVideo-RealAudio,5,True,../data/processed/frames,../data/processed/audio/1048_FakeVideo-RealAudio.wav
id03747,0.mp4,-,faceswap,C,FakeVideo-RealAudio,African,women,00273_0.mp4,FakeAVCeleb/FakeVideo-RealAudio/African/women/id03747,FakeAVCeleb_v1.2/FakeVideo-RealAudio/African/women/id03747/00273_0.mp4,../data/raw/FakeAVCeleb_v1.2/FakeVideo-RealAudio/African/women/id03747/00273_0.mp4,1049_FakeVideo-RealAudio,5,True,../data/processed/frames,../data/processed/audio/1049_FakeVideo-RealAudio.wav
id04216,id01210,-,wav2lip,C,FakeVideo-RealAudio,Caucasian (American),men,00470_id01210_wavtolip.mp4,FakeAVCeleb/FakeVideo-RealAudio/Caucasian (American)/men/id04216,FakeAVCeleb_v1.2/FakeVideo-RealAudio/Caucasian (American)/men/id04216/00470_id01210_wavtolip.mp4,../data/raw/FakeAVCeleb_v1.2/FakeVideo-RealAudio/Caucasian (American)/men/id04216/00470_id01210_wavtolip.mp4,1050_FakeVideo-RealAudio,5,True,../data/processed/frames,../data/processed/audio/1050_FakeVideo-RealAudio.wav
id00616,0.mp4,-,faceswap,C,FakeVideo-RealAudio,Caucasian (American),women,00305_0.mp4,FakeAVCeleb/FakeVideo-RealAudio/Caucasian (American)/women/id00616,FakeAVCeleb_v1.2/FakeVideo-RealAudio/Caucasian (American)/women/id00616/00305_0.mp4,../data/raw/FakeAVCeleb_v1.2/FakeVideo-RealAudio/Caucasian (American)/women/id00616/00305_0.mp4,1051_FakeVideo-RealAudio,5,True,../data/processed/frames,../data/processed/audio/1051_FakeVideo-RealAudio.wav
id04564,id07051,-,fsgan,C,FakeVideo-RealAudio,Asian (South),women,00417_id07051_d1c0Pl2aP_4.mp4,FakeAVCeleb/FakeVideo-RealAudio/Asian (South)/women/id04564,FakeAVCeleb_v1.2/FakeVideo-RealAudio/Asian (South)/women/id04564/00417_id07051_d1c0Pl2aP_4.mp4,../data/raw/FakeAVCeleb_v1.2/FakeVideo-RealAudio/Asian (South)/women/id04564/00417_id07051_d1c0Pl2aP_4.mp4,1052_FakeVideo-RealAudio,5,True,../data/processed/frames,../data/processed/audio/1052_FakeVideo-RealAudio.wav
id00414,id00857,-,wav2lip,C,FakeVideo-RealAudio,Asian (South),men,00052_id00857_wavtolip.mp4,FakeAVCeleb/FakeVideo-RealAudio/Asian (South)/men/id00414,FakeAVCeleb_v1.2/FakeVideo-RealAudio/Asian (South)/men/id00414/00052_id00857_wavtolip.mp4,../data/raw/FakeAVCeleb_v1.2/FakeVideo-RealAudio/Asian (South)/men/id00414/00052_id00857_wavtolip.mp4,1053_FakeVideo-RealAudio,5,True,../data/processed/frames,../data/processed/audio/1053_FakeVideo-RealAudio.wav
id05383,-,-,faceswap,C,FakeVideo-RealAudio,Asian (East),men,00015.mp4,FakeAVCeleb/FakeVideo-RealAudio/Asian (East)/men/id05383,FakeAVCeleb_v1.2/FakeVideo-RealAudio/Asian (East)/men/id05383/00015.mp4,../data/raw/FakeAVCeleb_v1.2/FakeVideo-RealAudio/Asian (East)/men/id05383/00015.mp4,1054_FakeVideo-RealAudio,5,True,../data/processed/frames,../data/processed/audio/1054_FakeVideo-RealAudio.wav
id01236,id01610,iaDJJA,faceswap,C,FakeVideo-RealAudio,African,men,00005_id01610_l8zb_iaDJJA_faceswap.mp4,FakeAVCeleb/FakeVideo-RealAudio/African/men/id01236,FakeAVCeleb_v1.2/FakeVideo-RealAudio/African/men/id01236/00005_id01610_l8zb_iaDJJA_faceswap.mp4,../data/raw/FakeAVCeleb_v1.2/FakeVideo-RealAudio/African/men/id01236/00005_id01610_l8zb_iaDJJA_faceswap.mp4,1055_FakeVideo-RealAudio,5,True,../data/processed/frames,../data/processed/audio/1055_FakeVideo-RealAudio.wav
id00325,id01002,-,fsgan,C,FakeVideo-RealAudio,Caucasian (European),women,00015_id01002_eQTviHjyISo.mp4,FakeAVCeleb/FakeVideo-RealAudio/Caucasian (European)/women/id00325,FakeAVCeleb_v1.2/FakeVideo-RealAudio/Caucasian (European)/women/id00325/00015_id01002_eQTviHjyISo.mp4,../data/raw/FakeAVCeleb_v1.2/FakeVideo-RealAudio/Caucasian (European)/women/id00325/00015_id01002_eQTviHjyISo.mp4,1056_FakeVideo-RealAudio,4,True,../data/processed/frames,../data/processed/audio/1056_FakeVideo-RealAudio.wav
id04691,id00560,-,wav2lip,C,FakeVideo-RealAudio,Asian (East),men,1_id00560_wavtolip.mp4,FakeAVCeleb/FakeVideo-RealAudio/Asian (East)/men/id04691,FakeAVCeleb_v1.2/FakeVideo-RealAudio/Asian (East)/men/id04691/1_id00560_wavtolip.mp4,../data/raw/FakeAVCeleb_v1.2/FakeVideo-RealAudio/Asian (East)/men/id04691/1_id00560_wavtolip.mp4,1057_FakeVideo-RealAudio,4,True,../data/processed/frames,../data/processed/audio/1057_FakeVideo-RealAudio.wav
id01661,-,-,faceswap,C,FakeVideo-RealAudio,African,women,00059.mp4,FakeAVCeleb/FakeVideo-RealAudio/African/women/id01661,FakeAVCeleb_v1.2/FakeVideo-RealAudio/African/women/id01661/00059.mp4,../data/raw/FakeAVCeleb_v1.2/FakeVideo-RealAudio/African/women/id01661/00059.mp4,1058_FakeVideo-RealAudio,4,True,../data/processed/frames,../data/processed/audio/1058_FakeVideo-RealAudio.wav
id00568,id02301,-,fsgan,C,FakeVideo-RealAudio,African,women,00384_id02301_WdVa7Mp3brI.mp4,FakeAVCeleb/FakeVideo-RealAudio/African/women/id00568,FakeAVCeleb_v1.2/FakeVideo-RealAudio/African/women/id00568/00384_id02301_WdVa7Mp3brI.mp4,../data/raw/FakeAVCeleb_v1.2/FakeVideo-RealAudio/African/women/id00568/00384_id02301_WdVa7Mp3brI.mp4,1059_FakeVideo-RealAudio,5,True,../data/processed/frames,../data/processed/audio/1059_FakeVideo-RealAudio.wav
id00496,id00287,-,fsgan,C,FakeVideo-RealAudio,Caucasian (European),women,00015_id00287_2NpfYjyMsPM.mp4,FakeAVCeleb/FakeVideo-RealAudio/Caucasian (European)/women/id00496,FakeAVCeleb_v1.2/FakeVideo-RealAudio/Caucasian (European)/women/id00496/00015_id00287_2NpfYjyMsPM.mp4,../data/raw/FakeAVCeleb_v1.2/FakeVideo-RealAudio/Caucasian (European)/women/id00496/00015_id00287_2NpfYjyMsPM.mp4,1060_FakeVideo-RealAudio,5,True,../data/processed/frames,../data/processed/audio/1060_FakeVideo-RealAudio.wav
id01281,id00363,-,fsgan,C,FakeVideo-RealAudio,Asian (East),women,00040_id00363_XNRwEZtddRk.mp4,FakeAVCeleb/FakeVideo-RealAudio/Asian (East)/women/id01281,FakeAVCeleb_v1.2/FakeVideo-RealAudio/Asian (East)/women/id01281/00040_id00363_XNRwEZtddRk.mp4,../data/raw/FakeAVCeleb_v1.2/FakeVideo-RealAudio/Asian (East)/women/id01281/00040_id00363_XNRwEZtddRk.mp4,1061_FakeVideo-RealAudio,2,True,../data/processed/frames,../data/processed/audio/1061_FakeVideo-RealAudio.wav
id05931,id04927,-,fsgan,C,FakeVideo-RealAudio,Asian (South),women,00013_id04927_8MD618FRyfA.mp4,FakeAVCeleb/FakeVideo-RealAudio/Asian (South)/women/id05931,FakeAVCeleb_v1.2/FakeVideo-RealAudio/Asian (South)/women/id05931/00013_id04927_8MD618FRyfA.mp4,../data/raw/FakeAVCeleb_v1.2/FakeVideo-RealAudio/Asian (South)/women/id05931/00013_id04927_8MD618FRyfA.mp4,1062_FakeVideo-RealAudio,5,True,../data/processed/frames,../data/processed/audio/1062_FakeVideo-RealAudio.wav
id00082,id04601,-,wav2lip,C,FakeVideo-RealAudio,Asian (South),men,00052_id04601_wavtolip.mp4,FakeAVCeleb/FakeVideo-RealAudio/Asian (South)/men/id00082,FakeAVCeleb_v1.2/FakeVideo-RealAudio/Asian (South)/men/id00082/00052_id04601_wavtolip.mp4,../data/raw/FakeAVCeleb_v1.2/FakeVideo-RealAudio/Asian (South)/men/id00082/00052_id04601_wavtolip.mp4,1063_FakeVideo-RealAudio,5,True,../data/processed/frames,../data/processed/audio/1063_FakeVideo-RealAudio.wav
id00476,id01995,-,fsgan,C,FakeVideo-RealAudio,African,men,00109_id01995_YUR9wTypwIo.mp4,FakeAVCeleb/FakeVideo-RealAudio/African/men/id00476,FakeAVCeleb_v1.2/FakeVideo-RealAudio/African/men/id00476/00109_id01995_YUR9wTypwIo.mp4,../data/raw/FakeAVCeleb_v1.2/FakeVideo-RealAudio/African/men/id00476/00109_id01995_YUR9wTypwIo.mp4,1064_FakeVideo-RealAudio,5,True,../data/processed/frames,../data/processed/audio/1064_FakeVideo-RealAudio.wav
id05268,id01204,-,wav2lip,C,FakeVideo-RealAudio,Asian (East),men,00010_id01204_wavtolip.mp4,FakeAVCeleb/FakeVideo-RealAudio/Asian (East)/men/id05268,FakeAVCeleb_v1.2/FakeVideo-RealAudio/Asian (East)/men/id05268/00010_id01204_wavtolip.mp4,../data/raw/FakeAVCeleb_v1.2/FakeVideo-RealAudio/Asian (East)/men/id05268/00010_id01204_wavtolip.mp4,1065_FakeVideo-RealAudio,5,True,../data/processed/frames,../data/processed/audio/1065_FakeVideo-RealAudio.wav
id02587,id07739,-,wav2lip,C,FakeVideo-RealAudio,Asian (East),women,00020_id07739_wavtolip.mp4,FakeAVCeleb/FakeVideo-RealAudio/Asian (East)/women/id02587,FakeAVCeleb_v1.2/FakeVideo-RealAudio/Asian (East)/women/id02587/00020_id07739_wavtolip.mp4,../data/raw/FakeAVCeleb_v1.2/FakeVideo-RealAudio/Asian (East)/women/id02587/00020_id07739_wavtolip.mp4,1066_FakeVideo-RealAudio,4,True,../data/processed/frames,../data/processed/audio/1066_FakeVideo-RealAudio.wav
id01004,id00025,-,fsgan,C,FakeVideo-RealAudio,Caucasian (American),women,00028_id00025_PjSeVtbvSjA.mp4,FakeAVCeleb/FakeVideo-RealAudio/Caucasian (American)/women/id01004,FakeAVCeleb_v1.2/FakeVideo-RealAudio/Caucasian (American)/women/id01004/00028_id00025_PjSeVtbvSjA.mp4,../data/raw/FakeAVCeleb_v1.2/FakeVideo-RealAudio/Caucasian (American)/women/id01004/00028_id00025_PjSeVtbvSjA.mp4,1067_FakeVideo-RealAudio,5,True,../data/processed/frames,../data/processed/audio/1067_FakeVideo-RealAudio.wav
id07039,id06061,-,wav2lip,C,FakeVideo-RealAudio,Asian (East),women,00105_id06061_wavtolip.mp4,FakeAVCeleb/FakeVideo-RealAudio/Asian (East)/women/id07039,FakeAVCeleb_v1.2/FakeVideo-RealAudio/Asian (East)/women/id07039/00105_id06061_wavtolip.mp4,../data/raw/FakeAVCeleb_v1.2/FakeVideo-RealAudio/Asian (East)/women/id07039/00105_id06061_wavtolip.mp4,1068_FakeVideo-RealAudio,5,True,../data/processed/frames,../data/processed/audio/1068_FakeVideo-RealAudio.wav
id09116,id07039,-,fsgan,C,FakeVideo-RealAudio,Asian (East),women,00026_id07039_fZEATu9fyTk.mp4,FakeAVCeleb/FakeVideo-RealAudio/Asian (East)/women/id09116,FakeAVCeleb_v1.2/FakeVideo-RealAudio/Asian (East)/women/id09116/00026_id07039_fZEATu9fyTk.mp4,../data/raw/FakeAVCeleb_v1.2/FakeVideo-RealAudio/Asian (East)/women/id09116/00026_id07039_fZEATu9fyTk.mp4,1069_FakeVideo-RealAudio,5,True,../data/processed/frames,../data/processed/audio/1069_FakeVideo-RealAudio.wav
id04530,id03897,-,wav2lip,C,FakeVideo-RealAudio,Asian (South),women,00231_id03897_wavtolip.mp4,FakeAVCeleb/FakeVideo-RealAudio/Asian (South)/women/id04530,FakeAVCeleb_v1.2/FakeVideo-RealAudio/Asian (South)/women/id04530/00231_id03897_wavtolip.mp4,../data/raw/FakeAVCeleb_v1.2/FakeVideo-RealAudio/Asian (South)/women/id04530/00231_id03897_wavtolip.mp4,1070_FakeVideo-RealAudio,5,True,../data/processed/frames,../data/processed/audio/1070_FakeVideo-RealAudio.wav
id00747,id07236,-,fsgan,C,FakeVideo-RealAudio,Asian (South),women,00053_id07236_Fe0sdHw3sc4.mp4,FakeAVCeleb/FakeVideo-RealAudio/Asian (South)/women/id00747,FakeAVCeleb_v1.2/FakeVideo-RealAudio/Asian (South)/women/id00747/00053_id07236_Fe0sdHw3sc4.mp4,../data/raw/FakeAVCeleb_v1.2/FakeVideo-RealAudio/Asian (South)/women/id00747/00053_id07236_Fe0sdHw3sc4.mp4,1071_FakeVideo-RealAudio,5,True,../data/processed/frames,../data/processed/audio/1071_FakeVideo-RealAudio.wav
id01225,id00458,-,wav2lip,C,FakeVideo-RealAudio,Caucasian (American),women,00300_id00458_wavtolip.mp4,FakeAVCeleb/FakeVideo-RealAudio/Caucasian (American)/women/id01225,FakeAVCeleb_v1.2/FakeVideo-RealAudio/Caucasian (American)/women/id01225/00300_id00458_wavtolip.mp4,../data/raw/FakeAVCeleb_v1.2/FakeVideo-RealAudio/Caucasian (American)/women/id01225/00300_id00458_wavtolip.mp4,1072_FakeVideo-RealAudio,4,True,../data/processed/frames,../data/processed/audio/1072_FakeVideo-RealAudio.wav
id01211,id00088,-,fsgan,C,FakeVideo-RealAudio,Caucasian (American),men,00023_id00088_6WIDWxr8vuU.mp4,FakeAVCeleb/FakeVideo-RealAudio/Caucasian (American)/men/id01211,FakeAVCeleb_v1.2/FakeVideo-RealAudio/Caucasian (American)/men/id01211/00023_id00088_6WIDWxr8vuU.mp4,../data/raw/FakeAVCeleb_v1.2/FakeVideo-RealAudio/Caucasian (American)/men/id01211/00023_id00088_6WIDWxr8vuU.mp4,1073_FakeVideo-RealAudio,5,True,../data/processed/frames,../data/processed/audio/1073_FakeVideo-RealAudio.wav
id00225,id00171,-,fsgan,C,FakeVideo-RealAudio,Caucasian (European),men,00078_id00171_PWU6n0qrv4c.mp4,FakeAVCeleb/FakeVideo-RealAudio/Caucasian (European)/men/id00225,FakeAVCeleb_v1.2/FakeVideo-RealAudio/Caucasian (European)/men/id00225/00078_id00171_PWU6n0qrv4c.mp4,../data/raw/FakeAVCeleb_v1.2/FakeVideo-RealAudio/Caucasian (European)/men/id00225/00078_id00171_PWU6n0qrv4c.mp4,1074_FakeVideo-RealAudio,5,True,../data/processed/frames,../data/processed/audio/1074_FakeVideo-RealAudio.wav
id06066,id07739,-,wav2lip,C,FakeVideo-RealAudio,Asian (East),women,00028_id07739_wavtolip.mp4,FakeAVCeleb/FakeVideo-RealAudio/Asian (East)/women/id06066,FakeAVCeleb_v1.2/FakeVideo-RealAudio/Asian (East)/women/id06066/00028_id07739_wavtolip.mp4,../data/raw/FakeAVCeleb_v1.2/FakeVideo-RealAudio/Asian (East)/women/id06066/00028_id07739_wavtolip.mp4,1075_FakeVideo-RealAudio,5,True,../data/processed/frames,../data/processed/audio/1075_FakeVideo-RealAudio.wav
id00835,id01227,-,wav2lip,C,FakeVideo-RealAudio,Caucasian (American),women,00195_id01227_wavtolip.mp4,FakeAVCeleb/FakeVideo-RealAudio/Caucasian (American)/women/id00835,FakeAVCeleb_v1.2/FakeVideo-RealAudio/Caucasian (American)/women/id00835/00195_id01227_wavtolip.mp4,../data/raw/FakeAVCeleb_v1.2/FakeVideo-RealAudio/Caucasian (American)/women/id00835/00195_id01227_wavtolip.mp4,1076_FakeVideo-RealAudio,5,True,../data/processed/frames,../data/processed/audio/1076_FakeVideo-RealAudio.wav
id04583,id00149,-,wav2lip,C,FakeVideo-RealAudio,Asian (South),women,00077_id00149_wavtolip.mp4,FakeAVCeleb/FakeVideo-RealAudio/Asian (South)/women/id04583,FakeAVCeleb_v1.2/FakeVideo-RealAudio/Asian (South)/women/id04583/00077_id00149_wavtolip.mp4,../data/raw/FakeAVCeleb_v1.2/FakeVideo-RealAudio/Asian (South)/women/id04583/00077_id00149_wavtolip.mp4,1077_FakeVideo-RealAudio,5,True,../data/processed/frames,../data/processed/audio/1077_FakeVideo-RealAudio.wav
id06268,id06437,-,fsgan,C,FakeVideo-RealAudio,Asian (South),women,00159_id06437_3BZvvzBhj8s.mp4,FakeAVCeleb/FakeVideo-RealAudio/Asian (South)/women/id06268,FakeAVCeleb_v1.2/FakeVideo-RealAudio/Asian (South)/women/id06268/00159_id06437_3BZvvzBhj8s.mp4,../data/raw/FakeAVCeleb_v1.2/FakeVideo-RealAudio/Asian (South)/women/id06268/00159_id06437_3BZvvzBhj8s.mp4,1078_FakeVideo-RealAudio,5,True,../data/processed/frames,../data/processed/audio/1078_FakeVideo-RealAudio.wav
id09116,id08402,-,wav2lip,C,FakeVideo-RealAudio,Asian (East),women,00026_id08402_wavtolip.mp4,FakeAVCeleb/FakeVideo-RealAudio/Asian (East)/women/id09116,FakeAVCeleb_v1.2/FakeVideo-RealAudio/Asian (East)/women/id09116/00026_id08402_wavtolip.mp4,../data/raw/FakeAVCeleb_v1.2/FakeVideo-RealAudio/Asian (East)/women/id09116/00026_id08402_wavtolip.mp4,1079_FakeVideo-RealAudio,5,True,../data/processed/frames,../data/processed/audio/1079_FakeVideo-RealAudio.wav
id00020,id00018,-,wav2lip,C,FakeVideo-RealAudio,Caucasian (American),men,00206_id00018_wavtolip.mp4,FakeAVCeleb/FakeVideo-RealAudio/Caucasian (American)/men/id00020,FakeAVCeleb_v1.2/FakeVideo-RealAudio/Caucasian (American)/men/id00020/00206_id00018_wavtolip.mp4,../data/raw/FakeAVCeleb_v1.2/FakeVideo-RealAudio/Caucasian (American)/men/id00020/00206_id00018_wavtolip.mp4,1080_FakeVideo-RealAudio,5,True,../data/processed/frames,../data/processed/audio/1080_FakeVideo-RealAudio.wav
id07049,id02089,-,wav2lip,C,FakeVideo-RealAudio,Asian (South),women,00043_id02089_wavtolip.mp4,FakeAVCeleb/FakeVideo-RealAudio/Asian (South)/women/id07049,FakeAVCeleb_v1.2/FakeVideo-RealAudio/Asian (South)/women/id07049/00043_id02089_wavtolip.mp4,../data/raw/FakeAVCeleb_v1.2/FakeVideo-RealAudio/Asian (South)/women/id07049/00043_id02089_wavtolip.mp4,1081_FakeVideo-RealAudio,5,True,../data/processed/frames,../data/processed/audio/1081_FakeVideo-RealAudio.wav
id00597,id05332,-,wav2lip,C,FakeVideo-RealAudio,Asian (East),men,00019_id05332_wavtolip.mp4,FakeAVCeleb/FakeVideo-RealAudio/Asian (East)/men/id00597,FakeAVCeleb_v1.2/FakeVideo-RealAudio/Asian (East)/men/id00597/00019_id05332_wavtolip.mp4,../data/raw/FakeAVCeleb_v1.2/FakeVideo-RealAudio/Asian (East)/men/id00597/00019_id05332_wavtolip.mp4,1082_FakeVideo-RealAudio,5,True,../data/processed/frames,../data/processed/audio/1082_FakeVideo-RealAudio.wav
id09053,id03889,-,wav2lip,C,FakeVideo-RealAudio,Asian (East),men,00005_id03889_wavtolip.mp4,FakeAVCeleb/FakeVideo-RealAudio/Asian (East)/men/id09053,FakeAVCeleb_v1.2/FakeVideo-RealAudio/Asian (East)/men/id09053/00005_id03889_wavtolip.mp4,../data/raw/FakeAVCeleb_v1.2/FakeVideo-RealAudio/Asian (East)/men/id09053/00005_id03889_wavtolip.mp4,1083_FakeVideo-RealAudio,3,True,../data/processed/frames,../data/processed/audio/1083_FakeVideo-RealAudio.wav
id05252,id04374,-,wav2lip,C,FakeVideo-RealAudio,African,women,00052_id04374_wavtolip.mp4,FakeAVCeleb/FakeVideo-RealAudio/African/women/id05252,FakeAVCeleb_v1.2/FakeVideo-RealAudio/African/women/id05252/00052_id04374_wavtolip.mp4,../data/raw/FakeAVCeleb_v1.2/FakeVideo-RealAudio/African/women/id05252/00052_id04374_wavtolip.mp4,1084_FakeVideo-RealAudio,5,True,../data/processed/frames,../data/processed/audio/1084_FakeVideo-RealAudio.wav
id05251,id01178,-,fsgan,C,FakeVideo-RealAudio,African,women,00033_id01178_6XpgYMiKxhc.mp4,FakeAVCeleb/FakeVideo-RealAudio/African/women/id05251,FakeAVCeleb_v1.2/FakeVideo-RealAudio/African/women/id05251/00033_id01178_6XpgYMiKxhc.mp4,../data/raw/FakeAVCeleb_v1.2/FakeVideo-RealAudio/African/women/id05251/00033_id01178_6XpgYMiKxhc.mp4,1085_FakeVideo-RealAudio,5,True,../data/processed/frames,../data/processed/audio/1085_FakeVideo-RealAudio.wav
id06535,id06591,-,wav2lip,C,FakeVideo-RealAudio,Asian (East),men,00183_id06591_wavtolip.mp4,FakeAVCeleb/FakeVideo-RealAudio/Asian (East)/men/id06535,FakeAVCeleb_v1.2/FakeVideo-RealAudio/Asian (East)/men/id06535/00183_id06591_wavtolip.mp4,../data/raw/FakeAVCeleb_v1.2/FakeVideo-RealAudio/Asian (East)/men/id06535/00183_id06591_wavtolip.mp4,1086_FakeVideo-RealAudio,3,True,../data/processed/frames,../data/processed/audio/1086_FakeVideo-RealAudio.wav
id00358,id00063,-,faceswap,C,FakeVideo-RealAudio,Caucasian (European),men,00217_id00063_cVZBXC2rjPM_faceswap.mp4,FakeAVCeleb/FakeVideo-RealAudio/Caucasian (European)/men/id00358,FakeAVCeleb_v1.2/FakeVideo-RealAudio/Caucasian (European)/men/id00358/00217_id00063_cVZBXC2rjPM_faceswap.mp4,../data/raw/FakeAVCeleb_v1.2/FakeVideo-RealAudio/Caucasian (European)/men/id00358/00217_id00063_cVZBXC2rjPM_faceswap.mp4,1087_FakeVideo-RealAudio,5,True,../data/processed/frames,../data/processed/audio/1087_FakeVideo-RealAudio.wav
id07161,id07210,-,wav2lip,C,FakeVideo-RealAudio,Asian (South),men,00159_id07210_wavtolip.mp4,FakeAVCeleb/FakeVideo-RealAudio/Asian (South)/men/id07161,FakeAVCeleb_v1.2/FakeVideo-RealAudio/Asian (South)/men/id07161/00159_id07210_wavtolip.mp4,../data/raw/FakeAVCeleb_v1.2/FakeVideo-RealAudio/Asian (South)/men/id07161/00159_id07210_wavtolip.mp4,1088_FakeVideo-RealAudio,5,True,../data/processed/frames,../data/processed/audio/1088_FakeVideo-RealAudio.wav
id01048,id01042,-,fsgan,C,FakeVideo-RealAudio,Caucasian (American),men,00160_id01042_afqWPqWwJIY.mp4,FakeAVCeleb/FakeVideo-RealAudio/Caucasian (American)/men/id01048,FakeAVCeleb_v1.2/FakeVideo-RealAudio/Caucasian (American)/men/id01048/00160_id01042_afqWPqWwJIY.mp4,../data/raw/FakeAVCeleb_v1.2/FakeVideo-RealAudio/Caucasian (American)/men/id01048/00160_id01042_afqWPqWwJIY.mp4,1089_FakeVideo-RealAudio,5,True,../data/processed/frames,../data/processed/audio/1089_FakeVideo-RealAudio.wav
id06334,id04601,-,wav2lip,C,FakeVideo-RealAudio,Asian (South),men,00015_id04601_wavtolip.mp4,FakeAVCeleb/FakeVideo-RealAudio/Asian (South)/men/id06334,FakeAVCeleb_v1.2/FakeVideo-RealAudio/Asian (South)/men/id06334/00015_id04601_wavtolip.mp4,../data/raw/FakeAVCeleb_v1.2/FakeVideo-RealAudio/Asian (South)/men/id06334/00015_id04601_wavtolip.mp4,1090_FakeVideo-RealAudio,5,True,../data/processed/frames,../data/processed/audio/1090_FakeVideo-RealAudio.wav
id00987,id00761,-,wav2lip,C,FakeVideo-RealAudio,African,men,00160_id00761_wavtolip.mp4,FakeAVCeleb/FakeVideo-RealAudio/African/men/id00987,FakeAVCeleb_v1.2/FakeVideo-RealAudio/African/men/id00987/00160_id00761_wavtolip.mp4,../data/raw/FakeAVCeleb_v1.2/FakeVideo-RealAudio/African/men/id00987/00160_id00761_wavtolip.mp4,1091_FakeVideo-RealAudio,5,True,../data/processed/frames,../data/processed/audio/1091_FakeVideo-RealAudio.wav
id06254,id07136,-,fsgan,C,FakeVideo-RealAudio,Asian (South),women,00043_id07136_4e43eS5p3_M.mp4,FakeAVCeleb/FakeVideo-RealAudio/Asian (South)/women/id06254,FakeAVCeleb_v1.2/FakeVideo-RealAudio/Asian (South)/women/id06254/00043_id07136_4e43eS5p3_M.mp4,../data/raw/FakeAVCeleb_v1.2/FakeVideo-RealAudio/Asian (South)/women/id06254/00043_id07136_4e43eS5p3_M.mp4,1092_FakeVideo-RealAudio,5,True,../data/processed/frames,../data/processed/audio/1092_FakeVideo-RealAudio.wav
id00088,id01182,-,fsgan,C,FakeVideo-RealAudio,Caucasian (American),men,00005_id01182_zca-PHR_U40.mp4,FakeAVCeleb/FakeVideo-RealAudio/Caucasian (American)/men/id00088,FakeAVCeleb_v1.2/FakeVideo-RealAudio/Caucasian (American)/men/id00088/00005_id01182_zca-PHR_U40.mp4,../data/raw/FakeAVCeleb_v1.2/FakeVideo-RealAudio/Caucasian (American)/men/id00088/00005_id01182_zca-PHR_U40.mp4,1093_FakeVideo-RealAudio,4,True,../data/processed/frames,../data/processed/audio/1093_FakeVideo-RealAudio.wav
id00529,id04219,-,wav2lip,C,FakeVideo-RealAudio,Caucasian (American),men,00409_id04219_wavtolip.mp4,FakeAVCeleb/FakeVideo-RealAudio/Caucasian (American)/men/id00529,FakeAVCeleb_v1.2/FakeVideo-RealAudio/Caucasian (American)/men/id00529/00409_id04219_wavtolip.mp4,../data/raw/FakeAVCeleb_v1.2/FakeVideo-RealAudio/Caucasian (American)/men/id00529/00409_id04219_wavtolip.mp4,1094_FakeVideo-RealAudio,5,True,../data/processed/frames,../data/processed/audio/1094_FakeVideo-RealAudio.wav
id00266,id00415,-,fsgan,C,FakeVideo-RealAudio,Caucasian (European),men,00470_id00415_saYfEadFy_s.mp4,FakeAVCeleb/FakeVideo-RealAudio/Caucasian (European)/men/id00266,FakeAVCeleb_v1.2/FakeVideo-RealAudio/Caucasian (European)/men/id00266/00470_id00415_saYfEadFy_s.mp4,../data/raw/FakeAVCeleb_v1.2/FakeVideo-RealAudio/Caucasian (European)/men/id00266/00470_id00415_saYfEadFy_s.mp4,1095_FakeVideo-RealAudio,4,True,../data/processed/frames,../data/processed/audio/1095_FakeVideo-RealAudio.wav
id02466,id00841,-,wav2lip,C,FakeVideo-RealAudio,Caucasian (American),women,00136_id00841_wavtolip.mp4,FakeAVCeleb/FakeVideo-RealAudio/Caucasian (American)/women/id02466,FakeAVCeleb_v1.2/FakeVideo-RealAudio/Caucasian (American)/women/id02466/00136_id00841_wavtolip.mp4,../data/raw/FakeAVCeleb_v1.2/FakeVideo-RealAudio/Caucasian (American)/women/id02466/00136_id00841_wavtolip.mp4,1096_FakeVideo-RealAudio,5,True,../data/processed/frames,../data/processed/audio/1096_FakeVideo-RealAudio.wav
id00365,id00813,-,wav2lip,C,FakeVideo-RealAudio,Caucasian (European),women,00078_id00813_wavtolip.mp4,FakeAVCeleb/FakeVideo-RealAudio/Caucasian (European)/women/id00365,FakeAVCeleb_v1.2/FakeVideo-RealAudio/Caucasian (European)/women/id00365/00078_id00813_wavtolip.mp4,../data/raw/FakeAVCeleb_v1.2/FakeVideo-RealAudio/Caucasian (European)/women/id00365/00078_id00813_wavtolip.mp4,1097_FakeVideo-RealAudio,5,True,../data/processed/frames,../data/processed/audio/1097_FakeVideo-RealAudio.wav
id01001,id00374,-,fsgan,C,FakeVideo-RealAudio,Caucasian (European),women,00086_id00374_w1qI7y9AGTc.mp4,FakeAVCeleb/FakeVideo-RealAudio/Caucasian (European)/women/id01001,FakeAVCeleb_v1.2/FakeVideo-RealAudio/Caucasian (European)/women/id01001/00086_id00374_w1qI7y9AGTc.mp4,../data/raw/FakeAVCeleb_v1.2/FakeVideo-RealAudio/Caucasian (European)/women/id01001/00086_id00374_w1qI7y9AGTc.mp4,1098_FakeVideo-RealAudio,5,True,../data/processed/frames,../data/processed/audio/1098_FakeVideo-RealAudio.wav
id00434,id00569,-,fsgan,C,FakeVideo-RealAudio,Caucasian (European),women,00046_id00569_gSynmpwioV4.mp4,FakeAVCeleb/FakeVideo-RealAudio/Caucasian (European)/women/id00434,FakeAVCeleb_v1.2/FakeVideo-RealAudio/Caucasian (European)/women/id00434/00046_id00569_gSynmpwioV4.mp4,../data/raw/FakeAVCeleb_v1.2/FakeVideo-RealAudio/Caucasian (European)/women/id00434/00046_id00569_gSynmpwioV4.mp4,1099_FakeVideo-RealAudio,5,True,../data/processed/frames,../data/processed/audio/1099_FakeVideo-RealAudio.wav
id00476,id02316,-,wav2lip,C,FakeVideo-RealAudio,African,men,00109_id02316_wavtolip.mp4,FakeAVCeleb/FakeVideo-RealAudio/African/men/id00476,FakeAVCeleb_v1.2/FakeVideo-RealAudio/African/men/id00476/00109_id02316_wavtolip.mp4,../data/raw/FakeAVCeleb_v1.2/FakeVideo-RealAudio/African/men/id00476/00109_id02316_wavtolip.mp4,1100_FakeVideo-RealAudio,5,True,../data/processed/frames,../data/processed/audio/1100_FakeVideo-RealAudio.wav
id04219,id01172,-,wav2lip,C,FakeVideo-RealAudio,Caucasian (American),men,00130_id01172_wavtolip.mp4,FakeAVCeleb/FakeVideo-RealAudio/Caucasian (American)/men/id04219,FakeAVCeleb_v1.2/FakeVideo-RealAudio/Caucasian (American)/men/id04219/00130_id01172_wavtolip.mp4,../data/raw/FakeAVCeleb_v1.2/FakeVideo-RealAudio/Caucasian (American)/men/id04219/00130_id01172_wavtolip.mp4,1101_FakeVideo-RealAudio,5,True,../data/processed/frames,../data/processed/audio/1101_FakeVideo-RealAudio.wav
id00185,id00594,-,fsgan,C,FakeVideo-RealAudio,Caucasian (European),men,00015_id00594_2WHHoksbeVw.mp4,FakeAVCeleb/FakeVideo-RealAudio/Caucasian (European)/men/id00185,FakeAVCeleb_v1.2/FakeVideo-RealAudio/Caucasian (European)/men/id00185/00015_id00594_2WHHoksbeVw.mp4,../data/raw/FakeAVCeleb_v1.2/FakeVideo-RealAudio/Caucasian (European)/men/id00185/00015_id00594_2WHHoksbeVw.mp4,1102_FakeVideo-RealAudio,4,True,../data/processed/frames,../data/processed/audio/1102_FakeVideo-RealAudio.wav
id00373,id00232,-,wav2lip,C,FakeVideo-RealAudio,Caucasian (European),women,00028_id00232_wavtolip.mp4,FakeAVCeleb/FakeVideo-RealAudio/Caucasian (European)/women/id00373,FakeAVCeleb_v1.2/FakeVideo-RealAudio/Caucasian (European)/women/id00373/00028_id00232_wavtolip.mp4,../data/raw/FakeAVCeleb_v1.2/FakeVideo-RealAudio/Caucasian (European)/women/id00373/00028_id00232_wavtolip.mp4,1103_FakeVideo-RealAudio,5,True,../data/processed/frames,../data/processed/audio/1103_FakeVideo-RealAudio.wav
id06061,id05576,-,wav2lip,C,FakeVideo-RealAudio,Asian (East),women,00002_id05576_wavtolip.mp4,FakeAVCeleb/FakeVideo-RealAudio/Asian (East)/women/id06061,FakeAVCeleb_v1.2/FakeVideo-RealAudio/Asian (East)/women/id06061/00002_id05576_wavtolip.mp4,../data/raw/FakeAVCeleb_v1.2/FakeVideo-RealAudio/Asian (East)/women/id06061/00002_id05576_wavtolip.mp4,1104_FakeVideo-RealAudio,5,True,../data/processed/frames,../data/processed/audio/1104_FakeVideo-RealAudio.wav
id05478,id04927,-,fsgan,C,FakeVideo-RealAudio,Asian (South),women,00135_id04927_8MD618FRyfA.mp4,FakeAVCeleb/FakeVideo-RealAudio/Asian (South)/women/id05478,FakeAVCeleb_v1.2/FakeVideo-RealAudio/Asian (South)/women/id05478/00135_id04927_8MD618FRyfA.mp4,../data/raw/FakeAVCeleb_v1.2/FakeVideo-RealAudio/Asian (South)/women/id05478/00135_id04927_8MD618FRyfA.mp4,1105_FakeVideo-RealAudio,5,True,../data/processed/frames,../data/processed/audio/1105_FakeVideo-RealAudio.wav
id00434,id00591,-,fsgan,C,FakeVideo-RealAudio,Caucasian (European),women,00046_id00591_1Jo8xElXQMs.mp4,FakeAVCeleb/FakeVideo-RealAudio/Caucasian (European)/women/id00434,FakeAVCeleb_v1.2/FakeVideo-RealAudio/Caucasian (European)/women/id00434/00046_id00591_1Jo8xElXQMs.mp4,../data/raw/FakeAVCeleb_v1.2/FakeVideo-RealAudio/Caucasian (European)/women/id00434/00046_id00591_1Jo8xElXQMs.mp4,1106_FakeVideo-RealAudio,4,True,../data/processed/frames,../data/processed/audio/1106_FakeVideo-RealAudio.wav
id00232,id00332,-,fsgan,C,FakeVideo-RealAudio,Caucasian (European),women,00025_id00332__zNddcZV1EU.mp4,FakeAVCeleb/FakeVideo-RealAudio/Caucasian (European)/women/id00232,FakeAVCeleb_v1.2/FakeVideo-RealAudio/Caucasian (European)/women/id00232/00025_id00332__zNddcZV1EU.mp4,../data/raw/FakeAVCeleb_v1.2/FakeVideo-RealAudio/Caucasian (European)/women/id00232/00025_id00332__zNddcZV1EU.mp4,1107_FakeVideo-RealAudio,5,True,../data/processed/frames,../data/processed/audio/1107_FakeVideo-RealAudio.wav
id04073,id01210,-,fsgan,C,FakeVideo-RealAudio,Caucasian (American),men,00021_id01210_sMdOO7NqsGY.mp4,FakeAVCeleb/FakeVideo-RealAudio/Caucasian (American)/men/id04073,FakeAVCeleb_v1.2/FakeVideo-RealAudio/Caucasian (American)/men/id04073/00021_id01210_sMdOO7NqsGY.mp4,../data/raw/FakeAVCeleb_v1.2/FakeVideo-RealAudio/Caucasian (American)/men/id04073/00021_id01210_sMdOO7NqsGY.mp4,1108_FakeVideo-RealAudio,5,True,../data/processed/frames,../data/processed/audio/1108_FakeVideo-RealAudio.wav
id08397,id06061,-,wav2lip,C,FakeVideo-RealAudio,Asian (East),women,00167_id06061_wavtolip.mp4,FakeAVCeleb/FakeVideo-RealAudio/Asian (East)/women/id08397,FakeAVCeleb_v1.2/FakeVideo-RealAudio/Asian (East)/women/id08397/00167_id06061_wavtolip.mp4,../data/raw/FakeAVCeleb_v1.2/FakeVideo-RealAudio/Asian (East)/women/id08397/00167_id06061_wavtolip.mp4,1109_FakeVideo-RealAudio,5,True,../data/processed/frames,../data/processed/audio/1109_FakeVideo-RealAudio.wav
id05743,id02561,-,wav2lip,C,FakeVideo-RealAudio,Asian (East),men,00015_id02561_wavtolip.mp4,FakeAVCeleb/FakeVideo-RealAudio/Asian (East)/men/id05743,FakeAVCeleb_v1.2/FakeVideo-RealAudio/Asian (East)/men/id05743/00015_id02561_wavtolip.mp4,../data/raw/FakeAVCeleb_v1.2/FakeVideo-RealAudio/Asian (East)/men/id05743/00015_id02561_wavtolip.mp4,1110_FakeVideo-RealAudio,3,True,../data/processed/frames,../data/processed/audio/1110_FakeVideo-RealAudio.wav
id00087,id00708,-,fsgan,C,FakeVideo-RealAudio,Caucasian (American),men,00002_id00708_Dzmb0FH1xBc.mp4,FakeAVCeleb/FakeVideo-RealAudio/Caucasian (American)/men/id00087,FakeAVCeleb_v1.2/FakeVideo-RealAudio/Caucasian (American)/men/id00087/00002_id00708_Dzmb0FH1xBc.mp4,../data/raw/FakeAVCeleb_v1.2/FakeVideo-RealAudio/Caucasian (American)/men/id00087/00002_id00708_Dzmb0FH1xBc.mp4,1111_FakeVideo-RealAudio,5,True,../data/processed/frames,../data/processed/audio/1111_FakeVideo-RealAudio.wav
id00098,id00398,-,wav2lip,C,FakeVideo-RealAudio,Caucasian (American),women,00004_id00398_wavtolip.mp4,FakeAVCeleb/FakeVideo-RealAudio/Caucasian (American)/women/id00098,FakeAVCeleb_v1.2/FakeVideo-RealAudio/Caucasian (American)/women/id00098/00004_id00398_wavtolip.mp4,../data/raw/FakeAVCeleb_v1.2/FakeVideo-RealAudio/Caucasian (American)/women/id00098/00004_id00398_wavtolip.mp4,1112_FakeVideo-RealAudio,5,True,../data/processed/frames,../data/processed/audio/1112_FakeVideo-RealAudio.wav
id00735,id00496,-,wav2lip,C,FakeVideo-RealAudio,Caucasian (European),women,00037_id00496_wavtolip.mp4,FakeAVCeleb/FakeVideo-RealAudio/Caucasian (European)/women/id00735,FakeAVCeleb_v1.2/FakeVideo-RealAudio/Caucasian (European)/women/id00735/00037_id00496_wavtolip.mp4,../data/raw/FakeAVCeleb_v1.2/FakeVideo-RealAudio/Caucasian (European)/women/id00735/00037_id00496_wavtolip.mp4,1113_FakeVideo-RealAudio,5,True,../data/processed/frames,../data/processed/audio/1113_FakeVideo-RealAudio.wav
id08652,id08652,-,wav2lip,C,FakeVideo-RealAudio,Asian (East),men,00006_id08652_wavtolip.mp4,FakeAVCeleb/FakeVideo-RealAudio/Asian (East)/men/id08652,FakeAVCeleb_v1.2/FakeVideo-RealAudio/Asian (East)/men/id08652/00006_id08652_wavtolip.mp4,../data/raw/FakeAVCeleb_v1.2/FakeVideo-RealAudio/Asian (East)/men/id08652/00006_id08652_wavtolip.mp4,1114_FakeVideo-RealAudio,5,True,../data/processed/frames,../data/processed/audio/1114_FakeVideo-RealAudio.wav
id04057,id02587,-,fsgan,C,FakeVideo-RealAudio,Asian (East),women,00015_id02587_KzwJPH5_8j0.mp4,FakeAVCeleb/FakeVideo-RealAudio/Asian (East)/women/id04057,FakeAVCeleb_v1.2/FakeVideo-RealAudio/Asian (East)/women/id04057/00015_id02587_KzwJPH5_8j0.mp4,../data/raw/FakeAVCeleb_v1.2/FakeVideo-RealAudio/Asian (East)/women/id04057/00015_id02587_KzwJPH5_8j0.mp4,1115_FakeVideo-RealAudio,4,True,../data/processed/frames,../data/processed/audio/1115_FakeVideo-RealAudio.wav
id01076,id00391,-,wav2lip,C,FakeVideo-RealAudio,African,men,00005_id00391_wavtolip.mp4,FakeAVCeleb/FakeVideo-RealAudio/African/men/id01076,FakeAVCeleb_v1.2/FakeVideo-RealAudio/African/men/id01076/00005_id00391_wavtolip.mp4,../data/raw/FakeAVCeleb_v1.2/FakeVideo-RealAudio/African/men/id01076/00005_id00391_wavtolip.mp4,1116_FakeVideo-RealAudio,3,True,../data/processed/frames,../data/processed/audio/1116_FakeVideo-RealAudio.wav
id04599,id07163,-,wav2lip,C,FakeVideo-RealAudio,Asian (South),men,00111_id07163_wavtolip.mp4,FakeAVCeleb/FakeVideo-RealAudio/Asian (South)/men/id04599,FakeAVCeleb_v1.2/FakeVideo-RealAudio/Asian (South)/men/id04599/00111_id07163_wavtolip.mp4,../data/raw/FakeAVCeleb_v1.2/FakeVideo-RealAudio/Asian (South)/men/id04599/00111_id07163_wavtolip.mp4,1117_FakeVideo-RealAudio,1,True,../data/processed/frames,../data/processed/audio/1117_FakeVideo-RealAudio.wav
id00462,id01238,-,fsgan,C,FakeVideo-RealAudio,Caucasian (American),women,00143_id01238_VPdv2sexRy0.mp4,FakeAVCeleb/FakeVideo-RealAudio/Caucasian (American)/women/id00462,FakeAVCeleb_v1.2/FakeVideo-RealAudio/Caucasian (American)/women/id00462/00143_id01238_VPdv2sexRy0.mp4,../data/raw/FakeAVCeleb_v1.2/FakeVideo-RealAudio/Caucasian (American)/women/id00462/00143_id01238_VPdv2sexRy0.mp4,1118_FakeVideo-RealAudio,5,True,../data/processed/frames,../data/processed/audio/1118_FakeVideo-RealAudio.wav
id01783,id02948,-,wav2lip,C,FakeVideo-RealAudio,African,women,00015_id02948_wavtolip.mp4,FakeAVCeleb/FakeVideo-RealAudio/African/women/id01783,FakeAVCeleb_v1.2/FakeVideo-RealAudio/African/women/id01783/00015_id02948_wavtolip.mp4,../data/raw/FakeAVCeleb_v1.2/FakeVideo-RealAudio/African/women/id01783/00015_id02948_wavtolip.mp4,1119_FakeVideo-RealAudio,1,True,../data/processed/frames,../data/processed/audio/1119_FakeVideo-RealAudio.wav
id00634,id00591,-,fsgan,C,FakeVideo-RealAudio,Caucasian (European),women,00078_id00591_1Jo8xElXQMs.mp4,FakeAVCeleb/FakeVideo-RealAudio/Caucasian (European)/women/id00634,FakeAVCeleb_v1.2/FakeVideo-RealAudio/Caucasian (European)/women/id00634/00078_id00591_1Jo8xElXQMs.mp4,../data/raw/FakeAVCeleb_v1.2/FakeVideo-RealAudio/Caucasian (European)/women/id00634/00078_id00591_1Jo8xElXQMs.mp4,1120_FakeVideo-RealAudio,5,True,../data/processed/frames,../data/processed/audio/1120_FakeVideo-RealAudio.wav
id07163,id00816,-,wav2lip,C,FakeVideo-RealAudio,Asian (South),men,00141_id00816_wavtolip.mp4,FakeAVCeleb/FakeVideo-RealAudio/Asian (South)/men/id07163,FakeAVCeleb_v1.2/FakeVideo-RealAudio/Asian (South)/men/id07163/00141_id00816_wavtolip.mp4,../data/raw/FakeAVCeleb_v1.2/FakeVideo-RealAudio/Asian (South)/men/id07163/00141_id00816_wavtolip.mp4,1121_FakeVideo-RealAudio,5,True,../data/processed/frames,../data/processed/audio/1121_FakeVideo-RealAudio.wav
id01211,id00345,-,fsgan,C,FakeVideo-RealAudio,Caucasian (American),men,00023_id00345_TIsGVOYfvZ8.mp4,FakeAVCeleb/FakeVideo-RealAudio/Caucasian (American)/men/id01211,FakeAVCeleb_v1.2/FakeVideo-RealAudio/Caucasian (American)/men/id01211/00023_id00345_TIsGVOYfvZ8.mp4,../data/raw/FakeAVCeleb_v1.2/FakeVideo-RealAudio/Caucasian (American)/men/id01211/00023_id00345_TIsGVOYfvZ8.mp4,1122_FakeVideo-RealAudio,5,True,../data/processed/frames,../data/processed/audio/1122_FakeVideo-RealAudio.wav
id01589,id06470,-,fsgan,C,FakeVideo-RealAudio,Asian (East),men,00017_id06470_XoAiqCrOlyk.mp4,FakeAVCeleb/FakeVideo-RealAudio/Asian (East)/men/id01589,FakeAVCeleb_v1.2/FakeVideo-RealAudio/Asian (East)/men/id01589/00017_id06470_XoAiqCrOlyk.mp4,../data/raw/FakeAVCeleb_v1.2/FakeVideo-RealAudio/Asian (East)/men/id01589/00017_id06470_XoAiqCrOlyk.mp4,1123_FakeVideo-RealAudio,1,True,../data/processed/frames,../data/processed/audio/1123_FakeVideo-RealAudio.wav
id06355,id00078,-,wav2lip,C,FakeVideo-RealAudio,Asian (South),men,00347_id00078_wavtolip.mp4,FakeAVCeleb/FakeVideo-RealAudio/Asian (South)/men/id06355,FakeAVCeleb_v1.2/FakeVideo-RealAudio/Asian (South)/men/id06355/00347_id00078_wavtolip.mp4,../data/raw/FakeAVCeleb_v1.2/FakeVideo-RealAudio/Asian (South)/men/id06355/00347_id00078_wavtolip.mp4,1124_FakeVideo-RealAudio,4,True,../data/processed/frames,../data/processed/audio/1124_FakeVideo-RealAudio.wav
id00078,id07179,-,wav2lip,C,FakeVideo-RealAudio,Asian (South),men,00114_id07179_wavtolip.mp4,FakeAVCeleb/FakeVideo-RealAudio/Asian (South)/men/id00078,FakeAVCeleb_v1.2/FakeVideo-RealAudio/Asian (South)/men/id00078/00114_id07179_wavtolip.mp4,../data/raw/FakeAVCeleb_v1.2/FakeVideo-RealAudio/Asian (South)/men/id00078/00114_id07179_wavtolip.mp4,1125_FakeVideo-RealAudio,5,True,../data/processed/frames,../data/processed/audio/1125_FakeVideo-RealAudio.wav
id00498,id01123,-,fsgan,C,FakeVideo-RealAudio,Caucasian (European),men,00014_id01123_Xid_-DpIHX4.mp4,FakeAVCeleb/FakeVideo-RealAudio/Caucasian (European)/men/id00498,FakeAVCeleb_v1.2/FakeVideo-RealAudio/Caucasian (European)/men/id00498/00014_id01123_Xid_-DpIHX4.mp4,../data/raw/FakeAVCeleb_v1.2/FakeVideo-RealAudio/Caucasian (European)/men/id00498/00014_id01123_Xid_-DpIHX4.mp4,1126_FakeVideo-RealAudio,5,True,../data/processed/frames,../data/processed/audio/1126_FakeVideo-RealAudio.wav
id01172,id01044,-,fsgan,C,FakeVideo-RealAudio,Caucasian (American),men,00015_id01044_yL58R6zBNf4.mp4,FakeAVCeleb/FakeVideo-RealAudio/Caucasian (American)/men/id01172,FakeAVCeleb_v1.2/FakeVideo-RealAudio/Caucasian (American)/men/id01172/00015_id01044_yL58R6zBNf4.mp4,../data/raw/FakeAVCeleb_v1.2/FakeVideo-RealAudio/Caucasian (American)/men/id01172/00015_id01044_yL58R6zBNf4.mp4,1127_FakeVideo-RealAudio,5,True,../data/processed/frames,../data/processed/audio/1127_FakeVideo-RealAudio.wav
id00806,id00495,-,wav2lip,C,FakeVideo-RealAudio,Caucasian (European),women,00005_id00495_wavtolip.mp4,FakeAVCeleb/FakeVideo-RealAudio/Caucasian (European)/women/id00806,FakeAVCeleb_v1.2/FakeVideo-RealAudio/Caucasian (European)/women/id00806/00005_id00495_wavtolip.mp4,../data/raw/FakeAVCeleb_v1.2/FakeVideo-RealAudio/Caucasian (European)/women/id00806/00005_id00495_wavtolip.mp4,1128_FakeVideo-RealAudio,5,True,../data/processed/frames,../data/processed/audio/1128_FakeVideo-RealAudio.wav
id00747,id04564,-,fsgan,C,FakeVideo-RealAudio,Asian (South),women,00053_id04564_xUz03LwKRtQ.mp4,FakeAVCeleb/FakeVideo-RealAudio/Asian (South)/women/id00747,FakeAVCeleb_v1.2/FakeVideo-RealAudio/Asian (South)/women/id00747/00053_id04564_xUz03LwKRtQ.mp4,../data/raw/FakeAVCeleb_v1.2/FakeVideo-RealAudio/Asian (South)/women/id00747/00053_id04564_xUz03LwKRtQ.mp4,1129_FakeVideo-RealAudio,5,True,../data/processed/frames,../data/processed/audio/1129_FakeVideo-RealAudio.wav
id01044,id03525,-,fsgan,C,FakeVideo-RealAudio,Caucasian (American),men,00336_id03525_5qVmWkkCk3k.mp4,FakeAVCeleb/FakeVideo-RealAudio/Caucasian (American)/men/id01044,FakeAVCeleb_v1.2/FakeVideo-RealAudio/Caucasian (American)/men/id01044/00336_id03525_5qVmWkkCk3k.mp4,../data/raw/FakeAVCeleb_v1.2/FakeVideo-RealAudio/Caucasian (American)/men/id01044/00336_id03525_5qVmWkkCk3k.mp4,1130_FakeVideo-RealAudio,5,True,../data/processed/frames,../data/processed/audio/1130_FakeVideo-RealAudio.wav
id00179,id01124,-,fsgan,C,FakeVideo-RealAudio,Caucasian (American),men,00143_id01124_Lnf2oGSM00s.mp4,FakeAVCeleb/FakeVideo-RealAudio/Caucasian (American)/men/id00179,FakeAVCeleb_v1.2/FakeVideo-RealAudio/Caucasian (American)/men/id00179/00143_id01124_Lnf2oGSM00s.mp4,../data/raw/FakeAVCeleb_v1.2/FakeVideo-RealAudio/Caucasian (American)/men/id00179/00143_id01124_Lnf2oGSM00s.mp4,1131_FakeVideo-RealAudio,5,True,../data/processed/frames,../data/processed/audio/1131_FakeVideo-RealAudio.wav
id04530,id06343,-,wav2lip,C,FakeVideo-RealAudio,Asian (South),women,00231_id06343_wavtolip.mp4,FakeAVCeleb/FakeVideo-RealAudio/Asian (South)/women/id04530,FakeAVCeleb_v1.2/FakeVideo-RealAudio/Asian (South)/women/id04530/00231_id06343_wavtolip.mp4,../data/raw/FakeAVCeleb_v1.2/FakeVideo-RealAudio/Asian (South)/women/id04530/00231_id06343_wavtolip.mp4,1132_FakeVideo-RealAudio,5,True,../data/processed/frames,../data/processed/audio/1132_FakeVideo-RealAudio.wav
id03371,id00434,-,wav2lip,C,FakeVideo-RealAudio,Caucasian (European),women,00430_id00434_wavtolip.mp4,FakeAVCeleb/FakeVideo-RealAudio/Caucasian (European)/women/id03371,FakeAVCeleb_v1.2/FakeVideo-RealAudio/Caucasian (European)/women/id03371/00430_id00434_wavtolip.mp4,../data/raw/FakeAVCeleb_v1.2/FakeVideo-RealAudio/Caucasian (European)/women/id03371/00430_id00434_wavtolip.mp4,1133_FakeVideo-RealAudio,5,True,../data/processed/frames,../data/processed/audio/1133_FakeVideo-RealAudio.wav
id01179,id01236,-,wav2lip,C,FakeVideo-RealAudio,African,men,00160_id01236_wavtolip.mp4,FakeAVCeleb/FakeVideo-RealAudio/African/men/id01179,FakeAVCeleb_v1.2/FakeVideo-RealAudio/African/men/id01179/00160_id01236_wavtolip.mp4,../data/raw/FakeAVCeleb_v1.2/FakeVideo-RealAudio/African/men/id01179/00160_id01236_wavtolip.mp4,1134_FakeVideo-RealAudio,5,True,../data/processed/frames,../data/processed/audio/1134_FakeVideo-RealAudio.wav
id00272,id01225,-,wav2lip,C,FakeVideo-RealAudio,Caucasian (American),women,00195_id01225_wavtolip.mp4,FakeAVCeleb/FakeVideo-RealAudio/Caucasian (American)/women/id00272,FakeAVCeleb_v1.2/FakeVideo-RealAudio/Caucasian (American)/women/id00272/00195_id01225_wavtolip.mp4,../data/raw/FakeAVCeleb_v1.2/FakeVideo-RealAudio/Caucasian (American)/women/id00272/00195_id01225_wavtolip.mp4,1135_FakeVideo-RealAudio,5,True,../data/processed/frames,../data/processed/audio/1135_FakeVideo-RealAudio.wav
id01001,id00068,-,wav2lip,C,FakeVideo-RealAudio,Caucasian (European),women,00086_id00068_wavtolip.mp4,FakeAVCeleb/FakeVideo-RealAudio/Caucasian (European)/women/id01001,FakeAVCeleb_v1.2/FakeVideo-RealAudio/Caucasian (European)/women/id01001/00086_id00068_wavtolip.mp4,../data/raw/FakeAVCeleb_v1.2/FakeVideo-RealAudio/Caucasian (European)/women/id01001/00086_id00068_wavtolip.mp4,1136_FakeVideo-RealAudio,5,True,../data/processed/frames,../data/processed/audio/1136_FakeVideo-RealAudio.wav
id04070,id05435,-,wav2lip,C,FakeVideo-RealAudio,Asian (South),women,00072_id05435_wavtolip.mp4,FakeAVCeleb/FakeVideo-RealAudio/Asian (South)/women/id04070,FakeAVCeleb_v1.2/FakeVideo-RealAudio/Asian (South)/women/id04070/00072_id05435_wavtolip.mp4,../data/raw/FakeAVCeleb_v1.2/FakeVideo-RealAudio/Asian (South)/women/id04070/00072_id05435_wavtolip.mp4,1137_FakeVideo-RealAudio,5,True,../data/processed/frames,../data/processed/audio/1137_FakeVideo-RealAudio.wav
id07689,id06254,-,wav2lip,C,FakeVideo-RealAudio,Asian (South),women,00028_id06254_wavtolip.mp4,FakeAVCeleb/FakeVideo-RealAudio/Asian (South)/women/id07689,FakeAVCeleb_v1.2/FakeVideo-RealAudio/Asian (South)/women/id07689/00028_id06254_wavtolip.mp4,../data/raw/FakeAVCeleb_v1.2/FakeVideo-RealAudio/Asian (South)/women/id07689/00028_id06254_wavtolip.mp4,1138_FakeVideo-RealAudio,5,True,../data/processed/frames,../data/processed/audio/1138_FakeVideo-RealAudio.wav
id01532,id02838,-,wav2lip,C,FakeVideo-RealAudio,African,women,00065_id02838_wavtolip.mp4,FakeAVCeleb/FakeVideo-RealAudio/African/women/id01532,FakeAVCeleb_v1.2/FakeVideo-RealAudio/African/women/id01532/00065_id02838_wavtolip.mp4,../data/raw/FakeAVCeleb_v1.2/FakeVideo-RealAudio/African/women/id01532/00065_id02838_wavtolip.mp4,1139_FakeVideo-RealAudio,3,True,../data/processed/frames,../data/processed/audio/1139_FakeVideo-RealAudio.wav
id07377,id03897,-,wav2lip,C,FakeVideo-RealAudio,Asian (South),women,00025_id03897_wavtolip.mp4,FakeAVCeleb/FakeVideo-RealAudio/Asian (South)/women/id07377,FakeAVCeleb_v1.2/FakeVideo-RealAudio/Asian (South)/women/id07377/00025_id03897_wavtolip.mp4,../data/raw/FakeAVCeleb_v1.2/FakeVideo-RealAudio/Asian (South)/women/id07377/00025_id03897_wavtolip.mp4,1140_FakeVideo-RealAudio,4,True,../data/processed/frames,../data/processed/audio/1140_FakeVideo-RealAudio.wav
id07194,id04554,-,wav2lip,C,FakeVideo-RealAudio,Asian (South),men,00014_id04554_wavtolip.mp4,FakeAVCeleb/FakeVideo-RealAudio/Asian (South)/men/id07194,FakeAVCeleb_v1.2/FakeVideo-RealAudio/Asian (South)/men/id07194/00014_id04554_wavtolip.mp4,../data/raw/FakeAVCeleb_v1.2/FakeVideo-RealAudio/Asian (South)/men/id07194/00014_id04554_wavtolip.mp4,1141_FakeVideo-RealAudio,5,True,../data/processed/frames,../data/processed/audio/1141_FakeVideo-RealAudio.wav
id03180,id04561,-,wav2lip,C,FakeVideo-RealAudio,Asian (South),men,00039_id04561_wavtolip.mp4,FakeAVCeleb/FakeVideo-RealAudio/Asian (South)/men/id03180,FakeAVCeleb_v1.2/FakeVideo-RealAudio/Asian (South)/men/id03180/00039_id04561_wavtolip.mp4,../data/raw/FakeAVCeleb_v1.2/FakeVideo-RealAudio/Asian (South)/men/id03180/00039_id04561_wavtolip.mp4,1142_FakeVideo-RealAudio,4,True,../data/processed/frames,../data/processed/audio/1142_FakeVideo-RealAudio.wav
id07163,id00350,-,fsgan,C,FakeVideo-RealAudio,Asian (South),men,00141_id00350_75IFJNFAMIM.mp4,FakeAVCeleb/FakeVideo-RealAudio/Asian (South)/men/id07163,FakeAVCeleb_v1.2/FakeVideo-RealAudio/Asian (South)/men/id07163/00141_id00350_75IFJNFAMIM.mp4,../data/raw/FakeAVCeleb_v1.2/FakeVideo-RealAudio/Asian (South)/men/id07163/00141_id00350_75IFJNFAMIM.mp4,1143_FakeVideo-RealAudio,5,True,../data/processed/frames,../data/processed/audio/1143_FakeVideo-RealAudio.wav
id04055,id00568,-,fsgan,C,FakeVideo-RealAudio,African,women,00001_id00568_gakhcJXnJZ8.mp4,FakeAVCeleb/FakeVideo-RealAudio/African/women/id04055,FakeAVCeleb_v1.2/FakeVideo-RealAudio/African/women/id04055/00001_id00568_gakhcJXnJZ8.mp4,../data/raw/FakeAVCeleb_v1.2/FakeVideo-RealAudio/African/women/id04055/00001_id00568_gakhcJXnJZ8.mp4,1144_FakeVideo-RealAudio,5,True,../data/processed/frames,../data/processed/audio/1144_FakeVideo-RealAudio.wav
id03985,id06428,-,fsgan,C,FakeVideo-RealAudio,Asian (South),women,00005_id06428_A9nvRKd1afA.mp4,FakeAVCeleb/FakeVideo-RealAudio/Asian (South)/women/id03985,FakeAVCeleb_v1.2/FakeVideo-RealAudio/Asian (South)/women/id03985/00005_id06428_A9nvRKd1afA.mp4,../data/raw/FakeAVCeleb_v1.2/FakeVideo-RealAudio/Asian (South)/women/id03985/00005_id06428_A9nvRKd1afA.mp4,1145_FakeVideo-RealAudio,5,True,../data/processed/frames,../data/processed/audio/1145_FakeVideo-RealAudio.wav
id00235,id00080,-,wav2lip,C,FakeVideo-RealAudio,Asian (South),women,00052_id00080_wavtolip.mp4,FakeAVCeleb/FakeVideo-RealAudio/Asian (South)/women/id00235,FakeAVCeleb_v1.2/FakeVideo-RealAudio/Asian (South)/women/id00235/00052_id00080_wavtolip.mp4,../data/raw/FakeAVCeleb_v1.2/FakeVideo-RealAudio/Asian (South)/women/id00235/00052_id00080_wavtolip.mp4,1146_FakeVideo-RealAudio,5,True,../data/processed/frames,../data/processed/audio/1146_FakeVideo-RealAudio.wav
id02586,id04374,-,fsgan,C,FakeVideo-RealAudio,African,women,00042_id04374_SWltOOZmlWM.mp4,FakeAVCeleb/FakeVideo-RealAudio/African/women/id02586,FakeAVCeleb_v1.2/FakeVideo-RealAudio/African/women/id02586/00042_id04374_SWltOOZmlWM.mp4,../data/raw/FakeAVCeleb_v1.2/FakeVideo-RealAudio/African/women/id02586/00042_id04374_SWltOOZmlWM.mp4,1147_FakeVideo-RealAudio,1,True,../data/processed/frames,../data/processed/audio/1147_FakeVideo-RealAudio.wav
id00990,id03205,-,wav2lip,C,FakeVideo-RealAudio,Caucasian (European),men,00160_id03205_wavtolip.mp4,FakeAVCeleb/FakeVideo-RealAudio/Caucasian (European)/men/id00990,FakeAVCeleb_v1.2/FakeVideo-RealAudio/Caucasian (European)/men/id00990/00160_id03205_wavtolip.mp4,../data/raw/FakeAVCeleb_v1.2/FakeVideo-RealAudio/Caucasian (European)/men/id00990/00160_id03205_wavtolip.mp4,1148_FakeVideo-RealAudio,4,True,../data/processed/frames,../data/processed/audio/1148_FakeVideo-RealAudio.wav
id00732,id00103,-,fsgan,C,FakeVideo-RealAudio,Asian (South),men,00118_id00103_qpTVaP4y5DQ.mp4,FakeAVCeleb/FakeVideo-RealAudio/Asian (South)/men/id00732,FakeAVCeleb_v1.2/FakeVideo-RealAudio/Asian (South)/men/id00732/00118_id00103_qpTVaP4y5DQ.mp4,../data/raw/FakeAVCeleb_v1.2/FakeVideo-RealAudio/Asian (South)/men/id00732/00118_id00103_qpTVaP4y5DQ.mp4,1149_FakeVideo-RealAudio,2,True,../data/processed/frames,../data/processed/audio/1149_FakeVideo-RealAudio.wav
id00428,id01223,-,wav2lip,C,FakeVideo-RealAudio,Caucasian (American),women,00017_id01223_wavtolip.mp4,FakeAVCeleb/FakeVideo-RealAudio/Caucasian (American)/women/id00428,FakeAVCeleb_v1.2/FakeVideo-RealAudio/Caucasian (American)/women/id00428/00017_id01223_wavtolip.mp4,../data/raw/FakeAVCeleb_v1.2/FakeVideo-RealAudio/Caucasian (American)/women/id00428/00017_id01223_wavtolip.mp4,1150_FakeVideo-RealAudio,5,True,../data/processed/frames,../data/processed/audio/1150_FakeVideo-RealAudio.wav
id07383,id00935,-,fsgan,C,FakeVideo-RealAudio,Asian (East),women,00011_id00935_09fNE0b4Dlg.mp4,FakeAVCeleb/FakeVideo-RealAudio/Asian (East)/women/id07383,FakeAVCeleb_v1.2/FakeVideo-RealAudio/Asian (East)/women/id07383/00011_id00935_09fNE0b4Dlg.mp4,../data/raw/FakeAVCeleb_v1.2/FakeVideo-RealAudio/Asian (East)/women/id07383/00011_id00935_09fNE0b4Dlg.mp4,1151_FakeVideo-RealAudio,4,True,../data/processed/frames,../data/processed/audio/1151_FakeVideo-RealAudio.wav
id01521,id02296,-,fsgan,C,FakeVideo-RealAudio,African,men,00109_id02296_IAgOrCuY8vU.mp4,FakeAVCeleb/FakeVideo-RealAudio/African/men/id01521,FakeAVCeleb_v1.2/FakeVideo-RealAudio/African/men/id01521/00109_id02296_IAgOrCuY8vU.mp4,../data/raw/FakeAVCeleb_v1.2/FakeVideo-RealAudio/African/men/id01521/00109_id02296_IAgOrCuY8vU.mp4,1152_FakeVideo-RealAudio,5,True,../data/processed/frames,../data/processed/audio/1152_FakeVideo-RealAudio.wav
id08819,id00137,-,wav2lip,C,FakeVideo-RealAudio,Asian (East),women,00052_id00137_wavtolip.mp4,FakeAVCeleb/FakeVideo-RealAudio/Asian (East)/women/id08819,FakeAVCeleb_v1.2/FakeVideo-RealAudio/Asian (East)/women/id08819/00052_id00137_wavtolip.mp4,../data/raw/FakeAVCeleb_v1.2/FakeVideo-RealAudio/Asian (East)/women/id08819/00052_id00137_wavtolip.mp4,1153_FakeVideo-RealAudio,5,True,../data/processed/frames,../data/processed/audio/1153_FakeVideo-RealAudio.wav
id06152,id04774,-,wav2lip,C,FakeVideo-RealAudio,Asian (East),men,06152_id04774_wavtolip.mp4,FakeAVCeleb/FakeVideo-RealAudio/Asian (East)/men/id06152,FakeAVCeleb_v1.2/FakeVideo-RealAudio/Asian (East)/men/id06152/06152_id04774_wavtolip.mp4,../data/raw/FakeAVCeleb_v1.2/FakeVideo-RealAudio/Asian (East)/men/id06152/06152_id04774_wavtolip.mp4,1154_FakeVideo-RealAudio,5,True,../data/processed/frames,../data/processed/audio/1154_FakeVideo-RealAudio.wav
id05106,id00371,-,wav2lip,C,FakeVideo-RealAudio,African,women,00078_id00371_wavtolip.mp4,FakeAVCeleb/FakeVideo-RealAudio/African/women/id05106,FakeAVCeleb_v1.2/FakeVideo-RealAudio/African/women/id05106/00078_id00371_wavtolip.mp4,../data/raw/FakeAVCeleb_v1.2/FakeVideo-RealAudio/African/women/id05106/00078_id00371_wavtolip.mp4,1155_FakeVideo-RealAudio,5,True,../data/processed/frames,../data/processed/audio/1155_FakeVideo-RealAudio.wav
id00823,id00581,-,fsgan,C,FakeVideo-RealAudio,Caucasian (European),women,00125_id00581_7AxvP19LGKg.mp4,FakeAVCeleb/FakeVideo-RealAudio/Caucasian (European)/women/id00823,FakeAVCeleb_v1.2/FakeVideo-RealAudio/Caucasian (European)/women/id00823/00125_id00581_7AxvP19LGKg.mp4,../data/raw/FakeAVCeleb_v1.2/FakeVideo-RealAudio/Caucasian (European)/women/id00823/00125_id00581_7AxvP19LGKg.mp4,1156_FakeVideo-RealAudio,5,True,../data/processed/frames,../data/processed/audio/1156_FakeVideo-RealAudio.wav
id01123,id00282,-,faceswap,C,FakeVideo-RealAudio,Caucasian (European),men,00072_id00282_iTsqWj6GEbo_faceswap.mp4,FakeAVCeleb/FakeVideo-RealAudio/Caucasian (European)/men/id01123,FakeAVCeleb_v1.2/FakeVideo-RealAudio/Caucasian (European)/men/id01123/00072_id00282_iTsqWj6GEbo_faceswap.mp4,../data/raw/FakeAVCeleb_v1.2/FakeVideo-RealAudio/Caucasian (European)/men/id01123/00072_id00282_iTsqWj6GEbo_faceswap.mp4,1157_FakeVideo-RealAudio,5,True,../data/processed/frames,../data/processed/audio/1157_FakeVideo-RealAudio.wav
id00594,id01098,-,fsgan,C,FakeVideo-RealAudio,Caucasian (European),men,00005_id01098_BwmSumx6P1U.mp4,FakeAVCeleb/FakeVideo-RealAudio/Caucasian (European)/men/id00594,FakeAVCeleb_v1.2/FakeVideo-RealAudio/Caucasian (European)/men/id00594/00005_id01098_BwmSumx6P1U.mp4,../data/raw/FakeAVCeleb_v1.2/FakeVideo-RealAudio/Caucasian (European)/men/id00594/00005_id01098_BwmSumx6P1U.mp4,1158_FakeVideo-RealAudio,5,True,../data/processed/frames,../data/processed/audio/1158_FakeVideo-RealAudio.wav
id00633,id00569,-,fsgan,C,FakeVideo-RealAudio,Caucasian (European),women,00088_id00569_gSynmpwioV4.mp4,FakeAVCeleb/FakeVideo-RealAudio/Caucasian (European)/women/id00633,FakeAVCeleb_v1.2/FakeVideo-RealAudio/Caucasian (European)/women/id00633/00088_id00569_gSynmpwioV4.mp4,../data/raw/FakeAVCeleb_v1.2/FakeVideo-RealAudio/Caucasian (European)/women/id00633/00088_id00569_gSynmpwioV4.mp4,1159_FakeVideo-RealAudio,3,True,../data/processed/frames,../data/processed/audio/1159_FakeVideo-RealAudio.wav
id04529,id06232,-,wav2lip,C,FakeVideo-RealAudio,Asian (South),women,00186_id06232_wavtolip.mp4,FakeAVCeleb/FakeVideo-RealAudio/Asian (South)/women/id04529,FakeAVCeleb_v1.2/FakeVideo-RealAudio/Asian (South)/women/id04529/00186_id06232_wavtolip.mp4,../data/raw/FakeAVCeleb_v1.2/FakeVideo-RealAudio/Asian (South)/women/id04529/00186_id06232_wavtolip.mp4,1160_FakeVideo-RealAudio,5,True,../data/processed/frames,../data/processed/audio/1160_FakeVideo-RealAudio.wav
id08314,0.mp4,-,faceswap,C,FakeVideo-RealAudio,Asian (South),men,00083_0.mp4,FakeAVCeleb/FakeVideo-RealAudio/Asian (South)/men/id08314,FakeAVCeleb_v1.2/FakeVideo-RealAudio/Asian (South)/men/id08314/00083_0.mp4,../data/raw/FakeAVCeleb_v1.2/FakeVideo-RealAudio/Asian (South)/men/id08314/00083_0.mp4,1161_FakeVideo-RealAudio,5,True,../data/processed/frames,../data/processed/audio/1161_FakeVideo-RealAudio.wav
id04221,id00029,-,wav2lip,C,FakeVideo-RealAudio,Caucasian (American),men,00053_id00029_wavtolip.mp4,FakeAVCeleb/FakeVideo-RealAudio/Caucasian (American)/men/id04221,FakeAVCeleb_v1.2/FakeVideo-RealAudio/Caucasian (American)/men/id04221/00053_id00029_wavtolip.mp4,../data/raw/FakeAVCeleb_v1.2/FakeVideo-RealAudio/Caucasian (American)/men/id04221/00053_id00029_wavtolip.mp4,1162_FakeVideo-RealAudio,5,True,../data/processed/frames,../data/processed/audio/1162_FakeVideo-RealAudio.wav
id00241,id00415,-,fsgan,C,FakeVideo-RealAudio,Caucasian (European),men,00015_id00415_saYfEadFy_s.mp4,FakeAVCeleb/FakeVideo-RealAudio/Caucasian (European)/men/id00241,FakeAVCeleb_v1.2/FakeVideo-RealAudio/Caucasian (European)/men/id00241/00015_id00415_saYfEadFy_s.mp4,../data/raw/FakeAVCeleb_v1.2/FakeVideo-RealAudio/Caucasian (European)/men/id00241/00015_id00415_saYfEadFy_s.mp4,1163_FakeVideo-RealAudio,5,True,../data/processed/frames,../data/processed/audio/1163_FakeVideo-RealAudio.wav
id00169,id00775,-,wav2lip,C,FakeVideo-RealAudio,Caucasian (American),men,00021_id00775_wavtolip.mp4,FakeAVCeleb/FakeVideo-RealAudio/Caucasian (American)/men/id00169,FakeAVCeleb_v1.2/FakeVideo-RealAudio/Caucasian (American)/men/id00169/00021_id00775_wavtolip.mp4,../data/raw/FakeAVCeleb_v1.2/FakeVideo-RealAudio/Caucasian (American)/men/id00169/00021_id00775_wavtolip.mp4,1164_FakeVideo-RealAudio,5,True,../data/processed/frames,../data/processed/audio/1164_FakeVideo-RealAudio.wav
id06054,id08402,-,fsgan,C,FakeVideo-RealAudio,Asian (East),women,00010_id08402_nedfiSXfmQ0.mp4,FakeAVCeleb/FakeVideo-RealAudio/Asian (East)/women/id06054,FakeAVCeleb_v1.2/FakeVideo-RealAudio/Asian (East)/women/id06054/00010_id08402_nedfiSXfmQ0.mp4,../data/raw/FakeAVCeleb_v1.2/FakeVideo-RealAudio/Asian (East)/women/id06054/00010_id08402_nedfiSXfmQ0.mp4,1165_FakeVideo-RealAudio,5,True,../data/processed/frames,../data/processed/audio/1165_FakeVideo-RealAudio.wav
id01005,id02464,-,fsgan,C,FakeVideo-RealAudio,Caucasian (American),women,00028_id02464_1hxJsZYV7mI.mp4,FakeAVCeleb/FakeVideo-RealAudio/Caucasian (American)/women/id01005,FakeAVCeleb_v1.2/FakeVideo-RealAudio/Caucasian (American)/women/id01005/00028_id02464_1hxJsZYV7mI.mp4,../data/raw/FakeAVCeleb_v1.2/FakeVideo-RealAudio/Caucasian (American)/women/id01005/00028_id02464_1hxJsZYV7mI.mp4,1166_FakeVideo-RealAudio,5,True,../data/processed/frames,../data/processed/audio/1166_FakeVideo-RealAudio.wav
id07051,id06428,-,faceswap,C,FakeVideo-RealAudio,Asian (South),women,00083_id06428_A9nvRKd1afA_faceswap.mp4,FakeAVCeleb/FakeVideo-RealAudio/Asian (South)/women/id07051,FakeAVCeleb_v1.2/FakeVideo-RealAudio/Asian (South)/women/id07051/00083_id06428_A9nvRKd1afA_faceswap.mp4,../data/raw/FakeAVCeleb_v1.2/FakeVideo-RealAudio/Asian (South)/women/id07051/00083_id06428_A9nvRKd1afA_faceswap.mp4,1167_FakeVideo-RealAudio,5,True,../data/processed/frames,../data/processed/audio/1167_FakeVideo-RealAudio.wav
id00478,id01597,-,fsgan,C,FakeVideo-RealAudio,African,men,00206_id01597_52WEZxe4_GE.mp4,FakeAVCeleb/FakeVideo-RealAudio/African/men/id00478,FakeAVCeleb_v1.2/FakeVideo-RealAudio/African/men/id00478/00206_id01597_52WEZxe4_GE.mp4,../data/raw/FakeAVCeleb_v1.2/FakeVideo-RealAudio/African/men/id00478/00206_id01597_52WEZxe4_GE.mp4,1168_FakeVideo-RealAudio,1,True,../data/processed/frames,../data/processed/audio/1168_FakeVideo-RealAudio.wav
id00282,id01051,-,wav2lip,C,FakeVideo-RealAudio,Caucasian (European),men,00268_id01051_wavtolip.mp4,FakeAVCeleb/FakeVideo-RealAudio/Caucasian (European)/men/id00282,FakeAVCeleb_v1.2/FakeVideo-RealAudio/Caucasian (European)/men/id00282/00268_id01051_wavtolip.mp4,../data/raw/FakeAVCeleb_v1.2/FakeVideo-RealAudio/Caucasian (European)/men/id00282/00268_id01051_wavtolip.mp4,1169_FakeVideo-RealAudio,5,True,../data/processed/frames,../data/processed/audio/1169_FakeVideo-RealAudio.wav
id01451,id00582,-,wav2lip,C,FakeVideo-RealAudio,Asian (East),women,00099_id00582_wavtolip.mp4,FakeAVCeleb/FakeVideo-RealAudio/Asian (East)/women/id01451,FakeAVCeleb_v1.2/FakeVideo-RealAudio/Asian (East)/women/id01451/00099_id00582_wavtolip.mp4,../data/raw/FakeAVCeleb_v1.2/FakeVideo-RealAudio/Asian (East)/women/id01451/00099_id00582_wavtolip.mp4,1170_FakeVideo-RealAudio,4,True,../data/processed/frames,../data/processed/audio/1170_FakeVideo-RealAudio.wav
id06388,id05620,-,wav2lip,C,FakeVideo-RealAudio,Asian (East),women,00005_id05620_wavtolip.mp4,FakeAVCeleb/FakeVideo-RealAudio/Asian (East)/women/id06388,FakeAVCeleb_v1.2/FakeVideo-RealAudio/Asian (East)/women/id06388/00005_id05620_wavtolip.mp4,../data/raw/FakeAVCeleb_v1.2/FakeVideo-RealAudio/Asian (East)/women/id06388/00005_id05620_wavtolip.mp4,1171_FakeVideo-RealAudio,5,True,../data/processed/frames,../data/processed/audio/1171_FakeVideo-RealAudio.wav
id06152,-,-,faceswap,C,FakeVideo-RealAudio,Asian (East),men,06152.mp4,FakeAVCeleb/FakeVideo-RealAudio/Asian (East)/men/id06152,FakeAVCeleb_v1.2/FakeVideo-RealAudio/Asian (East)/men/id06152/06152.mp4,../data/raw/FakeAVCeleb_v1.2/FakeVideo-RealAudio/Asian (East)/men/id06152/06152.mp4,1172_FakeVideo-RealAudio,5,True,../data/processed/frames,../data/processed/audio/1172_FakeVideo-RealAudio.wav
id00835,id01223,-,fsgan,C,FakeVideo-RealAudio,Caucasian (American),women,00195_id01223_TO3ym8Gwp7k.mp4,FakeAVCeleb/FakeVideo-RealAudio/Caucasian (American)/women/id00835,FakeAVCeleb_v1.2/FakeVideo-RealAudio/Caucasian (American)/women/id00835/00195_id01223_TO3ym8Gwp7k.mp4,../data/raw/FakeAVCeleb_v1.2/FakeVideo-RealAudio/Caucasian (American)/women/id00835/00195_id01223_TO3ym8Gwp7k.mp4,1173_FakeVideo-RealAudio,5,True,../data/processed/frames,../data/processed/audio/1173_FakeVideo-RealAudio.wav
id00088,id03525,-,wav2lip,C,FakeVideo-RealAudio,Caucasian (American),men,00005_id03525_wavtolip.mp4,FakeAVCeleb/FakeVideo-RealAudio/Caucasian (American)/men/id00088,FakeAVCeleb_v1.2/FakeVideo-RealAudio/Caucasian (American)/men/id00088/00005_id03525_wavtolip.mp4,../data/raw/FakeAVCeleb_v1.2/FakeVideo-RealAudio/Caucasian (American)/men/id00088/00005_id03525_wavtolip.mp4,1174_FakeVideo-RealAudio,3,True,../data/processed/frames,../data/processed/audio/1174_FakeVideo-RealAudio.wav
id02553,3.mp4,-,faceswap,C,FakeVideo-RealAudio,Asian (East),men,00043_3.mp4,FakeAVCeleb/FakeVideo-RealAudio/Asian (East)/men/id02553,FakeAVCeleb_v1.2/FakeVideo-RealAudio/Asian (East)/men/id02553/00043_3.mp4,../data/raw/FakeAVCeleb_v1.2/FakeVideo-RealAudio/Asian (East)/men/id02553/00043_3.mp4,1175_FakeVideo-RealAudio,5,True,../data/processed/frames,../data/processed/audio/1175_FakeVideo-RealAudio.wav
id02619,id00461,-,fsgan,C,FakeVideo-RealAudio,Asian (South),women,00015_id00461_Ort9NW3SJU4.mp4,FakeAVCeleb/FakeVideo-RealAudio/Asian (South)/women/id02619,FakeAVCeleb_v1.2/FakeVideo-RealAudio/Asian (South)/women/id02619/00015_id00461_Ort9NW3SJU4.mp4,../data/raw/FakeAVCeleb_v1.2/FakeVideo-RealAudio/Asian (South)/women/id02619/00015_id00461_Ort9NW3SJU4.mp4,1176_FakeVideo-RealAudio,5,True,../data/processed/frames,../data/processed/audio/1176_FakeVideo-RealAudio.wav
id00694,id00559,-,wav2lip,C,FakeVideo-RealAudio,Caucasian (European),men,00340_id00559_wavtolip.mp4,FakeAVCeleb/FakeVideo-RealAudio/Caucasian (European)/men/id00694,FakeAVCeleb_v1.2/FakeVideo-RealAudio/Caucasian (European)/men/id00694/00340_id00559_wavtolip.mp4,../data/raw/FakeAVCeleb_v1.2/FakeVideo-RealAudio/Caucasian (European)/men/id00694/00340_id00559_wavtolip.mp4,1177_FakeVideo-RealAudio,5,True,../data/processed/frames,../data/processed/audio/1177_FakeVideo-RealAudio.wav
id07051,id00461,-,wav2lip,C,FakeVideo-RealAudio,Asian (South),women,00083_id00461_wavtolip.mp4,FakeAVCeleb/FakeVideo-RealAudio/Asian (South)/women/id07051,FakeAVCeleb_v1.2/FakeVideo-RealAudio/Asian (South)/women/id07051/00083_id00461_wavtolip.mp4,../data/raw/FakeAVCeleb_v1.2/FakeVideo-RealAudio/Asian (South)/women/id07051/00083_id00461_wavtolip.mp4,1178_FakeVideo-RealAudio,5,True,../data/processed/frames,../data/processed/audio/1178_FakeVideo-RealAudio.wav
id00747,id06254,-,wav2lip,C,FakeVideo-RealAudio,Asian (South),women,00053_id06254_wavtolip.mp4,FakeAVCeleb/FakeVideo-RealAudio/Asian (South)/women/id00747,FakeAVCeleb_v1.2/FakeVideo-RealAudio/Asian (South)/women/id00747/00053_id06254_wavtolip.mp4,../data/raw/FakeAVCeleb_v1.2/FakeVideo-RealAudio/Asian (South)/women/id00747/00053_id06254_wavtolip.mp4,1179_FakeVideo-RealAudio,5,True,../data/processed/frames,../data/processed/audio/1179_FakeVideo-RealAudio.wav
id00616,id00381,-,fsgan,C,FakeVideo-RealAudio,Caucasian (American),women,00305_id00381_79zqA0CZh8s.mp4,FakeAVCeleb/FakeVideo-RealAudio/Caucasian (American)/women/id00616,FakeAVCeleb_v1.2/FakeVideo-RealAudio/Caucasian (American)/women/id00616/00305_id00381_79zqA0CZh8s.mp4,../data/raw/FakeAVCeleb_v1.2/FakeVideo-RealAudio/Caucasian (American)/women/id00616/00305_id00381_79zqA0CZh8s.mp4,1180_FakeVideo-RealAudio,5,True,../data/processed/frames,../data/processed/audio/1180_FakeVideo-RealAudio.wav
id05845,id06445,-,wav2lip,C,FakeVideo-RealAudio,Asian (South),women,00027_id06445_wavtolip.mp4,FakeAVCeleb/FakeVideo-RealAudio/Asian (South)/women/id05845,FakeAVCeleb_v1.2/FakeVideo-RealAudio/Asian (South)/women/id05845/00027_id06445_wavtolip.mp4,../data/raw/FakeAVCeleb_v1.2/FakeVideo-RealAudio/Asian (South)/women/id05845/00027_id06445_wavtolip.mp4,1181_FakeVideo-RealAudio,5,True,../data/processed/frames,../data/processed/audio/1181_FakeVideo-RealAudio.wav
id01598,id01597,-,fsgan,C,FakeVideo-RealAudio,African,men,00044_id01597_52WEZxe4_GE.mp4,FakeAVCeleb/FakeVideo-RealAudio/African/men/id01598,FakeAVCeleb_v1.2/FakeVideo-RealAudio/African/men/id01598/00044_id01597_52WEZxe4_GE.mp4,../data/raw/FakeAVCeleb_v1.2/FakeVideo-RealAudio/African/men/id01598/00044_id01597_52WEZxe4_GE.mp4,1182_FakeVideo-RealAudio,5,True,../data/processed/frames,../data/processed/audio/1182_FakeVideo-RealAudio.wav
id00594,id00520,-,wav2lip,C,FakeVideo-RealAudio,Caucasian (European),men,00005_id00520_wavtolip.mp4,FakeAVCeleb/FakeVideo-RealAudio/Caucasian (European)/men/id00594,FakeAVCeleb_v1.2/FakeVideo-RealAudio/Caucasian (European)/men/id00594/00005_id00520_wavtolip.mp4,../data/raw/FakeAVCeleb_v1.2/FakeVideo-RealAudio/Caucasian (European)/men/id00594/00005_id00520_wavtolip.mp4,1183_FakeVideo-RealAudio,5,True,../data/processed/frames,../data/processed/audio/1183_FakeVideo-RealAudio.wav
id03103,id04547,-,fsgan,C,FakeVideo-RealAudio,African,women,00130_id04547_3Qy2g2M47Aw.mp4,FakeAVCeleb/FakeVideo-RealAudio/African/women/id03103,FakeAVCeleb_v1.2/FakeVideo-RealAudio/African/women/id03103/00130_id04547_3Qy2g2M47Aw.mp4,../data/raw/FakeAVCeleb_v1.2/FakeVideo-RealAudio/African/women/id03103/00130_id04547_3Qy2g2M47Aw.mp4,1184_FakeVideo-RealAudio,5,True,../data/processed/frames,../data/processed/audio/1184_FakeVideo-RealAudio.wav
id01212,id04726,-,fsgan,C,FakeVideo-RealAudio,Asian (East),men,00183_id04726_i72-Hb0jayI.mp4,FakeAVCeleb/FakeVideo-RealAudio/Asian (East)/men/id01212,FakeAVCeleb_v1.2/FakeVideo-RealAudio/Asian (East)/men/id01212/00183_id04726_i72-Hb0jayI.mp4,../data/raw/FakeAVCeleb_v1.2/FakeVideo-RealAudio/Asian (East)/men/id01212/00183_id04726_i72-Hb0jayI.mp4,1185_FakeVideo-RealAudio,2,True,../data/processed/frames,../data/processed/audio/1185_FakeVideo-RealAudio.wav
id01598,id00987,-,wav2lip,C,FakeVideo-RealAudio,African,men,00044_id00987_wavtolip.mp4,FakeAVCeleb/FakeVideo-RealAudio/African/men/id01598,FakeAVCeleb_v1.2/FakeVideo-RealAudio/African/men/id01598/00044_id00987_wavtolip.mp4,../data/raw/FakeAVCeleb_v1.2/FakeVideo-RealAudio/African/men/id01598/00044_id00987_wavtolip.mp4,1186_FakeVideo-RealAudio,3,True,../data/processed/frames,../data/processed/audio/1186_FakeVideo-RealAudio.wav
id00025,id03781,-,fsgan,C,FakeVideo-RealAudio,Caucasian (American),women,00025_id03781_jbHfYGVNqTg.mp4,FakeAVCeleb/FakeVideo-RealAudio/Caucasian (American)/women/id00025,FakeAVCeleb_v1.2/FakeVideo-RealAudio/Caucasian (American)/women/id00025/00025_id03781_jbHfYGVNqTg.mp4,../data/raw/FakeAVCeleb_v1.2/FakeVideo-RealAudio/Caucasian (American)/women/id00025/00025_id03781_jbHfYGVNqTg.mp4,1187_FakeVideo-RealAudio,5,True,../data/processed/frames,../data/processed/audio/1187_FakeVideo-RealAudio.wav
id07102,id00056,-,fsgan,C,FakeVideo-RealAudio,Asian (East),men,00052_id00056_GUh0mNVw0U8.mp4,FakeAVCeleb/FakeVideo-RealAudio/Asian (East)/men/id07102,FakeAVCeleb_v1.2/FakeVideo-RealAudio/Asian (East)/men/id07102/00052_id00056_GUh0mNVw0U8.mp4,../data/raw/FakeAVCeleb_v1.2/FakeVideo-RealAudio/Asian (East)/men/id07102/00052_id00056_GUh0mNVw0U8.mp4,1188_FakeVideo-RealAudio,3,True,../data/processed/frames,../data/processed/audio/1188_FakeVideo-RealAudio.wav
id01637,id01544,-,wav2lip,C,FakeVideo-RealAudio,African,men,00002_id01544_wavtolip.mp4,FakeAVCeleb/FakeVideo-RealAudio/African/men/id01637,FakeAVCeleb_v1.2/FakeVideo-RealAudio/African/men/id01637/00002_id01544_wavtolip.mp4,../data/raw/FakeAVCeleb_v1.2/FakeVideo-RealAudio/African/men/id01637/00002_id01544_wavtolip.mp4,1189_FakeVideo-RealAudio,4,True,../data/processed/frames,../data/processed/audio/1189_FakeVideo-RealAudio.wav
id01683,id04884,-,fsgan,C,FakeVideo-RealAudio,Asian (East),men,00052_id04884_eq_wk7h1Gzo.mp4,FakeAVCeleb/FakeVideo-RealAudio/Asian (East)/men/id01683,FakeAVCeleb_v1.2/FakeVideo-RealAudio/Asian (East)/men/id01683/00052_id04884_eq_wk7h1Gzo.mp4,../data/raw/FakeAVCeleb_v1.2/FakeVideo-RealAudio/Asian (East)/men/id01683/00052_id04884_eq_wk7h1Gzo.mp4,1190_FakeVideo-RealAudio,5,True,../data/processed/frames,../data/processed/audio/1190_FakeVideo-RealAudio.wav
id00185,id00498,-,wav2lip,C,FakeVideo-RealAudio,Caucasian (European),men,00015_id00498_wavtolip.mp4,FakeAVCeleb/FakeVideo-RealAudio/Caucasian (European)/men/id00185,FakeAVCeleb_v1.2/FakeVideo-RealAudio/Caucasian (European)/men/id00185/00015_id00498_wavtolip.mp4,../data/raw/FakeAVCeleb_v1.2/FakeVideo-RealAudio/Caucasian (European)/men/id00185/00015_id00498_wavtolip.mp4,1191_FakeVideo-RealAudio,4,True,../data/processed/frames,../data/processed/audio/1191_FakeVideo-RealAudio.wav
id03716,id03651,-,fsgan,C,FakeVideo-RealAudio,Caucasian (European),women,00040_id03651_EjcoRkL6loI.mp4,FakeAVCeleb/FakeVideo-RealAudio/Caucasian (European)/women/id03716,FakeAVCeleb_v1.2/FakeVideo-RealAudio/Caucasian (European)/women/id03716/00040_id03651_EjcoRkL6loI.mp4,../data/raw/FakeAVCeleb_v1.2/FakeVideo-RealAudio/Caucasian (European)/women/id03716/00040_id03651_EjcoRkL6loI.mp4,1192_FakeVideo-RealAudio,4,True,../data/processed/frames,../data/processed/audio/1192_FakeVideo-RealAudio.wav
id01036,id01920,-,wav2lip,C,FakeVideo-RealAudio,African,men,00010_id01920_wavtolip.mp4,FakeAVCeleb/FakeVideo-RealAudio/African/men/id01036,FakeAVCeleb_v1.2/FakeVideo-RealAudio/African/men/id01036/00010_id01920_wavtolip.mp4,../data/raw/FakeAVCeleb_v1.2/FakeVideo-RealAudio/African/men/id01036/00010_id01920_wavtolip.mp4,1193_FakeVideo-RealAudio,3,True,../data/processed/frames,../data/processed/audio/1193_FakeVideo-RealAudio.wav
id00231,id00100,-,wav2lip,C,FakeVideo-RealAudio,Caucasian (American),women,00037_id00100_wavtolip.mp4,FakeAVCeleb/FakeVideo-RealAudio/Caucasian (American)/women/id00231,FakeAVCeleb_v1.2/FakeVideo-RealAudio/Caucasian (American)/women/id00231/00037_id00100_wavtolip.mp4,../data/raw/FakeAVCeleb_v1.2/FakeVideo-RealAudio/Caucasian (American)/women/id00231/00037_id00100_wavtolip.mp4,1194_FakeVideo-RealAudio,3,True,../data/processed/frames,../data/processed/audio/1194_FakeVideo-RealAudio.wav
id03858,id00484,-,wav2lip,C,FakeVideo-RealAudio,Caucasian (European),women,00092_id00484_wavtolip.mp4,FakeAVCeleb/FakeVideo-RealAudio/Caucasian (European)/women/id03858,FakeAVCeleb_v1.2/FakeVideo-RealAudio/Caucasian (European)/women/id03858/00092_id00484_wavtolip.mp4,../data/raw/FakeAVCeleb_v1.2/FakeVideo-RealAudio/Caucasian (European)/women/id03858/00092_id00484_wavtolip.mp4,1195_FakeVideo-RealAudio,3,True,../data/processed/frames,../data/processed/audio/1195_FakeVideo-RealAudio.wav
id03379,id09125,-,wav2lip,C,FakeVideo-RealAudio,Asian (East),women,00032_id09125_wavtolip.mp4,FakeAVCeleb/FakeVideo-RealAudio/Asian (East)/women/id03379,FakeAVCeleb_v1.2/FakeVideo-RealAudio/Asian (East)/women/id03379/00032_id09125_wavtolip.mp4,../data/raw/FakeAVCeleb_v1.2/FakeVideo-RealAudio/Asian (East)/women/id03379/00032_id09125_wavtolip.mp4,1196_FakeVideo-RealAudio,3,True,../data/processed/frames,../data/processed/audio/1196_FakeVideo-RealAudio.wav
id01156,id00241,-,wav2lip,C,FakeVideo-RealAudio,Caucasian (European),men,00078_id00241_wavtolip.mp4,FakeAVCeleb/FakeVideo-RealAudio/Caucasian (European)/men/id01156,FakeAVCeleb_v1.2/FakeVideo-RealAudio/Caucasian (European)/men/id01156/00078_id00241_wavtolip.mp4,../data/raw/FakeAVCeleb_v1.2/FakeVideo-RealAudio/Caucasian (European)/men/id01156/00078_id00241_wavtolip.mp4,1197_FakeVideo-RealAudio,5,True,../data/processed/frames,../data/processed/audio/1197_FakeVideo-RealAudio.wav
id00272,id01217,-,wav2lip,C,FakeVideo-RealAudio,Caucasian (American),women,00195_id01217_wavtolip.mp4,FakeAVCeleb/FakeVideo-RealAudio/Caucasian (American)/women/id00272,FakeAVCeleb_v1.2/FakeVideo-RealAudio/Caucasian (American)/women/id00272/00195_id01217_wavtolip.mp4,../data/raw/FakeAVCeleb_v1.2/FakeVideo-RealAudio/Caucasian (American)/women/id00272/00195_id01217_wavtolip.mp4,1198_FakeVideo-RealAudio,5,True,../data/processed/frames,../data/processed/audio/1198_FakeVideo-RealAudio.wav
id07049,id01026,-,fsgan,C,FakeVideo-RealAudio,Asian (South),women,00043_id01026_rM4ZERt7oM0.mp4,FakeAVCeleb/FakeVideo-RealAudio/Asian (South)/women/id07049,FakeAVCeleb_v1.2/FakeVideo-RealAudio/Asian (South)/women/id07049/00043_id01026_rM4ZERt7oM0.mp4,../data/raw/FakeAVCeleb_v1.2/FakeVideo-RealAudio/Asian (South)/women/id07049/00043_id01026_rM4ZERt7oM0.mp4,1199_FakeVideo-RealAudio,4,True,../data/processed/frames,../data/processed/audio/1199_FakeVideo-RealAudio.wav
id00594,id01058,-,wav2lip,C,FakeVideo-RealAudio,Caucasian (European),men,00005_id01058_wavtolip.mp4,FakeAVCeleb/FakeVideo-RealAudio/Caucasian (European)/men/id00594,FakeAVCeleb_v1.2/FakeVideo-RealAudio/Caucasian (European)/men/id00594/00005_id01058_wavtolip.mp4,../data/raw/FakeAVCeleb_v1.2/FakeVideo-RealAudio/Caucasian (European)/men/id00594/00005_id01058_wavtolip.mp4,1200_FakeVideo-RealAudio,5,True,../data/processed/frames,../data/processed/audio/1200_FakeVideo-RealAudio.wav
id04736,id01178,-,wav2lip,C,FakeVideo-RealAudio,African,women,00083_id01178_wavtolip.mp4,FakeAVCeleb/FakeVideo-RealAudio/African/women/id04736,FakeAVCeleb_v1.2/FakeVideo-RealAudio/African/women/id04736/00083_id01178_wavtolip.mp4,../data/raw/FakeAVCeleb_v1.2/FakeVideo-RealAudio/African/women/id04736/00083_id01178_wavtolip.mp4,1201_FakeVideo-RealAudio,5,True,../data/processed/frames,../data/processed/audio/1201_FakeVideo-RealAudio.wav
id01217,id00145,-,wav2lip,C,FakeVideo-RealAudio,Caucasian (American),women,00005_id00145_wavtolip.mp4,FakeAVCeleb/FakeVideo-RealAudio/Caucasian (American)/women/id01217,FakeAVCeleb_v1.2/FakeVideo-RealAudio/Caucasian (American)/women/id01217/00005_id00145_wavtolip.mp4,../data/raw/FakeAVCeleb_v1.2/FakeVideo-RealAudio/Caucasian (American)/women/id01217/00005_id00145_wavtolip.mp4,1202_FakeVideo-RealAudio,5,True,../data/processed/frames,../data/processed/audio/1202_FakeVideo-RealAudio.wav
id04564,id01026,-,wav2lip,C,FakeVideo-RealAudio,Asian (South),women,00417_id01026_wavtolip.mp4,FakeAVCeleb/FakeVideo-RealAudio/Asian (South)/women/id04564,FakeAVCeleb_v1.2/FakeVideo-RealAudio/Asian (South)/women/id04564/00417_id01026_wavtolip.mp4,../data/raw/FakeAVCeleb_v1.2/FakeVideo-RealAudio/Asian (South)/women/id04564/00417_id01026_wavtolip.mp4,1203_FakeVideo-RealAudio,5,True,../data/processed/frames,../data/processed/audio/1203_FakeVideo-RealAudio.wav
id05920,id00488,-,wav2lip,C,FakeVideo-RealAudio,Asian (South),women,00161_id00488_wavtolip.mp4,FakeAVCeleb/FakeVideo-RealAudio/Asian (South)/women/id05920,FakeAVCeleb_v1.2/FakeVideo-RealAudio/Asian (South)/women/id05920/00161_id00488_wavtolip.mp4,../data/raw/FakeAVCeleb_v1.2/FakeVideo-RealAudio/Asian (South)/women/id05920/00161_id00488_wavtolip.mp4,1204_FakeVideo-RealAudio,5,True,../data/processed/frames,../data/processed/audio/1204_FakeVideo-RealAudio.wav
id04928,id04560,-,faceswap,C,FakeVideo-RealAudio,Asian (South),men,00027_id04560_RlpdjaEmxXQ_faceswap.mp4,FakeAVCeleb/FakeVideo-RealAudio/Asian (South)/men/id04928,FakeAVCeleb_v1.2/FakeVideo-RealAudio/Asian (South)/men/id04928/00027_id04560_RlpdjaEmxXQ_faceswap.mp4,../data/raw/FakeAVCeleb_v1.2/FakeVideo-RealAudio/Asian (South)/men/id04928/00027_id04560_RlpdjaEmxXQ_faceswap.mp4,1205_FakeVideo-RealAudio,5,True,../data/processed/frames,../data/processed/audio/1205_FakeVideo-RealAudio.wav
id00076,12.mp4,-,faceswap,C,FakeVideo-RealAudio,African,men,00109_12.mp4,FakeAVCeleb/FakeVideo-RealAudio/African/men/id00076,FakeAVCeleb_v1.2/FakeVideo-RealAudio/African/men/id00076/00109_12.mp4,../data/raw/FakeAVCeleb_v1.2/FakeVideo-RealAudio/African/men/id00076/00109_12.mp4,1206_FakeVideo-RealAudio,5,True,../data/processed/frames,../data/processed/audio/1206_FakeVideo-RealAudio.wav
id00145,id01005,-,wav2lip,C,FakeVideo-RealAudio,Caucasian (American),women,00043_id01005_wavtolip.mp4,FakeAVCeleb/FakeVideo-RealAudio/Caucasian (American)/women/id00145,FakeAVCeleb_v1.2/FakeVideo-RealAudio/Caucasian (American)/women/id00145/00043_id01005_wavtolip.mp4,../data/raw/FakeAVCeleb_v1.2/FakeVideo-RealAudio/Caucasian (American)/women/id00145/00043_id01005_wavtolip.mp4,1207_FakeVideo-RealAudio,4,True,../data/processed/frames,../data/processed/audio/1207_FakeVideo-RealAudio.wav
id01004,id00428,-,fsgan,C,FakeVideo-RealAudio,Caucasian (American),women,00028_id00428_Kr7n-68JWww.mp4,FakeAVCeleb/FakeVideo-RealAudio/Caucasian (American)/women/id01004,FakeAVCeleb_v1.2/FakeVideo-RealAudio/Caucasian (American)/women/id01004/00028_id00428_Kr7n-68JWww.mp4,../data/raw/FakeAVCeleb_v1.2/FakeVideo-RealAudio/Caucasian (American)/women/id01004/00028_id00428_Kr7n-68JWww.mp4,1208_FakeVideo-RealAudio,5,True,../data/processed/frames,../data/processed/audio/1208_FakeVideo-RealAudio.wav
id01783,id04374,-,wav2lip,C,FakeVideo-RealAudio,African,women,00015_id04374_wavtolip.mp4,FakeAVCeleb/FakeVideo-RealAudio/African/women/id01783,FakeAVCeleb_v1.2/FakeVideo-RealAudio/African/women/id01783/00015_id04374_wavtolip.mp4,../data/raw/FakeAVCeleb_v1.2/FakeVideo-RealAudio/African/women/id01783/00015_id04374_wavtolip.mp4,1209_FakeVideo-RealAudio,4,True,../data/processed/frames,../data/processed/audio/1209_FakeVideo-RealAudio.wav
id01051,id00186,-,fsgan,C,FakeVideo-RealAudio,Caucasian (European),men,00322_id00186_KTjDxHTlzg0.mp4,FakeAVCeleb/FakeVideo-RealAudio/Caucasian (European)/men/id01051,FakeAVCeleb_v1.2/FakeVideo-RealAudio/Caucasian (European)/men/id01051/00322_id00186_KTjDxHTlzg0.mp4,../data/raw/FakeAVCeleb_v1.2/FakeVideo-RealAudio/Caucasian (European)/men/id01051/00322_id00186_KTjDxHTlzg0.mp4,1210_FakeVideo-RealAudio,5,True,../data/processed/frames,../data/processed/audio/1210_FakeVideo-RealAudio.wav
id00945,id01105,-,wav2lip,C,FakeVideo-RealAudio,Caucasian (American),men,00107_id01105_wavtolip.mp4,FakeAVCeleb/FakeVideo-RealAudio/Caucasian (American)/men/id00945,FakeAVCeleb_v1.2/FakeVideo-RealAudio/Caucasian (American)/men/id00945/00107_id01105_wavtolip.mp4,../data/raw/FakeAVCeleb_v1.2/FakeVideo-RealAudio/Caucasian (American)/men/id00945/00107_id01105_wavtolip.mp4,1211_FakeVideo-RealAudio,5,True,../data/processed/frames,../data/processed/audio/1211_FakeVideo-RealAudio.wav
id03599,id00414,-,wav2lip,C,FakeVideo-RealAudio,Asian (South),men,00072_id00414_wavtolip.mp4,FakeAVCeleb/FakeVideo-RealAudio/Asian (South)/men/id03599,FakeAVCeleb_v1.2/FakeVideo-RealAudio/Asian (South)/men/id03599/00072_id00414_wavtolip.mp4,../data/raw/FakeAVCeleb_v1.2/FakeVideo-RealAudio/Asian (South)/men/id03599/00072_id00414_wavtolip.mp4,1212_FakeVideo-RealAudio,5,True,../data/processed/frames,../data/processed/audio/1212_FakeVideo-RealAudio.wav
id01123,id00282,-,fsgan,C,FakeVideo-RealAudio,Caucasian (European),men,00072_id00282_iTsqWj6GEbo.mp4,FakeAVCeleb/FakeVideo-RealAudio/Caucasian (European)/men/id01123,FakeAVCeleb_v1.2/FakeVideo-RealAudio/Caucasian (European)/men/id01123/00072_id00282_iTsqWj6GEbo.mp4,../data/raw/FakeAVCeleb_v1.2/FakeVideo-RealAudio/Caucasian (European)/men/id01123/00072_id00282_iTsqWj6GEbo.mp4,1213_FakeVideo-RealAudio,4,True,../data/processed/frames,../data/processed/audio/1213_FakeVideo-RealAudio.wav
id01451,id01451,-,wav2lip,C,FakeVideo-RealAudio,Asian (East),women,00099_id01451_wavtolip.mp4,FakeAVCeleb/FakeVideo-RealAudio/Asian (East)/women/id01451,FakeAVCeleb_v1.2/FakeVideo-RealAudio/Asian (East)/women/id01451/00099_id01451_wavtolip.mp4,../data/raw/FakeAVCeleb_v1.2/FakeVideo-RealAudio/Asian (East)/women/id01451/00099_id01451_wavtolip.mp4,1214_FakeVideo-RealAudio,4,True,../data/processed/frames,../data/processed/audio/1214_FakeVideo-RealAudio.wav
id01212,id06269,-,faceswap,C,FakeVideo-RealAudio,Asian (East),men,00183_id06269_Jm9bEizIGBE_faceswap.mp4,FakeAVCeleb/FakeVideo-RealAudio/Asian (East)/men/id01212,FakeAVCeleb_v1.2/FakeVideo-RealAudio/Asian (East)/men/id01212/00183_id06269_Jm9bEizIGBE_faceswap.mp4,../data/raw/FakeAVCeleb_v1.2/FakeVideo-RealAudio/Asian (East)/men/id01212/00183_id06269_Jm9bEizIGBE_faceswap.mp4,1215_FakeVideo-RealAudio,3,True,../data/processed/frames,../data/processed/audio/1215_FakeVideo-RealAudio.wav
id00358,id00548,-,wav2lip,C,FakeVideo-RealAudio,Caucasian (European),men,00217_id00548_wavtolip.mp4,FakeAVCeleb/FakeVideo-RealAudio/Caucasian (European)/men/id00358,FakeAVCeleb_v1.2/FakeVideo-RealAudio/Caucasian (European)/men/id00358/00217_id00548_wavtolip.mp4,../data/raw/FakeAVCeleb_v1.2/FakeVideo-RealAudio/Caucasian (European)/men/id00358/00217_id00548_wavtolip.mp4,1216_FakeVideo-RealAudio,5,True,../data/processed/frames,../data/processed/audio/1216_FakeVideo-RealAudio.wav
id01597,id00830,-,fsgan,C,FakeVideo-RealAudio,African,men,00005_id00830_rfl3Teg9uew.mp4,FakeAVCeleb/FakeVideo-RealAudio/African/men/id01597,FakeAVCeleb_v1.2/FakeVideo-RealAudio/African/men/id01597/00005_id00830_rfl3Teg9uew.mp4,../data/raw/FakeAVCeleb_v1.2/FakeVideo-RealAudio/African/men/id01597/00005_id00830_rfl3Teg9uew.mp4,1217_FakeVideo-RealAudio,3,True,../data/processed/frames,../data/processed/audio/1217_FakeVideo-RealAudio.wav
id02721,id02948,-,fsgan,C,FakeVideo-RealAudio,African,women,00424_id02948__ZEDGNWjuFE.mp4,FakeAVCeleb/FakeVideo-RealAudio/African/women/id02721,FakeAVCeleb_v1.2/FakeVideo-RealAudio/African/women/id02721/00424_id02948__ZEDGNWjuFE.mp4,../data/raw/FakeAVCeleb_v1.2/FakeVideo-RealAudio/African/women/id02721/00424_id02948__ZEDGNWjuFE.mp4,1218_FakeVideo-RealAudio,4,True,../data/processed/frames,../data/processed/audio/1218_FakeVideo-RealAudio.wav
id00842,id00752,-,wav2lip,C,FakeVideo-RealAudio,Caucasian (American),women,00043_id00752_wavtolip.mp4,FakeAVCeleb/FakeVideo-RealAudio/Caucasian (American)/women/id00842,FakeAVCeleb_v1.2/FakeVideo-RealAudio/Caucasian (American)/women/id00842/00043_id00752_wavtolip.mp4,../data/raw/FakeAVCeleb_v1.2/FakeVideo-RealAudio/Caucasian (American)/women/id00842/00043_id00752_wavtolip.mp4,1219_FakeVideo-RealAudio,5,True,../data/processed/frames,../data/processed/audio/1219_FakeVideo-RealAudio.wav
id00740,id09143,-,wav2lip,C,FakeVideo-RealAudio,Asian (East),men,00015_id09143_wavtolip.mp4,FakeAVCeleb/FakeVideo-RealAudio/Asian (East)/men/id00740,FakeAVCeleb_v1.2/FakeVideo-RealAudio/Asian (East)/men/id00740/00015_id09143_wavtolip.mp4,../data/raw/FakeAVCeleb_v1.2/FakeVideo-RealAudio/Asian (East)/men/id00740/00015_id09143_wavtolip.mp4,1220_FakeVideo-RealAudio,5,True,../data/processed/frames,../data/processed/audio/1220_FakeVideo-RealAudio.wav
id07049,id06439,-,fsgan,C,FakeVideo-RealAudio,Asian (South),women,00043_id06439_h6KjOx7n15A.mp4,FakeAVCeleb/FakeVideo-RealAudio/Asian (South)/women/id07049,FakeAVCeleb_v1.2/FakeVideo-RealAudio/Asian (South)/women/id07049/00043_id06439_h6KjOx7n15A.mp4,../data/raw/FakeAVCeleb_v1.2/FakeVideo-RealAudio/Asian (South)/women/id07049/00043_id06439_h6KjOx7n15A.mp4,1221_FakeVideo-RealAudio,4,True,../data/processed/frames,../data/processed/audio/1221_FakeVideo-RealAudio.wav
id01091,id00291,-,wav2lip,C,FakeVideo-RealAudio,Caucasian (American),women,00236_id00291_wavtolip.mp4,FakeAVCeleb/FakeVideo-RealAudio/Caucasian (American)/women/id01091,FakeAVCeleb_v1.2/FakeVideo-RealAudio/Caucasian (American)/women/id01091/00236_id00291_wavtolip.mp4,../data/raw/FakeAVCeleb_v1.2/FakeVideo-RealAudio/Caucasian (American)/women/id01091/00236_id00291_wavtolip.mp4,1222_FakeVideo-RealAudio,5,True,../data/processed/frames,../data/processed/audio/1222_FakeVideo-RealAudio.wav
id00732,id00732,-,wav2lip,C,FakeVideo-RealAudio,Asian (South),men,00118_id00732_wavtolip.mp4,FakeAVCeleb/FakeVideo-RealAudio/Asian (South)/men/id00732,FakeAVCeleb_v1.2/FakeVideo-RealAudio/Asian (South)/men/id00732/00118_id00732_wavtolip.mp4,../data/raw/FakeAVCeleb_v1.2/FakeVideo-RealAudio/Asian (South)/men/id00732/00118_id00732_wavtolip.mp4,1223_FakeVideo-RealAudio,5,True,../data/processed/frames,../data/processed/audio/1223_FakeVideo-RealAudio.wav
id00232,id00287,-,fsgan,C,FakeVideo-RealAudio,Caucasian (European),women,00025_id00287_2NpfYjyMsPM.mp4,FakeAVCeleb/FakeVideo-RealAudio/Caucasian (European)/women/id00232,FakeAVCeleb_v1.2/FakeVideo-RealAudio/Caucasian (European)/women/id00232/00025_id00287_2NpfYjyMsPM.mp4,../data/raw/FakeAVCeleb_v1.2/FakeVideo-RealAudio/Caucasian (European)/women/id00232/00025_id00287_2NpfYjyMsPM.mp4,1224_FakeVideo-RealAudio,5,True,../data/processed/frames,../data/processed/audio/1224_FakeVideo-RealAudio.wav
id00018,id00243,-,fsgan,C,FakeVideo-RealAudio,Caucasian (American),men,00181_id00243_oWwEIXM3oZQ.mp4,FakeAVCeleb/FakeVideo-RealAudio/Caucasian (American)/men/id00018,FakeAVCeleb_v1.2/FakeVideo-RealAudio/Caucasian (American)/men/id00018/00181_id00243_oWwEIXM3oZQ.mp4,../data/raw/FakeAVCeleb_v1.2/FakeVideo-RealAudio/Caucasian (American)/men/id00018/00181_id00243_oWwEIXM3oZQ.mp4,1225_FakeVideo-RealAudio,5,True,../data/processed/frames,../data/processed/audio/1225_FakeVideo-RealAudio.wav
id00398,0.mp4,-,faceswap,C,FakeVideo-RealAudio,Caucasian (American),women,00016_0.mp4,FakeAVCeleb/FakeVideo-RealAudio/Caucasian (American)/women/id00398,FakeAVCeleb_v1.2/FakeVideo-RealAudio/Caucasian (American)/women/id00398/00016_0.mp4,../data/raw/FakeAVCeleb_v1.2/FakeVideo-RealAudio/Caucasian (American)/women/id00398/00016_0.mp4,1226_FakeVideo-RealAudio,5,True,../data/processed/frames,../data/processed/audio/1226_FakeVideo-RealAudio.wav
id01856,id00166,-,wav2lip,C,FakeVideo-RealAudio,African,men,00006_id00166_wavtolip.mp4,FakeAVCeleb/FakeVideo-RealAudio/African/men/id01856,FakeAVCeleb_v1.2/FakeVideo-RealAudio/African/men/id01856/00006_id00166_wavtolip.mp4,../data/raw/FakeAVCeleb_v1.2/FakeVideo-RealAudio/African/men/id01856/00006_id00166_wavtolip.mp4,1227_FakeVideo-RealAudio,3,True,../data/processed/frames,../data/processed/audio/1227_FakeVideo-RealAudio.wav
id05980,id01907,-,wav2lip,C,FakeVideo-RealAudio,African,women,00143_id01907_wavtolip.mp4,FakeAVCeleb/FakeVideo-RealAudio/African/women/id05980,FakeAVCeleb_v1.2/FakeVideo-RealAudio/African/women/id05980/00143_id01907_wavtolip.mp4,../data/raw/FakeAVCeleb_v1.2/FakeVideo-RealAudio/African/women/id05980/00143_id01907_wavtolip.mp4,1228_FakeVideo-RealAudio,5,True,../data/processed/frames,../data/processed/audio/1228_FakeVideo-RealAudio.wav
id00385,id00100,-,wav2lip,C,FakeVideo-RealAudio,Caucasian (American),women,00439_id00100_wavtolip.mp4,FakeAVCeleb/FakeVideo-RealAudio/Caucasian (American)/women/id00385,FakeAVCeleb_v1.2/FakeVideo-RealAudio/Caucasian (American)/women/id00385/00439_id00100_wavtolip.mp4,../data/raw/FakeAVCeleb_v1.2/FakeVideo-RealAudio/Caucasian (American)/women/id00385/00439_id00100_wavtolip.mp4,1229_FakeVideo-RealAudio,4,True,../data/processed/frames,../data/processed/audio/1229_FakeVideo-RealAudio.wav
id00366,id01691,-,fsgan,C,FakeVideo-RealAudio,African,men,00118_id01691_IVtS5z8Jrrk.mp4,FakeAVCeleb/FakeVideo-RealAudio/African/men/id00366,FakeAVCeleb_v1.2/FakeVideo-RealAudio/African/men/id00366/00118_id01691_IVtS5z8Jrrk.mp4,../data/raw/FakeAVCeleb_v1.2/FakeVideo-RealAudio/African/men/id00366/00118_id01691_IVtS5z8Jrrk.mp4,1230_FakeVideo-RealAudio,2,True,../data/processed/frames,../data/processed/audio/1230_FakeVideo-RealAudio.wav
id00461,id05435,-,wav2lip,C,FakeVideo-RealAudio,Asian (South),women,00043_id05435_wavtolip.mp4,FakeAVCeleb/FakeVideo-RealAudio/Asian (South)/women/id00461,FakeAVCeleb_v1.2/FakeVideo-RealAudio/Asian (South)/women/id00461/00043_id05435_wavtolip.mp4,../data/raw/FakeAVCeleb_v1.2/FakeVideo-RealAudio/Asian (South)/women/id00461/00043_id05435_wavtolip.mp4,1231_FakeVideo-RealAudio,5,True,../data/processed/frames,../data/processed/audio/1231_FakeVideo-RealAudio.wav
id00431,id00555,-,fsgan,C,FakeVideo-RealAudio,Caucasian (American),women,00039_id00555_4DWmIb1tFZQ.mp4,FakeAVCeleb/FakeVideo-RealAudio/Caucasian (American)/women/id00431,FakeAVCeleb_v1.2/FakeVideo-RealAudio/Caucasian (American)/women/id00431/00039_id00555_4DWmIb1tFZQ.mp4,../data/raw/FakeAVCeleb_v1.2/FakeVideo-RealAudio/Caucasian (American)/women/id00431/00039_id00555_4DWmIb1tFZQ.mp4,1232_FakeVideo-RealAudio,4,True,../data/processed/frames,../data/processed/audio/1232_FakeVideo-RealAudio.wav
id04939,id04705,-,wav2lip,C,FakeVideo-RealAudio,African,women,00174_id04705_wavtolip.mp4,FakeAVCeleb/FakeVideo-RealAudio/African/women/id04939,FakeAVCeleb_v1.2/FakeVideo-RealAudio/African/women/id04939/00174_id04705_wavtolip.mp4,../data/raw/FakeAVCeleb_v1.2/FakeVideo-RealAudio/African/women/id04939/00174_id04705_wavtolip.mp4,1233_FakeVideo-RealAudio,4,True,../data/processed/frames,../data/processed/audio/1233_FakeVideo-RealAudio.wav
id05576,id01281,-,wav2lip,C,FakeVideo-RealAudio,Asian (East),women,00368_id01281_wavtolip.mp4,FakeAVCeleb/FakeVideo-RealAudio/Asian (East)/women/id05576,FakeAVCeleb_v1.2/FakeVideo-RealAudio/Asian (East)/women/id05576/00368_id01281_wavtolip.mp4,../data/raw/FakeAVCeleb_v1.2/FakeVideo-RealAudio/Asian (East)/women/id05576/00368_id01281_wavtolip.mp4,1234_FakeVideo-RealAudio,5,True,../data/processed/frames,../data/processed/audio/1234_FakeVideo-RealAudio.wav
id00266,id00554,-,wav2lip,C,FakeVideo-RealAudio,Caucasian (European),men,00470_id00554_wavtolip.mp4,FakeAVCeleb/FakeVideo-RealAudio/Caucasian (European)/men/id00266,FakeAVCeleb_v1.2/FakeVideo-RealAudio/Caucasian (European)/men/id00266/00470_id00554_wavtolip.mp4,../data/raw/FakeAVCeleb_v1.2/FakeVideo-RealAudio/Caucasian (European)/men/id00266/00470_id00554_wavtolip.mp4,1235_FakeVideo-RealAudio,5,True,../data/processed/frames,../data/processed/audio/1235_FakeVideo-RealAudio.wav
id04221,id00087,-,wav2lip,C,FakeVideo-RealAudio,Caucasian (American),men,00053_id00087_wavtolip.mp4,FakeAVCeleb/FakeVideo-RealAudio/Caucasian (American)/men/id04221,FakeAVCeleb_v1.2/FakeVideo-RealAudio/Caucasian (American)/men/id04221/00053_id00087_wavtolip.mp4,../data/raw/FakeAVCeleb_v1.2/FakeVideo-RealAudio/Caucasian (American)/men/id04221/00053_id00087_wavtolip.mp4,1236_FakeVideo-RealAudio,5,True,../data/processed/frames,../data/processed/audio/1236_FakeVideo-RealAudio.wav
id02296,id02268,-,fsgan,C,FakeVideo-RealAudio,African,men,00019_id02268_irA9myDvW-I.mp4,FakeAVCeleb/FakeVideo-RealAudio/African/men/id02296,FakeAVCeleb_v1.2/FakeVideo-RealAudio/African/men/id02296/00019_id02268_irA9myDvW-I.mp4,../data/raw/FakeAVCeleb_v1.2/FakeVideo-RealAudio/African/men/id02296/00019_id02268_irA9myDvW-I.mp4,1237_FakeVideo-RealAudio,5,True,../data/processed/frames,../data/processed/audio/1237_FakeVideo-RealAudio.wav
id01123,id00358,-,wav2lip,C,FakeVideo-RealAudio,Caucasian (European),men,00072_id00358_wavtolip.mp4,FakeAVCeleb/FakeVideo-RealAudio/Caucasian (European)/men/id01123,FakeAVCeleb_v1.2/FakeVideo-RealAudio/Caucasian (European)/men/id01123/00072_id00358_wavtolip.mp4,../data/raw/FakeAVCeleb_v1.2/FakeVideo-RealAudio/Caucasian (European)/men/id01123/00072_id00358_wavtolip.mp4,1238_FakeVideo-RealAudio,4,True,../data/processed/frames,../data/processed/audio/1238_FakeVideo-RealAudio.wav
id04111,id04884,-,wav2lip,C,FakeVideo-RealAudio,Asian (East),men,00015_id04884_wavtolip.mp4,FakeAVCeleb/FakeVideo-RealAudio/Asian (East)/men/id04111,FakeAVCeleb_v1.2/FakeVideo-RealAudio/Asian (East)/men/id04111/00015_id04884_wavtolip.mp4,../data/raw/FakeAVCeleb_v1.2/FakeVideo-RealAudio/Asian (East)/men/id04111/00015_id04884_wavtolip.mp4,1239_FakeVideo-RealAudio,5,True,../data/processed/frames,../data/processed/audio/1239_FakeVideo-RealAudio.wav
id04414,id08139,-,wav2lip,C,FakeVideo-RealAudio,Asian (East),women,00001_id08139_wavtolip.mp4,FakeAVCeleb/FakeVideo-RealAudio/Asian (East)/women/id04414,FakeAVCeleb_v1.2/FakeVideo-RealAudio/Asian (East)/women/id04414/00001_id08139_wavtolip.mp4,../data/raw/FakeAVCeleb_v1.2/FakeVideo-RealAudio/Asian (East)/women/id04414/00001_id08139_wavtolip.mp4,1240_FakeVideo-RealAudio,5,True,../data/processed/frames,../data/processed/audio/1240_FakeVideo-RealAudio.wav
id04066,id05631,-,fsgan,C,FakeVideo-RealAudio,Asian (East),women,00013_id05631_xXRQCFAdR-0.mp4,FakeAVCeleb/FakeVideo-RealAudio/Asian (East)/women/id04066,FakeAVCeleb_v1.2/FakeVideo-RealAudio/Asian (East)/women/id04066/00013_id05631_xXRQCFAdR-0.mp4,../data/raw/FakeAVCeleb_v1.2/FakeVideo-RealAudio/Asian (East)/women/id04066/00013_id05631_xXRQCFAdR-0.mp4,1241_FakeVideo-RealAudio,5,True,../data/processed/frames,../data/processed/audio/1241_FakeVideo-RealAudio.wav
id00171,id00305,-,wav2lip,C,FakeVideo-RealAudio,Caucasian (European),men,00092_id00305_wavtolip.mp4,FakeAVCeleb/FakeVideo-RealAudio/Caucasian (European)/men/id00171,FakeAVCeleb_v1.2/FakeVideo-RealAudio/Caucasian (European)/men/id00171/00092_id00305_wavtolip.mp4,../data/raw/FakeAVCeleb_v1.2/FakeVideo-RealAudio/Caucasian (European)/men/id00171/00092_id00305_wavtolip.mp4,1242_FakeVideo-RealAudio,5,True,../data/processed/frames,../data/processed/audio/1242_FakeVideo-RealAudio.wav
id04245,id04540,-,fsgan,C,FakeVideo-RealAudio,African,women,00072_id04540_9KNIjew03AQ.mp4,FakeAVCeleb/FakeVideo-RealAudio/African/women/id04245,FakeAVCeleb_v1.2/FakeVideo-RealAudio/African/women/id04245/00072_id04540_9KNIjew03AQ.mp4,../data/raw/FakeAVCeleb_v1.2/FakeVideo-RealAudio/African/women/id04245/00072_id04540_9KNIjew03AQ.mp4,1243_FakeVideo-RealAudio,5,True,../data/processed/frames,../data/processed/audio/1243_FakeVideo-RealAudio.wav
id00291,id00385,-,fsgan,C,FakeVideo-RealAudio,Caucasian (American),women,00052_id00385_oqf8cNi7lOI.mp4,FakeAVCeleb/FakeVideo-RealAudio/Caucasian (American)/women/id00291,FakeAVCeleb_v1.2/FakeVideo-RealAudio/Caucasian (American)/women/id00291/00052_id00385_oqf8cNi7lOI.mp4,../data/raw/FakeAVCeleb_v1.2/FakeVideo-RealAudio/Caucasian (American)/women/id00291/00052_id00385_oqf8cNi7lOI.mp4,1244_FakeVideo-RealAudio,5,True,../data/processed/frames,../data/processed/audio/1244_FakeVideo-RealAudio.wav
id06776,id04789,-,wav2lip,C,FakeVideo-RealAudio,Asian (East),men,00021_id04789_wavtolip.mp4,FakeAVCeleb/FakeVideo-RealAudio/Asian (East)/men/id06776,FakeAVCeleb_v1.2/FakeVideo-RealAudio/Asian (East)/men/id06776/00021_id04789_wavtolip.mp4,../data/raw/FakeAVCeleb_v1.2/FakeVideo-RealAudio/Asian (East)/men/id06776/00021_id04789_wavtolip.mp4,1245_FakeVideo-RealAudio,4,True,../data/processed/frames,../data/processed/audio/1245_FakeVideo-RealAudio.wav
id00183,2.mp4,-,faceswap,C,FakeVideo-RealAudio,Caucasian (European),men,00015_2.mp4,FakeAVCeleb/FakeVideo-RealAudio/Caucasian (European)/men/id00183,FakeAVCeleb_v1.2/FakeVideo-RealAudio/Caucasian (European)/men/id00183/00015_2.mp4,../data/raw/FakeAVCeleb_v1.2/FakeVideo-RealAudio/Caucasian (European)/men/id00183/00015_2.mp4,1246_FakeVideo-RealAudio,5,True,../data/processed/frames,../data/processed/audio/1246_FakeVideo-RealAudio.wav
id00192,id00183,-,fsgan,C,FakeVideo-RealAudio,Caucasian (European),men,00078_id00183_z2DhZllPWUQ.mp4,FakeAVCeleb/FakeVideo-RealAudio/Caucasian (European)/men/id00192,FakeAVCeleb_v1.2/FakeVideo-RealAudio/Caucasian (European)/men/id00192/00078_id00183_z2DhZllPWUQ.mp4,../data/raw/FakeAVCeleb_v1.2/FakeVideo-RealAudio/Caucasian (European)/men/id00192/00078_id00183_z2DhZllPWUQ.mp4,1247_FakeVideo-RealAudio,5,True,../data/processed/frames,../data/processed/audio/1247_FakeVideo-RealAudio.wav
id00634,id03649,-,faceswap,C,FakeVideo-RealAudio,Caucasian (European),women,00078_id03649_389qfFqUddI_faceswap.mp4,FakeAVCeleb/FakeVideo-RealAudio/Caucasian (European)/women/id00634,FakeAVCeleb_v1.2/FakeVideo-RealAudio/Caucasian (European)/women/id00634/00078_id03649_389qfFqUddI_faceswap.mp4,../data/raw/FakeAVCeleb_v1.2/FakeVideo-RealAudio/Caucasian (European)/women/id00634/00078_id03649_389qfFqUddI_faceswap.mp4,1248_FakeVideo-RealAudio,5,True,../data/processed/frames,../data/processed/audio/1248_FakeVideo-RealAudio.wav
id00305,id01102,-,wav2lip,C,FakeVideo-RealAudio,Caucasian (European),men,00113_id01102_wavtolip.mp4,FakeAVCeleb/FakeVideo-RealAudio/Caucasian (European)/men/id00305,FakeAVCeleb_v1.2/FakeVideo-RealAudio/Caucasian (European)/men/id00305/00113_id01102_wavtolip.mp4,../data/raw/FakeAVCeleb_v1.2/FakeVideo-RealAudio/Caucasian (European)/men/id00305/00113_id01102_wavtolip.mp4,1250_FakeVideo-RealAudio,5,True,../data/processed/frames,../data/processed/audio/1250_FakeVideo-RealAudio.wav
id02005,id00166,-,fsgan,C,FakeVideo-RealAudio,African,men,00052_id00166_PQV2ZbJBLNk.mp4,FakeAVCeleb/FakeVideo-RealAudio/African/men/id02005,FakeAVCeleb_v1.2/FakeVideo-RealAudio/African/men/id02005/00052_id00166_PQV2ZbJBLNk.mp4,../data/raw/FakeAVCeleb_v1.2/FakeVideo-RealAudio/African/men/id02005/00052_id00166_PQV2ZbJBLNk.mp4,1251_FakeVideo-RealAudio,4,True,../data/processed/frames,../data/processed/audio/1251_FakeVideo-RealAudio.wav
id08613,-,-,faceswap,C,FakeVideo-RealAudio,Asian (East),men,00074.mp4,FakeAVCeleb/FakeVideo-RealAudio/Asian (East)/men/id08613,FakeAVCeleb_v1.2/FakeVideo-RealAudio/Asian (East)/men/id08613/00074.mp4,../data/raw/FakeAVCeleb_v1.2/FakeVideo-RealAudio/Asian (East)/men/id08613/00074.mp4,1252_FakeVideo-RealAudio,5,True,../data/processed/frames,../data/processed/audio/1252_FakeVideo-RealAudio.wav
id04437,id05106,-,wav2lip,C,FakeVideo-RealAudio,African,women,00002_id05106_wavtolip.mp4,FakeAVCeleb/FakeVideo-RealAudio/African/women/id04437,FakeAVCeleb_v1.2/FakeVideo-RealAudio/African/women/id04437/00002_id05106_wavtolip.mp4,../data/raw/FakeAVCeleb_v1.2/FakeVideo-RealAudio/African/women/id04437/00002_id05106_wavtolip.mp4,1253_FakeVideo-RealAudio,5,True,../data/processed/frames,../data/processed/audio/1253_FakeVideo-RealAudio.wav
id00460,id02071,-,fsgan,C,FakeVideo-RealAudio,African,women,00005_id02071_cHuDh9F87vA.mp4,FakeAVCeleb/FakeVideo-RealAudio/African/women/id00460,FakeAVCeleb_v1.2/FakeVideo-RealAudio/African/women/id00460/00005_id02071_cHuDh9F87vA.mp4,../data/raw/FakeAVCeleb_v1.2/FakeVideo-RealAudio/African/women/id00460/00005_id02071_cHuDh9F87vA.mp4,1254_FakeVideo-RealAudio,5,True,../data/processed/frames,../data/processed/audio/1254_FakeVideo-RealAudio.wav
id01225,id01245,-,fsgan,C,FakeVideo-RealAudio,Caucasian (American),women,00300_id01245_7pYBPczR_z0.mp4,FakeAVCeleb/FakeVideo-RealAudio/Caucasian (American)/women/id01225,FakeAVCeleb_v1.2/FakeVideo-RealAudio/Caucasian (American)/women/id01225/00300_id01245_7pYBPczR_z0.mp4,../data/raw/FakeAVCeleb_v1.2/FakeVideo-RealAudio/Caucasian (American)/women/id01225/00300_id01245_7pYBPczR_z0.mp4,1255_FakeVideo-RealAudio,3,True,../data/processed/frames,../data/processed/audio/1255_FakeVideo-RealAudio.wav
id04927,id04070,-,wav2lip,C,FakeVideo-RealAudio,Asian (South),women,00013_id04070_wavtolip.mp4,FakeAVCeleb/FakeVideo-RealAudio/Asian (South)/women/id04927,FakeAVCeleb_v1.2/FakeVideo-RealAudio/Asian (South)/women/id04927/00013_id04070_wavtolip.mp4,../data/raw/FakeAVCeleb_v1.2/FakeVideo-RealAudio/Asian (South)/women/id04927/00013_id04070_wavtolip.mp4,1256_FakeVideo-RealAudio,3,True,../data/processed/frames,../data/processed/audio/1256_FakeVideo-RealAudio.wav
id00368,id00946,-,wav2lip,C,FakeVideo-RealAudio,Caucasian (European),men,00078_id00946_wavtolip.mp4,FakeAVCeleb/FakeVideo-RealAudio/Caucasian (European)/men/id00368,FakeAVCeleb_v1.2/FakeVideo-RealAudio/Caucasian (European)/men/id00368/00078_id00946_wavtolip.mp4,../data/raw/FakeAVCeleb_v1.2/FakeVideo-RealAudio/Caucasian (European)/men/id00368/00078_id00946_wavtolip.mp4,1257_FakeVideo-RealAudio,5,True,../data/processed/frames,../data/processed/audio/1257_FakeVideo-RealAudio.wav
id02268,id01835,-,fsgan,C,FakeVideo-RealAudio,African,men,00036_id01835_UZbWA0QfXXA.mp4,FakeAVCeleb/FakeVideo-RealAudio/African/men/id02268,FakeAVCeleb_v1.2/FakeVideo-RealAudio/African/men/id02268/00036_id01835_UZbWA0QfXXA.mp4,../data/raw/FakeAVCeleb_v1.2/FakeVideo-RealAudio/African/men/id02268/00036_id01835_UZbWA0QfXXA.mp4,1258_FakeVideo-RealAudio,5,True,../data/processed/frames,../data/processed/audio/1258_FakeVideo-RealAudio.wav
id04582,id00417,-,fsgan,C,FakeVideo-RealAudio,Asian (South),women,00180_id00417_GhIZam3v09g.mp4,FakeAVCeleb/FakeVideo-RealAudio/Asian (South)/women/id04582,FakeAVCeleb_v1.2/FakeVideo-RealAudio/Asian (South)/women/id04582/00180_id00417_GhIZam3v09g.mp4,../data/raw/FakeAVCeleb_v1.2/FakeVideo-RealAudio/Asian (South)/women/id04582/00180_id00417_GhIZam3v09g.mp4,1259_FakeVideo-RealAudio,3,True,../data/processed/frames,../data/processed/audio/1259_FakeVideo-RealAudio.wav
id01238,id01245,-,fsgan,C,FakeVideo-RealAudio,Caucasian (American),women,00037_id01245_7pYBPczR_z0.mp4,FakeAVCeleb/FakeVideo-RealAudio/Caucasian (American)/women/id01238,FakeAVCeleb_v1.2/FakeVideo-RealAudio/Caucasian (American)/women/id01238/00037_id01245_7pYBPczR_z0.mp4,../data/raw/FakeAVCeleb_v1.2/FakeVideo-RealAudio/Caucasian (American)/women/id01238/00037_id01245_7pYBPczR_z0.mp4,1260_FakeVideo-RealAudio,4,True,../data/processed/frames,../data/processed/audio/1260_FakeVideo-RealAudio.wav
id00391,id01076,-,wav2lip,C,FakeVideo-RealAudio,African,men,00052_id01076_wavtolip.mp4,FakeAVCeleb/FakeVideo-RealAudio/African/men/id00391,FakeAVCeleb_v1.2/FakeVideo-RealAudio/African/men/id00391/00052_id01076_wavtolip.mp4,../data/raw/FakeAVCeleb_v1.2/FakeVideo-RealAudio/African/men/id00391/00052_id01076_wavtolip.mp4,1262_FakeVideo-RealAudio,5,True,../data/processed/frames,../data/processed/audio/1262_FakeVideo-RealAudio.wav
id00946,id00520,-,fsgan,C,FakeVideo-RealAudio,Caucasian (European),men,00126_id00520_dOAxKi1t6GI.mp4,FakeAVCeleb/FakeVideo-RealAudio/Caucasian (European)/men/id00946,FakeAVCeleb_v1.2/FakeVideo-RealAudio/Caucasian (European)/men/id00946/00126_id00520_dOAxKi1t6GI.mp4,../data/raw/FakeAVCeleb_v1.2/FakeVideo-RealAudio/Caucasian (European)/men/id00946/00126_id00520_dOAxKi1t6GI.mp4,1263_FakeVideo-RealAudio,5,True,../data/processed/frames,../data/processed/audio/1263_FakeVideo-RealAudio.wav
id00589,id00495,-,fsgan,C,FakeVideo-RealAudio,Caucasian (European),women,00130_id00495_E46aiMUC4A0.mp4,FakeAVCeleb/FakeVideo-RealAudio/Caucasian (European)/women/id00589,FakeAVCeleb_v1.2/FakeVideo-RealAudio/Caucasian (European)/women/id00589/00130_id00495_E46aiMUC4A0.mp4,../data/raw/FakeAVCeleb_v1.2/FakeVideo-RealAudio/Caucasian (European)/women/id00589/00130_id00495_E46aiMUC4A0.mp4,1264_FakeVideo-RealAudio,5,True,../data/processed/frames,../data/processed/audio/1264_FakeVideo-RealAudio.wav
id03371,id03589,-,wav2lip,C,FakeVideo-RealAudio,Caucasian (European),women,00430_id03589_wavtolip.mp4,FakeAVCeleb/FakeVideo-RealAudio/Caucasian (European)/women/id03371,FakeAVCeleb_v1.2/FakeVideo-RealAudio/Caucasian (European)/women/id03371/00430_id03589_wavtolip.mp4,../data/raw/FakeAVCeleb_v1.2/FakeVideo-RealAudio/Caucasian (European)/women/id03371/00430_id03589_wavtolip.mp4,1265_FakeVideo-RealAudio,5,True,../data/processed/frames,../data/processed/audio/1265_FakeVideo-RealAudio.wav
id00325,id00042,-,wav2lip,C,FakeVideo-RealAudio,Caucasian (European),women,00015_id00042_wavtolip.mp4,FakeAVCeleb/FakeVideo-RealAudio/Caucasian (European)/women/id00325,FakeAVCeleb_v1.2/FakeVideo-RealAudio/Caucasian (European)/women/id00325/00015_id00042_wavtolip.mp4,../data/raw/FakeAVCeleb_v1.2/FakeVideo-RealAudio/Caucasian (European)/women/id00325/00015_id00042_wavtolip.mp4,1266_FakeVideo-RealAudio,4,True,../data/processed/frames,../data/processed/audio/1266_FakeVideo-RealAudio.wav
id00383,id01223,-,wav2lip,C,FakeVideo-RealAudio,Caucasian (American),women,00171_id01223_wavtolip.mp4,FakeAVCeleb/FakeVideo-RealAudio/Caucasian (American)/women/id00383,FakeAVCeleb_v1.2/FakeVideo-RealAudio/Caucasian (American)/women/id00383/00171_id01223_wavtolip.mp4,../data/raw/FakeAVCeleb_v1.2/FakeVideo-RealAudio/Caucasian (American)/women/id00383/00171_id01223_wavtolip.mp4,1267_FakeVideo-RealAudio,5,True,../data/processed/frames,../data/processed/audio/1267_FakeVideo-RealAudio.wav
id00616,id00841,-,wav2lip,C,FakeVideo-RealAudio,Caucasian (American),women,00305_id00841_wavtolip.mp4,FakeAVCeleb/FakeVideo-RealAudio/Caucasian (American)/women/id00616,FakeAVCeleb_v1.2/FakeVideo-RealAudio/Caucasian (American)/women/id00616/00305_id00841_wavtolip.mp4,../data/raw/FakeAVCeleb_v1.2/FakeVideo-RealAudio/Caucasian (American)/women/id00616/00305_id00841_wavtolip.mp4,1268_FakeVideo-RealAudio,5,True,../data/processed/frames,../data/processed/audio/1268_FakeVideo-RealAudio.wav
id00863,id06594,-,wav2lip,C,FakeVideo-RealAudio,Asian (East),men,00069_id06594_wavtolip.mp4,FakeAVCeleb/FakeVideo-RealAudio/Asian (East)/men/id00863,FakeAVCeleb_v1.2/FakeVideo-RealAudio/Asian (East)/men/id00863/00069_id06594_wavtolip.mp4,../data/raw/FakeAVCeleb_v1.2/FakeVideo-RealAudio/Asian (East)/men/id00863/00069_id06594_wavtolip.mp4,1269_FakeVideo-RealAudio,3,True,../data/processed/frames,../data/processed/audio/1269_FakeVideo-RealAudio.wav
id01598,id01528,-,wav2lip,C,FakeVideo-RealAudio,African,men,00044_id01528_wavtolip.mp4,FakeAVCeleb/FakeVideo-RealAudio/African/men/id01598,FakeAVCeleb_v1.2/FakeVideo-RealAudio/African/men/id01598/00044_id01528_wavtolip.mp4,../data/raw/FakeAVCeleb_v1.2/FakeVideo-RealAudio/African/men/id01598/00044_id01528_wavtolip.mp4,1270_FakeVideo-RealAudio,3,True,../data/processed/frames,../data/processed/audio/1270_FakeVideo-RealAudio.wav
id01204,id06269,-,wav2lip,C,FakeVideo-RealAudio,Asian (East),men,00092_id06269_wavtolip.mp4,FakeAVCeleb/FakeVideo-RealAudio/Asian (East)/men/id01204,FakeAVCeleb_v1.2/FakeVideo-RealAudio/Asian (East)/men/id01204/00092_id06269_wavtolip.mp4,../data/raw/FakeAVCeleb_v1.2/FakeVideo-RealAudio/Asian (East)/men/id01204/00092_id06269_wavtolip.mp4,1271_FakeVideo-RealAudio,5,True,../data/processed/frames,../data/processed/audio/1271_FakeVideo-RealAudio.wav
id00535,id00999,-,wav2lip,C,FakeVideo-RealAudio,Caucasian (European),men,00005_id00999_wavtolip.mp4,FakeAVCeleb/FakeVideo-RealAudio/Caucasian (European)/men/id00535,FakeAVCeleb_v1.2/FakeVideo-RealAudio/Caucasian (European)/men/id00535/00005_id00999_wavtolip.mp4,../data/raw/FakeAVCeleb_v1.2/FakeVideo-RealAudio/Caucasian (European)/men/id00535/00005_id00999_wavtolip.mp4,1272_FakeVideo-RealAudio,5,True,../data/processed/frames,../data/processed/audio/1272_FakeVideo-RealAudio.wav
id02567,id03205,-,fsgan,C,FakeVideo-RealAudio,Caucasian (European),men,00040_id03205_gXytNIcANKw.mp4,FakeAVCeleb/FakeVideo-RealAudio/Caucasian (European)/men/id02567,FakeAVCeleb_v1.2/FakeVideo-RealAudio/Caucasian (European)/men/id02567/00040_id03205_gXytNIcANKw.mp4,../data/raw/FakeAVCeleb_v1.2/FakeVideo-RealAudio/Caucasian (European)/men/id02567/00040_id03205_gXytNIcANKw.mp4,1273_FakeVideo-RealAudio,5,True,../data/processed/frames,../data/processed/audio/1273_FakeVideo-RealAudio.wav
id00088,id00060,-,fsgan,C,FakeVideo-RealAudio,Caucasian (American),men,00005_id00060_gZ4RkcQ0SXE.mp4,FakeAVCeleb/FakeVideo-RealAudio/Caucasian (American)/men/id00088,FakeAVCeleb_v1.2/FakeVideo-RealAudio/Caucasian (American)/men/id00088/00005_id00060_gZ4RkcQ0SXE.mp4,../data/raw/FakeAVCeleb_v1.2/FakeVideo-RealAudio/Caucasian (American)/men/id00088/00005_id00060_gZ4RkcQ0SXE.mp4,1274_FakeVideo-RealAudio,5,True,../data/processed/frames,../data/processed/audio/1274_FakeVideo-RealAudio.wav
id01211,id00971,-,wav2lip,C,FakeVideo-RealAudio,Caucasian (American),men,00023_id00971_wavtolip.mp4,FakeAVCeleb/FakeVideo-RealAudio/Caucasian (American)/men/id01211,FakeAVCeleb_v1.2/FakeVideo-RealAudio/Caucasian (American)/men/id01211/00023_id00971_wavtolip.mp4,../data/raw/FakeAVCeleb_v1.2/FakeVideo-RealAudio/Caucasian (American)/men/id01211/00023_id00971_wavtolip.mp4,1275_FakeVideo-RealAudio,5,True,../data/processed/frames,../data/processed/audio/1275_FakeVideo-RealAudio.wav
id00021,id01035,-,fsgan,C,FakeVideo-RealAudio,Caucasian (American),men,00010_id01035_6EWG3Ywu3jg.mp4,FakeAVCeleb/FakeVideo-RealAudio/Caucasian (American)/men/id00021,FakeAVCeleb_v1.2/FakeVideo-RealAudio/Caucasian (American)/men/id00021/00010_id01035_6EWG3Ywu3jg.mp4,../data/raw/FakeAVCeleb_v1.2/FakeVideo-RealAudio/Caucasian (American)/men/id00021/00010_id01035_6EWG3Ywu3jg.mp4,1277_FakeVideo-RealAudio,1,True,../data/processed/frames,../data/processed/audio/1277_FakeVideo-RealAudio.wav
id04884,id06535,-,wav2lip,C,FakeVideo-RealAudio,Asian (East),men,00028_id06535_wavtolip.mp4,FakeAVCeleb/FakeVideo-RealAudio/Asian (East)/men/id04884,FakeAVCeleb_v1.2/FakeVideo-RealAudio/Asian (East)/men/id04884/00028_id06535_wavtolip.mp4,../data/raw/FakeAVCeleb_v1.2/FakeVideo-RealAudio/Asian (East)/men/id04884/00028_id06535_wavtolip.mp4,1278_FakeVideo-RealAudio,5,True,../data/processed/frames,../data/processed/audio/1278_FakeVideo-RealAudio.wav
id05620,id07383,-,fsgan,C,FakeVideo-RealAudio,Asian (East),women,00005_id07383_G9gjJrz6L94.mp4,FakeAVCeleb/FakeVideo-RealAudio/Asian (East)/women/id05620,FakeAVCeleb_v1.2/FakeVideo-RealAudio/Asian (East)/women/id05620/00005_id07383_G9gjJrz6L94.mp4,../data/raw/FakeAVCeleb_v1.2/FakeVideo-RealAudio/Asian (East)/women/id05620/00005_id07383_G9gjJrz6L94.mp4,1279_FakeVideo-RealAudio,5,True,../data/processed/frames,../data/processed/audio/1279_FakeVideo-RealAudio.wav
id00569,id00262,-,wav2lip,C,FakeVideo-RealAudio,Caucasian (European),women,00239_id00262_wavtolip.mp4,FakeAVCeleb/FakeVideo-RealAudio/Caucasian (European)/women/id00569,FakeAVCeleb_v1.2/FakeVideo-RealAudio/Caucasian (European)/women/id00569/00239_id00262_wavtolip.mp4,../data/raw/FakeAVCeleb_v1.2/FakeVideo-RealAudio/Caucasian (European)/women/id00569/00239_id00262_wavtolip.mp4,1280_FakeVideo-RealAudio,5,True,../data/processed/frames,../data/processed/audio/1280_FakeVideo-RealAudio.wav
id07383,id04057,-,fsgan,C,FakeVideo-RealAudio,Asian (East),women,00011_id04057_SmHwNbR-498.mp4,FakeAVCeleb/FakeVideo-RealAudio/Asian (East)/women/id07383,FakeAVCeleb_v1.2/FakeVideo-RealAudio/Asian (East)/women/id07383/00011_id04057_SmHwNbR-498.mp4,../data/raw/FakeAVCeleb_v1.2/FakeVideo-RealAudio/Asian (East)/women/id07383/00011_id04057_SmHwNbR-498.mp4,1281_FakeVideo-RealAudio,4,True,../data/processed/frames,../data/processed/audio/1281_FakeVideo-RealAudio.wav
id00430,id06066,-,fsgan,C,FakeVideo-RealAudio,Asian (East),women,00209_id06066_9e5vgpwmruA.mp4,FakeAVCeleb/FakeVideo-RealAudio/Asian (East)/women/id00430,FakeAVCeleb_v1.2/FakeVideo-RealAudio/Asian (East)/women/id00430/00209_id06066_9e5vgpwmruA.mp4,../data/raw/FakeAVCeleb_v1.2/FakeVideo-RealAudio/Asian (East)/women/id00430/00209_id06066_9e5vgpwmruA.mp4,1282_FakeVideo-RealAudio,1,True,../data/processed/frames,../data/processed/audio/1282_FakeVideo-RealAudio.wav
id00566,id09181,-,wav2lip,C,FakeVideo-RealAudio,Asian (East),women,00032_id09181_wavtolip.mp4,FakeAVCeleb/FakeVideo-RealAudio/Asian (East)/women/id00566,FakeAVCeleb_v1.2/FakeVideo-RealAudio/Asian (East)/women/id00566/00032_id09181_wavtolip.mp4,../data/raw/FakeAVCeleb_v1.2/FakeVideo-RealAudio/Asian (East)/women/id00566/00032_id09181_wavtolip.mp4,1283_FakeVideo-RealAudio,5,True,../data/processed/frames,../data/processed/audio/1283_FakeVideo-RealAudio.wav
id00963,id01156,-,wav2lip,C,FakeVideo-RealAudio,Caucasian (European),men,00028_id01156_wavtolip.mp4,FakeAVCeleb/FakeVideo-RealAudio/Caucasian (European)/men/id00963,FakeAVCeleb_v1.2/FakeVideo-RealAudio/Caucasian (European)/men/id00963/00028_id01156_wavtolip.mp4,../data/raw/FakeAVCeleb_v1.2/FakeVideo-RealAudio/Caucasian (European)/men/id00963/00028_id01156_wavtolip.mp4,1284_FakeVideo-RealAudio,5,True,../data/processed/frames,../data/processed/audio/1284_FakeVideo-RealAudio.wav
id06427,id09181,-,wav2lip,C,FakeVideo-RealAudio,Asian (East),women,00138_id09181_wavtolip.mp4,FakeAVCeleb/FakeVideo-RealAudio/Asian (East)/women/id06427,FakeAVCeleb_v1.2/FakeVideo-RealAudio/Asian (East)/women/id06427/00138_id09181_wavtolip.mp4,../data/raw/FakeAVCeleb_v1.2/FakeVideo-RealAudio/Asian (East)/women/id06427/00138_id09181_wavtolip.mp4,1286_FakeVideo-RealAudio,5,True,../data/processed/frames,../data/processed/audio/1286_FakeVideo-RealAudio.wav
id06152,id00863,-,wav2lip,C,FakeVideo-RealAudio,Asian (East),men,06152_id00863_wavtolip.mp4,FakeAVCeleb/FakeVideo-RealAudio/Asian (East)/men/id06152,FakeAVCeleb_v1.2/FakeVideo-RealAudio/Asian (East)/men/id06152/06152_id00863_wavtolip.mp4,../data/raw/FakeAVCeleb_v1.2/FakeVideo-RealAudio/Asian (East)/men/id06152/06152_id00863_wavtolip.mp4,1287_FakeVideo-RealAudio,4,True,../data/processed/frames,../data/processed/audio/1287_FakeVideo-RealAudio.wav
id06061,id09181,-,wav2lip,C,FakeVideo-RealAudio,Asian (East),women,00002_id09181_wavtolip.mp4,FakeAVCeleb/FakeVideo-RealAudio/Asian (East)/women/id06061,FakeAVCeleb_v1.2/FakeVideo-RealAudio/Asian (East)/women/id06061/00002_id09181_wavtolip.mp4,../data/raw/FakeAVCeleb_v1.2/FakeVideo-RealAudio/Asian (East)/women/id06061/00002_id09181_wavtolip.mp4,1288_FakeVideo-RealAudio,5,True,../data/processed/frames,../data/processed/audio/1288_FakeVideo-RealAudio.wav
id03651,id00897,-,fsgan,C,FakeVideo-RealAudio,Caucasian (European),women,00092_id00897_0ayFw8JhoyI.mp4,FakeAVCeleb/FakeVideo-RealAudio/Caucasian (European)/women/id03651,FakeAVCeleb_v1.2/FakeVideo-RealAudio/Caucasian (European)/women/id03651/00092_id00897_0ayFw8JhoyI.mp4,../data/raw/FakeAVCeleb_v1.2/FakeVideo-RealAudio/Caucasian (European)/women/id03651/00092_id00897_0ayFw8JhoyI.mp4,1289_FakeVideo-RealAudio,3,True,../data/processed/frames,../data/processed/audio/1289_FakeVideo-RealAudio.wav
id00841,id00428,-,fsgan,C,FakeVideo-RealAudio,Caucasian (American),women,00078_id00428_Kr7n-68JWww.mp4,FakeAVCeleb/FakeVideo-RealAudio/Caucasian (American)/women/id00841,FakeAVCeleb_v1.2/FakeVideo-RealAudio/Caucasian (American)/women/id00841/00078_id00428_Kr7n-68JWww.mp4,../data/raw/FakeAVCeleb_v1.2/FakeVideo-RealAudio/Caucasian (American)/women/id00841/00078_id00428_Kr7n-68JWww.mp4,1290_FakeVideo-RealAudio,5,True,../data/processed/frames,../data/processed/audio/1290_FakeVideo-RealAudio.wav
id00579,id06443,jnYg,fsgan,C,FakeVideo-RealAudio,Asian (East),women,00030_id06443__jnYg_I0Zpc.mp4,FakeAVCeleb/FakeVideo-RealAudio/Asian (East)/women/id00579,FakeAVCeleb_v1.2/FakeVideo-RealAudio/Asian (East)/women/id00579/00030_id06443__jnYg_I0Zpc.mp4,../data/raw/FakeAVCeleb_v1.2/FakeVideo-RealAudio/Asian (East)/women/id00579/00030_id06443__jnYg_I0Zpc.mp4,1291_FakeVideo-RealAudio,5,True,../data/processed/frames,../data/processed/audio/1291_FakeVideo-RealAudio.wav
id00568,id04736,-,fsgan,C,FakeVideo-RealAudio,African,women,00384_id04736__D2k4fMhEfQ.mp4,FakeAVCeleb/FakeVideo-RealAudio/African/women/id00568,FakeAVCeleb_v1.2/FakeVideo-RealAudio/African/women/id00568/00384_id04736__D2k4fMhEfQ.mp4,../data/raw/FakeAVCeleb_v1.2/FakeVideo-RealAudio/African/women/id00568/00384_id04736__D2k4fMhEfQ.mp4,1292_FakeVideo-RealAudio,5,True,../data/processed/frames,../data/processed/audio/1292_FakeVideo-RealAudio.wav
id00265,id00183,-,fsgan,C,FakeVideo-RealAudio,Caucasian (European),men,00130_id00183_z2DhZllPWUQ.mp4,FakeAVCeleb/FakeVideo-RealAudio/Caucasian (European)/men/id00265,FakeAVCeleb_v1.2/FakeVideo-RealAudio/Caucasian (European)/men/id00265/00130_id00183_z2DhZllPWUQ.mp4,../data/raw/FakeAVCeleb_v1.2/FakeVideo-RealAudio/Caucasian (European)/men/id00265/00130_id00183_z2DhZllPWUQ.mp4,1293_FakeVideo-RealAudio,5,True,../data/processed/frames,../data/processed/audio/1293_FakeVideo-RealAudio.wav
id00358,id00282,-,wav2lip,C,FakeVideo-RealAudio,Caucasian (European),men,00217_id00282_wavtolip.mp4,FakeAVCeleb/FakeVideo-RealAudio/Caucasian (European)/men/id00358,FakeAVCeleb_v1.2/FakeVideo-RealAudio/Caucasian (European)/men/id00358/00217_id00282_wavtolip.mp4,../data/raw/FakeAVCeleb_v1.2/FakeVideo-RealAudio/Caucasian (European)/men/id00358/00217_id00282_wavtolip.mp4,1294_FakeVideo-RealAudio,5,True,../data/processed/frames,../data/processed/audio/1294_FakeVideo-RealAudio.wav
id06878,-,-,faceswap,C,FakeVideo-RealAudio,Asian (East),men,00001.mp4,FakeAVCeleb/FakeVideo-RealAudio/Asian (East)/men/id06878,FakeAVCeleb_v1.2/FakeVideo-RealAudio/Asian (East)/men/id06878/00001.mp4,../data/raw/FakeAVCeleb_v1.2/FakeVideo-RealAudio/Asian (East)/men/id06878/00001.mp4,1295_FakeVideo-RealAudio,4,True,../data/processed/frames,../data/processed/audio/1295_FakeVideo-RealAudio.wav
id00909,id01154,-,fsgan,C,FakeVideo-RealAudio,Caucasian (European),men,00037_id01154_tvmOcaG4A4w.mp4,FakeAVCeleb/FakeVideo-RealAudio/Caucasian (European)/men/id00909,FakeAVCeleb_v1.2/FakeVideo-RealAudio/Caucasian (European)/men/id00909/00037_id01154_tvmOcaG4A4w.mp4,../data/raw/FakeAVCeleb_v1.2/FakeVideo-RealAudio/Caucasian (European)/men/id00909/00037_id01154_tvmOcaG4A4w.mp4,1296_FakeVideo-RealAudio,5,True,../data/processed/frames,../data/processed/audio/1296_FakeVideo-RealAudio.wav
id00946,id01126,-,wav2lip,C,FakeVideo-RealAudio,Caucasian (European),men,00126_id01126_wavtolip.mp4,FakeAVCeleb/FakeVideo-RealAudio/Caucasian (European)/men/id00946,FakeAVCeleb_v1.2/FakeVideo-RealAudio/Caucasian (European)/men/id00946/00126_id01126_wavtolip.mp4,../data/raw/FakeAVCeleb_v1.2/FakeVideo-RealAudio/Caucasian (European)/men/id00946/00126_id01126_wavtolip.mp4,1297_FakeVideo-RealAudio,5,True,../data/processed/frames,../data/processed/audio/1297_FakeVideo-RealAudio.wav
id01528,id00478,-,wav2lip,C,FakeVideo-RealAudio,African,men,00017_id00478_wavtolip.mp4,FakeAVCeleb/FakeVideo-RealAudio/African/men/id01528,FakeAVCeleb_v1.2/FakeVideo-RealAudio/African/men/id01528/00017_id00478_wavtolip.mp4,../data/raw/FakeAVCeleb_v1.2/FakeVideo-RealAudio/African/men/id01528/00017_id00478_wavtolip.mp4,1298_FakeVideo-RealAudio,1,True,../data/processed/frames,../data/processed/audio/1298_FakeVideo-RealAudio.wav
id00458,id00145,-,wav2lip,C,FakeVideo-RealAudio,Caucasian (American),women,00072_id00145_wavtolip.mp4,FakeAVCeleb/FakeVideo-RealAudio/Caucasian (American)/women/id00458,FakeAVCeleb_v1.2/FakeVideo-RealAudio/Caucasian (American)/women/id00458/00072_id00145_wavtolip.mp4,../data/raw/FakeAVCeleb_v1.2/FakeVideo-RealAudio/Caucasian (American)/women/id00458/00072_id00145_wavtolip.mp4,1299_FakeVideo-RealAudio,5,True,../data/processed/frames,../data/processed/audio/1299_FakeVideo-RealAudio.wav
id02493,id06467,-,fsgan,C,FakeVideo-RealAudio,Asian (East),men,00073_id06467_bN8jVda0Byw.mp4,FakeAVCeleb/FakeVideo-RealAudio/Asian (East)/men/id02493,FakeAVCeleb_v1.2/FakeVideo-RealAudio/Asian (East)/men/id02493/00073_id06467_bN8jVda0Byw.mp4,../data/raw/FakeAVCeleb_v1.2/FakeVideo-RealAudio/Asian (East)/men/id02493/00073_id06467_bN8jVda0Byw.mp4,1300_FakeVideo-RealAudio,4,True,../data/processed/frames,../data/processed/audio/1300_FakeVideo-RealAudio.wav
id02268,id01528,-,wav2lip,C,FakeVideo-RealAudio,African,men,00036_id01528_wavtolip.mp4,FakeAVCeleb/FakeVideo-RealAudio/African/men/id02268,FakeAVCeleb_v1.2/FakeVideo-RealAudio/African/men/id02268/00036_id01528_wavtolip.mp4,../data/raw/FakeAVCeleb_v1.2/FakeVideo-RealAudio/African/men/id02268/00036_id01528_wavtolip.mp4,1301_FakeVideo-RealAudio,5,True,../data/processed/frames,../data/processed/audio/1301_FakeVideo-RealAudio.wav
id00379,id03371,-,wav2lip,C,FakeVideo-RealAudio,Caucasian (European),women,00043_id03371_wavtolip.mp4,FakeAVCeleb/FakeVideo-RealAudio/Caucasian (European)/women/id00379,FakeAVCeleb_v1.2/FakeVideo-RealAudio/Caucasian (European)/women/id00379/00043_id03371_wavtolip.mp4,../data/raw/FakeAVCeleb_v1.2/FakeVideo-RealAudio/Caucasian (European)/women/id00379/00043_id03371_wavtolip.mp4,1302_FakeVideo-RealAudio,5,True,../data/processed/frames,../data/processed/audio/1302_FakeVideo-RealAudio.wav
id00577,id02948,-,fsgan,C,FakeVideo-RealAudio,African,women,00010_id02948__ZEDGNWjuFE.mp4,FakeAVCeleb/FakeVideo-RealAudio/African/women/id00577,FakeAVCeleb_v1.2/FakeVideo-RealAudio/African/women/id00577/00010_id02948__ZEDGNWjuFE.mp4,../data/raw/FakeAVCeleb_v1.2/FakeVideo-RealAudio/African/women/id00577/00010_id02948__ZEDGNWjuFE.mp4,1303_FakeVideo-RealAudio,3,True,../data/processed/frames,../data/processed/audio/1303_FakeVideo-RealAudio.wav
id00292,id00192,-,fsgan,C,FakeVideo-RealAudio,Caucasian (European),men,00072_id00192_By3wxX0dyDw.mp4,FakeAVCeleb/FakeVideo-RealAudio/Caucasian (European)/men/id00292,FakeAVCeleb_v1.2/FakeVideo-RealAudio/Caucasian (European)/men/id00292/00072_id00192_By3wxX0dyDw.mp4,../data/raw/FakeAVCeleb_v1.2/FakeVideo-RealAudio/Caucasian (European)/men/id00292/00072_id00192_By3wxX0dyDw.mp4,1304_FakeVideo-RealAudio,5,True,../data/processed/frames,../data/processed/audio/1304_FakeVideo-RealAudio.wav
id00398,id00618,-,fsgan,C,FakeVideo-RealAudio,Caucasian (American),women,00016_id00618__TwV2SmUIlY.mp4,FakeAVCeleb/FakeVideo-RealAudio/Caucasian (American)/women/id00398,FakeAVCeleb_v1.2/FakeVideo-RealAudio/Caucasian (American)/women/id00398/00016_id00618__TwV2SmUIlY.mp4,../data/raw/FakeAVCeleb_v1.2/FakeVideo-RealAudio/Caucasian (American)/women/id00398/00016_id00618__TwV2SmUIlY.mp4,1305_FakeVideo-RealAudio,5,True,../data/processed/frames,../data/processed/audio/1305_FakeVideo-RealAudio.wav
id00098,id01245,-,fsgan,C,FakeVideo-RealAudio,Caucasian (American),women,00004_id01245_7pYBPczR_z0.mp4,FakeAVCeleb/FakeVideo-RealAudio/Caucasian (American)/women/id00098,FakeAVCeleb_v1.2/FakeVideo-RealAudio/Caucasian (American)/women/id00098/00004_id01245_7pYBPczR_z0.mp4,../data/raw/FakeAVCeleb_v1.2/FakeVideo-RealAudio/Caucasian (American)/women/id00098/00004_id01245_7pYBPczR_z0.mp4,1306_FakeVideo-RealAudio,5,True,../data/processed/frames,../data/processed/audio/1306_FakeVideo-RealAudio.wav
id09175,id04701,-,fsgan,C,FakeVideo-RealAudio,Asian (East),women,00072_id04701_7mnc8w6jRlM.mp4,FakeAVCeleb/FakeVideo-RealAudio/Asian (East)/women/id09175,FakeAVCeleb_v1.2/FakeVideo-RealAudio/Asian (East)/women/id09175/00072_id04701_7mnc8w6jRlM.mp4,../data/raw/FakeAVCeleb_v1.2/FakeVideo-RealAudio/Asian (East)/women/id09175/00072_id04701_7mnc8w6jRlM.mp4,1307_FakeVideo-RealAudio,3,True,../data/processed/frames,../data/processed/audio/1307_FakeVideo-RealAudio.wav
id00919,id00919,-,wav2lip,C,FakeVideo-RealAudio,Caucasian (European),men,00063_id00919_wavtolip.mp4,FakeAVCeleb/FakeVideo-RealAudio/Caucasian (European)/men/id00919,FakeAVCeleb_v1.2/FakeVideo-RealAudio/Caucasian (European)/men/id00919/00063_id00919_wavtolip.mp4,../data/raw/FakeAVCeleb_v1.2/FakeVideo-RealAudio/Caucasian (European)/men/id00919/00063_id00919_wavtolip.mp4,1308_FakeVideo-RealAudio,5,True,../data/processed/frames,../data/processed/audio/1308_FakeVideo-RealAudio.wav
id00478,id00475,-,fsgan,C,FakeVideo-RealAudio,African,men,00206_id00475_xQjvXRcnPvw.mp4,FakeAVCeleb/FakeVideo-RealAudio/African/men/id00478,FakeAVCeleb_v1.2/FakeVideo-RealAudio/African/men/id00478/00206_id00475_xQjvXRcnPvw.mp4,../data/raw/FakeAVCeleb_v1.2/FakeVideo-RealAudio/African/men/id00478/00206_id00475_xQjvXRcnPvw.mp4,1309_FakeVideo-RealAudio,2,True,../data/processed/frames,../data/processed/audio/1309_FakeVideo-RealAudio.wav
id01171,id01779,-,wav2lip,C,FakeVideo-RealAudio,African,men,00053_id01779_wavtolip.mp4,FakeAVCeleb/FakeVideo-RealAudio/African/men/id01171,FakeAVCeleb_v1.2/FakeVideo-RealAudio/African/men/id01171/00053_id01779_wavtolip.mp4,../data/raw/FakeAVCeleb_v1.2/FakeVideo-RealAudio/African/men/id01171/00053_id01779_wavtolip.mp4,1310_FakeVideo-RealAudio,5,True,../data/processed/frames,../data/processed/audio/1310_FakeVideo-RealAudio.wav
id00305,id03205,-,fsgan,C,FakeVideo-RealAudio,Caucasian (European),men,00113_id03205_gXytNIcANKw.mp4,FakeAVCeleb/FakeVideo-RealAudio/Caucasian (European)/men/id00305,FakeAVCeleb_v1.2/FakeVideo-RealAudio/Caucasian (European)/men/id00305/00113_id03205_gXytNIcANKw.mp4,../data/raw/FakeAVCeleb_v1.2/FakeVideo-RealAudio/Caucasian (European)/men/id00305/00113_id03205_gXytNIcANKw.mp4,1311_FakeVideo-RealAudio,4,True,../data/processed/frames,../data/processed/audio/1311_FakeVideo-RealAudio.wav
id01452,id00944,-,fsgan,C,FakeVideo-RealAudio,African,men,00001_id00944_DiW5D62667U.mp4,FakeAVCeleb/FakeVideo-RealAudio/African/men/id01452,FakeAVCeleb_v1.2/FakeVideo-RealAudio/African/men/id01452/00001_id00944_DiW5D62667U.mp4,../data/raw/FakeAVCeleb_v1.2/FakeVideo-RealAudio/African/men/id01452/00001_id00944_DiW5D62667U.mp4,1312_FakeVideo-RealAudio,5,True,../data/processed/frames,../data/processed/audio/1312_FakeVideo-RealAudio.wav
id02619,id00149,-,wav2lip,C,FakeVideo-RealAudio,Asian (South),women,00015_id00149_wavtolip.mp4,FakeAVCeleb/FakeVideo-RealAudio/Asian (South)/women/id02619,FakeAVCeleb_v1.2/FakeVideo-RealAudio/Asian (South)/women/id02619/00015_id00149_wavtolip.mp4,../data/raw/FakeAVCeleb_v1.2/FakeVideo-RealAudio/Asian (South)/women/id02619/00015_id00149_wavtolip.mp4,1313_FakeVideo-RealAudio,5,True,../data/processed/frames,../data/processed/audio/1313_FakeVideo-RealAudio.wav
id08314,id00103,-,fsgan,C,FakeVideo-RealAudio,Asian (South),men,00028_id00103_qpTVaP4y5DQ.mp4,FakeAVCeleb/FakeVideo-RealAudio/Asian (South)/men/id08314,FakeAVCeleb_v1.2/FakeVideo-RealAudio/Asian (South)/men/id08314/00028_id00103_qpTVaP4y5DQ.mp4,../data/raw/FakeAVCeleb_v1.2/FakeVideo-RealAudio/Asian (South)/men/id08314/00028_id00103_qpTVaP4y5DQ.mp4,1314_FakeVideo-RealAudio,5,True,../data/processed/frames,../data/processed/audio/1314_FakeVideo-RealAudio.wav
id01172,id00529,-,fsgan,C,FakeVideo-RealAudio,Caucasian (American),men,00015_id00529_xtx2GeQN-DQ.mp4,FakeAVCeleb/FakeVideo-RealAudio/Caucasian (American)/men/id01172,FakeAVCeleb_v1.2/FakeVideo-RealAudio/Caucasian (American)/men/id01172/00015_id00529_xtx2GeQN-DQ.mp4,../data/raw/FakeAVCeleb_v1.2/FakeVideo-RealAudio/Caucasian (American)/men/id01172/00015_id00529_xtx2GeQN-DQ.mp4,1315_FakeVideo-RealAudio,5,True,../data/processed/frames,../data/processed/audio/1315_FakeVideo-RealAudio.wav
id00265,id00520,-,fsgan,C,FakeVideo-RealAudio,Caucasian (European),men,00130_id00520_dOAxKi1t6GI.mp4,FakeAVCeleb/FakeVideo-RealAudio/Caucasian (European)/men/id00265,FakeAVCeleb_v1.2/FakeVideo-RealAudio/Caucasian (European)/men/id00265/00130_id00520_dOAxKi1t6GI.mp4,../data/raw/FakeAVCeleb_v1.2/FakeVideo-RealAudio/Caucasian (European)/men/id00265/00130_id00520_dOAxKi1t6GI.mp4,1316_FakeVideo-RealAudio,5,True,../data/processed/frames,../data/processed/audio/1316_FakeVideo-RealAudio.wav
id01972,id01779,-,fsgan,C,FakeVideo-RealAudio,African,men,00078_id01779_HgyHpDEo_jk.mp4,FakeAVCeleb/FakeVideo-RealAudio/African/men/id01972,FakeAVCeleb_v1.2/FakeVideo-RealAudio/African/men/id01972/00078_id01779_HgyHpDEo_jk.mp4,../data/raw/FakeAVCeleb_v1.2/FakeVideo-RealAudio/African/men/id01972/00078_id01779_HgyHpDEo_jk.mp4,1317_FakeVideo-RealAudio,4,True,../data/processed/frames,../data/processed/audio/1317_FakeVideo-RealAudio.wav
id00391,id00476,-,faceswap,C,FakeVideo-RealAudio,African,men,00052_id00476_UgdYVJ6xPYg_faceswap.mp4,FakeAVCeleb/FakeVideo-RealAudio/African/men/id00391,FakeAVCeleb_v1.2/FakeVideo-RealAudio/African/men/id00391/00052_id00476_UgdYVJ6xPYg_faceswap.mp4,../data/raw/FakeAVCeleb_v1.2/FakeVideo-RealAudio/African/men/id00391/00052_id00476_UgdYVJ6xPYg_faceswap.mp4,1318_FakeVideo-RealAudio,5,True,../data/processed/frames,../data/processed/audio/1318_FakeVideo-RealAudio.wav
id00735,id00188,-,fsgan,C,FakeVideo-RealAudio,Caucasian (European),women,00037_id00188_e-vm5FB3idA.mp4,FakeAVCeleb/FakeVideo-RealAudio/Caucasian (European)/women/id00735,FakeAVCeleb_v1.2/FakeVideo-RealAudio/Caucasian (European)/women/id00735/00037_id00188_e-vm5FB3idA.mp4,../data/raw/FakeAVCeleb_v1.2/FakeVideo-RealAudio/Caucasian (European)/women/id00735/00037_id00188_e-vm5FB3idA.mp4,1319_FakeVideo-RealAudio,5,True,../data/processed/frames,../data/processed/audio/1319_FakeVideo-RealAudio.wav
id07194,id08314,-,wav2lip,C,FakeVideo-RealAudio,Asian (South),men,00014_id08314_wavtolip.mp4,FakeAVCeleb/FakeVideo-RealAudio/Asian (South)/men/id07194,FakeAVCeleb_v1.2/FakeVideo-RealAudio/Asian (South)/men/id07194/00014_id08314_wavtolip.mp4,../data/raw/FakeAVCeleb_v1.2/FakeVideo-RealAudio/Asian (South)/men/id07194/00014_id08314_wavtolip.mp4,1320_FakeVideo-RealAudio,5,True,../data/processed/frames,../data/processed/audio/1320_FakeVideo-RealAudio.wav
id00414,id04537,-,faceswap,C,FakeVideo-RealAudio,Asian (South),men,00052_id04537_G1e1UFopjfI_faceswap.mp4,FakeAVCeleb/FakeVideo-RealAudio/Asian (South)/men/id00414,FakeAVCeleb_v1.2/FakeVideo-RealAudio/Asian (South)/men/id00414/00052_id04537_G1e1UFopjfI_faceswap.mp4,../data/raw/FakeAVCeleb_v1.2/FakeVideo-RealAudio/Asian (South)/men/id00414/00052_id04537_G1e1UFopjfI_faceswap.mp4,1321_FakeVideo-RealAudio,5,True,../data/processed/frames,../data/processed/audio/1321_FakeVideo-RealAudio.wav
id04374,id03656,-,fsgan,C,FakeVideo-RealAudio,African,women,00032_id03656_draVIyyqLtk.mp4,FakeAVCeleb/FakeVideo-RealAudio/African/women/id04374,FakeAVCeleb_v1.2/FakeVideo-RealAudio/African/women/id04374/00032_id03656_draVIyyqLtk.mp4,../data/raw/FakeAVCeleb_v1.2/FakeVideo-RealAudio/African/women/id04374/00032_id03656_draVIyyqLtk.mp4,1322_FakeVideo-RealAudio,2,True,../data/processed/frames,../data/processed/audio/1322_FakeVideo-RealAudio.wav
id01216,id03556,-,wav2lip,C,FakeVideo-RealAudio,Caucasian (American),women,00025_id03556_wavtolip.mp4,FakeAVCeleb/FakeVideo-RealAudio/Caucasian (American)/women/id01216,FakeAVCeleb_v1.2/FakeVideo-RealAudio/Caucasian (American)/women/id01216/00025_id03556_wavtolip.mp4,../data/raw/FakeAVCeleb_v1.2/FakeVideo-RealAudio/Caucasian (American)/women/id01216/00025_id03556_wavtolip.mp4,1323_FakeVideo-RealAudio,5,True,../data/processed/frames,../data/processed/audio/1323_FakeVideo-RealAudio.wav
id00554,id00063,-,fsgan,C,FakeVideo-RealAudio,Caucasian (European),men,00028_id00063_cVZBXC2rjPM.mp4,FakeAVCeleb/FakeVideo-RealAudio/Caucasian (European)/men/id00554,FakeAVCeleb_v1.2/FakeVideo-RealAudio/Caucasian (European)/men/id00554/00028_id00063_cVZBXC2rjPM.mp4,../data/raw/FakeAVCeleb_v1.2/FakeVideo-RealAudio/Caucasian (European)/men/id00554/00028_id00063_cVZBXC2rjPM.mp4,1324_FakeVideo-RealAudio,5,True,../data/processed/frames,../data/processed/audio/1324_FakeVideo-RealAudio.wav
id05631,id00137,-,fsgan,C,FakeVideo-RealAudio,Asian (East),women,00073_id00137_L22Rc38U5BA.mp4,FakeAVCeleb/FakeVideo-RealAudio/Asian (East)/women/id05631,FakeAVCeleb_v1.2/FakeVideo-RealAudio/Asian (East)/women/id05631/00073_id00137_L22Rc38U5BA.mp4,../data/raw/FakeAVCeleb_v1.2/FakeVideo-RealAudio/Asian (East)/women/id05631/00073_id00137_L22Rc38U5BA.mp4,1325_FakeVideo-RealAudio,2,True,../data/processed/frames,../data/processed/audio/1325_FakeVideo-RealAudio.wav
id00265,id01126,-,fsgan,C,FakeVideo-RealAudio,Caucasian (European),men,00130_id01126_zorX3gXf_vg.mp4,FakeAVCeleb/FakeVideo-RealAudio/Caucasian (European)/men/id00265,FakeAVCeleb_v1.2/FakeVideo-RealAudio/Caucasian (European)/men/id00265/00130_id01126_zorX3gXf_vg.mp4,../data/raw/FakeAVCeleb_v1.2/FakeVideo-RealAudio/Caucasian (European)/men/id00265/00130_id01126_zorX3gXf_vg.mp4,1326_FakeVideo-RealAudio,5,True,../data/processed/frames,../data/processed/audio/1326_FakeVideo-RealAudio.wav
id01972,id01530,-,wav2lip,C,FakeVideo-RealAudio,African,men,00078_id01530_wavtolip.mp4,FakeAVCeleb/FakeVideo-RealAudio/African/men/id01972,FakeAVCeleb_v1.2/FakeVideo-RealAudio/African/men/id01972/00078_id01530_wavtolip.mp4,../data/raw/FakeAVCeleb_v1.2/FakeVideo-RealAudio/African/men/id01972/00078_id01530_wavtolip.mp4,1327_FakeVideo-RealAudio,3,True,../data/processed/frames,../data/processed/audio/1327_FakeVideo-RealAudio.wav
id01052,id00266,-,wav2lip,C,FakeVideo-RealAudio,Caucasian (European),men,00076_id00266_wavtolip.mp4,FakeAVCeleb/FakeVideo-RealAudio/Caucasian (European)/men/id01052,FakeAVCeleb_v1.2/FakeVideo-RealAudio/Caucasian (European)/men/id01052/00076_id00266_wavtolip.mp4,../data/raw/FakeAVCeleb_v1.2/FakeVideo-RealAudio/Caucasian (European)/men/id01052/00076_id00266_wavtolip.mp4,1328_FakeVideo-RealAudio,5,True,../data/processed/frames,../data/processed/audio/1328_FakeVideo-RealAudio.wav
id00434,id00287,-,wav2lip,C,FakeVideo-RealAudio,Caucasian (European),women,00046_id00287_wavtolip.mp4,FakeAVCeleb/FakeVideo-RealAudio/Caucasian (European)/women/id00434,FakeAVCeleb_v1.2/FakeVideo-RealAudio/Caucasian (European)/women/id00434/00046_id00287_wavtolip.mp4,../data/raw/FakeAVCeleb_v1.2/FakeVideo-RealAudio/Caucasian (European)/women/id00434/00046_id00287_wavtolip.mp4,1329_FakeVideo-RealAudio,4,True,../data/processed/frames,../data/processed/audio/1329_FakeVideo-RealAudio.wav
id01972,id01171,-,wav2lip,C,FakeVideo-RealAudio,African,men,00078_id01171_wavtolip.mp4,FakeAVCeleb/FakeVideo-RealAudio/African/men/id01972,FakeAVCeleb_v1.2/FakeVideo-RealAudio/African/men/id01972/00078_id01171_wavtolip.mp4,../data/raw/FakeAVCeleb_v1.2/FakeVideo-RealAudio/African/men/id01972/00078_id01171_wavtolip.mp4,1330_FakeVideo-RealAudio,5,True,../data/processed/frames,../data/processed/audio/1330_FakeVideo-RealAudio.wav
id01216,id00097,-,fsgan,C,FakeVideo-RealAudio,Caucasian (American),women,00025_id00097_PchMB8-P1lw.mp4,FakeAVCeleb/FakeVideo-RealAudio/Caucasian (American)/women/id01216,FakeAVCeleb_v1.2/FakeVideo-RealAudio/Caucasian (American)/women/id01216/00025_id00097_PchMB8-P1lw.mp4,../data/raw/FakeAVCeleb_v1.2/FakeVideo-RealAudio/Caucasian (American)/women/id01216/00025_id00097_PchMB8-P1lw.mp4,1331_FakeVideo-RealAudio,5,True,../data/processed/frames,../data/processed/audio/1331_FakeVideo-RealAudio.wav
id02508,id02824,-,fsgan,C,FakeVideo-RealAudio,African,women,00083_id02824_glBy_mYcXZw.mp4,FakeAVCeleb/FakeVideo-RealAudio/African/women/id02508,FakeAVCeleb_v1.2/FakeVideo-RealAudio/African/women/id02508/00083_id02824_glBy_mYcXZw.mp4,../data/raw/FakeAVCeleb_v1.2/FakeVideo-RealAudio/African/women/id02508/00083_id02824_glBy_mYcXZw.mp4,1332_FakeVideo-RealAudio,3,True,../data/processed/frames,../data/processed/audio/1332_FakeVideo-RealAudio.wav
id01201,id00088,-,fsgan,C,FakeVideo-RealAudio,Caucasian (American),men,00028_id00088_6WIDWxr8vuU.mp4,FakeAVCeleb/FakeVideo-RealAudio/Caucasian (American)/men/id01201,FakeAVCeleb_v1.2/FakeVideo-RealAudio/Caucasian (American)/men/id01201/00028_id00088_6WIDWxr8vuU.mp4,../data/raw/FakeAVCeleb_v1.2/FakeVideo-RealAudio/Caucasian (American)/men/id01201/00028_id00088_6WIDWxr8vuU.mp4,1333_FakeVideo-RealAudio,5,True,../data/processed/frames,../data/processed/audio/1333_FakeVideo-RealAudio.wav
id00860,id04928,-,wav2lip,C,FakeVideo-RealAudio,Asian (South),men,00154_id04928_wavtolip.mp4,FakeAVCeleb/FakeVideo-RealAudio/Asian (South)/men/id00860,FakeAVCeleb_v1.2/FakeVideo-RealAudio/Asian (South)/men/id00860/00154_id04928_wavtolip.mp4,../data/raw/FakeAVCeleb_v1.2/FakeVideo-RealAudio/Asian (South)/men/id00860/00154_id04928_wavtolip.mp4,1334_FakeVideo-RealAudio,5,True,../data/processed/frames,../data/processed/audio/1334_FakeVideo-RealAudio.wav
id00234,id00826,-,wav2lip,C,FakeVideo-RealAudio,Caucasian (European),women,00063_id00826_wavtolip.mp4,FakeAVCeleb/FakeVideo-RealAudio/Caucasian (European)/women/id00234,FakeAVCeleb_v1.2/FakeVideo-RealAudio/Caucasian (European)/women/id00234/00063_id00826_wavtolip.mp4,../data/raw/FakeAVCeleb_v1.2/FakeVideo-RealAudio/Caucasian (European)/women/id00234/00063_id00826_wavtolip.mp4,1335_FakeVideo-RealAudio,5,True,../data/processed/frames,../data/processed/audio/1335_FakeVideo-RealAudio.wav
id00080,id04070,-,fsgan,C,FakeVideo-RealAudio,Asian (South),women,00281_id04070_F3CgrqRjcgw.mp4,FakeAVCeleb/FakeVideo-RealAudio/Asian (South)/women/id00080,FakeAVCeleb_v1.2/FakeVideo-RealAudio/Asian (South)/women/id00080/00281_id04070_F3CgrqRjcgw.mp4,../data/raw/FakeAVCeleb_v1.2/FakeVideo-RealAudio/Asian (South)/women/id00080/00281_id04070_F3CgrqRjcgw.mp4,1336_FakeVideo-RealAudio,5,True,../data/processed/frames,../data/processed/audio/1336_FakeVideo-RealAudio.wav
id00594,id00241,-,wav2lip,C,FakeVideo-RealAudio,Caucasian (European),men,00005_id00241_wavtolip.mp4,FakeAVCeleb/FakeVideo-RealAudio/Caucasian (European)/men/id00594,FakeAVCeleb_v1.2/FakeVideo-RealAudio/Caucasian (European)/men/id00594/00005_id00241_wavtolip.mp4,../data/raw/FakeAVCeleb_v1.2/FakeVideo-RealAudio/Caucasian (European)/men/id00594/00005_id00241_wavtolip.mp4,1337_FakeVideo-RealAudio,5,True,../data/processed/frames,../data/processed/audio/1337_FakeVideo-RealAudio.wav
id03889,id02332,-,wav2lip,C,FakeVideo-RealAudio,Asian (East),men,00052_id02332_wavtolip.mp4,FakeAVCeleb/FakeVideo-RealAudio/Asian (East)/men/id03889,FakeAVCeleb_v1.2/FakeVideo-RealAudio/Asian (East)/men/id03889/00052_id02332_wavtolip.mp4,../data/raw/FakeAVCeleb_v1.2/FakeVideo-RealAudio/Asian (East)/men/id03889/00052_id02332_wavtolip.mp4,1338_FakeVideo-RealAudio,5,True,../data/processed/frames,../data/processed/audio/1338_FakeVideo-RealAudio.wav
id00832,id03569,-,fsgan,C,FakeVideo-RealAudio,African,women,00078_id03569_YO0EpPm9p-8.mp4,FakeAVCeleb/FakeVideo-RealAudio/African/women/id00832,FakeAVCeleb_v1.2/FakeVideo-RealAudio/African/women/id00832/00078_id03569_YO0EpPm9p-8.mp4,../data/raw/FakeAVCeleb_v1.2/FakeVideo-RealAudio/African/women/id00832/00078_id03569_YO0EpPm9p-8.mp4,1339_FakeVideo-RealAudio,5,True,../data/processed/frames,../data/processed/audio/1339_FakeVideo-RealAudio.wav
id03658,id05980,-,fsgan,C,FakeVideo-RealAudio,African,women,00077_id05980_bbg4HtuM_jo.mp4,FakeAVCeleb/FakeVideo-RealAudio/African/women/id03658,FakeAVCeleb_v1.2/FakeVideo-RealAudio/African/women/id03658/00077_id05980_bbg4HtuM_jo.mp4,../data/raw/FakeAVCeleb_v1.2/FakeVideo-RealAudio/African/women/id03658/00077_id05980_bbg4HtuM_jo.mp4,1340_FakeVideo-RealAudio,1,True,../data/processed/frames,../data/processed/audio/1340_FakeVideo-RealAudio.wav
id00680,id00291,-,wav2lip,C,FakeVideo-RealAudio,Caucasian (American),women,00110_id00291_wavtolip.mp4,FakeAVCeleb/FakeVideo-RealAudio/Caucasian (American)/women/id00680,FakeAVCeleb_v1.2/FakeVideo-RealAudio/Caucasian (American)/women/id00680/00110_id00291_wavtolip.mp4,../data/raw/FakeAVCeleb_v1.2/FakeVideo-RealAudio/Caucasian (American)/women/id00680/00110_id00291_wavtolip.mp4,1341_FakeVideo-RealAudio,5,True,../data/processed/frames,../data/processed/audio/1341_FakeVideo-RealAudio.wav
id00963,id00253,-,wav2lip,C,FakeVideo-RealAudio,Caucasian (European),men,00028_id00253_wavtolip.mp4,FakeAVCeleb/FakeVideo-RealAudio/Caucasian (European)/men/id00963,FakeAVCeleb_v1.2/FakeVideo-RealAudio/Caucasian (European)/men/id00963/00028_id00253_wavtolip.mp4,../data/raw/FakeAVCeleb_v1.2/FakeVideo-RealAudio/Caucasian (European)/men/id00963/00028_id00253_wavtolip.mp4,1342_FakeVideo-RealAudio,5,True,../data/processed/frames,../data/processed/audio/1342_FakeVideo-RealAudio.wav
id00781,id00476,-,faceswap,C,FakeVideo-RealAudio,African,men,00092_id00476_UgdYVJ6xPYg_faceswap.mp4,FakeAVCeleb/FakeVideo-RealAudio/African/men/id00781,FakeAVCeleb_v1.2/FakeVideo-RealAudio/African/men/id00781/00092_id00476_UgdYVJ6xPYg_faceswap.mp4,../data/raw/FakeAVCeleb_v1.2/FakeVideo-RealAudio/African/men/id00781/00092_id00476_UgdYVJ6xPYg_faceswap.mp4,1343_FakeVideo-RealAudio,5,True,../data/processed/frames,../data/processed/audio/1343_FakeVideo-RealAudio.wav
id01223,id00381,-,fsgan,C,FakeVideo-RealAudio,Caucasian (American),women,00255_id00381_79zqA0CZh8s.mp4,FakeAVCeleb/FakeVideo-RealAudio/Caucasian (American)/women/id01223,FakeAVCeleb_v1.2/FakeVideo-RealAudio/Caucasian (American)/women/id01223/00255_id00381_79zqA0CZh8s.mp4,../data/raw/FakeAVCeleb_v1.2/FakeVideo-RealAudio/Caucasian (American)/women/id01223/00255_id00381_79zqA0CZh8s.mp4,1344_FakeVideo-RealAudio,5,True,../data/processed/frames,../data/processed/audio/1344_FakeVideo-RealAudio.wav
id04601,id04526,-,wav2lip,C,FakeVideo-RealAudio,Asian (South),men,00118_id04526_wavtolip.mp4,FakeAVCeleb/FakeVideo-RealAudio/Asian (South)/men/id04601,FakeAVCeleb_v1.2/FakeVideo-RealAudio/Asian (South)/men/id04601/00118_id04526_wavtolip.mp4,../data/raw/FakeAVCeleb_v1.2/FakeVideo-RealAudio/Asian (South)/men/id04601/00118_id04526_wavtolip.mp4,1345_FakeVideo-RealAudio,5,True,../data/processed/frames,../data/processed/audio/1345_FakeVideo-RealAudio.wav
id00971,id00029,-,wav2lip,C,FakeVideo-RealAudio,Caucasian (American),men,00253_id00029_wavtolip.mp4,FakeAVCeleb/FakeVideo-RealAudio/Caucasian (American)/men/id00971,FakeAVCeleb_v1.2/FakeVideo-RealAudio/Caucasian (American)/men/id00971/00253_id00029_wavtolip.mp4,../data/raw/FakeAVCeleb_v1.2/FakeVideo-RealAudio/Caucasian (American)/men/id00971/00253_id00029_wavtolip.mp4,1346_FakeVideo-RealAudio,5,True,../data/processed/frames,../data/processed/audio/1346_FakeVideo-RealAudio.wav
id02051,id01530,-,wav2lip,C,FakeVideo-RealAudio,African,men,00015_id01530_wavtolip.mp4,FakeAVCeleb/FakeVideo-RealAudio/African/men/id02051,FakeAVCeleb_v1.2/FakeVideo-RealAudio/African/men/id02051/00015_id01530_wavtolip.mp4,../data/raw/FakeAVCeleb_v1.2/FakeVideo-RealAudio/African/men/id02051/00015_id01530_wavtolip.mp4,1347_FakeVideo-RealAudio,5,True,../data/processed/frames,../data/processed/audio/1347_FakeVideo-RealAudio.wav
id02464,id00428,-,fsgan,C,FakeVideo-RealAudio,Caucasian (American),women,00002_id00428_Kr7n-68JWww.mp4,FakeAVCeleb/FakeVideo-RealAudio/Caucasian (American)/women/id02464,FakeAVCeleb_v1.2/FakeVideo-RealAudio/Caucasian (American)/women/id02464/00002_id00428_Kr7n-68JWww.mp4,../data/raw/FakeAVCeleb_v1.2/FakeVideo-RealAudio/Caucasian (American)/women/id02464/00002_id00428_Kr7n-68JWww.mp4,1348_FakeVideo-RealAudio,5,True,../data/processed/frames,../data/processed/audio/1348_FakeVideo-RealAudio.wav
id06254,id05931,-,fsgan,C,FakeVideo-RealAudio,Asian (South),women,00043_id05931_bFqu86NV3hk.mp4,FakeAVCeleb/FakeVideo-RealAudio/Asian (South)/women/id06254,FakeAVCeleb_v1.2/FakeVideo-RealAudio/Asian (South)/women/id06254/00043_id05931_bFqu86NV3hk.mp4,../data/raw/FakeAVCeleb_v1.2/FakeVideo-RealAudio/Asian (South)/women/id06254/00043_id05931_bFqu86NV3hk.mp4,1349_FakeVideo-RealAudio,5,True,../data/processed/frames,../data/processed/audio/1349_FakeVideo-RealAudio.wav
id02494,id00475,-,faceswap,C,FakeVideo-RealAudio,African,men,00050_id00475_xQjvXRcnPvw_faceswap.mp4,FakeAVCeleb/FakeVideo-RealAudio/African/men/id02494,FakeAVCeleb_v1.2/FakeVideo-RealAudio/African/men/id02494/00050_id00475_xQjvXRcnPvw_faceswap.mp4,../data/raw/FakeAVCeleb_v1.2/FakeVideo-RealAudio/African/men/id02494/00050_id00475_xQjvXRcnPvw_faceswap.mp4,1350_FakeVideo-RealAudio,3,True,../data/processed/frames,../data/processed/audio/1350_FakeVideo-RealAudio.wav
id02268,id01521,-,fsgan,C,FakeVideo-RealAudio,African,men,00036_id01521_jthjSmLdLOg.mp4,FakeAVCeleb/FakeVideo-RealAudio/African/men/id02268,FakeAVCeleb_v1.2/FakeVideo-RealAudio/African/men/id02268/00036_id01521_jthjSmLdLOg.mp4,../data/raw/FakeAVCeleb_v1.2/FakeVideo-RealAudio/African/men/id02268/00036_id01521_jthjSmLdLOg.mp4,1351_FakeVideo-RealAudio,5,True,../data/processed/frames,../data/processed/audio/1351_FakeVideo-RealAudio.wav
id00272,id01225,-,fsgan,C,FakeVideo-RealAudio,Caucasian (American),women,00195_id01225_WuzuZoM84Ws.mp4,FakeAVCeleb/FakeVideo-RealAudio/Caucasian (American)/women/id00272,FakeAVCeleb_v1.2/FakeVideo-RealAudio/Caucasian (American)/women/id00272/00195_id01225_WuzuZoM84Ws.mp4,../data/raw/FakeAVCeleb_v1.2/FakeVideo-RealAudio/Caucasian (American)/women/id00272/00195_id01225_WuzuZoM84Ws.mp4,1352_FakeVideo-RealAudio,5,True,../data/processed/frames,../data/processed/audio/1352_FakeVideo-RealAudio.wav
id00944,id02296,-,wav2lip,C,FakeVideo-RealAudio,African,men,00135_id02296_wavtolip.mp4,FakeAVCeleb/FakeVideo-RealAudio/African/men/id00944,FakeAVCeleb_v1.2/FakeVideo-RealAudio/African/men/id00944/00135_id02296_wavtolip.mp4,../data/raw/FakeAVCeleb_v1.2/FakeVideo-RealAudio/African/men/id00944/00135_id02296_wavtolip.mp4,1353_FakeVideo-RealAudio,3,True,../data/processed/frames,../data/processed/audio/1353_FakeVideo-RealAudio.wav
id06535,id06269,-,wav2lip,C,FakeVideo-RealAudio,Asian (East),men,00183_id06269_wavtolip.mp4,FakeAVCeleb/FakeVideo-RealAudio/Asian (East)/men/id06535,FakeAVCeleb_v1.2/FakeVideo-RealAudio/Asian (East)/men/id06535/00183_id06269_wavtolip.mp4,../data/raw/FakeAVCeleb_v1.2/FakeVideo-RealAudio/Asian (East)/men/id06535/00183_id06269_wavtolip.mp4,1354_FakeVideo-RealAudio,2,True,../data/processed/frames,../data/processed/audio/1354_FakeVideo-RealAudio.wav
id01597,id02316,-,fsgan,C,FakeVideo-RealAudio,African,men,00005_id02316_yrrNcmZ-xmI.mp4,FakeAVCeleb/FakeVideo-RealAudio/African/men/id01597,FakeAVCeleb_v1.2/FakeVideo-RealAudio/African/men/id01597/00005_id02316_yrrNcmZ-xmI.mp4,../data/raw/FakeAVCeleb_v1.2/FakeVideo-RealAudio/African/men/id01597/00005_id02316_yrrNcmZ-xmI.mp4,1355_FakeVideo-RealAudio,5,True,../data/processed/frames,../data/processed/audio/1355_FakeVideo-RealAudio.wav
id01123,id00305,-,wav2lip,C,FakeVideo-RealAudio,Caucasian (European),men,00072_id00305_wavtolip.mp4,FakeAVCeleb/FakeVideo-RealAudio/Caucasian (European)/men/id01123,FakeAVCeleb_v1.2/FakeVideo-RealAudio/Caucasian (European)/men/id01123/00072_id00305_wavtolip.mp4,../data/raw/FakeAVCeleb_v1.2/FakeVideo-RealAudio/Caucasian (European)/men/id01123/00072_id00305_wavtolip.mp4,1356_FakeVideo-RealAudio,4,True,../data/processed/frames,../data/processed/audio/1356_FakeVideo-RealAudio.wav
id00282,id01058,-,fsgan,C,FakeVideo-RealAudio,Caucasian (European),men,00268_id01058_2DKbOjf3Wyo.mp4,FakeAVCeleb/FakeVideo-RealAudio/Caucasian (European)/men/id00282,FakeAVCeleb_v1.2/FakeVideo-RealAudio/Caucasian (European)/men/id00282/00268_id01058_2DKbOjf3Wyo.mp4,../data/raw/FakeAVCeleb_v1.2/FakeVideo-RealAudio/Caucasian (European)/men/id00282/00268_id01058_2DKbOjf3Wyo.mp4,1357_FakeVideo-RealAudio,5,True,../data/processed/frames,../data/processed/audio/1357_FakeVideo-RealAudio.wav
id00145,id01223,-,fsgan,C,FakeVideo-RealAudio,Caucasian (American),women,00043_id01223_TO3ym8Gwp7k.mp4,FakeAVCeleb/FakeVideo-RealAudio/Caucasian (American)/women/id00145,FakeAVCeleb_v1.2/FakeVideo-RealAudio/Caucasian (American)/women/id00145/00043_id01223_TO3ym8Gwp7k.mp4,../data/raw/FakeAVCeleb_v1.2/FakeVideo-RealAudio/Caucasian (American)/women/id00145/00043_id01223_TO3ym8Gwp7k.mp4,1358_FakeVideo-RealAudio,5,True,../data/processed/frames,../data/processed/audio/1358_FakeVideo-RealAudio.wav
id03180,id04599,-,wav2lip,C,FakeVideo-RealAudio,Asian (South),men,00039_id04599_wavtolip.mp4,FakeAVCeleb/FakeVideo-RealAudio/Asian (South)/men/id03180,FakeAVCeleb_v1.2/FakeVideo-RealAudio/Asian (South)/men/id03180/00039_id04599_wavtolip.mp4,../data/raw/FakeAVCeleb_v1.2/FakeVideo-RealAudio/Asian (South)/men/id03180/00039_id04599_wavtolip.mp4,1359_FakeVideo-RealAudio,3,True,../data/processed/frames,../data/processed/audio/1359_FakeVideo-RealAudio.wav
id00777,id00708,-,fsgan,C,FakeVideo-RealAudio,Caucasian (American),men,00160_id00708_Dzmb0FH1xBc.mp4,FakeAVCeleb/FakeVideo-RealAudio/Caucasian (American)/men/id00777,FakeAVCeleb_v1.2/FakeVideo-RealAudio/Caucasian (American)/men/id00777/00160_id00708_Dzmb0FH1xBc.mp4,../data/raw/FakeAVCeleb_v1.2/FakeVideo-RealAudio/Caucasian (American)/men/id00777/00160_id00708_Dzmb0FH1xBc.mp4,1360_FakeVideo-RealAudio,5,True,../data/processed/frames,../data/processed/audio/1360_FakeVideo-RealAudio.wav
id02617,-,-,faceswap,C,FakeVideo-RealAudio,African,women,00028.mp4,FakeAVCeleb/FakeVideo-RealAudio/African/women/id02617,FakeAVCeleb_v1.2/FakeVideo-RealAudio/African/women/id02617/00028.mp4,../data/raw/FakeAVCeleb_v1.2/FakeVideo-RealAudio/African/women/id02617/00028.mp4,1361_FakeVideo-RealAudio,3,True,../data/processed/frames,../data/processed/audio/1361_FakeVideo-RealAudio.wav
id01597,id00391,-,fsgan,C,FakeVideo-RealAudio,African,men,00005_id00391_TjJgUZaenWI.mp4,FakeAVCeleb/FakeVideo-RealAudio/African/men/id01597,FakeAVCeleb_v1.2/FakeVideo-RealAudio/African/men/id01597/00005_id00391_TjJgUZaenWI.mp4,../data/raw/FakeAVCeleb_v1.2/FakeVideo-RealAudio/African/men/id01597/00005_id00391_TjJgUZaenWI.mp4,1362_FakeVideo-RealAudio,4,True,../data/processed/frames,../data/processed/audio/1362_FakeVideo-RealAudio.wav
id00232,id03844,-,fsgan,C,FakeVideo-RealAudio,Caucasian (European),women,00025_id03844_AEAEN1Lns2c.mp4,FakeAVCeleb/FakeVideo-RealAudio/Caucasian (European)/women/id00232,FakeAVCeleb_v1.2/FakeVideo-RealAudio/Caucasian (European)/women/id00232/00025_id03844_AEAEN1Lns2c.mp4,../data/raw/FakeAVCeleb_v1.2/FakeVideo-RealAudio/Caucasian (European)/women/id00232/00025_id03844_AEAEN1Lns2c.mp4,1363_FakeVideo-RealAudio,5,True,../data/processed/frames,../data/processed/audio/1363_FakeVideo-RealAudio.wav
id04376,id04820,-,wav2lip,C,FakeVideo-RealAudio,African,women,00181_id04820_wavtolip.mp4,FakeAVCeleb/FakeVideo-RealAudio/African/women/id04376,FakeAVCeleb_v1.2/FakeVideo-RealAudio/African/women/id04376/00181_id04820_wavtolip.mp4,../data/raw/FakeAVCeleb_v1.2/FakeVideo-RealAudio/African/women/id04376/00181_id04820_wavtolip.mp4,1364_FakeVideo-RealAudio,5,True,../data/processed/frames,../data/processed/audio/1364_FakeVideo-RealAudio.wav
id00434,id03371,-,fsgan,C,FakeVideo-RealAudio,Caucasian (European),women,00046_id03371_truKMXt8Dak.mp4,FakeAVCeleb/FakeVideo-RealAudio/Caucasian (European)/women/id00434,FakeAVCeleb_v1.2/FakeVideo-RealAudio/Caucasian (European)/women/id00434/00046_id03371_truKMXt8Dak.mp4,../data/raw/FakeAVCeleb_v1.2/FakeVideo-RealAudio/Caucasian (European)/women/id00434/00046_id03371_truKMXt8Dak.mp4,1365_FakeVideo-RealAudio,5,True,../data/processed/frames,../data/processed/audio/1365_FakeVideo-RealAudio.wav
id03599,id00769,-,wav2lip,C,FakeVideo-RealAudio,Asian (South),men,00072_id00769_wavtolip.mp4,FakeAVCeleb/FakeVideo-RealAudio/Asian (South)/men/id03599,FakeAVCeleb_v1.2/FakeVideo-RealAudio/Asian (South)/men/id03599/00072_id00769_wavtolip.mp4,../data/raw/FakeAVCeleb_v1.2/FakeVideo-RealAudio/Asian (South)/men/id03599/00072_id00769_wavtolip.mp4,1366_FakeVideo-RealAudio,5,True,../data/processed/frames,../data/processed/audio/1366_FakeVideo-RealAudio.wav
id00829,id01838,-,fsgan,C,FakeVideo-RealAudio,African,women,00271_id01838_q_lUk55OrL0.mp4,FakeAVCeleb/FakeVideo-RealAudio/African/women/id00829,FakeAVCeleb_v1.2/FakeVideo-RealAudio/African/women/id00829/00271_id01838_q_lUk55OrL0.mp4,../data/raw/FakeAVCeleb_v1.2/FakeVideo-RealAudio/African/women/id00829/00271_id01838_q_lUk55OrL0.mp4,1367_FakeVideo-RealAudio,5,True,../data/processed/frames,../data/processed/audio/1367_FakeVideo-RealAudio.wav
id00529,id00049,-,fsgan,C,FakeVideo-RealAudio,Caucasian (American),men,00409_id00049_S_EHTUF-mQY.mp4,FakeAVCeleb/FakeVideo-RealAudio/Caucasian (American)/men/id00529,FakeAVCeleb_v1.2/FakeVideo-RealAudio/Caucasian (American)/men/id00529/00409_id00049_S_EHTUF-mQY.mp4,../data/raw/FakeAVCeleb_v1.2/FakeVideo-RealAudio/Caucasian (American)/men/id00529/00409_id00049_S_EHTUF-mQY.mp4,1368_FakeVideo-RealAudio,5,True,../data/processed/frames,../data/processed/audio/1368_FakeVideo-RealAudio.wav
id06388,id09175,-,fsgan,C,FakeVideo-RealAudio,Asian (East),women,00005_id09175_YWe7UOnEyHU.mp4,FakeAVCeleb/FakeVideo-RealAudio/Asian (East)/women/id06388,FakeAVCeleb_v1.2/FakeVideo-RealAudio/Asian (East)/women/id06388/00005_id09175_YWe7UOnEyHU.mp4,../data/raw/FakeAVCeleb_v1.2/FakeVideo-RealAudio/Asian (East)/women/id06388/00005_id09175_YWe7UOnEyHU.mp4,1369_FakeVideo-RealAudio,5,True,../data/processed/frames,../data/processed/audio/1369_FakeVideo-RealAudio.wav
id00076,1.mp4,-,faceswap,C,FakeVideo-RealAudio,African,men,00109_1.mp4,FakeAVCeleb/FakeVideo-RealAudio/African/men/id00076,FakeAVCeleb_v1.2/FakeVideo-RealAudio/African/men/id00076/00109_1.mp4,../data/raw/FakeAVCeleb_v1.2/FakeVideo-RealAudio/African/men/id00076/00109_1.mp4,1370_FakeVideo-RealAudio,5,True,../data/processed/frames,../data/processed/audio/1370_FakeVideo-RealAudio.wav
id01835,id00366,-,wav2lip,C,FakeVideo-RealAudio,African,men,00130_id00366_wavtolip.mp4,FakeAVCeleb/FakeVideo-RealAudio/African/men/id01835,FakeAVCeleb_v1.2/FakeVideo-RealAudio/African/men/id01835/00130_id00366_wavtolip.mp4,../data/raw/FakeAVCeleb_v1.2/FakeVideo-RealAudio/African/men/id01835/00130_id00366_wavtolip.mp4,1371_FakeVideo-RealAudio,4,True,../data/processed/frames,../data/processed/audio/1371_FakeVideo-RealAudio.wav
id00186,id00709,-,fsgan,C,FakeVideo-RealAudio,Caucasian (European),men,00120_id00709_Rh23ELMGsIQ.mp4,FakeAVCeleb/FakeVideo-RealAudio/Caucasian (European)/men/id00186,FakeAVCeleb_v1.2/FakeVideo-RealAudio/Caucasian (European)/men/id00186/00120_id00709_Rh23ELMGsIQ.mp4,../data/raw/FakeAVCeleb_v1.2/FakeVideo-RealAudio/Caucasian (European)/men/id00186/00120_id00709_Rh23ELMGsIQ.mp4,1372_FakeVideo-RealAudio,5,True,../data/processed/frames,../data/processed/audio/1372_FakeVideo-RealAudio.wav
id00187,id00186,-,fsgan,C,FakeVideo-RealAudio,Caucasian (European),men,00360_id00186_KTjDxHTlzg0.mp4,FakeAVCeleb/FakeVideo-RealAudio/Caucasian (European)/men/id00187,FakeAVCeleb_v1.2/FakeVideo-RealAudio/Caucasian (European)/men/id00187/00360_id00186_KTjDxHTlzg0.mp4,../data/raw/FakeAVCeleb_v1.2/FakeVideo-RealAudio/Caucasian (European)/men/id00187/00360_id00186_KTjDxHTlzg0.mp4,1373_FakeVideo-RealAudio,5,True,../data/processed/frames,../data/processed/audio/1373_FakeVideo-RealAudio.wav
id03815,id07051,-,wav2lip,C,FakeVideo-RealAudio,Asian (South),women,00118_id07051_wavtolip.mp4,FakeAVCeleb/FakeVideo-RealAudio/Asian (South)/women/id03815,FakeAVCeleb_v1.2/FakeVideo-RealAudio/Asian (South)/women/id03815/00118_id07051_wavtolip.mp4,../data/raw/FakeAVCeleb_v1.2/FakeVideo-RealAudio/Asian (South)/women/id03815/00118_id07051_wavtolip.mp4,1374_FakeVideo-RealAudio,5,True,../data/processed/frames,../data/processed/audio/1374_FakeVideo-RealAudio.wav
id00752,0.mp4,-,faceswap,C,FakeVideo-RealAudio,Caucasian (American),women,00340_0.mp4,FakeAVCeleb/FakeVideo-RealAudio/Caucasian (American)/women/id00752,FakeAVCeleb_v1.2/FakeVideo-RealAudio/Caucasian (American)/women/id00752/00340_0.mp4,../data/raw/FakeAVCeleb_v1.2/FakeVideo-RealAudio/Caucasian (American)/women/id00752/00340_0.mp4,1375_FakeVideo-RealAudio,4,True,../data/processed/frames,../data/processed/audio/1375_FakeVideo-RealAudio.wav
id00063,id00241,-,fsgan,C,FakeVideo-RealAudio,Caucasian (European),men,00021_id00241_DlI4wqSFwbI.mp4,FakeAVCeleb/FakeVideo-RealAudio/Caucasian (European)/men/id00063,FakeAVCeleb_v1.2/FakeVideo-RealAudio/Caucasian (European)/men/id00063/00021_id00241_DlI4wqSFwbI.mp4,../data/raw/FakeAVCeleb_v1.2/FakeVideo-RealAudio/Caucasian (European)/men/id00063/00021_id00241_DlI4wqSFwbI.mp4,1376_FakeVideo-RealAudio,5,True,../data/processed/frames,../data/processed/audio/1376_FakeVideo-RealAudio.wav
id01223,id00835,-,fsgan,C,FakeVideo-RealAudio,Caucasian (American),women,00255_id00835_zWTp4szbb5k.mp4,FakeAVCeleb/FakeVideo-RealAudio/Caucasian (American)/women/id01223,FakeAVCeleb_v1.2/FakeVideo-RealAudio/Caucasian (American)/women/id01223/00255_id00835_zWTp4szbb5k.mp4,../data/raw/FakeAVCeleb_v1.2/FakeVideo-RealAudio/Caucasian (American)/women/id01223/00255_id00835_zWTp4szbb5k.mp4,1377_FakeVideo-RealAudio,5,True,../data/processed/frames,../data/processed/audio/1377_FakeVideo-RealAudio.wav
id05434,id03559,-,wav2lip,C,FakeVideo-RealAudio,Asian (South),women,00052_id03559_wavtolip.mp4,FakeAVCeleb/FakeVideo-RealAudio/Asian (South)/women/id05434,FakeAVCeleb_v1.2/FakeVideo-RealAudio/Asian (South)/women/id05434/00052_id03559_wavtolip.mp4,../data/raw/FakeAVCeleb_v1.2/FakeVideo-RealAudio/Asian (South)/women/id05434/00052_id03559_wavtolip.mp4,1378_FakeVideo-RealAudio,4,True,../data/processed/frames,../data/processed/audio/1378_FakeVideo-RealAudio.wav
id03858,0.mp4,-,faceswap,C,FakeVideo-RealAudio,Caucasian (European),women,00092_0.mp4,FakeAVCeleb/FakeVideo-RealAudio/Caucasian (European)/women/id03858,FakeAVCeleb_v1.2/FakeVideo-RealAudio/Caucasian (European)/women/id03858/00092_0.mp4,../data/raw/FakeAVCeleb_v1.2/FakeVideo-RealAudio/Caucasian (European)/women/id03858/00092_0.mp4,1379_FakeVideo-RealAudio,5,True,../data/processed/frames,../data/processed/audio/1379_FakeVideo-RealAudio.wav
id00365,id00330,faceswap.mp4,faceswap,C,FakeVideo-RealAudio,Caucasian (European),women,00078_id00330_zCFFgGSIZ_s_faceswap.mp4,FakeAVCeleb/FakeVideo-RealAudio/Caucasian (European)/women/id00365,FakeAVCeleb_v1.2/FakeVideo-RealAudio/Caucasian (European)/women/id00365/00078_id00330_zCFFgGSIZ_s_faceswap.mp4,../data/raw/FakeAVCeleb_v1.2/FakeVideo-RealAudio/Caucasian (European)/women/id00365/00078_id00330_zCFFgGSIZ_s_faceswap.mp4,1380_FakeVideo-RealAudio,5,True,../data/processed/frames,../data/processed/audio/1380_FakeVideo-RealAudio.wav
id00566,id06061,-,fsgan,C,FakeVideo-RealAudio,Asian (East),women,00032_id06061_TckvmWR97vo.mp4,FakeAVCeleb/FakeVideo-RealAudio/Asian (East)/women/id00566,FakeAVCeleb_v1.2/FakeVideo-RealAudio/Asian (East)/women/id00566/00032_id06061_TckvmWR97vo.mp4,../data/raw/FakeAVCeleb_v1.2/FakeVideo-RealAudio/Asian (East)/women/id00566/00032_id06061_TckvmWR97vo.mp4,1381_FakeVideo-RealAudio,5,True,../data/processed/frames,../data/processed/audio/1381_FakeVideo-RealAudio.wav
id01532,id01907,-,fsgan,C,FakeVideo-RealAudio,African,women,00065_id01907_LBcRkuRq0uY.mp4,FakeAVCeleb/FakeVideo-RealAudio/African/women/id01532,FakeAVCeleb_v1.2/FakeVideo-RealAudio/African/women/id01532/00065_id01907_LBcRkuRq0uY.mp4,../data/raw/FakeAVCeleb_v1.2/FakeVideo-RealAudio/African/women/id01532/00065_id01907_LBcRkuRq0uY.mp4,1382_FakeVideo-RealAudio,1,True,../data/processed/frames,../data/processed/audio/1382_FakeVideo-RealAudio.wav
id01036,id01933,-,wav2lip,C,FakeVideo-RealAudio,African,men,00010_id01933_wavtolip.mp4,FakeAVCeleb/FakeVideo-RealAudio/African/men/id01036,FakeAVCeleb_v1.2/FakeVideo-RealAudio/African/men/id01036/00010_id01933_wavtolip.mp4,../data/raw/FakeAVCeleb_v1.2/FakeVideo-RealAudio/African/men/id01036/00010_id01933_wavtolip.mp4,1383_FakeVideo-RealAudio,2,True,../data/processed/frames,../data/processed/audio/1383_FakeVideo-RealAudio.wav
id00763,id04701,-,fsgan,C,FakeVideo-RealAudio,Asian (East),women,00074_id04701_7mnc8w6jRlM.mp4,FakeAVCeleb/FakeVideo-RealAudio/Asian (East)/women/id00763,FakeAVCeleb_v1.2/FakeVideo-RealAudio/Asian (East)/women/id00763/00074_id04701_7mnc8w6jRlM.mp4,../data/raw/FakeAVCeleb_v1.2/FakeVideo-RealAudio/Asian (East)/women/id00763/00074_id04701_7mnc8w6jRlM.mp4,1384_FakeVideo-RealAudio,5,True,../data/processed/frames,../data/processed/audio/1384_FakeVideo-RealAudio.wav
id00475,id01171,-,fsgan,C,FakeVideo-RealAudio,African,men,00099_id01171_XSINMRoTb0E.mp4,FakeAVCeleb/FakeVideo-RealAudio/African/men/id00475,FakeAVCeleb_v1.2/FakeVideo-RealAudio/African/men/id00475/00099_id01171_XSINMRoTb0E.mp4,../data/raw/FakeAVCeleb_v1.2/FakeVideo-RealAudio/African/men/id00475/00099_id01171_XSINMRoTb0E.mp4,1385_FakeVideo-RealAudio,5,True,../data/processed/frames,../data/processed/audio/1385_FakeVideo-RealAudio.wav
id02332,0.mp4,-,faceswap,C,FakeVideo-RealAudio,Asian (East),men,00055_0.mp4,FakeAVCeleb/FakeVideo-RealAudio/Asian (East)/men/id02332,FakeAVCeleb_v1.2/FakeVideo-RealAudio/Asian (East)/men/id02332/00055_0.mp4,../data/raw/FakeAVCeleb_v1.2/FakeVideo-RealAudio/Asian (East)/men/id02332/00055_0.mp4,1386_FakeVideo-RealAudio,5,True,../data/processed/frames,../data/processed/audio/1386_FakeVideo-RealAudio.wav
id02619,id00043,-,wav2lip,C,FakeVideo-RealAudio,Asian (South),women,00015_id00043_wavtolip.mp4,FakeAVCeleb/FakeVideo-RealAudio/Asian (South)/women/id02619,FakeAVCeleb_v1.2/FakeVideo-RealAudio/Asian (South)/women/id02619/00015_id00043_wavtolip.mp4,../data/raw/FakeAVCeleb_v1.2/FakeVideo-RealAudio/Asian (South)/women/id02619/00015_id00043_wavtolip.mp4,1387_FakeVideo-RealAudio,5,True,../data/processed/frames,../data/processed/audio/1387_FakeVideo-RealAudio.wav
id00373,id00823,-,wav2lip,C,FakeVideo-RealAudio,Caucasian (European),women,00028_id00823_wavtolip.mp4,FakeAVCeleb/FakeVideo-RealAudio/Caucasian (European)/women/id00373,FakeAVCeleb_v1.2/FakeVideo-RealAudio/Caucasian (European)/women/id00373/00028_id00823_wavtolip.mp4,../data/raw/FakeAVCeleb_v1.2/FakeVideo-RealAudio/Caucasian (European)/women/id00373/00028_id00823_wavtolip.mp4,1388_FakeVideo-RealAudio,5,True,../data/processed/frames,../data/processed/audio/1388_FakeVideo-RealAudio.wav
id01051,id00535,-,wav2lip,C,FakeVideo-RealAudio,Caucasian (European),men,00322_id00535_wavtolip.mp4,FakeAVCeleb/FakeVideo-RealAudio/Caucasian (European)/men/id01051,FakeAVCeleb_v1.2/FakeVideo-RealAudio/Caucasian (European)/men/id01051/00322_id00535_wavtolip.mp4,../data/raw/FakeAVCeleb_v1.2/FakeVideo-RealAudio/Caucasian (European)/men/id01051/00322_id00535_wavtolip.mp4,1389_FakeVideo-RealAudio,4,True,../data/processed/frames,../data/processed/audio/1389_FakeVideo-RealAudio.wav
id09125,id00137,-,wav2lip,C,FakeVideo-RealAudio,Asian (East),women,00098_id00137_wavtolip.mp4,FakeAVCeleb/FakeVideo-RealAudio/Asian (East)/women/id09125,FakeAVCeleb_v1.2/FakeVideo-RealAudio/Asian (East)/women/id09125/00098_id00137_wavtolip.mp4,../data/raw/FakeAVCeleb_v1.2/FakeVideo-RealAudio/Asian (East)/women/id09125/00098_id00137_wavtolip.mp4,1390_FakeVideo-RealAudio,1,True,../data/processed/frames,../data/processed/audio/1390_FakeVideo-RealAudio.wav
id03678,id00775,-,wav2lip,C,FakeVideo-RealAudio,Caucasian (American),men,00078_id00775_wavtolip.mp4,FakeAVCeleb/FakeVideo-RealAudio/Caucasian (American)/men/id03678,FakeAVCeleb_v1.2/FakeVideo-RealAudio/Caucasian (American)/men/id03678/00078_id00775_wavtolip.mp4,../data/raw/FakeAVCeleb_v1.2/FakeVideo-RealAudio/Caucasian (American)/men/id03678/00078_id00775_wavtolip.mp4,1391_FakeVideo-RealAudio,5,True,../data/processed/frames,../data/processed/audio/1391_FakeVideo-RealAudio.wav
id00579,id04057,-,wav2lip,C,FakeVideo-RealAudio,Asian (East),women,00030_id04057_wavtolip.mp4,FakeAVCeleb/FakeVideo-RealAudio/Asian (East)/women/id00579,FakeAVCeleb_v1.2/FakeVideo-RealAudio/Asian (East)/women/id00579/00030_id04057_wavtolip.mp4,../data/raw/FakeAVCeleb_v1.2/FakeVideo-RealAudio/Asian (East)/women/id00579/00030_id04057_wavtolip.mp4,1392_FakeVideo-RealAudio,5,True,../data/processed/frames,../data/processed/audio/1392_FakeVideo-RealAudio.wav
id00999,id00946,-,wav2lip,C,FakeVideo-RealAudio,Caucasian (European),men,00028_id00946_wavtolip.mp4,FakeAVCeleb/FakeVideo-RealAudio/Caucasian (European)/men/id00999,FakeAVCeleb_v1.2/FakeVideo-RealAudio/Caucasian (European)/men/id00999/00028_id00946_wavtolip.mp4,../data/raw/FakeAVCeleb_v1.2/FakeVideo-RealAudio/Caucasian (European)/men/id00999/00028_id00946_wavtolip.mp4,1393_FakeVideo-RealAudio,5,True,../data/processed/frames,../data/processed/audio/1393_FakeVideo-RealAudio.wav
id00149,id07686,-,wav2lip,C,FakeVideo-RealAudio,Asian (South),women,00284_id07686_wavtolip.mp4,FakeAVCeleb/FakeVideo-RealAudio/Asian (South)/women/id00149,FakeAVCeleb_v1.2/FakeVideo-RealAudio/Asian (South)/women/id00149/00284_id07686_wavtolip.mp4,../data/raw/FakeAVCeleb_v1.2/FakeVideo-RealAudio/Asian (South)/women/id00149/00284_id07686_wavtolip.mp4,1394_FakeVideo-RealAudio,4,True,../data/processed/frames,../data/processed/audio/1394_FakeVideo-RealAudio.wav
id00398,id03696,-,wav2lip,C,FakeVideo-RealAudio,Caucasian (American),women,00016_id03696_wavtolip.mp4,FakeAVCeleb/FakeVideo-RealAudio/Caucasian (American)/women/id00398,FakeAVCeleb_v1.2/FakeVideo-RealAudio/Caucasian (American)/women/id00398/00016_id03696_wavtolip.mp4,../data/raw/FakeAVCeleb_v1.2/FakeVideo-RealAudio/Caucasian (American)/women/id00398/00016_id03696_wavtolip.mp4,1395_FakeVideo-RealAudio,5,True,../data/processed/frames,../data/processed/audio/1395_FakeVideo-RealAudio.wav
id02365,id01212,-,fsgan,C,FakeVideo-RealAudio,Asian (East),men,00028_id01212_ZuKSE0WIlpM.mp4,FakeAVCeleb/FakeVideo-RealAudio/Asian (East)/men/id02365,FakeAVCeleb_v1.2/FakeVideo-RealAudio/Asian (East)/men/id02365/00028_id01212_ZuKSE0WIlpM.mp4,../data/raw/FakeAVCeleb_v1.2/FakeVideo-RealAudio/Asian (East)/men/id02365/00028_id01212_ZuKSE0WIlpM.mp4,1396_FakeVideo-RealAudio,4,True,../data/processed/frames,../data/processed/audio/1396_FakeVideo-RealAudio.wav
id00568,id05251,-,wav2lip,C,FakeVideo-RealAudio,African,women,00384_id05251_wavtolip.mp4,FakeAVCeleb/FakeVideo-RealAudio/African/women/id00568,FakeAVCeleb_v1.2/FakeVideo-RealAudio/African/women/id00568/00384_id05251_wavtolip.mp4,../data/raw/FakeAVCeleb_v1.2/FakeVideo-RealAudio/African/women/id00568/00384_id05251_wavtolip.mp4,1397_FakeVideo-RealAudio,5,True,../data/processed/frames,../data/processed/audio/1397_FakeVideo-RealAudio.wav
id00835,id00458,-,wav2lip,C,FakeVideo-RealAudio,Caucasian (American),women,00195_id00458_wavtolip.mp4,FakeAVCeleb/FakeVideo-RealAudio/Caucasian (American)/women/id00835,FakeAVCeleb_v1.2/FakeVideo-RealAudio/Caucasian (American)/women/id00835/00195_id00458_wavtolip.mp4,../data/raw/FakeAVCeleb_v1.2/FakeVideo-RealAudio/Caucasian (American)/women/id00835/00195_id00458_wavtolip.mp4,1398_FakeVideo-RealAudio,5,True,../data/processed/frames,../data/processed/audio/1398_FakeVideo-RealAudio.wav
id00554,id00548,-,wav2lip,C,FakeVideo-RealAudio,Caucasian (European),men,00028_id00548_wavtolip.mp4,FakeAVCeleb/FakeVideo-RealAudio/Caucasian (European)/men/id00554,FakeAVCeleb_v1.2/FakeVideo-RealAudio/Caucasian (European)/men/id00554/00028_id00548_wavtolip.mp4,../data/raw/FakeAVCeleb_v1.2/FakeVideo-RealAudio/Caucasian (European)/men/id00554/00028_id00548_wavtolip.mp4,1399_FakeVideo-RealAudio,5,True,../data/processed/frames,../data/processed/audio/1399_FakeVideo-RealAudio.wav
id03620,id00328,-,wav2lip,C,FakeVideo-RealAudio,Caucasian (European),women,00081_id00328_wavtolip.mp4,FakeAVCeleb/FakeVideo-RealAudio/Caucasian (European)/women/id03620,FakeAVCeleb_v1.2/FakeVideo-RealAudio/Caucasian (European)/women/id03620/00081_id00328_wavtolip.mp4,../data/raw/FakeAVCeleb_v1.2/FakeVideo-RealAudio/Caucasian (European)/women/id03620/00081_id00328_wavtolip.mp4,1400_FakeVideo-RealAudio,5,True,../data/processed/frames,../data/processed/audio/1400_FakeVideo-RealAudio.wav
id05931,id02089,-,wav2lip,C,FakeVideo-RealAudio,Asian (South),women,00013_id02089_wavtolip.mp4,FakeAVCeleb/FakeVideo-RealAudio/Asian (South)/women/id05931,FakeAVCeleb_v1.2/FakeVideo-RealAudio/Asian (South)/women/id05931/00013_id02089_wavtolip.mp4,../data/raw/FakeAVCeleb_v1.2/FakeVideo-RealAudio/Asian (South)/women/id05931/00013_id02089_wavtolip.mp4,1401_FakeVideo-RealAudio,5,True,../data/processed/frames,../data/processed/audio/1401_FakeVideo-RealAudio.wav
id00897,id00332,-,fsgan,C,FakeVideo-RealAudio,Caucasian (European),women,00005_id00332__zNddcZV1EU.mp4,FakeAVCeleb/FakeVideo-RealAudio/Caucasian (European)/women/id00897,FakeAVCeleb_v1.2/FakeVideo-RealAudio/Caucasian (European)/women/id00897/00005_id00332__zNddcZV1EU.mp4,../data/raw/FakeAVCeleb_v1.2/FakeVideo-RealAudio/Caucasian (European)/women/id00897/00005_id00332__zNddcZV1EU.mp4,1402_FakeVideo-RealAudio,5,True,../data/processed/frames,../data/processed/audio/1402_FakeVideo-RealAudio.wav
id04540,id02586,-,fsgan,C,FakeVideo-RealAudio,African,women,00078_id02586_dEYzYDsbAeo.mp4,FakeAVCeleb/FakeVideo-RealAudio/African/women/id04540,FakeAVCeleb_v1.2/FakeVideo-RealAudio/African/women/id04540/00078_id02586_dEYzYDsbAeo.mp4,../data/raw/FakeAVCeleb_v1.2/FakeVideo-RealAudio/African/women/id04540/00078_id02586_dEYzYDsbAeo.mp4,1403_FakeVideo-RealAudio,5,True,../data/processed/frames,../data/processed/audio/1403_FakeVideo-RealAudio.wav
id04927,id00417,-,fsgan,C,FakeVideo-RealAudio,Asian (South),women,00013_id00417_GhIZam3v09g.mp4,FakeAVCeleb/FakeVideo-RealAudio/Asian (South)/women/id04927,FakeAVCeleb_v1.2/FakeVideo-RealAudio/Asian (South)/women/id04927/00013_id00417_GhIZam3v09g.mp4,../data/raw/FakeAVCeleb_v1.2/FakeVideo-RealAudio/Asian (South)/women/id04927/00013_id00417_GhIZam3v09g.mp4,1405_FakeVideo-RealAudio,2,True,../data/processed/frames,../data/processed/audio/1405_FakeVideo-RealAudio.wav
id03707,id00835,-,fsgan,C,FakeVideo-RealAudio,Caucasian (American),women,00055_id00835_zWTp4szbb5k.mp4,FakeAVCeleb/FakeVideo-RealAudio/Caucasian (American)/women/id03707,FakeAVCeleb_v1.2/FakeVideo-RealAudio/Caucasian (American)/women/id03707/00055_id00835_zWTp4szbb5k.mp4,../data/raw/FakeAVCeleb_v1.2/FakeVideo-RealAudio/Caucasian (American)/women/id03707/00055_id00835_zWTp4szbb5k.mp4,1406_FakeVideo-RealAudio,4,True,../data/processed/frames,../data/processed/audio/1406_FakeVideo-RealAudio.wav
id00594,id00185,-,faceswap,C,FakeVideo-RealAudio,Caucasian (European),men,00005_id00185_1lsGWpwnl1M_faceswap.mp4,FakeAVCeleb/FakeVideo-RealAudio/Caucasian (European)/men/id00594,FakeAVCeleb_v1.2/FakeVideo-RealAudio/Caucasian (European)/men/id00594/00005_id00185_1lsGWpwnl1M_faceswap.mp4,../data/raw/FakeAVCeleb_v1.2/FakeVideo-RealAudio/Caucasian (European)/men/id00594/00005_id00185_1lsGWpwnl1M_faceswap.mp4,1407_FakeVideo-RealAudio,5,True,../data/processed/frames,../data/processed/audio/1407_FakeVideo-RealAudio.wav
id00830,id01236,-,wav2lip,C,FakeVideo-RealAudio,African,men,00143_id01236_wavtolip.mp4,FakeAVCeleb/FakeVideo-RealAudio/African/men/id00830,FakeAVCeleb_v1.2/FakeVideo-RealAudio/African/men/id00830/00143_id01236_wavtolip.mp4,../data/raw/FakeAVCeleb_v1.2/FakeVideo-RealAudio/African/men/id00830/00143_id01236_wavtolip.mp4,1408_FakeVideo-RealAudio,3,True,../data/processed/frames,../data/processed/audio/1408_FakeVideo-RealAudio.wav
id00430,id04414,-,fsgan,C,FakeVideo-RealAudio,Asian (East),women,00209_id04414_0sJN-9GIO-M.mp4,FakeAVCeleb/FakeVideo-RealAudio/Asian (East)/women/id00430,FakeAVCeleb_v1.2/FakeVideo-RealAudio/Asian (East)/women/id00430/00209_id04414_0sJN-9GIO-M.mp4,../data/raw/FakeAVCeleb_v1.2/FakeVideo-RealAudio/Asian (East)/women/id00430/00209_id04414_0sJN-9GIO-M.mp4,1409_FakeVideo-RealAudio,3,True,../data/processed/frames,../data/processed/audio/1409_FakeVideo-RealAudio.wav
id00381,id00462,-,fsgan,C,FakeVideo-RealAudio,Caucasian (American),women,00030_id00462_EMnGfAq9gg4.mp4,FakeAVCeleb/FakeVideo-RealAudio/Caucasian (American)/women/id00381,FakeAVCeleb_v1.2/FakeVideo-RealAudio/Caucasian (American)/women/id00381/00030_id00462_EMnGfAq9gg4.mp4,../data/raw/FakeAVCeleb_v1.2/FakeVideo-RealAudio/Caucasian (American)/women/id00381/00030_id00462_EMnGfAq9gg4.mp4,1410_FakeVideo-RealAudio,5,True,../data/processed/frames,../data/processed/audio/1410_FakeVideo-RealAudio.wav
id04599,id00816,-,wav2lip,C,FakeVideo-RealAudio,Asian (South),men,00111_id00816_wavtolip.mp4,FakeAVCeleb/FakeVideo-RealAudio/Asian (South)/men/id04599,FakeAVCeleb_v1.2/FakeVideo-RealAudio/Asian (South)/men/id04599/00111_id00816_wavtolip.mp4,../data/raw/FakeAVCeleb_v1.2/FakeVideo-RealAudio/Asian (South)/men/id04599/00111_id00816_wavtolip.mp4,1411_FakeVideo-RealAudio,2,True,../data/processed/frames,../data/processed/audio/1411_FakeVideo-RealAudio.wav
id00358,id00185,-,wav2lip,C,FakeVideo-RealAudio,Caucasian (European),men,00217_id00185_wavtolip.mp4,FakeAVCeleb/FakeVideo-RealAudio/Caucasian (European)/men/id00358,FakeAVCeleb_v1.2/FakeVideo-RealAudio/Caucasian (European)/men/id00358/00217_id00185_wavtolip.mp4,../data/raw/FakeAVCeleb_v1.2/FakeVideo-RealAudio/Caucasian (European)/men/id00358/00217_id00185_wavtolip.mp4,1412_FakeVideo-RealAudio,5,True,../data/processed/frames,../data/processed/audio/1412_FakeVideo-RealAudio.wav
id01231,id00272,-,fsgan,C,FakeVideo-RealAudio,Caucasian (American),women,00015_id00272_VLY1boTtbRM.mp4,FakeAVCeleb/FakeVideo-RealAudio/Caucasian (American)/women/id01231,FakeAVCeleb_v1.2/FakeVideo-RealAudio/Caucasian (American)/women/id01231/00015_id00272_VLY1boTtbRM.mp4,../data/raw/FakeAVCeleb_v1.2/FakeVideo-RealAudio/Caucasian (American)/women/id01231/00015_id00272_VLY1boTtbRM.mp4,1413_FakeVideo-RealAudio,5,True,../data/processed/frames,../data/processed/audio/1413_FakeVideo-RealAudio.wav
id00330,id03371,-,fsgan,C,FakeVideo-RealAudio,Caucasian (European),women,00118_id03371_truKMXt8Dak.mp4,FakeAVCeleb/FakeVideo-RealAudio/Caucasian (European)/women/id00330,FakeAVCeleb_v1.2/FakeVideo-RealAudio/Caucasian (European)/women/id00330/00118_id03371_truKMXt8Dak.mp4,../data/raw/FakeAVCeleb_v1.2/FakeVideo-RealAudio/Caucasian (European)/women/id00330/00118_id03371_truKMXt8Dak.mp4,1414_FakeVideo-RealAudio,5,True,../data/processed/frames,../data/processed/audio/1414_FakeVideo-RealAudio.wav
id04560,id00032,-,wav2lip,C,FakeVideo-RealAudio,Asian (South),men,00195_id00032_wavtolip.mp4,FakeAVCeleb/FakeVideo-RealAudio/Asian (South)/men/id04560,FakeAVCeleb_v1.2/FakeVideo-RealAudio/Asian (South)/men/id04560/00195_id00032_wavtolip.mp4,../data/raw/FakeAVCeleb_v1.2/FakeVideo-RealAudio/Asian (South)/men/id04560/00195_id00032_wavtolip.mp4,1415_FakeVideo-RealAudio,5,True,../data/processed/frames,../data/processed/audio/1415_FakeVideo-RealAudio.wav
id02464,id01005,-,fsgan,C,FakeVideo-RealAudio,Caucasian (American),women,00002_id01005_lJZrqhcRFSA.mp4,FakeAVCeleb/FakeVideo-RealAudio/Caucasian (American)/women/id02464,FakeAVCeleb_v1.2/FakeVideo-RealAudio/Caucasian (American)/women/id02464/00002_id01005_lJZrqhcRFSA.mp4,../data/raw/FakeAVCeleb_v1.2/FakeVideo-RealAudio/Caucasian (American)/women/id02464/00002_id01005_lJZrqhcRFSA.mp4,1416_FakeVideo-RealAudio,4,True,../data/processed/frames,../data/processed/audio/1416_FakeVideo-RealAudio.wav
id04537,id00860,-,fsgan,C,FakeVideo-RealAudio,Asian (South),men,00083_id00860_RGYyzn7hiCo.mp4,FakeAVCeleb/FakeVideo-RealAudio/Asian (South)/men/id04537,FakeAVCeleb_v1.2/FakeVideo-RealAudio/Asian (South)/men/id04537/00083_id00860_RGYyzn7hiCo.mp4,../data/raw/FakeAVCeleb_v1.2/FakeVideo-RealAudio/Asian (South)/men/id04537/00083_id00860_RGYyzn7hiCo.mp4,1417_FakeVideo-RealAudio,5,True,../data/processed/frames,../data/processed/audio/1417_FakeVideo-RealAudio.wav
id00577,id03103,-,fsgan,C,FakeVideo-RealAudio,African,women,00010_id03103_wiCYm3THQPw.mp4,FakeAVCeleb/FakeVideo-RealAudio/African/women/id00577,FakeAVCeleb_v1.2/FakeVideo-RealAudio/African/women/id00577/00010_id03103_wiCYm3THQPw.mp4,../data/raw/FakeAVCeleb_v1.2/FakeVideo-RealAudio/African/women/id00577/00010_id03103_wiCYm3THQPw.mp4,1418_FakeVideo-RealAudio,4,True,../data/processed/frames,../data/processed/audio/1418_FakeVideo-RealAudio.wav
id01098,id00171,-,fsgan,C,FakeVideo-RealAudio,Caucasian (European),men,00044_id00171_PWU6n0qrv4c.mp4,FakeAVCeleb/FakeVideo-RealAudio/Caucasian (European)/men/id01098,FakeAVCeleb_v1.2/FakeVideo-RealAudio/Caucasian (European)/men/id01098/00044_id00171_PWU6n0qrv4c.mp4,../data/raw/FakeAVCeleb_v1.2/FakeVideo-RealAudio/Caucasian (European)/men/id01098/00044_id00171_PWU6n0qrv4c.mp4,1419_FakeVideo-RealAudio,5,True,../data/processed/frames,../data/processed/audio/1419_FakeVideo-RealAudio.wav
id00068,id00234,-,wav2lip,C,FakeVideo-RealAudio,Caucasian (European),women,00004_id00234_wavtolip.mp4,FakeAVCeleb/FakeVideo-RealAudio/Caucasian (European)/women/id00068,FakeAVCeleb_v1.2/FakeVideo-RealAudio/Caucasian (European)/women/id00068/00004_id00234_wavtolip.mp4,../data/raw/FakeAVCeleb_v1.2/FakeVideo-RealAudio/Caucasian (European)/women/id00068/00004_id00234_wavtolip.mp4,1420_FakeVideo-RealAudio,4,True,../data/processed/frames,../data/processed/audio/1420_FakeVideo-RealAudio.wav
id00987,id02268,-,wav2lip,C,FakeVideo-RealAudio,African,men,00160_id02268_wavtolip.mp4,FakeAVCeleb/FakeVideo-RealAudio/African/men/id00987,FakeAVCeleb_v1.2/FakeVideo-RealAudio/African/men/id00987/00160_id02268_wavtolip.mp4,../data/raw/FakeAVCeleb_v1.2/FakeVideo-RealAudio/African/men/id00987/00160_id02268_wavtolip.mp4,1421_FakeVideo-RealAudio,5,True,../data/processed/frames,../data/processed/audio/1421_FakeVideo-RealAudio.wav
id00330,id00374,-,fsgan,C,FakeVideo-RealAudio,Caucasian (European),women,00118_id00374_w1qI7y9AGTc.mp4,FakeAVCeleb/FakeVideo-RealAudio/Caucasian (European)/women/id00330,FakeAVCeleb_v1.2/FakeVideo-RealAudio/Caucasian (European)/women/id00330/00118_id00374_w1qI7y9AGTc.mp4,../data/raw/FakeAVCeleb_v1.2/FakeVideo-RealAudio/Caucasian (European)/women/id00330/00118_id00374_w1qI7y9AGTc.mp4,1422_FakeVideo-RealAudio,5,True,../data/processed/frames,../data/processed/audio/1422_FakeVideo-RealAudio.wav
id00735,id03649,-,wav2lip,C,FakeVideo-RealAudio,Caucasian (European),women,00037_id03649_wavtolip.mp4,FakeAVCeleb/FakeVideo-RealAudio/Caucasian (European)/women/id00735,FakeAVCeleb_v1.2/FakeVideo-RealAudio/Caucasian (European)/women/id00735/00037_id03649_wavtolip.mp4,../data/raw/FakeAVCeleb_v1.2/FakeVideo-RealAudio/Caucasian (European)/women/id00735/00037_id03649_wavtolip.mp4,1423_FakeVideo-RealAudio,5,True,../data/processed/frames,../data/processed/audio/1423_FakeVideo-RealAudio.wav
id01204,id04111,-,wav2lip,C,FakeVideo-RealAudio,Asian (East),men,00092_id04111_wavtolip.mp4,FakeAVCeleb/FakeVideo-RealAudio/Asian (East)/men/id01204,FakeAVCeleb_v1.2/FakeVideo-RealAudio/Asian (East)/men/id01204/00092_id04111_wavtolip.mp4,../data/raw/FakeAVCeleb_v1.2/FakeVideo-RealAudio/Asian (East)/men/id01204/00092_id04111_wavtolip.mp4,1424_FakeVideo-RealAudio,5,True,../data/processed/frames,../data/processed/audio/1424_FakeVideo-RealAudio.wav
id00033,id04599,-,wav2lip,C,FakeVideo-RealAudio,Asian (South),men,00276_id04599_wavtolip.mp4,FakeAVCeleb/FakeVideo-RealAudio/Asian (South)/men/id00033,FakeAVCeleb_v1.2/FakeVideo-RealAudio/Asian (South)/men/id00033/00276_id04599_wavtolip.mp4,../data/raw/FakeAVCeleb_v1.2/FakeVideo-RealAudio/Asian (South)/men/id00033/00276_id04599_wavtolip.mp4,1425_FakeVideo-RealAudio,5,True,../data/processed/frames,../data/processed/audio/1425_FakeVideo-RealAudio.wav
id00056,id07102,-,faceswap,C,FakeVideo-RealAudio,Asian (East),men,00028_id07102_4gKPlwvjpsI_faceswap.mp4,FakeAVCeleb/FakeVideo-RealAudio/Asian (East)/men/id00056,FakeAVCeleb_v1.2/FakeVideo-RealAudio/Asian (East)/men/id00056/00028_id07102_4gKPlwvjpsI_faceswap.mp4,../data/raw/FakeAVCeleb_v1.2/FakeVideo-RealAudio/Asian (East)/men/id00056/00028_id07102_4gKPlwvjpsI_faceswap.mp4,1426_FakeVideo-RealAudio,5,True,../data/processed/frames,../data/processed/audio/1426_FakeVideo-RealAudio.wav
id00773,id07200,-,wav2lip,C,FakeVideo-RealAudio,Asian (South),men,00038_id07200_wavtolip.mp4,FakeAVCeleb/FakeVideo-RealAudio/Asian (South)/men/id00773,FakeAVCeleb_v1.2/FakeVideo-RealAudio/Asian (South)/men/id00773/00038_id07200_wavtolip.mp4,../data/raw/FakeAVCeleb_v1.2/FakeVideo-RealAudio/Asian (South)/men/id00773/00038_id07200_wavtolip.mp4,1427_FakeVideo-RealAudio,5,True,../data/processed/frames,../data/processed/audio/1427_FakeVideo-RealAudio.wav
id05845,id02619,-,fsgan,C,FakeVideo-RealAudio,Asian (South),women,00027_id02619_6AKIR2gTCNU.mp4,FakeAVCeleb/FakeVideo-RealAudio/Asian (South)/women/id05845,FakeAVCeleb_v1.2/FakeVideo-RealAudio/Asian (South)/women/id05845/00027_id02619_6AKIR2gTCNU.mp4,../data/raw/FakeAVCeleb_v1.2/FakeVideo-RealAudio/Asian (South)/women/id05845/00027_id02619_6AKIR2gTCNU.mp4,1428_FakeVideo-RealAudio,4,True,../data/processed/frames,../data/processed/audio/1428_FakeVideo-RealAudio.wav
id01783,id02808,-,wav2lip,C,FakeVideo-RealAudio,African,women,00015_id02808_wavtolip.mp4,FakeAVCeleb/FakeVideo-RealAudio/African/women/id01783,FakeAVCeleb_v1.2/FakeVideo-RealAudio/African/women/id01783/00015_id02808_wavtolip.mp4,../data/raw/FakeAVCeleb_v1.2/FakeVideo-RealAudio/African/women/id01783/00015_id02808_wavtolip.mp4,1429_FakeVideo-RealAudio,2,True,../data/processed/frames,../data/processed/audio/1429_FakeVideo-RealAudio.wav
id01051,id00358,-,fsgan,C,FakeVideo-RealAudio,Caucasian (European),men,00322_id00358_vsVwGKy79kM.mp4,FakeAVCeleb/FakeVideo-RealAudio/Caucasian (European)/men/id01051,FakeAVCeleb_v1.2/FakeVideo-RealAudio/Caucasian (European)/men/id01051/00322_id00358_vsVwGKy79kM.mp4,../data/raw/FakeAVCeleb_v1.2/FakeVideo-RealAudio/Caucasian (European)/men/id01051/00322_id00358_vsVwGKy79kM.mp4,1430_FakeVideo-RealAudio,5,True,../data/processed/frames,../data/processed/audio/1430_FakeVideo-RealAudio.wav
id00431,id02464,-,fsgan,C,FakeVideo-RealAudio,Caucasian (American),women,00039_id02464_1hxJsZYV7mI.mp4,FakeAVCeleb/FakeVideo-RealAudio/Caucasian (American)/women/id00431,FakeAVCeleb_v1.2/FakeVideo-RealAudio/Caucasian (American)/women/id00431/00039_id02464_1hxJsZYV7mI.mp4,../data/raw/FakeAVCeleb_v1.2/FakeVideo-RealAudio/Caucasian (American)/women/id00431/00039_id02464_1hxJsZYV7mI.mp4,1431_FakeVideo-RealAudio,5,True,../data/processed/frames,../data/processed/audio/1431_FakeVideo-RealAudio.wav
id01192,id00529,-,wav2lip,C,FakeVideo-RealAudio,Caucasian (American),men,00217_id00529_wavtolip.mp4,FakeAVCeleb/FakeVideo-RealAudio/Caucasian (American)/men/id01192,FakeAVCeleb_v1.2/FakeVideo-RealAudio/Caucasian (American)/men/id01192/00217_id00529_wavtolip.mp4,../data/raw/FakeAVCeleb_v1.2/FakeVideo-RealAudio/Caucasian (American)/men/id01192/00217_id00529_wavtolip.mp4,1432_FakeVideo-RealAudio,5,True,../data/processed/frames,../data/processed/audio/1432_FakeVideo-RealAudio.wav
id00186,id00909,-,wav2lip,C,FakeVideo-RealAudio,Caucasian (European),men,00120_id00909_wavtolip.mp4,FakeAVCeleb/FakeVideo-RealAudio/Caucasian (European)/men/id00186,FakeAVCeleb_v1.2/FakeVideo-RealAudio/Caucasian (European)/men/id00186/00120_id00909_wavtolip.mp4,../data/raw/FakeAVCeleb_v1.2/FakeVideo-RealAudio/Caucasian (European)/men/id00186/00120_id00909_wavtolip.mp4,1433_FakeVideo-RealAudio,5,True,../data/processed/frames,../data/processed/audio/1433_FakeVideo-RealAudio.wav
id01099,id00919,-,faceswap,C,FakeVideo-RealAudio,Caucasian (European),men,00206_id00919_XDUn0Pskyrk_faceswap.mp4,FakeAVCeleb/FakeVideo-RealAudio/Caucasian (European)/men/id01099,FakeAVCeleb_v1.2/FakeVideo-RealAudio/Caucasian (European)/men/id01099/00206_id00919_XDUn0Pskyrk_faceswap.mp4,../data/raw/FakeAVCeleb_v1.2/FakeVideo-RealAudio/Caucasian (European)/men/id01099/00206_id00919_XDUn0Pskyrk_faceswap.mp4,1434_FakeVideo-RealAudio,3,True,../data/processed/frames,../data/processed/audio/1434_FakeVideo-RealAudio.wav
id01042,id01192,-,fsgan,C,FakeVideo-RealAudio,Caucasian (American),men,00154_id01192_kAht8HG7-1s.mp4,FakeAVCeleb/FakeVideo-RealAudio/Caucasian (American)/men/id01042,FakeAVCeleb_v1.2/FakeVideo-RealAudio/Caucasian (American)/men/id01042/00154_id01192_kAht8HG7-1s.mp4,../data/raw/FakeAVCeleb_v1.2/FakeVideo-RealAudio/Caucasian (American)/men/id01042/00154_id01192_kAht8HG7-1s.mp4,1435_FakeVideo-RealAudio,5,True,../data/processed/frames,../data/processed/audio/1435_FakeVideo-RealAudio.wav
id00225,id00358,-,fsgan,C,FakeVideo-RealAudio,Caucasian (European),men,00078_id00358_vsVwGKy79kM.mp4,FakeAVCeleb/FakeVideo-RealAudio/Caucasian (European)/men/id00225,FakeAVCeleb_v1.2/FakeVideo-RealAudio/Caucasian (European)/men/id00225/00078_id00358_vsVwGKy79kM.mp4,../data/raw/FakeAVCeleb_v1.2/FakeVideo-RealAudio/Caucasian (European)/men/id00225/00078_id00358_vsVwGKy79kM.mp4,1436_FakeVideo-RealAudio,5,True,../data/processed/frames,../data/processed/audio/1436_FakeVideo-RealAudio.wav
id01179,id01179,-,wav2lip,C,FakeVideo-RealAudio,African,men,00160_id01179_wavtolip.mp4,FakeAVCeleb/FakeVideo-RealAudio/African/men/id01179,FakeAVCeleb_v1.2/FakeVideo-RealAudio/African/men/id01179/00160_id01179_wavtolip.mp4,../data/raw/FakeAVCeleb_v1.2/FakeVideo-RealAudio/African/men/id01179/00160_id01179_wavtolip.mp4,1437_FakeVideo-RealAudio,5,True,../data/processed/frames,../data/processed/audio/1437_FakeVideo-RealAudio.wav
id00103,id00350,-,fsgan,C,FakeVideo-RealAudio,Asian (South),men,00241_id00350_75IFJNFAMIM.mp4,FakeAVCeleb/FakeVideo-RealAudio/Asian (South)/men/id00103,FakeAVCeleb_v1.2/FakeVideo-RealAudio/Asian (South)/men/id00103/00241_id00350_75IFJNFAMIM.mp4,../data/raw/FakeAVCeleb_v1.2/FakeVideo-RealAudio/Asian (South)/men/id00103/00241_id00350_75IFJNFAMIM.mp4,1438_FakeVideo-RealAudio,5,True,../data/processed/frames,../data/processed/audio/1438_FakeVideo-RealAudio.wav
id00033,1.mp4,-,faceswap,C,FakeVideo-RealAudio,Asian (South),men,00276_1.mp4,FakeAVCeleb/FakeVideo-RealAudio/Asian (South)/men/id00033,FakeAVCeleb_v1.2/FakeVideo-RealAudio/Asian (South)/men/id00033/00276_1.mp4,../data/raw/FakeAVCeleb_v1.2/FakeVideo-RealAudio/Asian (South)/men/id00033/00276_1.mp4,1439_FakeVideo-RealAudio,5,True,../data/processed/frames,../data/processed/audio/1439_FakeVideo-RealAudio.wav
id00484,id00068,-,fsgan,C,FakeVideo-RealAudio,Caucasian (European),women,00202_id00068_A7uFnQw--bY.mp4,FakeAVCeleb/FakeVideo-RealAudio/Caucasian (European)/women/id00484,FakeAVCeleb_v1.2/FakeVideo-RealAudio/Caucasian (European)/women/id00484/00202_id00068_A7uFnQw--bY.mp4,../data/raw/FakeAVCeleb_v1.2/FakeVideo-RealAudio/Caucasian (European)/women/id00484/00202_id00068_A7uFnQw--bY.mp4,1440_FakeVideo-RealAudio,5,True,../data/processed/frames,../data/processed/audio/1440_FakeVideo-RealAudio.wav
id00306,id01156,-,fsgan,C,FakeVideo-RealAudio,Caucasian (European),men,00015_id01156_RT99eogJo4k.mp4,FakeAVCeleb/FakeVideo-RealAudio/Caucasian (European)/men/id00306,FakeAVCeleb_v1.2/FakeVideo-RealAudio/Caucasian (European)/men/id00306/00015_id01156_RT99eogJo4k.mp4,../data/raw/FakeAVCeleb_v1.2/FakeVideo-RealAudio/Caucasian (European)/men/id00306/00015_id01156_RT99eogJo4k.mp4,1441_FakeVideo-RealAudio,5,True,../data/processed/frames,../data/processed/audio/1441_FakeVideo-RealAudio.wav
id00385,id00231,-,wav2lip,C,FakeVideo-RealAudio,Caucasian (American),women,00439_id00231_wavtolip.mp4,FakeAVCeleb/FakeVideo-RealAudio/Caucasian (American)/women/id00385,FakeAVCeleb_v1.2/FakeVideo-RealAudio/Caucasian (American)/women/id00385/00439_id00231_wavtolip.mp4,../data/raw/FakeAVCeleb_v1.2/FakeVideo-RealAudio/Caucasian (American)/women/id00385/00439_id00231_wavtolip.mp4,1442_FakeVideo-RealAudio,4,True,../data/processed/frames,../data/processed/audio/1442_FakeVideo-RealAudio.wav
id00366,id00173,-,wav2lip,C,FakeVideo-RealAudio,African,men,00118_id00173_wavtolip.mp4,FakeAVCeleb/FakeVideo-RealAudio/African/men/id00366,FakeAVCeleb_v1.2/FakeVideo-RealAudio/African/men/id00366/00118_id00173_wavtolip.mp4,../data/raw/FakeAVCeleb_v1.2/FakeVideo-RealAudio/African/men/id00366/00118_id00173_wavtolip.mp4,1443_FakeVideo-RealAudio,3,True,../data/processed/frames,../data/processed/audio/1443_FakeVideo-RealAudio.wav
id02301,id04689,-,fsgan,C,FakeVideo-RealAudio,African,women,00092_id04689_0YqK1ksKjLg.mp4,FakeAVCeleb/FakeVideo-RealAudio/African/women/id02301,FakeAVCeleb_v1.2/FakeVideo-RealAudio/African/women/id02301/00092_id04689_0YqK1ksKjLg.mp4,../data/raw/FakeAVCeleb_v1.2/FakeVideo-RealAudio/African/women/id02301/00092_id04689_0YqK1ksKjLg.mp4,1444_FakeVideo-RealAudio,5,True,../data/processed/frames,../data/processed/audio/1444_FakeVideo-RealAudio.wav
id01091,id00180,-,fsgan,C,FakeVideo-RealAudio,Caucasian (American),women,00236_id00180_lkeAa8Od_tg.mp4,FakeAVCeleb/FakeVideo-RealAudio/Caucasian (American)/women/id01091,FakeAVCeleb_v1.2/FakeVideo-RealAudio/Caucasian (American)/women/id01091/00236_id00180_lkeAa8Od_tg.mp4,../data/raw/FakeAVCeleb_v1.2/FakeVideo-RealAudio/Caucasian (American)/women/id01091/00236_id00180_lkeAa8Od_tg.mp4,1445_FakeVideo-RealAudio,5,True,../data/processed/frames,../data/processed/audio/1445_FakeVideo-RealAudio.wav
id00366,id01637,-,fsgan,C,FakeVideo-RealAudio,African,men,00118_id01637_5VjcPZm8knM.mp4,FakeAVCeleb/FakeVideo-RealAudio/African/men/id00366,FakeAVCeleb_v1.2/FakeVideo-RealAudio/African/men/id00366/00118_id01637_5VjcPZm8knM.mp4,../data/raw/FakeAVCeleb_v1.2/FakeVideo-RealAudio/African/men/id00366/00118_id01637_5VjcPZm8knM.mp4,1446_FakeVideo-RealAudio,1,True,../data/processed/frames,../data/processed/audio/1446_FakeVideo-RealAudio.wav
id00169,id00184,-,wav2lip,C,FakeVideo-RealAudio,Caucasian (American),men,00021_id00184_wavtolip.mp4,FakeAVCeleb/FakeVideo-RealAudio/Caucasian (American)/men/id00169,FakeAVCeleb_v1.2/FakeVideo-RealAudio/Caucasian (American)/men/id00169/00021_id00184_wavtolip.mp4,../data/raw/FakeAVCeleb_v1.2/FakeVideo-RealAudio/Caucasian (American)/men/id00169/00021_id00184_wavtolip.mp4,1447_FakeVideo-RealAudio,5,True,../data/processed/frames,../data/processed/audio/1447_FakeVideo-RealAudio.wav
id01102,id01051,-,fsgan,C,FakeVideo-RealAudio,Caucasian (European),men,00197_id01051_jPxk6s6FM6Y.mp4,FakeAVCeleb/FakeVideo-RealAudio/Caucasian (European)/men/id01102,FakeAVCeleb_v1.2/FakeVideo-RealAudio/Caucasian (European)/men/id01102/00197_id01051_jPxk6s6FM6Y.mp4,../data/raw/FakeAVCeleb_v1.2/FakeVideo-RealAudio/Caucasian (European)/men/id01102/00197_id01051_jPxk6s6FM6Y.mp4,1448_FakeVideo-RealAudio,4,True,../data/processed/frames,../data/processed/audio/1448_FakeVideo-RealAudio.wav
id00773,id07194,-,wav2lip,C,FakeVideo-RealAudio,Asian (South),men,00038_id07194_wavtolip.mp4,FakeAVCeleb/FakeVideo-RealAudio/Asian (South)/men/id00773,FakeAVCeleb_v1.2/FakeVideo-RealAudio/Asian (South)/men/id00773/00038_id07194_wavtolip.mp4,../data/raw/FakeAVCeleb_v1.2/FakeVideo-RealAudio/Asian (South)/men/id00773/00038_id07194_wavtolip.mp4,1449_FakeVideo-RealAudio,5,True,../data/processed/frames,../data/processed/audio/1449_FakeVideo-RealAudio.wav
id03569,id04689,-,wav2lip,C,FakeVideo-RealAudio,African,women,00065_id04689_wavtolip.mp4,FakeAVCeleb/FakeVideo-RealAudio/African/women/id03569,FakeAVCeleb_v1.2/FakeVideo-RealAudio/African/women/id03569/00065_id04689_wavtolip.mp4,../data/raw/FakeAVCeleb_v1.2/FakeVideo-RealAudio/African/women/id03569/00065_id04689_wavtolip.mp4,1450_FakeVideo-RealAudio,3,True,../data/processed/frames,../data/processed/audio/1450_FakeVideo-RealAudio.wav
id05980,id02301,-,wav2lip,C,FakeVideo-RealAudio,African,women,00143_id02301_wavtolip.mp4,FakeAVCeleb/FakeVideo-RealAudio/African/women/id05980,FakeAVCeleb_v1.2/FakeVideo-RealAudio/African/women/id05980/00143_id02301_wavtolip.mp4,../data/raw/FakeAVCeleb_v1.2/FakeVideo-RealAudio/African/women/id05980/00143_id02301_wavtolip.mp4,1451_FakeVideo-RealAudio,5,True,../data/processed/frames,../data/processed/audio/1451_FakeVideo-RealAudio.wav
id00575,id01231,-,fsgan,C,FakeVideo-RealAudio,Caucasian (American),women,00092_id01231_XXpYdOHUF-g.mp4,FakeAVCeleb/FakeVideo-RealAudio/Caucasian (American)/women/id00575,FakeAVCeleb_v1.2/FakeVideo-RealAudio/Caucasian (American)/women/id00575/00092_id01231_XXpYdOHUF-g.mp4,../data/raw/FakeAVCeleb_v1.2/FakeVideo-RealAudio/Caucasian (American)/women/id00575/00092_id01231_XXpYdOHUF-g.mp4,1452_FakeVideo-RealAudio,4,True,../data/processed/frames,../data/processed/audio/1452_FakeVideo-RealAudio.wav
id00581,id03371,-,fsgan,C,FakeVideo-RealAudio,Caucasian (European),women,00010_id03371_truKMXt8Dak.mp4,FakeAVCeleb/FakeVideo-RealAudio/Caucasian (European)/women/id00581,FakeAVCeleb_v1.2/FakeVideo-RealAudio/Caucasian (European)/women/id00581/00010_id03371_truKMXt8Dak.mp4,../data/raw/FakeAVCeleb_v1.2/FakeVideo-RealAudio/Caucasian (European)/women/id00581/00010_id03371_truKMXt8Dak.mp4,1453_FakeVideo-RealAudio,5,True,../data/processed/frames,../data/processed/audio/1453_FakeVideo-RealAudio.wav
id00560,id05268,-,wav2lip,C,FakeVideo-RealAudio,Asian (East),men,00041_id05268_wavtolip.mp4,FakeAVCeleb/FakeVideo-RealAudio/Asian (East)/men/id00560,FakeAVCeleb_v1.2/FakeVideo-RealAudio/Asian (East)/men/id00560/00041_id05268_wavtolip.mp4,../data/raw/FakeAVCeleb_v1.2/FakeVideo-RealAudio/Asian (East)/men/id00560/00041_id05268_wavtolip.mp4,1454_FakeVideo-RealAudio,5,True,../data/processed/frames,../data/processed/audio/1454_FakeVideo-RealAudio.wav
id01044,id04216,-,fsgan,C,FakeVideo-RealAudio,Caucasian (American),men,00336_id04216_uDwxIsHkBIM.mp4,FakeAVCeleb/FakeVideo-RealAudio/Caucasian (American)/men/id01044,FakeAVCeleb_v1.2/FakeVideo-RealAudio/Caucasian (American)/men/id01044/00336_id04216_uDwxIsHkBIM.mp4,../data/raw/FakeAVCeleb_v1.2/FakeVideo-RealAudio/Caucasian (American)/men/id01044/00336_id04216_uDwxIsHkBIM.mp4,1455_FakeVideo-RealAudio,5,True,../data/processed/frames,../data/processed/audio/1455_FakeVideo-RealAudio.wav
id00025,id00098,-,wav2lip,C,FakeVideo-RealAudio,Caucasian (American),women,00025_id00098_wavtolip.mp4,FakeAVCeleb/FakeVideo-RealAudio/Caucasian (American)/women/id00025,FakeAVCeleb_v1.2/FakeVideo-RealAudio/Caucasian (American)/women/id00025/00025_id00098_wavtolip.mp4,../data/raw/FakeAVCeleb_v1.2/FakeVideo-RealAudio/Caucasian (American)/women/id00025/00025_id00098_wavtolip.mp4,1456_FakeVideo-RealAudio,5,True,../data/processed/frames,../data/processed/audio/1456_FakeVideo-RealAudio.wav
id00579,id06060,-,wav2lip,C,FakeVideo-RealAudio,Asian (East),women,00030_id06060_wavtolip.mp4,FakeAVCeleb/FakeVideo-RealAudio/Asian (East)/women/id00579,FakeAVCeleb_v1.2/FakeVideo-RealAudio/Asian (East)/women/id00579/00030_id06060_wavtolip.mp4,../data/raw/FakeAVCeleb_v1.2/FakeVideo-RealAudio/Asian (East)/women/id00579/00030_id06060_wavtolip.mp4,1457_FakeVideo-RealAudio,5,True,../data/processed/frames,../data/processed/audio/1457_FakeVideo-RealAudio.wav
id04547,id04374,-,fsgan,C,FakeVideo-RealAudio,African,women,00052_id04374_SWltOOZmlWM.mp4,FakeAVCeleb/FakeVideo-RealAudio/African/women/id04547,FakeAVCeleb_v1.2/FakeVideo-RealAudio/African/women/id04547/00052_id04374_SWltOOZmlWM.mp4,../data/raw/FakeAVCeleb_v1.2/FakeVideo-RealAudio/African/women/id04547/00052_id04374_SWltOOZmlWM.mp4,1458_FakeVideo-RealAudio,4,True,../data/processed/frames,../data/processed/audio/1458_FakeVideo-RealAudio.wav
id00103,id00414,-,wav2lip,C,FakeVideo-RealAudio,Asian (South),men,00241_id00414_wavtolip.mp4,FakeAVCeleb/FakeVideo-RealAudio/Asian (South)/men/id00103,FakeAVCeleb_v1.2/FakeVideo-RealAudio/Asian (South)/men/id00103/00241_id00414_wavtolip.mp4,../data/raw/FakeAVCeleb_v1.2/FakeVideo-RealAudio/Asian (South)/men/id00103/00241_id00414_wavtolip.mp4,1459_FakeVideo-RealAudio,5,True,../data/processed/frames,../data/processed/audio/1459_FakeVideo-RealAudio.wav
id00582,id07739,-,wav2lip,C,FakeVideo-RealAudio,Asian (East),women,00006_id07739_wavtolip.mp4,FakeAVCeleb/FakeVideo-RealAudio/Asian (East)/women/id00582,FakeAVCeleb_v1.2/FakeVideo-RealAudio/Asian (East)/women/id00582/00006_id07739_wavtolip.mp4,../data/raw/FakeAVCeleb_v1.2/FakeVideo-RealAudio/Asian (East)/women/id00582/00006_id07739_wavtolip.mp4,1460_FakeVideo-RealAudio,5,True,../data/processed/frames,../data/processed/audio/1460_FakeVideo-RealAudio.wav
id01179,id02040,-,wav2lip,C,FakeVideo-RealAudio,African,men,00160_id02040_wavtolip.mp4,FakeAVCeleb/FakeVideo-RealAudio/African/men/id01179,FakeAVCeleb_v1.2/FakeVideo-RealAudio/African/men/id01179/00160_id02040_wavtolip.mp4,../data/raw/FakeAVCeleb_v1.2/FakeVideo-RealAudio/African/men/id01179/00160_id02040_wavtolip.mp4,1461_FakeVideo-RealAudio,4,True,../data/processed/frames,../data/processed/audio/1461_FakeVideo-RealAudio.wav
id07163,id04599,-,wav2lip,C,FakeVideo-RealAudio,Asian (South),men,00141_id04599_wavtolip.mp4,FakeAVCeleb/FakeVideo-RealAudio/Asian (South)/men/id07163,FakeAVCeleb_v1.2/FakeVideo-RealAudio/Asian (South)/men/id07163/00141_id04599_wavtolip.mp4,../data/raw/FakeAVCeleb_v1.2/FakeVideo-RealAudio/Asian (South)/men/id07163/00141_id04599_wavtolip.mp4,1462_FakeVideo-RealAudio,5,True,../data/processed/frames,../data/processed/audio/1462_FakeVideo-RealAudio.wav
id02494,id01207,-,wav2lip,C,FakeVideo-RealAudio,African,men,00050_id01207_wavtolip.mp4,FakeAVCeleb/FakeVideo-RealAudio/African/men/id02494,FakeAVCeleb_v1.2/FakeVideo-RealAudio/African/men/id02494/00050_id01207_wavtolip.mp4,../data/raw/FakeAVCeleb_v1.2/FakeVideo-RealAudio/African/men/id02494/00050_id01207_wavtolip.mp4,1463_FakeVideo-RealAudio,1,True,../data/processed/frames,../data/processed/audio/1463_FakeVideo-RealAudio.wav
id02567,id00963,-,wav2lip,C,FakeVideo-RealAudio,Caucasian (European),men,00040_id00963_wavtolip.mp4,FakeAVCeleb/FakeVideo-RealAudio/Caucasian (European)/men/id02567,FakeAVCeleb_v1.2/FakeVideo-RealAudio/Caucasian (European)/men/id02567/00040_id00963_wavtolip.mp4,../data/raw/FakeAVCeleb_v1.2/FakeVideo-RealAudio/Caucasian (European)/men/id02567/00040_id00963_wavtolip.mp4,1464_FakeVideo-RealAudio,3,True,../data/processed/frames,../data/processed/audio/1464_FakeVideo-RealAudio.wav
id00183,id00415,-,fsgan,C,FakeVideo-RealAudio,Caucasian (European),men,00015_id00415_saYfEadFy_s.mp4,FakeAVCeleb/FakeVideo-RealAudio/Caucasian (European)/men/id00183,FakeAVCeleb_v1.2/FakeVideo-RealAudio/Caucasian (European)/men/id00183/00015_id00415_saYfEadFy_s.mp4,../data/raw/FakeAVCeleb_v1.2/FakeVideo-RealAudio/Caucasian (European)/men/id00183/00015_id00415_saYfEadFy_s.mp4,1465_FakeVideo-RealAudio,5,True,../data/processed/frames,../data/processed/audio/1465_FakeVideo-RealAudio.wav
id00518,id00701,-,wav2lip,C,FakeVideo-RealAudio,African,men,00031_id00701_wavtolip.mp4,FakeAVCeleb/FakeVideo-RealAudio/African/men/id00518,FakeAVCeleb_v1.2/FakeVideo-RealAudio/African/men/id00518/00031_id00701_wavtolip.mp4,../data/raw/FakeAVCeleb_v1.2/FakeVideo-RealAudio/African/men/id00518/00031_id00701_wavtolip.mp4,1466_FakeVideo-RealAudio,2,True,../data/processed/frames,../data/processed/audio/1466_FakeVideo-RealAudio.wav
id00707,0.mp4,-,faceswap,C,FakeVideo-RealAudio,African,women,00052_0.mp4,FakeAVCeleb/FakeVideo-RealAudio/African/women/id00707,FakeAVCeleb_v1.2/FakeVideo-RealAudio/African/women/id00707/00052_0.mp4,../data/raw/FakeAVCeleb_v1.2/FakeVideo-RealAudio/African/women/id00707/00052_0.mp4,1467_FakeVideo-RealAudio,5,True,../data/processed/frames,../data/processed/audio/1467_FakeVideo-RealAudio.wav
id00076,id01036,-,fsgan,C,FakeVideo-RealAudio,African,men,00109_id01036_AohKaMtIHxA.mp4,FakeAVCeleb/FakeVideo-RealAudio/African/men/id00076,FakeAVCeleb_v1.2/FakeVideo-RealAudio/African/men/id00076/00109_id01036_AohKaMtIHxA.mp4,../data/raw/FakeAVCeleb_v1.2/FakeVideo-RealAudio/African/men/id00076/00109_id01036_AohKaMtIHxA.mp4,1468_FakeVideo-RealAudio,3,True,../data/processed/frames,../data/processed/audio/1468_FakeVideo-RealAudio.wav
id04554,id00857,-,fsgan,C,FakeVideo-RealAudio,Asian (South),men,00118_id00857_yJ7bbvwL4kU.mp4,FakeAVCeleb/FakeVideo-RealAudio/Asian (South)/men/id04554,FakeAVCeleb_v1.2/FakeVideo-RealAudio/Asian (South)/men/id04554/00118_id00857_yJ7bbvwL4kU.mp4,../data/raw/FakeAVCeleb_v1.2/FakeVideo-RealAudio/Asian (South)/men/id04554/00118_id00857_yJ7bbvwL4kU.mp4,1469_FakeVideo-RealAudio,5,True,../data/processed/frames,../data/processed/audio/1469_FakeVideo-RealAudio.wav
id00187,id01126,-,wav2lip,C,FakeVideo-RealAudio,Caucasian (European),men,00360_id01126_wavtolip.mp4,FakeAVCeleb/FakeVideo-RealAudio/Caucasian (European)/men/id00187,FakeAVCeleb_v1.2/FakeVideo-RealAudio/Caucasian (European)/men/id00187/00360_id01126_wavtolip.mp4,../data/raw/FakeAVCeleb_v1.2/FakeVideo-RealAudio/Caucasian (European)/men/id00187/00360_id01126_wavtolip.mp4,1470_FakeVideo-RealAudio,5,True,../data/processed/frames,../data/processed/audio/1470_FakeVideo-RealAudio.wav
id05106,id04820,-,faceswap,C,FakeVideo-RealAudio,African,women,00078_id04820_64ybrA1atlM_faceswap.mp4,FakeAVCeleb/FakeVideo-RealAudio/African/women/id05106,FakeAVCeleb_v1.2/FakeVideo-RealAudio/African/women/id05106/00078_id04820_64ybrA1atlM_faceswap.mp4,../data/raw/FakeAVCeleb_v1.2/FakeVideo-RealAudio/African/women/id05106/00078_id04820_64ybrA1atlM_faceswap.mp4,1471_FakeVideo-RealAudio,5,True,../data/processed/frames,../data/processed/audio/1471_FakeVideo-RealAudio.wav
id09171,id09181,-,wav2lip,C,FakeVideo-RealAudio,Asian (East),women,00092_id09181_wavtolip.mp4,FakeAVCeleb/FakeVideo-RealAudio/Asian (East)/women/id09171,FakeAVCeleb_v1.2/FakeVideo-RealAudio/Asian (East)/women/id09171/00092_id09181_wavtolip.mp4,../data/raw/FakeAVCeleb_v1.2/FakeVideo-RealAudio/Asian (East)/women/id09171/00092_id09181_wavtolip.mp4,1472_FakeVideo-RealAudio,5,True,../data/processed/frames,../data/processed/audio/1472_FakeVideo-RealAudio.wav
id01102,id01156,-,fsgan,C,FakeVideo-RealAudio,Caucasian (European),men,00197_id01156_RT99eogJo4k.mp4,FakeAVCeleb/FakeVideo-RealAudio/Caucasian (European)/men/id01102,FakeAVCeleb_v1.2/FakeVideo-RealAudio/Caucasian (European)/men/id01102/00197_id01156_RT99eogJo4k.mp4,../data/raw/FakeAVCeleb_v1.2/FakeVideo-RealAudio/Caucasian (European)/men/id01102/00197_id01156_RT99eogJo4k.mp4,1473_FakeVideo-RealAudio,5,True,../data/processed/frames,../data/processed/audio/1473_FakeVideo-RealAudio.wav
id01238,id03556,-,wav2lip,C,FakeVideo-RealAudio,Caucasian (American),women,00037_id03556_wavtolip.mp4,FakeAVCeleb/FakeVideo-RealAudio/Caucasian (American)/women/id01238,FakeAVCeleb_v1.2/FakeVideo-RealAudio/Caucasian (American)/women/id01238/00037_id03556_wavtolip.mp4,../data/raw/FakeAVCeleb_v1.2/FakeVideo-RealAudio/Caucasian (American)/women/id01238/00037_id03556_wavtolip.mp4,1474_FakeVideo-RealAudio,4,True,../data/processed/frames,../data/processed/audio/1474_FakeVideo-RealAudio.wav
id00548,id00055,-,wav2lip,C,FakeVideo-RealAudio,Caucasian (European),men,00015_id00055_wavtolip.mp4,FakeAVCeleb/FakeVideo-RealAudio/Caucasian (European)/men/id00548,FakeAVCeleb_v1.2/FakeVideo-RealAudio/Caucasian (European)/men/id00548/00015_id00055_wavtolip.mp4,../data/raw/FakeAVCeleb_v1.2/FakeVideo-RealAudio/Caucasian (European)/men/id00548/00015_id00055_wavtolip.mp4,1475_FakeVideo-RealAudio,5,True,../data/processed/frames,../data/processed/audio/1475_FakeVideo-RealAudio.wav
id01610,id01179,-,wav2lip,C,FakeVideo-RealAudio,African,men,00090_id01179_wavtolip.mp4,FakeAVCeleb/FakeVideo-RealAudio/African/men/id01610,FakeAVCeleb_v1.2/FakeVideo-RealAudio/African/men/id01610/00090_id01179_wavtolip.mp4,../data/raw/FakeAVCeleb_v1.2/FakeVideo-RealAudio/African/men/id01610/00090_id01179_wavtolip.mp4,1476_FakeVideo-RealAudio,5,True,../data/processed/frames,../data/processed/audio/1476_FakeVideo-RealAudio.wav
id03103,id02808,-,wav2lip,C,FakeVideo-RealAudio,African,women,00130_id02808_wavtolip.mp4,FakeAVCeleb/FakeVideo-RealAudio/African/women/id03103,FakeAVCeleb_v1.2/FakeVideo-RealAudio/African/women/id03103/00130_id02808_wavtolip.mp4,../data/raw/FakeAVCeleb_v1.2/FakeVideo-RealAudio/African/women/id03103/00130_id02808_wavtolip.mp4,1477_FakeVideo-RealAudio,5,True,../data/processed/frames,../data/processed/audio/1477_FakeVideo-RealAudio.wav
id00184,id00264,-,wav2lip,C,FakeVideo-RealAudio,Caucasian (American),men,00241_id00264_wavtolip.mp4,FakeAVCeleb/FakeVideo-RealAudio/Caucasian (American)/men/id00184,FakeAVCeleb_v1.2/FakeVideo-RealAudio/Caucasian (American)/men/id00184/00241_id00264_wavtolip.mp4,../data/raw/FakeAVCeleb_v1.2/FakeVideo-RealAudio/Caucasian (American)/men/id00184/00241_id00264_wavtolip.mp4,1478_FakeVideo-RealAudio,5,True,../data/processed/frames,../data/processed/audio/1478_FakeVideo-RealAudio.wav
id03781,id03605,-,fsgan,C,FakeVideo-RealAudio,Caucasian (American),women,00113_id03605_JGZt9DAhBRs.mp4,FakeAVCeleb/FakeVideo-RealAudio/Caucasian (American)/women/id03781,FakeAVCeleb_v1.2/FakeVideo-RealAudio/Caucasian (American)/women/id03781/00113_id03605_JGZt9DAhBRs.mp4,../data/raw/FakeAVCeleb_v1.2/FakeVideo-RealAudio/Caucasian (American)/women/id03781/00113_id03605_JGZt9DAhBRs.mp4,1479_FakeVideo-RealAudio,5,True,../data/processed/frames,../data/processed/audio/1479_FakeVideo-RealAudio.wav
id00272,id00100,-,fsgan,C,FakeVideo-RealAudio,Caucasian (American),women,00195_id00100_sZ0Ex4WUEgM.mp4,FakeAVCeleb/FakeVideo-RealAudio/Caucasian (American)/women/id00272,FakeAVCeleb_v1.2/FakeVideo-RealAudio/Caucasian (American)/women/id00272/00195_id00100_sZ0Ex4WUEgM.mp4,../data/raw/FakeAVCeleb_v1.2/FakeVideo-RealAudio/Caucasian (American)/women/id00272/00195_id00100_sZ0Ex4WUEgM.mp4,1480_FakeVideo-RealAudio,5,True,../data/processed/frames,../data/processed/audio/1480_FakeVideo-RealAudio.wav
id00945,id00049,-,wav2lip,C,FakeVideo-RealAudio,Caucasian (American),men,00107_id00049_wavtolip.mp4,FakeAVCeleb/FakeVideo-RealAudio/Caucasian (American)/men/id00945,FakeAVCeleb_v1.2/FakeVideo-RealAudio/Caucasian (American)/men/id00945/00107_id00049_wavtolip.mp4,../data/raw/FakeAVCeleb_v1.2/FakeVideo-RealAudio/Caucasian (American)/men/id00945/00107_id00049_wavtolip.mp4,1481_FakeVideo-RealAudio,5,True,../data/processed/frames,../data/processed/audio/1481_FakeVideo-RealAudio.wav
id00496,id00270,-,wav2lip,C,FakeVideo-RealAudio,Caucasian (European),women,00015_id00270_wavtolip.mp4,FakeAVCeleb/FakeVideo-RealAudio/Caucasian (European)/women/id00496,FakeAVCeleb_v1.2/FakeVideo-RealAudio/Caucasian (European)/women/id00496/00015_id00270_wavtolip.mp4,../data/raw/FakeAVCeleb_v1.2/FakeVideo-RealAudio/Caucasian (European)/women/id00496/00015_id00270_wavtolip.mp4,1482_FakeVideo-RealAudio,5,True,../data/processed/frames,../data/processed/audio/1482_FakeVideo-RealAudio.wav
id03940,id09116,-,fsgan,C,FakeVideo-RealAudio,Asian (East),women,00025_id09116_EahYpHnFjzw.mp4,FakeAVCeleb/FakeVideo-RealAudio/Asian (East)/women/id03940,FakeAVCeleb_v1.2/FakeVideo-RealAudio/Asian (East)/women/id03940/00025_id09116_EahYpHnFjzw.mp4,../data/raw/FakeAVCeleb_v1.2/FakeVideo-RealAudio/Asian (East)/women/id03940/00025_id09116_EahYpHnFjzw.mp4,1483_FakeVideo-RealAudio,5,True,../data/processed/frames,../data/processed/audio/1483_FakeVideo-RealAudio.wav
id04601,id07182,-,wav2lip,C,FakeVideo-RealAudio,Asian (South),men,00118_id07182_wavtolip.mp4,FakeAVCeleb/FakeVideo-RealAudio/Asian (South)/men/id04601,FakeAVCeleb_v1.2/FakeVideo-RealAudio/Asian (South)/men/id04601/00118_id07182_wavtolip.mp4,../data/raw/FakeAVCeleb_v1.2/FakeVideo-RealAudio/Asian (South)/men/id04601/00118_id07182_wavtolip.mp4,1484_FakeVideo-RealAudio,5,True,../data/processed/frames,../data/processed/audio/1484_FakeVideo-RealAudio.wav
id00253,id00981,-,wav2lip,C,FakeVideo-RealAudio,Caucasian (European),men,00021_id00981_wavtolip.mp4,FakeAVCeleb/FakeVideo-RealAudio/Caucasian (European)/men/id00253,FakeAVCeleb_v1.2/FakeVideo-RealAudio/Caucasian (European)/men/id00253/00021_id00981_wavtolip.mp4,../data/raw/FakeAVCeleb_v1.2/FakeVideo-RealAudio/Caucasian (European)/men/id00253/00021_id00981_wavtolip.mp4,1485_FakeVideo-RealAudio,5,True,../data/processed/frames,../data/processed/audio/1485_FakeVideo-RealAudio.wav
id01838,id00707,-,fsgan,C,FakeVideo-RealAudio,African,women,00126_id00707_feeHCIlo6jg.mp4,FakeAVCeleb/FakeVideo-RealAudio/African/women/id01838,FakeAVCeleb_v1.2/FakeVideo-RealAudio/African/women/id01838/00126_id00707_feeHCIlo6jg.mp4,../data/raw/FakeAVCeleb_v1.2/FakeVideo-RealAudio/African/women/id01838/00126_id00707_feeHCIlo6jg.mp4,1486_FakeVideo-RealAudio,5,True,../data/processed/frames,../data/processed/audio/1486_FakeVideo-RealAudio.wav
id00496,id00287,-,wav2lip,C,FakeVideo-RealAudio,Caucasian (European),women,00015_id00287_wavtolip.mp4,FakeAVCeleb/FakeVideo-RealAudio/Caucasian (European)/women/id00496,FakeAVCeleb_v1.2/FakeVideo-RealAudio/Caucasian (European)/women/id00496/00015_id00287_wavtolip.mp4,../data/raw/FakeAVCeleb_v1.2/FakeVideo-RealAudio/Caucasian (European)/women/id00496/00015_id00287_wavtolip.mp4,1487_FakeVideo-RealAudio,5,True,../data/processed/frames,../data/processed/audio/1487_FakeVideo-RealAudio.wav
id00745,id07200,-,wav2lip,C,FakeVideo-RealAudio,Asian (South),men,00165_id07200_wavtolip.mp4,FakeAVCeleb/FakeVideo-RealAudio/Asian (South)/men/id00745,FakeAVCeleb_v1.2/FakeVideo-RealAudio/Asian (South)/men/id00745/00165_id07200_wavtolip.mp4,../data/raw/FakeAVCeleb_v1.2/FakeVideo-RealAudio/Asian (South)/men/id00745/00165_id07200_wavtolip.mp4,1488_FakeVideo-RealAudio,4,True,../data/processed/frames,../data/processed/audio/1488_FakeVideo-RealAudio.wav
id03816,id03844,-,wav2lip,C,FakeVideo-RealAudio,Caucasian (European),women,00093_id03844_wavtolip.mp4,FakeAVCeleb/FakeVideo-RealAudio/Caucasian (European)/women/id03816,FakeAVCeleb_v1.2/FakeVideo-RealAudio/Caucasian (European)/women/id03816/00093_id03844_wavtolip.mp4,../data/raw/FakeAVCeleb_v1.2/FakeVideo-RealAudio/Caucasian (European)/women/id03816/00093_id03844_wavtolip.mp4,1489_FakeVideo-RealAudio,5,True,../data/processed/frames,../data/processed/audio/1489_FakeVideo-RealAudio.wav
id00062,id00052,-,fsgan,C,FakeVideo-RealAudio,Caucasian (American),men,00278_id00052_NK_leX996Yk.mp4,FakeAVCeleb/FakeVideo-RealAudio/Caucasian (American)/men/id00062,FakeAVCeleb_v1.2/FakeVideo-RealAudio/Caucasian (American)/men/id00062/00278_id00052_NK_leX996Yk.mp4,../data/raw/FakeAVCeleb_v1.2/FakeVideo-RealAudio/Caucasian (American)/men/id00062/00278_id00052_NK_leX996Yk.mp4,1490_FakeVideo-RealAudio,5,True,../data/processed/frames,../data/processed/audio/1490_FakeVideo-RealAudio.wav
id03379,id06158,-,fsgan,C,FakeVideo-RealAudio,Asian (East),women,00032_id06158_C6FpHdewEzA.mp4,FakeAVCeleb/FakeVideo-RealAudio/Asian (East)/women/id03379,FakeAVCeleb_v1.2/FakeVideo-RealAudio/Asian (East)/women/id03379/00032_id06158_C6FpHdewEzA.mp4,../data/raw/FakeAVCeleb_v1.2/FakeVideo-RealAudio/Asian (East)/women/id03379/00032_id06158_C6FpHdewEzA.mp4,1491_FakeVideo-RealAudio,4,True,../data/processed/frames,../data/processed/audio/1491_FakeVideo-RealAudio.wav
id04414,id05844,-,wav2lip,C,FakeVideo-RealAudio,Asian (East),women,00001_id05844_wavtolip.mp4,FakeAVCeleb/FakeVideo-RealAudio/Asian (East)/women/id04414,FakeAVCeleb_v1.2/FakeVideo-RealAudio/Asian (East)/women/id04414/00001_id05844_wavtolip.mp4,../data/raw/FakeAVCeleb_v1.2/FakeVideo-RealAudio/Asian (East)/women/id04414/00001_id05844_wavtolip.mp4,1492_FakeVideo-RealAudio,5,True,../data/processed/frames,../data/processed/audio/1492_FakeVideo-RealAudio.wav
id06462,id05620,-,fsgan,C,FakeVideo-RealAudio,Asian (East),women,00014_id05620_DmPPLeOZkHo.mp4,FakeAVCeleb/FakeVideo-RealAudio/Asian (East)/women/id06462,FakeAVCeleb_v1.2/FakeVideo-RealAudio/Asian (East)/women/id06462/00014_id05620_DmPPLeOZkHo.mp4,../data/raw/FakeAVCeleb_v1.2/FakeVideo-RealAudio/Asian (East)/women/id06462/00014_id05620_DmPPLeOZkHo.mp4,1493_FakeVideo-RealAudio,5,True,../data/processed/frames,../data/processed/audio/1493_FakeVideo-RealAudio.wav
id01171,id02494,-,faceswap,C,FakeVideo-RealAudio,African,men,00053_id02494_lObg47hQleE_faceswap.mp4,FakeAVCeleb/FakeVideo-RealAudio/African/men/id01171,FakeAVCeleb_v1.2/FakeVideo-RealAudio/African/men/id01171/00053_id02494_lObg47hQleE_faceswap.mp4,../data/raw/FakeAVCeleb_v1.2/FakeVideo-RealAudio/African/men/id01171/00053_id02494_lObg47hQleE_faceswap.mp4,1494_FakeVideo-RealAudio,5,True,../data/processed/frames,../data/processed/audio/1494_FakeVideo-RealAudio.wav
id01248,id03707,-,fsgan,C,FakeVideo-RealAudio,Caucasian (American),women,00005_id03707_pwNcRPQ5qdo.mp4,FakeAVCeleb/FakeVideo-RealAudio/Caucasian (American)/women/id01248,FakeAVCeleb_v1.2/FakeVideo-RealAudio/Caucasian (American)/women/id01248/00005_id03707_pwNcRPQ5qdo.mp4,../data/raw/FakeAVCeleb_v1.2/FakeVideo-RealAudio/Caucasian (American)/women/id01248/00005_id03707_pwNcRPQ5qdo.mp4,1495_FakeVideo-RealAudio,5,True,../data/processed/frames,../data/processed/audio/1495_FakeVideo-RealAudio.wav
id00271,id00633,-,fsgan,C,FakeVideo-RealAudio,Caucasian (European),women,00028_id00633_UXrTMta1EDM.mp4,FakeAVCeleb/FakeVideo-RealAudio/Caucasian (European)/women/id00271,FakeAVCeleb_v1.2/FakeVideo-RealAudio/Caucasian (European)/women/id00271/00028_id00633_UXrTMta1EDM.mp4,../data/raw/FakeAVCeleb_v1.2/FakeVideo-RealAudio/Caucasian (European)/women/id00271/00028_id00633_UXrTMta1EDM.mp4,1496_FakeVideo-RealAudio,5,True,../data/processed/frames,../data/processed/audio/1496_FakeVideo-RealAudio.wav
id04583,id03815,-,wav2lip,C,FakeVideo-RealAudio,Asian (South),women,00077_id03815_wavtolip.mp4,FakeAVCeleb/FakeVideo-RealAudio/Asian (South)/women/id04583,FakeAVCeleb_v1.2/FakeVideo-RealAudio/Asian (South)/women/id04583/00077_id03815_wavtolip.mp4,../data/raw/FakeAVCeleb_v1.2/FakeVideo-RealAudio/Asian (South)/women/id04583/00077_id03815_wavtolip.mp4,1497_FakeVideo-RealAudio,5,True,../data/processed/frames,../data/processed/audio/1497_FakeVideo-RealAudio.wav
id02494,id01835,-,wav2lip,C,FakeVideo-RealAudio,African,men,00050_id01835_wavtolip.mp4,FakeAVCeleb/FakeVideo-RealAudio/African/men/id02494,FakeAVCeleb_v1.2/FakeVideo-RealAudio/African/men/id02494/00050_id01835_wavtolip.mp4,../data/raw/FakeAVCeleb_v1.2/FakeVideo-RealAudio/African/men/id02494/00050_id01835_wavtolip.mp4,1498_FakeVideo-RealAudio,1,True,../data/processed/frames,../data/processed/audio/1498_FakeVideo-RealAudio.wav
id06355,id06355,-,wav2lip,C,FakeVideo-RealAudio,Asian (South),men,00347_id06355_wavtolip.mp4,FakeAVCeleb/FakeVideo-RealAudio/Asian (South)/men/id06355,FakeAVCeleb_v1.2/FakeVideo-RealAudio/Asian (South)/men/id06355/00347_id06355_wavtolip.mp4,../data/raw/FakeAVCeleb_v1.2/FakeVideo-RealAudio/Asian (South)/men/id06355/00347_id06355_wavtolip.mp4,1499_FakeVideo-RealAudio,5,True,../data/processed/frames,../data/processed/audio/1499_FakeVideo-RealAudio.wav
id00076,9,-,faceswap-wav2lip,D,FakeVideo-FakeAudio,African,men,00109_9_id01528_wavtolip.mp4,FakeAVCeleb/FakeVideo-FakeAudio/African/men/id00076,FakeAVCeleb_v1.2/FakeVideo-FakeAudio/African/men/id00076/00109_9_id01528_wavtolip.mp4,../data/raw/FakeAVCeleb_v1.2/FakeVideo-FakeAudio/African/men/id00076/00109_9_id01528_wavtolip.mp4,1500_FakeVideo-FakeAudio,5,True,../data/processed/frames,../data/processed/audio/1500_FakeVideo-FakeAudio.wav
id00021,id00021,-,wav2lip,D,FakeVideo-FakeAudio,Caucasian (American),men,00010_id00021_wavtolip.mp4,FakeAVCeleb/FakeVideo-FakeAudio/Caucasian (American)/men/id00021,FakeAVCeleb_v1.2/FakeVideo-FakeAudio/Caucasian (American)/men/id00021/00010_id00021_wavtolip.mp4,../data/raw/FakeAVCeleb_v1.2/FakeVideo-FakeAudio/Caucasian (American)/men/id00021/00010_id00021_wavtolip.mp4,1501_FakeVideo-FakeAudio,1,True,../data/processed/frames,../data/processed/audio/1501_FakeVideo-FakeAudio.wav
id06427,id06061,id04414,fsgan-wav2lip,D,FakeVideo-FakeAudio,Asian (East),women,00138_id06061_TckvmWR97vo_id04414_wavtolip.mp4,FakeAVCeleb/FakeVideo-FakeAudio/Asian (East)/women/id06427,FakeAVCeleb_v1.2/FakeVideo-FakeAudio/Asian (East)/women/id06427/00138_id06061_TckvmWR97vo_id04414_wavtolip.mp4,../data/raw/FakeAVCeleb_v1.2/FakeVideo-FakeAudio/Asian (East)/women/id06427/00138_id06061_TckvmWR97vo_id04414_wavtolip.mp4,1502_FakeVideo-FakeAudio,5,True,../data/processed/frames,../data/processed/audio/1502_FakeVideo-FakeAudio.wav
id02089,id05434,id01026,fsgan-wav2lip,D,FakeVideo-FakeAudio,Asian (South),women,00092_id05434_6p7kCmdOjDQ_id01026_wavtolip.mp4,FakeAVCeleb/FakeVideo-FakeAudio/Asian (South)/women/id02089,FakeAVCeleb_v1.2/FakeVideo-FakeAudio/Asian (South)/women/id02089/00092_id05434_6p7kCmdOjDQ_id01026_wavtolip.mp4,../data/raw/FakeAVCeleb_v1.2/FakeVideo-FakeAudio/Asian (South)/women/id02089/00092_id05434_6p7kCmdOjDQ_id01026_wavtolip.mp4,1503_FakeVideo-FakeAudio,4,True,../data/processed/frames,../data/processed/audio/1503_FakeVideo-FakeAudio.wav
id03747,id04689,id00359,fsgan-wav2lip,D,FakeVideo-FakeAudio,African,women,00273_id04689_0YqK1ksKjLg_id00359_wavtolip.mp4,FakeAVCeleb/FakeVideo-FakeAudio/African/women/id03747,FakeAVCeleb_v1.2/FakeVideo-FakeAudio/African/women/id03747/00273_id04689_0YqK1ksKjLg_id00359_wavtolip.mp4,../data/raw/FakeAVCeleb_v1.2/FakeVideo-FakeAudio/African/women/id03747/00273_id04689_0YqK1ksKjLg_id00359_wavtolip.mp4,1504_FakeVideo-FakeAudio,1,True,../data/processed/frames,../data/processed/audio/1504_FakeVideo-FakeAudio.wav
id00945,id00775,id00775,fsgan-wav2lip,D,FakeVideo-FakeAudio,Caucasian (American),men,00107_id00775_yeCUxHgUHxc_id00775_wavtolip.mp4,FakeAVCeleb/FakeVideo-FakeAudio/Caucasian (American)/men/id00945,FakeAVCeleb_v1.2/FakeVideo-FakeAudio/Caucasian (American)/men/id00945/00107_id00775_yeCUxHgUHxc_id00775_wavtolip.mp4,../data/raw/FakeAVCeleb_v1.2/FakeVideo-FakeAudio/Caucasian (American)/men/id00945/00107_id00775_yeCUxHgUHxc_id00775_wavtolip.mp4,1505_FakeVideo-FakeAudio,5,True,../data/processed/frames,../data/processed/audio/1505_FakeVideo-FakeAudio.wav
id01163,id00018,faceswap,faceswap-wav2lip,D,FakeVideo-FakeAudio,Caucasian (American),men,00195_id00018_sap-FjURHlc_faceswap_id04219_wavtolip.mp4,FakeAVCeleb/FakeVideo-FakeAudio/Caucasian (American)/men/id01163,FakeAVCeleb_v1.2/FakeVideo-FakeAudio/Caucasian (American)/men/id01163/00195_id00018_sap-FjURHlc_faceswap_id04219_wavtolip.mp4,../data/raw/FakeAVCeleb_v1.2/FakeVideo-FakeAudio/Caucasian (American)/men/id01163/00195_id00018_sap-FjURHlc_faceswap_id04219_wavtolip.mp4,1506_FakeVideo-FakeAudio,5,True,../data/processed/frames,../data/processed/audio/1506_FakeVideo-FakeAudio.wav
id03569,id02808,-,wav2lip,D,FakeVideo-FakeAudio,African,women,00065_id02808_wavtolip.mp4,FakeAVCeleb/FakeVideo-FakeAudio/African/women/id03569,FakeAVCeleb_v1.2/FakeVideo-FakeAudio/African/women/id03569/00065_id02808_wavtolip.mp4,../data/raw/FakeAVCeleb_v1.2/FakeVideo-FakeAudio/African/women/id03569/00065_id02808_wavtolip.mp4,1507_FakeVideo-FakeAudio,2,True,../data/processed/frames,../data/processed/audio/1507_FakeVideo-FakeAudio.wav
id02296,id01717,-,wav2lip,D,FakeVideo-FakeAudio,African,men,00019_id01717_wavtolip.mp4,FakeAVCeleb/FakeVideo-FakeAudio/African/men/id02296,FakeAVCeleb_v1.2/FakeVideo-FakeAudio/African/men/id02296/00019_id01717_wavtolip.mp4,../data/raw/FakeAVCeleb_v1.2/FakeVideo-FakeAudio/African/men/id02296/00019_id01717_wavtolip.mp4,1508_FakeVideo-FakeAudio,5,True,../data/processed/frames,../data/processed/audio/1508_FakeVideo-FakeAudio.wav
id00488,id04582,-,wav2lip,D,FakeVideo-FakeAudio,Asian (South),women,00028_id04582_wavtolip.mp4,FakeAVCeleb/FakeVideo-FakeAudio/Asian (South)/women/id00488,FakeAVCeleb_v1.2/FakeVideo-FakeAudio/Asian (South)/women/id00488/00028_id04582_wavtolip.mp4,../data/raw/FakeAVCeleb_v1.2/FakeVideo-FakeAudio/Asian (South)/women/id00488/00028_id04582_wavtolip.mp4,1509_FakeVideo-FakeAudio,5,True,../data/processed/frames,../data/processed/audio/1509_FakeVideo-FakeAudio.wav
id01683,3,-,faceswap-wav2lip,D,FakeVideo-FakeAudio,Asian (East),men,00052_3_id00863_wavtolip.mp4,FakeAVCeleb/FakeVideo-FakeAudio/Asian (East)/men/id01683,FakeAVCeleb_v1.2/FakeVideo-FakeAudio/Asian (East)/men/id01683/00052_3_id00863_wavtolip.mp4,../data/raw/FakeAVCeleb_v1.2/FakeVideo-FakeAudio/Asian (East)/men/id01683/00052_3_id00863_wavtolip.mp4,1510_FakeVideo-FakeAudio,5,True,../data/processed/frames,../data/processed/audio/1510_FakeVideo-FakeAudio.wav
id00241,id00253,id00241,fsgan-wav2lip,D,FakeVideo-FakeAudio,Caucasian (European),men,00015_id00253_cyTfcQDjvU0_id00241_wavtolip.mp4,FakeAVCeleb/FakeVideo-FakeAudio/Caucasian (European)/men/id00241,FakeAVCeleb_v1.2/FakeVideo-FakeAudio/Caucasian (European)/men/id00241/00015_id00253_cyTfcQDjvU0_id00241_wavtolip.mp4,../data/raw/FakeAVCeleb_v1.2/FakeVideo-FakeAudio/Caucasian (European)/men/id00241/00015_id00253_cyTfcQDjvU0_id00241_wavtolip.mp4,1511_FakeVideo-FakeAudio,5,True,../data/processed/frames,../data/processed/audio/1511_FakeVideo-FakeAudio.wav
id00594,id00185,faceswap,faceswap-wav2lip,D,FakeVideo-FakeAudio,Caucasian (European),men,00005_id00185_1lsGWpwnl1M_faceswap_id00498_wavtolip.mp4,FakeAVCeleb/FakeVideo-FakeAudio/Caucasian (European)/men/id00594,FakeAVCeleb_v1.2/FakeVideo-FakeAudio/Caucasian (European)/men/id00594/00005_id00185_1lsGWpwnl1M_faceswap_id00498_wavtolip.mp4,../data/raw/FakeAVCeleb_v1.2/FakeVideo-FakeAudio/Caucasian (European)/men/id00594/00005_id00185_1lsGWpwnl1M_faceswap_id00498_wavtolip.mp4,1512_FakeVideo-FakeAudio,5,True,../data/processed/frames,../data/processed/audio/1512_FakeVideo-FakeAudio.wav
id03651,id03371,id00325,fsgan-wav2lip,D,FakeVideo-FakeAudio,Caucasian (European),women,00092_id03371_truKMXt8Dak_id00325_wavtolip.mp4,FakeAVCeleb/FakeVideo-FakeAudio/Caucasian (European)/women/id03651,FakeAVCeleb_v1.2/FakeVideo-FakeAudio/Caucasian (European)/women/id03651/00092_id03371_truKMXt8Dak_id00325_wavtolip.mp4,../data/raw/FakeAVCeleb_v1.2/FakeVideo-FakeAudio/Caucasian (European)/women/id03651/00092_id03371_truKMXt8Dak_id00325_wavtolip.mp4,1513_FakeVideo-FakeAudio,4,True,../data/processed/frames,../data/processed/audio/1513_FakeVideo-FakeAudio.wav
id00368,id00999,-,wav2lip,D,FakeVideo-FakeAudio,Caucasian (European),men,00078_id00999_wavtolip.mp4,FakeAVCeleb/FakeVideo-FakeAudio/Caucasian (European)/men/id00368,FakeAVCeleb_v1.2/FakeVideo-FakeAudio/Caucasian (European)/men/id00368/00078_id00999_wavtolip.mp4,../data/raw/FakeAVCeleb_v1.2/FakeVideo-FakeAudio/Caucasian (European)/men/id00368/00078_id00999_wavtolip.mp4,1514_FakeVideo-FakeAudio,5,True,../data/processed/frames,../data/processed/audio/1514_FakeVideo-FakeAudio.wav
id00264,id00529,id01124,fsgan-wav2lip,D,FakeVideo-FakeAudio,Caucasian (American),men,00257_id00529_xtx2GeQN-DQ_id01124_wavtolip.mp4,FakeAVCeleb/FakeVideo-FakeAudio/Caucasian (American)/men/id00264,FakeAVCeleb_v1.2/FakeVideo-FakeAudio/Caucasian (American)/men/id00264/00257_id00529_xtx2GeQN-DQ_id01124_wavtolip.mp4,../data/raw/FakeAVCeleb_v1.2/FakeVideo-FakeAudio/Caucasian (American)/men/id00264/00257_id00529_xtx2GeQN-DQ_id01124_wavtolip.mp4,1515_FakeVideo-FakeAudio,4,True,../data/processed/frames,../data/processed/audio/1515_FakeVideo-FakeAudio.wav
id03656,id02838,-,wav2lip,D,FakeVideo-FakeAudio,African,women,00052_id02838_wavtolip.mp4,FakeAVCeleb/FakeVideo-FakeAudio/African/women/id03656,FakeAVCeleb_v1.2/FakeVideo-FakeAudio/African/women/id03656/00052_id02838_wavtolip.mp4,../data/raw/FakeAVCeleb_v1.2/FakeVideo-FakeAudio/African/women/id03656/00052_id02838_wavtolip.mp4,1516_FakeVideo-FakeAudio,5,True,../data/processed/frames,../data/processed/audio/1516_FakeVideo-FakeAudio.wav
id00594,id01098,-,wav2lip,D,FakeVideo-FakeAudio,Caucasian (European),men,00005_id01098_wavtolip.mp4,FakeAVCeleb/FakeVideo-FakeAudio/Caucasian (European)/men/id00594,FakeAVCeleb_v1.2/FakeVideo-FakeAudio/Caucasian (European)/men/id00594/00005_id01098_wavtolip.mp4,../data/raw/FakeAVCeleb_v1.2/FakeVideo-FakeAudio/Caucasian (European)/men/id00594/00005_id01098_wavtolip.mp4,1517_FakeVideo-FakeAudio,4,True,../data/processed/frames,../data/processed/audio/1517_FakeVideo-FakeAudio.wav
id04216,id01044,id01192,fsgan-wav2lip,D,FakeVideo-FakeAudio,Caucasian (American),men,00470_id01044_yL58R6zBNf4_id01192_wavtolip.mp4,FakeAVCeleb/FakeVideo-FakeAudio/Caucasian (American)/men/id04216,FakeAVCeleb_v1.2/FakeVideo-FakeAudio/Caucasian (American)/men/id04216/00470_id01044_yL58R6zBNf4_id01192_wavtolip.mp4,../data/raw/FakeAVCeleb_v1.2/FakeVideo-FakeAudio/Caucasian (American)/men/id04216/00470_id01044_yL58R6zBNf4_id01192_wavtolip.mp4,1518_FakeVideo-FakeAudio,5,True,../data/processed/frames,../data/processed/audio/1518_FakeVideo-FakeAudio.wav
id02089,id07686,-,wav2lip,D,FakeVideo-FakeAudio,Asian (South),women,00092_id07686_wavtolip.mp4,FakeAVCeleb/FakeVideo-FakeAudio/Asian (South)/women/id02089,FakeAVCeleb_v1.2/FakeVideo-FakeAudio/Asian (South)/women/id02089/00092_id07686_wavtolip.mp4,../data/raw/FakeAVCeleb_v1.2/FakeVideo-FakeAudio/Asian (South)/women/id02089/00092_id07686_wavtolip.mp4,1519_FakeVideo-FakeAudio,5,True,../data/processed/frames,../data/processed/audio/1519_FakeVideo-FakeAudio.wav
id00945,id04073,faceswap,faceswap-wav2lip,D,FakeVideo-FakeAudio,Caucasian (American),men,00107_id04073_KT7B07WFWyM_faceswap_id00943_wavtolip.mp4,FakeAVCeleb/FakeVideo-FakeAudio/Caucasian (American)/men/id00945,FakeAVCeleb_v1.2/FakeVideo-FakeAudio/Caucasian (American)/men/id00945/00107_id04073_KT7B07WFWyM_faceswap_id00943_wavtolip.mp4,../data/raw/FakeAVCeleb_v1.2/FakeVideo-FakeAudio/Caucasian (American)/men/id00945/00107_id04073_KT7B07WFWyM_faceswap_id00943_wavtolip.mp4,1520_FakeVideo-FakeAudio,5,True,../data/processed/frames,../data/processed/audio/1520_FakeVideo-FakeAudio.wav
id07136,2,-,faceswap-wav2lip,D,FakeVideo-FakeAudio,Asian (South),women,00052_2_id04490_wavtolip.mp4,FakeAVCeleb/FakeVideo-FakeAudio/Asian (South)/women/id07136,FakeAVCeleb_v1.2/FakeVideo-FakeAudio/Asian (South)/women/id07136/00052_2_id04490_wavtolip.mp4,../data/raw/FakeAVCeleb_v1.2/FakeVideo-FakeAudio/Asian (South)/women/id07136/00052_2_id04490_wavtolip.mp4,1521_FakeVideo-FakeAudio,5,True,../data/processed/frames,../data/processed/audio/1521_FakeVideo-FakeAudio.wav
id00863,id02332,-,wav2lip,D,FakeVideo-FakeAudio,Asian (East),men,00069_id02332_wavtolip.mp4,FakeAVCeleb/FakeVideo-FakeAudio/Asian (East)/men/id00863,FakeAVCeleb_v1.2/FakeVideo-FakeAudio/Asian (East)/men/id00863/00069_id02332_wavtolip.mp4,../data/raw/FakeAVCeleb_v1.2/FakeVideo-FakeAudio/Asian (East)/men/id00863/00069_id02332_wavtolip.mp4,1522_FakeVideo-FakeAudio,3,True,../data/processed/frames,../data/processed/audio/1522_FakeVideo-FakeAudio.wav
id06438,id06437,id00461,fsgan-wav2lip,D,FakeVideo-FakeAudio,Asian (South),women,00110_id06437_3BZvvzBhj8s_id00461_wavtolip.mp4,FakeAVCeleb/FakeVideo-FakeAudio/Asian (South)/women/id06438,FakeAVCeleb_v1.2/FakeVideo-FakeAudio/Asian (South)/women/id06438/00110_id06437_3BZvvzBhj8s_id00461_wavtolip.mp4,../data/raw/FakeAVCeleb_v1.2/FakeVideo-FakeAudio/Asian (South)/women/id06438/00110_id06437_3BZvvzBhj8s_id00461_wavtolip.mp4,1523_FakeVideo-FakeAudio,5,True,../data/processed/frames,../data/processed/audio/1523_FakeVideo-FakeAudio.wav
id01075,0,-,faceswap-wav2lip,D,FakeVideo-FakeAudio,Caucasian (American),women,00160_0_id00231_wavtolip.mp4,FakeAVCeleb/FakeVideo-FakeAudio/Caucasian (American)/women/id01075,FakeAVCeleb_v1.2/FakeVideo-FakeAudio/Caucasian (American)/women/id01075/00160_0_id00231_wavtolip.mp4,../data/raw/FakeAVCeleb_v1.2/FakeVideo-FakeAudio/Caucasian (American)/women/id01075/00160_0_id00231_wavtolip.mp4,1524_FakeVideo-FakeAudio,5,True,../data/processed/frames,../data/processed/audio/1524_FakeVideo-FakeAudio.wav
id02301,id02586,-,wav2lip,D,FakeVideo-FakeAudio,African,women,00092_id02586_wavtolip.mp4,FakeAVCeleb/FakeVideo-FakeAudio/African/women/id02301,FakeAVCeleb_v1.2/FakeVideo-FakeAudio/African/women/id02301/00092_id02586_wavtolip.mp4,../data/raw/FakeAVCeleb_v1.2/FakeVideo-FakeAudio/African/women/id02301/00092_id02586_wavtolip.mp4,1525_FakeVideo-FakeAudio,5,True,../data/processed/frames,../data/processed/audio/1525_FakeVideo-FakeAudio.wav
id00520,2,-,faceswap-wav2lip,D,FakeVideo-FakeAudio,Caucasian (European),men,00187_2_id00358_wavtolip.mp4,FakeAVCeleb/FakeVideo-FakeAudio/Caucasian (European)/men/id00520,FakeAVCeleb_v1.2/FakeVideo-FakeAudio/Caucasian (European)/men/id00520/00187_2_id00358_wavtolip.mp4,../data/raw/FakeAVCeleb_v1.2/FakeVideo-FakeAudio/Caucasian (European)/men/id00520/00187_2_id00358_wavtolip.mp4,1526_FakeVideo-FakeAudio,5,True,../data/processed/frames,../data/processed/audio/1526_FakeVideo-FakeAudio.wav
id00243,id03668,7DpE,fsgan-wav2lip,D,FakeVideo-FakeAudio,Caucasian (American),men,00037_id03668_mjurT3_7DpE_id00945_wavtolip.mp4,FakeAVCeleb/FakeVideo-FakeAudio/Caucasian (American)/men/id00243,FakeAVCeleb_v1.2/FakeVideo-FakeAudio/Caucasian (American)/men/id00243/00037_id03668_mjurT3_7DpE_id00945_wavtolip.mp4,../data/raw/FakeAVCeleb_v1.2/FakeVideo-FakeAudio/Caucasian (American)/men/id00243/00037_id03668_mjurT3_7DpE_id00945_wavtolip.mp4,1527_FakeVideo-FakeAudio,5,True,../data/processed/frames,../data/processed/audio/1527_FakeVideo-FakeAudio.wav
id01589,id06878,-,wav2lip,D,FakeVideo-FakeAudio,Asian (East),men,00017_id06878_wavtolip.mp4,FakeAVCeleb/FakeVideo-FakeAudio/Asian (East)/men/id01589,FakeAVCeleb_v1.2/FakeVideo-FakeAudio/Asian (East)/men/id01589/00017_id06878_wavtolip.mp4,../data/raw/FakeAVCeleb_v1.2/FakeVideo-FakeAudio/Asian (East)/men/id01589/00017_id06878_wavtolip.mp4,1528_FakeVideo-FakeAudio,1,True,../data/processed/frames,../data/processed/audio/1528_FakeVideo-FakeAudio.wav
id02494,id02316,id01597,fsgan-wav2lip,D,FakeVideo-FakeAudio,African,men,00050_id02316_yrrNcmZ-xmI_id01597_wavtolip.mp4,FakeAVCeleb/FakeVideo-FakeAudio/African/men/id02494,FakeAVCeleb_v1.2/FakeVideo-FakeAudio/African/men/id02494/00050_id02316_yrrNcmZ-xmI_id01597_wavtolip.mp4,../data/raw/FakeAVCeleb_v1.2/FakeVideo-FakeAudio/African/men/id02494/00050_id02316_yrrNcmZ-xmI_id01597_wavtolip.mp4,1529_FakeVideo-FakeAudio,4,True,../data/processed/frames,../data/processed/audio/1529_FakeVideo-FakeAudio.wav
id04726,3,-,faceswap-wav2lip,D,FakeVideo-FakeAudio,Asian (East),men,00245_3_id06470_wavtolip.mp4,FakeAVCeleb/FakeVideo-FakeAudio/Asian (East)/men/id04726,FakeAVCeleb_v1.2/FakeVideo-FakeAudio/Asian (East)/men/id04726/00245_3_id06470_wavtolip.mp4,../data/raw/FakeAVCeleb_v1.2/FakeVideo-FakeAudio/Asian (East)/men/id04726/00245_3_id06470_wavtolip.mp4,1530_FakeVideo-FakeAudio,5,True,../data/processed/frames,../data/processed/audio/1530_FakeVideo-FakeAudio.wav
id03605,id00100,id00398,fsgan-wav2lip,D,FakeVideo-FakeAudio,Caucasian (American),women,00048_id00100_sZ0Ex4WUEgM_id00398_wavtolip.mp4,FakeAVCeleb/FakeVideo-FakeAudio/Caucasian (American)/women/id03605,FakeAVCeleb_v1.2/FakeVideo-FakeAudio/Caucasian (American)/women/id03605/00048_id00100_sZ0Ex4WUEgM_id00398_wavtolip.mp4,../data/raw/FakeAVCeleb_v1.2/FakeVideo-FakeAudio/Caucasian (American)/women/id03605/00048_id00100_sZ0Ex4WUEgM_id00398_wavtolip.mp4,1531_FakeVideo-FakeAudio,5,True,../data/processed/frames,../data/processed/audio/1531_FakeVideo-FakeAudio.wav
id00476,id04727,-,wav2lip,D,FakeVideo-FakeAudio,African,men,00109_id04727_wavtolip.mp4,FakeAVCeleb/FakeVideo-FakeAudio/African/men/id00476,FakeAVCeleb_v1.2/FakeVideo-FakeAudio/African/men/id00476/00109_id04727_wavtolip.mp4,../data/raw/FakeAVCeleb_v1.2/FakeVideo-FakeAudio/African/men/id00476/00109_id04727_wavtolip.mp4,1532_FakeVideo-FakeAudio,5,True,../data/processed/frames,../data/processed/audio/1532_FakeVideo-FakeAudio.wav
id00848,id02466,faceswap,faceswap-wav2lip,D,FakeVideo-FakeAudio,Caucasian (American),women,00028_id02466_VOgaA7O5yWY_faceswap_id00462_wavtolip.mp4,FakeAVCeleb/FakeVideo-FakeAudio/Caucasian (American)/women/id00848,FakeAVCeleb_v1.2/FakeVideo-FakeAudio/Caucasian (American)/women/id00848/00028_id02466_VOgaA7O5yWY_faceswap_id00462_wavtolip.mp4,../data/raw/FakeAVCeleb_v1.2/FakeVideo-FakeAudio/Caucasian (American)/women/id00848/00028_id02466_VOgaA7O5yWY_faceswap_id00462_wavtolip.mp4,1533_FakeVideo-FakeAudio,5,True,../data/processed/frames,../data/processed/audio/1533_FakeVideo-FakeAudio.wav
id06060,id06388,faceswap,faceswap-wav2lip,D,FakeVideo-FakeAudio,Asian (East),women,00219_id06388_AtidJ-WlONc_faceswap_id03211_wavtolip.mp4,FakeAVCeleb/FakeVideo-FakeAudio/Asian (East)/women/id06060,FakeAVCeleb_v1.2/FakeVideo-FakeAudio/Asian (East)/women/id06060/00219_id06388_AtidJ-WlONc_faceswap_id03211_wavtolip.mp4,../data/raw/FakeAVCeleb_v1.2/FakeVideo-FakeAudio/Asian (East)/women/id06060/00219_id06388_AtidJ-WlONc_faceswap_id03211_wavtolip.mp4,1534_FakeVideo-FakeAudio,5,True,../data/processed/frames,../data/processed/audio/1534_FakeVideo-FakeAudio.wav
id00577,id01532,-,faceswap-wav2lip,D,FakeVideo-FakeAudio,African,women,00010_id01532_wavtolip.mp4,FakeAVCeleb/FakeVideo-FakeAudio/African/women/id00577,FakeAVCeleb_v1.2/FakeVideo-FakeAudio/African/women/id00577/00010_id01532_wavtolip.mp4,../data/raw/FakeAVCeleb_v1.2/FakeVideo-FakeAudio/African/women/id00577/00010_id01532_wavtolip.mp4,1535_FakeVideo-FakeAudio,2,True,../data/processed/frames,../data/processed/audio/1535_FakeVideo-FakeAudio.wav
id01597,id02316,id01920,fsgan-wav2lip,D,FakeVideo-FakeAudio,African,men,00005_id02316_yrrNcmZ-xmI_id01920_wavtolip.mp4,FakeAVCeleb/FakeVideo-FakeAudio/African/men/id01597,FakeAVCeleb_v1.2/FakeVideo-FakeAudio/African/men/id01597/00005_id02316_yrrNcmZ-xmI_id01920_wavtolip.mp4,../data/raw/FakeAVCeleb_v1.2/FakeVideo-FakeAudio/African/men/id01597/00005_id02316_yrrNcmZ-xmI_id01920_wavtolip.mp4,1536_FakeVideo-FakeAudio,4,True,../data/processed/frames,../data/processed/audio/1536_FakeVideo-FakeAudio.wav
id01182,1,-,faceswap-wav2lip,D,FakeVideo-FakeAudio,Caucasian (American),men,00167_1_id00088_wavtolip.mp4,FakeAVCeleb/FakeVideo-FakeAudio/Caucasian (American)/men/id01182,FakeAVCeleb_v1.2/FakeVideo-FakeAudio/Caucasian (American)/men/id01182/00167_1_id00088_wavtolip.mp4,../data/raw/FakeAVCeleb_v1.2/FakeVideo-FakeAudio/Caucasian (American)/men/id01182/00167_1_id00088_wavtolip.mp4,1537_FakeVideo-FakeAudio,5,True,../data/processed/frames,../data/processed/audio/1537_FakeVideo-FakeAudio.wav
id04221,id00062,faceswap,faceswap-wav2lip,D,FakeVideo-FakeAudio,Caucasian (American),men,00053_id00062_bctnrIvZHTs_faceswap_id01163_wavtolip.mp4,FakeAVCeleb/FakeVideo-FakeAudio/Caucasian (American)/men/id04221,FakeAVCeleb_v1.2/FakeVideo-FakeAudio/Caucasian (American)/men/id04221/00053_id00062_bctnrIvZHTs_faceswap_id01163_wavtolip.mp4,../data/raw/FakeAVCeleb_v1.2/FakeVideo-FakeAudio/Caucasian (American)/men/id04221/00053_id00062_bctnrIvZHTs_faceswap_id01163_wavtolip.mp4,1538_FakeVideo-FakeAudio,5,True,../data/processed/frames,../data/processed/audio/1538_FakeVideo-FakeAudio.wav
id01223,id00291,-,wav2lip,D,FakeVideo-FakeAudio,Caucasian (American),women,00255_id00291_wavtolip.mp4,FakeAVCeleb/FakeVideo-FakeAudio/Caucasian (American)/women/id01223,FakeAVCeleb_v1.2/FakeVideo-FakeAudio/Caucasian (American)/women/id01223/00255_id00291_wavtolip.mp4,../data/raw/FakeAVCeleb_v1.2/FakeVideo-FakeAudio/Caucasian (American)/women/id01223/00255_id00291_wavtolip.mp4,1539_FakeVideo-FakeAudio,5,True,../data/processed/frames,../data/processed/audio/1539_FakeVideo-FakeAudio.wav
id00366,id01637,id01835,fsgan-wav2lip,D,FakeVideo-FakeAudio,African,men,00118_id01637_5VjcPZm8knM_id01835_wavtolip.mp4,FakeAVCeleb/FakeVideo-FakeAudio/African/men/id00366,FakeAVCeleb_v1.2/FakeVideo-FakeAudio/African/men/id00366/00118_id01637_5VjcPZm8knM_id01835_wavtolip.mp4,../data/raw/FakeAVCeleb_v1.2/FakeVideo-FakeAudio/African/men/id00366/00118_id01637_5VjcPZm8knM_id01835_wavtolip.mp4,1540_FakeVideo-FakeAudio,5,True,../data/processed/frames,../data/processed/audio/1540_FakeVideo-FakeAudio.wav
id00306,id01058,faceswap,faceswap-wav2lip,D,FakeVideo-FakeAudio,Caucasian (European),men,00015_id01058_2DKbOjf3Wyo_faceswap_id00253_wavtolip.mp4,FakeAVCeleb/FakeVideo-FakeAudio/Caucasian (European)/men/id00306,FakeAVCeleb_v1.2/FakeVideo-FakeAudio/Caucasian (European)/men/id00306/00015_id01058_2DKbOjf3Wyo_faceswap_id00253_wavtolip.mp4,../data/raw/FakeAVCeleb_v1.2/FakeVideo-FakeAudio/Caucasian (European)/men/id00306/00015_id01058_2DKbOjf3Wyo_faceswap_id00253_wavtolip.mp4,1541_FakeVideo-FakeAudio,5,True,../data/processed/frames,../data/processed/audio/1541_FakeVideo-FakeAudio.wav
id00591,id00633,id00287,fsgan-wav2lip,D,FakeVideo-FakeAudio,Caucasian (European),women,00001_id00633_UXrTMta1EDM_id00287_wavtolip.mp4,FakeAVCeleb/FakeVideo-FakeAudio/Caucasian (European)/women/id00591,FakeAVCeleb_v1.2/FakeVideo-FakeAudio/Caucasian (European)/women/id00591/00001_id00633_UXrTMta1EDM_id00287_wavtolip.mp4,../data/raw/FakeAVCeleb_v1.2/FakeVideo-FakeAudio/Caucasian (European)/women/id00591/00001_id00633_UXrTMta1EDM_id00287_wavtolip.mp4,1542_FakeVideo-FakeAudio,5,True,../data/processed/frames,../data/processed/audio/1542_FakeVideo-FakeAudio.wav
id09181,id05844,-,wav2lip,D,FakeVideo-FakeAudio,Asian (East),women,00048_id05844_wavtolip.mp4,FakeAVCeleb/FakeVideo-FakeAudio/Asian (East)/women/id09181,FakeAVCeleb_v1.2/FakeVideo-FakeAudio/Asian (East)/women/id09181/00048_id05844_wavtolip.mp4,../data/raw/FakeAVCeleb_v1.2/FakeVideo-FakeAudio/Asian (East)/women/id09181/00048_id05844_wavtolip.mp4,1543_FakeVideo-FakeAudio,5,True,../data/processed/frames,../data/processed/audio/1543_FakeVideo-FakeAudio.wav
id01920,id00830,-,wav2lip,D,FakeVideo-FakeAudio,African,men,00099_id00830_wavtolip.mp4,FakeAVCeleb/FakeVideo-FakeAudio/African/men/id01920,FakeAVCeleb_v1.2/FakeVideo-FakeAudio/African/men/id01920/00099_id00830_wavtolip.mp4,../data/raw/FakeAVCeleb_v1.2/FakeVideo-FakeAudio/African/men/id01920/00099_id00830_wavtolip.mp4,1544_FakeVideo-FakeAudio,5,True,../data/processed/frames,../data/processed/audio/1544_FakeVideo-FakeAudio.wav
id00709,id00415,-,wav2lip,D,FakeVideo-FakeAudio,Caucasian (European),men,00206_id00415_wavtolip.mp4,FakeAVCeleb/FakeVideo-FakeAudio/Caucasian (European)/men/id00709,FakeAVCeleb_v1.2/FakeVideo-FakeAudio/Caucasian (European)/men/id00709/00206_id00415_wavtolip.mp4,../data/raw/FakeAVCeleb_v1.2/FakeVideo-FakeAudio/Caucasian (European)/men/id00709/00206_id00415_wavtolip.mp4,1545_FakeVideo-FakeAudio,5,True,../data/processed/frames,../data/processed/audio/1545_FakeVideo-FakeAudio.wav
id05845,id02619,id00080,fsgan-wav2lip,D,FakeVideo-FakeAudio,Asian (South),women,00027_id02619_6AKIR2gTCNU_id00080_wavtolip.mp4,FakeAVCeleb/FakeVideo-FakeAudio/Asian (South)/women/id05845,FakeAVCeleb_v1.2/FakeVideo-FakeAudio/Asian (South)/women/id05845/00027_id02619_6AKIR2gTCNU_id00080_wavtolip.mp4,../data/raw/FakeAVCeleb_v1.2/FakeVideo-FakeAudio/Asian (South)/women/id05845/00027_id02619_6AKIR2gTCNU_id00080_wavtolip.mp4,1546_FakeVideo-FakeAudio,5,True,../data/processed/frames,../data/processed/audio/1546_FakeVideo-FakeAudio.wav
id09175,id04701,faceswap,faceswap-wav2lip,D,FakeVideo-FakeAudio,Asian (East),women,00072_id04701_7mnc8w6jRlM_faceswap_id06462_wavtolip.mp4,FakeAVCeleb/FakeVideo-FakeAudio/Asian (East)/women/id09175,FakeAVCeleb_v1.2/FakeVideo-FakeAudio/Asian (East)/women/id09175/00072_id04701_7mnc8w6jRlM_faceswap_id06462_wavtolip.mp4,../data/raw/FakeAVCeleb_v1.2/FakeVideo-FakeAudio/Asian (East)/women/id09175/00072_id04701_7mnc8w6jRlM_faceswap_id06462_wavtolip.mp4,1547_FakeVideo-FakeAudio,5,True,../data/processed/frames,../data/processed/audio/1547_FakeVideo-FakeAudio.wav
id01123,id00282,faceswap,faceswap-wav2lip,D,FakeVideo-FakeAudio,Caucasian (European),men,00072_id00282_iTsqWj6GEbo_faceswap_id00253_wavtolip.mp4,FakeAVCeleb/FakeVideo-FakeAudio/Caucasian (European)/men/id01123,FakeAVCeleb_v1.2/FakeVideo-FakeAudio/Caucasian (European)/men/id01123/00072_id00282_iTsqWj6GEbo_faceswap_id00253_wavtolip.mp4,../data/raw/FakeAVCeleb_v1.2/FakeVideo-FakeAudio/Caucasian (European)/men/id01123/00072_id00282_iTsqWj6GEbo_faceswap_id00253_wavtolip.mp4,1548_FakeVideo-FakeAudio,5,True,../data/processed/frames,../data/processed/audio/1548_FakeVideo-FakeAudio.wav
id00577,id01907,-,faceswap-wav2lip,D,FakeVideo-FakeAudio,African,women,00010_id01907_wavtolip.mp4,FakeAVCeleb/FakeVideo-FakeAudio/African/women/id00577,FakeAVCeleb_v1.2/FakeVideo-FakeAudio/African/women/id00577/00010_id01907_wavtolip.mp4,../data/raw/FakeAVCeleb_v1.2/FakeVideo-FakeAudio/African/women/id00577/00010_id01907_wavtolip.mp4,1549_FakeVideo-FakeAudio,1,True,../data/processed/frames,../data/processed/audio/1549_FakeVideo-FakeAudio.wav
id00520,1,-,faceswap-wav2lip,D,FakeVideo-FakeAudio,Caucasian (European),men,00187_1_id02567_wavtolip.mp4,FakeAVCeleb/FakeVideo-FakeAudio/Caucasian (European)/men/id00520,FakeAVCeleb_v1.2/FakeVideo-FakeAudio/Caucasian (European)/men/id00520/00187_1_id02567_wavtolip.mp4,../data/raw/FakeAVCeleb_v1.2/FakeVideo-FakeAudio/Caucasian (European)/men/id00520/00187_1_id02567_wavtolip.mp4,1550_FakeVideo-FakeAudio,5,True,../data/processed/frames,../data/processed/audio/1550_FakeVideo-FakeAudio.wav
id05931,id07136,id06232,fsgan-wav2lip,D,FakeVideo-FakeAudio,Asian (South),women,00013_id07136_4e43eS5p3_M_id06232_wavtolip.mp4,FakeAVCeleb/FakeVideo-FakeAudio/Asian (South)/women/id05931,FakeAVCeleb_v1.2/FakeVideo-FakeAudio/Asian (South)/women/id05931/00013_id07136_4e43eS5p3_M_id06232_wavtolip.mp4,../data/raw/FakeAVCeleb_v1.2/FakeVideo-FakeAudio/Asian (South)/women/id05931/00013_id07136_4e43eS5p3_M_id06232_wavtolip.mp4,1552_FakeVideo-FakeAudio,5,True,../data/processed/frames,../data/processed/audio/1552_FakeVideo-FakeAudio.wav
id00071,id03651,-,wav2lip,D,FakeVideo-FakeAudio,Caucasian (European),women,00014_id03651_wavtolip.mp4,FakeAVCeleb/FakeVideo-FakeAudio/Caucasian (European)/women/id00071,FakeAVCeleb_v1.2/FakeVideo-FakeAudio/Caucasian (European)/women/id00071/00014_id03651_wavtolip.mp4,../data/raw/FakeAVCeleb_v1.2/FakeVideo-FakeAudio/Caucasian (European)/women/id00071/00014_id03651_wavtolip.mp4,1553_FakeVideo-FakeAudio,5,True,../data/processed/frames,../data/processed/audio/1553_FakeVideo-FakeAudio.wav
id00253,id01099,-,wav2lip,D,FakeVideo-FakeAudio,Caucasian (European),men,00021_id01099_wavtolip.mp4,FakeAVCeleb/FakeVideo-FakeAudio/Caucasian (European)/men/id00253,FakeAVCeleb_v1.2/FakeVideo-FakeAudio/Caucasian (European)/men/id00253/00021_id01099_wavtolip.mp4,../data/raw/FakeAVCeleb_v1.2/FakeVideo-FakeAudio/Caucasian (European)/men/id00253/00021_id01099_wavtolip.mp4,1554_FakeVideo-FakeAudio,5,True,../data/processed/frames,../data/processed/audio/1554_FakeVideo-FakeAudio.wav
id00773,id07194,faceswap,faceswap-wav2lip,D,FakeVideo-FakeAudio,Asian (South),men,00038_id07194_NDJaiff98Fo_faceswap_id04526_wavtolip.mp4,FakeAVCeleb/FakeVideo-FakeAudio/Asian (South)/men/id00773,FakeAVCeleb_v1.2/FakeVideo-FakeAudio/Asian (South)/men/id00773/00038_id07194_NDJaiff98Fo_faceswap_id04526_wavtolip.mp4,../data/raw/FakeAVCeleb_v1.2/FakeVideo-FakeAudio/Asian (South)/men/id00773/00038_id07194_NDJaiff98Fo_faceswap_id04526_wavtolip.mp4,1555_FakeVideo-FakeAudio,5,True,../data/processed/frames,../data/processed/audio/1555_FakeVideo-FakeAudio.wav
id00049,id00775,faceswap,faceswap-wav2lip,D,FakeVideo-FakeAudio,Caucasian (American),men,00118_id00775_yeCUxHgUHxc_faceswap_id00062_wavtolip.mp4,FakeAVCeleb/FakeVideo-FakeAudio/Caucasian (American)/men/id00049,FakeAVCeleb_v1.2/FakeVideo-FakeAudio/Caucasian (American)/men/id00049/00118_id00775_yeCUxHgUHxc_faceswap_id00062_wavtolip.mp4,../data/raw/FakeAVCeleb_v1.2/FakeVideo-FakeAudio/Caucasian (American)/men/id00049/00118_id00775_yeCUxHgUHxc_faceswap_id00062_wavtolip.mp4,1556_FakeVideo-FakeAudio,5,True,../data/processed/frames,../data/processed/audio/1556_FakeVideo-FakeAudio.wav
id04599,id06355,-,wav2lip,D,FakeVideo-FakeAudio,Asian (South),men,00111_id06355_wavtolip.mp4,FakeAVCeleb/FakeVideo-FakeAudio/Asian (South)/men/id04599,FakeAVCeleb_v1.2/FakeVideo-FakeAudio/Asian (South)/men/id04599/00111_id06355_wavtolip.mp4,../data/raw/FakeAVCeleb_v1.2/FakeVideo-FakeAudio/Asian (South)/men/id04599/00111_id06355_wavtolip.mp4,1557_FakeVideo-FakeAudio,1,True,../data/processed/frames,../data/processed/audio/1557_FakeVideo-FakeAudio.wav
id01239,id01211,id00529,fsgan-wav2lip,D,FakeVideo-FakeAudio,Caucasian (American),men,00280_id01211_ALJX69-RDG8_id00529_wavtolip.mp4,FakeAVCeleb/FakeVideo-FakeAudio/Caucasian (American)/men/id01239,FakeAVCeleb_v1.2/FakeVideo-FakeAudio/Caucasian (American)/men/id01239/00280_id01211_ALJX69-RDG8_id00529_wavtolip.mp4,../data/raw/FakeAVCeleb_v1.2/FakeVideo-FakeAudio/Caucasian (American)/men/id01239/00280_id01211_ALJX69-RDG8_id00529_wavtolip.mp4,1558_FakeVideo-FakeAudio,5,True,../data/processed/frames,../data/processed/audio/1558_FakeVideo-FakeAudio.wav
id00592,id00568,-,wav2lip,D,FakeVideo-FakeAudio,African,women,00017_id00568_wavtolip.mp4,FakeAVCeleb/FakeVideo-FakeAudio/African/women/id00592,FakeAVCeleb_v1.2/FakeVideo-FakeAudio/African/women/id00592/00017_id00568_wavtolip.mp4,../data/raw/FakeAVCeleb_v1.2/FakeVideo-FakeAudio/African/women/id00592/00017_id00568_wavtolip.mp4,1559_FakeVideo-FakeAudio,4,True,../data/processed/frames,../data/processed/audio/1559_FakeVideo-FakeAudio.wav
id04774,id06269,faceswap,faceswap-wav2lip,D,FakeVideo-FakeAudio,Asian (East),men,00032_id06269_Jm9bEizIGBE_faceswap_id03028_wavtolip.mp4,FakeAVCeleb/FakeVideo-FakeAudio/Asian (East)/men/id04774,FakeAVCeleb_v1.2/FakeVideo-FakeAudio/Asian (East)/men/id04774/00032_id06269_Jm9bEizIGBE_faceswap_id03028_wavtolip.mp4,../data/raw/FakeAVCeleb_v1.2/FakeVideo-FakeAudio/Asian (East)/men/id04774/00032_id06269_Jm9bEizIGBE_faceswap_id03028_wavtolip.mp4,1560_FakeVideo-FakeAudio,5,True,../data/processed/frames,../data/processed/audio/1560_FakeVideo-FakeAudio.wav
id07739,id07799,-,wav2lip,D,FakeVideo-FakeAudio,Asian (East),women,00019_id07799_wavtolip.mp4,FakeAVCeleb/FakeVideo-FakeAudio/Asian (East)/women/id07739,FakeAVCeleb_v1.2/FakeVideo-FakeAudio/Asian (East)/women/id07739/00019_id07799_wavtolip.mp4,../data/raw/FakeAVCeleb_v1.2/FakeVideo-FakeAudio/Asian (East)/women/id07739/00019_id07799_wavtolip.mp4,1561_FakeVideo-FakeAudio,5,True,../data/processed/frames,../data/processed/audio/1561_FakeVideo-FakeAudio.wav
id00056,id07102,faceswap,faceswap-wav2lip,D,FakeVideo-FakeAudio,Asian (East),men,00028_id07102_4gKPlwvjpsI_faceswap_id06269_wavtolip.mp4,FakeAVCeleb/FakeVideo-FakeAudio/Asian (East)/men/id00056,FakeAVCeleb_v1.2/FakeVideo-FakeAudio/Asian (East)/men/id00056/00028_id07102_4gKPlwvjpsI_faceswap_id06269_wavtolip.mp4,../data/raw/FakeAVCeleb_v1.2/FakeVideo-FakeAudio/Asian (East)/men/id00056/00028_id07102_4gKPlwvjpsI_faceswap_id06269_wavtolip.mp4,1562_FakeVideo-FakeAudio,5,True,../data/processed/frames,../data/processed/audio/1562_FakeVideo-FakeAudio.wav
id04727,id00475,id01544,fsgan-wav2lip,D,FakeVideo-FakeAudio,African,men,00007_id00475_xQjvXRcnPvw_id01544_wavtolip.mp4,FakeAVCeleb/FakeVideo-FakeAudio/African/men/id04727,FakeAVCeleb_v1.2/FakeVideo-FakeAudio/African/men/id04727/00007_id00475_xQjvXRcnPvw_id01544_wavtolip.mp4,../data/raw/FakeAVCeleb_v1.2/FakeVideo-FakeAudio/African/men/id04727/00007_id00475_xQjvXRcnPvw_id01544_wavtolip.mp4,1563_FakeVideo-FakeAudio,5,True,../data/processed/frames,../data/processed/audio/1563_FakeVideo-FakeAudio.wav
id05251,id01178,faceswap,faceswap-wav2lip,D,FakeVideo-FakeAudio,African,women,00033_id01178_6XpgYMiKxhc_faceswap_id03658_wavtolip.mp4,FakeAVCeleb/FakeVideo-FakeAudio/African/women/id05251,FakeAVCeleb_v1.2/FakeVideo-FakeAudio/African/women/id05251/00033_id01178_6XpgYMiKxhc_faceswap_id03658_wavtolip.mp4,../data/raw/FakeAVCeleb_v1.2/FakeVideo-FakeAudio/African/women/id05251/00033_id01178_6XpgYMiKxhc_faceswap_id03658_wavtolip.mp4,1564_FakeVideo-FakeAudio,5,True,../data/processed/frames,../data/processed/audio/1564_FakeVideo-FakeAudio.wav
id00358,id00183,-,wav2lip,D,FakeVideo-FakeAudio,Caucasian (European),men,00217_id00183_wavtolip.mp4,FakeAVCeleb/FakeVideo-FakeAudio/Caucasian (European)/men/id00358,FakeAVCeleb_v1.2/FakeVideo-FakeAudio/Caucasian (European)/men/id00358/00217_id00183_wavtolip.mp4,../data/raw/FakeAVCeleb_v1.2/FakeVideo-FakeAudio/Caucasian (European)/men/id00358/00217_id00183_wavtolip.mp4,1565_FakeVideo-FakeAudio,5,True,../data/processed/frames,../data/processed/audio/1565_FakeVideo-FakeAudio.wav
id00220,id03569,id04376,fsgan-wav2lip,D,FakeVideo-FakeAudio,African,women,00027_id03569_YO0EpPm9p-8_id04376_wavtolip.mp4,FakeAVCeleb/FakeVideo-FakeAudio/African/women/id00220,FakeAVCeleb_v1.2/FakeVideo-FakeAudio/African/women/id00220/00027_id03569_YO0EpPm9p-8_id04376_wavtolip.mp4,../data/raw/FakeAVCeleb_v1.2/FakeVideo-FakeAudio/African/women/id00220/00027_id03569_YO0EpPm9p-8_id04376_wavtolip.mp4,1566_FakeVideo-FakeAudio,2,True,../data/processed/frames,../data/processed/audio/1566_FakeVideo-FakeAudio.wav
id01239,id00062,id00943,fsgan-wav2lip,D,FakeVideo-FakeAudio,Caucasian (American),men,00280_id00062_bctnrIvZHTs_id00943_wavtolip.mp4,FakeAVCeleb/FakeVideo-FakeAudio/Caucasian (American)/men/id01239,FakeAVCeleb_v1.2/FakeVideo-FakeAudio/Caucasian (American)/men/id01239/00280_id00062_bctnrIvZHTs_id00943_wavtolip.mp4,../data/raw/FakeAVCeleb_v1.2/FakeVideo-FakeAudio/Caucasian (American)/men/id01239/00280_id00062_bctnrIvZHTs_id00943_wavtolip.mp4,1567_FakeVideo-FakeAudio,5,True,../data/processed/frames,../data/processed/audio/1567_FakeVideo-FakeAudio.wav
id00071,id00897,id00496,fsgan-wav2lip,D,FakeVideo-FakeAudio,Caucasian (European),women,00014_id00897_0ayFw8JhoyI_id00496_wavtolip.mp4,FakeAVCeleb/FakeVideo-FakeAudio/Caucasian (European)/women/id00071,FakeAVCeleb_v1.2/FakeVideo-FakeAudio/Caucasian (European)/women/id00071/00014_id00897_0ayFw8JhoyI_id00496_wavtolip.mp4,../data/raw/FakeAVCeleb_v1.2/FakeVideo-FakeAudio/Caucasian (European)/women/id00071/00014_id00897_0ayFw8JhoyI_id00496_wavtolip.mp4,1568_FakeVideo-FakeAudio,5,True,../data/processed/frames,../data/processed/audio/1568_FakeVideo-FakeAudio.wav
id04070,id07008,-,wav2lip,D,FakeVideo-FakeAudio,Asian (South),women,00072_id07008_wavtolip.mp4,FakeAVCeleb/FakeVideo-FakeAudio/Asian (South)/women/id04070,FakeAVCeleb_v1.2/FakeVideo-FakeAudio/Asian (South)/women/id04070/00072_id07008_wavtolip.mp4,../data/raw/FakeAVCeleb_v1.2/FakeVideo-FakeAudio/Asian (South)/women/id04070/00072_id07008_wavtolip.mp4,1569_FakeVideo-FakeAudio,5,True,../data/processed/frames,../data/processed/audio/1569_FakeVideo-FakeAudio.wav
id04374,id02721,-,wav2lip,D,FakeVideo-FakeAudio,African,women,00032_id02721_wavtolip.mp4,FakeAVCeleb/FakeVideo-FakeAudio/African/women/id04374,FakeAVCeleb_v1.2/FakeVideo-FakeAudio/African/women/id04374/00032_id02721_wavtolip.mp4,../data/raw/FakeAVCeleb_v1.2/FakeVideo-FakeAudio/African/women/id04374/00032_id02721_wavtolip.mp4,1570_FakeVideo-FakeAudio,1,True,../data/processed/frames,../data/processed/audio/1570_FakeVideo-FakeAudio.wav
id00087,id03525,id00088,fsgan-wav2lip,D,FakeVideo-FakeAudio,Caucasian (American),men,00002_id03525_5qVmWkkCk3k_id00088_wavtolip.mp4,FakeAVCeleb/FakeVideo-FakeAudio/Caucasian (American)/men/id00087,FakeAVCeleb_v1.2/FakeVideo-FakeAudio/Caucasian (American)/men/id00087/00002_id03525_5qVmWkkCk3k_id00088_wavtolip.mp4,../data/raw/FakeAVCeleb_v1.2/FakeVideo-FakeAudio/Caucasian (American)/men/id00087/00002_id03525_5qVmWkkCk3k_id00088_wavtolip.mp4,1571_FakeVideo-FakeAudio,5,True,../data/processed/frames,../data/processed/audio/1571_FakeVideo-FakeAudio.wav
id00616,id00098,fnQ0tnqQ,fsgan-wav2lip,D,FakeVideo-FakeAudio,Caucasian (American),women,00305_id00098_Rs_fnQ0tnqQ_id01004_wavtolip.mp4,FakeAVCeleb/FakeVideo-FakeAudio/Caucasian (American)/women/id00616,FakeAVCeleb_v1.2/FakeVideo-FakeAudio/Caucasian (American)/women/id00616/00305_id00098_Rs_fnQ0tnqQ_id01004_wavtolip.mp4,../data/raw/FakeAVCeleb_v1.2/FakeVideo-FakeAudio/Caucasian (American)/women/id00616/00305_id00098_Rs_fnQ0tnqQ_id01004_wavtolip.mp4,1572_FakeVideo-FakeAudio,5,True,../data/processed/frames,../data/processed/audio/1572_FakeVideo-FakeAudio.wav
id04554,id07233,id00745,fsgan-wav2lip,D,FakeVideo-FakeAudio,Asian (South),men,00118_id07233_ozetTgOHu78_id00745_wavtolip.mp4,FakeAVCeleb/FakeVideo-FakeAudio/Asian (South)/men/id04554,FakeAVCeleb_v1.2/FakeVideo-FakeAudio/Asian (South)/men/id04554/00118_id07233_ozetTgOHu78_id00745_wavtolip.mp4,../data/raw/FakeAVCeleb_v1.2/FakeVideo-FakeAudio/Asian (South)/men/id04554/00118_id07233_ozetTgOHu78_id00745_wavtolip.mp4,1573_FakeVideo-FakeAudio,4,True,../data/processed/frames,../data/processed/audio/1573_FakeVideo-FakeAudio.wav
id00535,id00919,faceswap,faceswap-wav2lip,D,FakeVideo-FakeAudio,Caucasian (European),men,00005_id00919_XDUn0Pskyrk_faceswap_id00183_wavtolip.mp4,FakeAVCeleb/FakeVideo-FakeAudio/Caucasian (European)/men/id00535,FakeAVCeleb_v1.2/FakeVideo-FakeAudio/Caucasian (European)/men/id00535/00005_id00919_XDUn0Pskyrk_faceswap_id00183_wavtolip.mp4,../data/raw/FakeAVCeleb_v1.2/FakeVideo-FakeAudio/Caucasian (European)/men/id00535/00005_id00919_XDUn0Pskyrk_faceswap_id00183_wavtolip.mp4,1574_FakeVideo-FakeAudio,5,True,../data/processed/frames,../data/processed/audio/1574_FakeVideo-FakeAudio.wav
id01239,id00060,-,wav2lip,D,FakeVideo-FakeAudio,Caucasian (American),men,00280_id00060_wavtolip.mp4,FakeAVCeleb/FakeVideo-FakeAudio/Caucasian (American)/men/id01239,FakeAVCeleb_v1.2/FakeVideo-FakeAudio/Caucasian (American)/men/id01239/00280_id00060_wavtolip.mp4,../data/raw/FakeAVCeleb_v1.2/FakeVideo-FakeAudio/Caucasian (American)/men/id01239/00280_id00060_wavtolip.mp4,1575_FakeVideo-FakeAudio,5,True,../data/processed/frames,../data/processed/audio/1575_FakeVideo-FakeAudio.wav
id02466,id03707,faceswap,faceswap-wav2lip,D,FakeVideo-FakeAudio,Caucasian (American),women,00136_id03707_pwNcRPQ5qdo_faceswap_id03781_wavtolip.mp4,FakeAVCeleb/FakeVideo-FakeAudio/Caucasian (American)/women/id02466,FakeAVCeleb_v1.2/FakeVideo-FakeAudio/Caucasian (American)/women/id02466/00136_id03707_pwNcRPQ5qdo_faceswap_id03781_wavtolip.mp4,../data/raw/FakeAVCeleb_v1.2/FakeVideo-FakeAudio/Caucasian (American)/women/id02466/00136_id03707_pwNcRPQ5qdo_faceswap_id03781_wavtolip.mp4,1576_FakeVideo-FakeAudio,5,True,../data/processed/frames,../data/processed/audio/1576_FakeVideo-FakeAudio.wav
id00020,id01201,-,wav2lip,D,FakeVideo-FakeAudio,Caucasian (American),men,00206_id01201_wavtolip.mp4,FakeAVCeleb/FakeVideo-FakeAudio/Caucasian (American)/men/id00020,FakeAVCeleb_v1.2/FakeVideo-FakeAudio/Caucasian (American)/men/id00020/00206_id01201_wavtolip.mp4,../data/raw/FakeAVCeleb_v1.2/FakeVideo-FakeAudio/Caucasian (American)/men/id00020/00206_id01201_wavtolip.mp4,1577_FakeVideo-FakeAudio,5,True,../data/processed/frames,../data/processed/audio/1577_FakeVideo-FakeAudio.wav
id07768,id00732,faceswap,faceswap-wav2lip,D,FakeVideo-FakeAudio,Asian (South),men,00143_id00732_amGRpH0AJCs_faceswap_id08314_wavtolip.mp4,FakeAVCeleb/FakeVideo-FakeAudio/Asian (South)/men/id07768,FakeAVCeleb_v1.2/FakeVideo-FakeAudio/Asian (South)/men/id07768/00143_id00732_amGRpH0AJCs_faceswap_id08314_wavtolip.mp4,../data/raw/FakeAVCeleb_v1.2/FakeVideo-FakeAudio/Asian (South)/men/id07768/00143_id00732_amGRpH0AJCs_faceswap_id08314_wavtolip.mp4,1578_FakeVideo-FakeAudio,5,True,../data/processed/frames,../data/processed/audio/1578_FakeVideo-FakeAudio.wav
id03747,id02808,-,wav2lip,D,FakeVideo-FakeAudio,African,women,00273_id02808_wavtolip.mp4,FakeAVCeleb/FakeVideo-FakeAudio/African/women/id03747,FakeAVCeleb_v1.2/FakeVideo-FakeAudio/African/women/id03747/00273_id02808_wavtolip.mp4,../data/raw/FakeAVCeleb_v1.2/FakeVideo-FakeAudio/African/women/id03747/00273_id02808_wavtolip.mp4,1579_FakeVideo-FakeAudio,5,True,../data/processed/frames,../data/processed/audio/1579_FakeVideo-FakeAudio.wav
id00566,id06427,id03211,fsgan-wav2lip,D,FakeVideo-FakeAudio,Asian (East),women,00032_id06427_dBBAKe2EA_o_id03211_wavtolip.mp4,FakeAVCeleb/FakeVideo-FakeAudio/Asian (East)/women/id00566,FakeAVCeleb_v1.2/FakeVideo-FakeAudio/Asian (East)/women/id00566/00032_id06427_dBBAKe2EA_o_id03211_wavtolip.mp4,../data/raw/FakeAVCeleb_v1.2/FakeVideo-FakeAudio/Asian (East)/women/id00566/00032_id06427_dBBAKe2EA_o_id03211_wavtolip.mp4,1580_FakeVideo-FakeAudio,5,True,../data/processed/frames,../data/processed/audio/1580_FakeVideo-FakeAudio.wav
id00292,id00981,id01098,fsgan-wav2lip,D,FakeVideo-FakeAudio,Caucasian (European),men,00072_id00981_OmNALjENDkI_id01098_wavtolip.mp4,FakeAVCeleb/FakeVideo-FakeAudio/Caucasian (European)/men/id00292,FakeAVCeleb_v1.2/FakeVideo-FakeAudio/Caucasian (European)/men/id00292/00072_id00981_OmNALjENDkI_id01098_wavtolip.mp4,../data/raw/FakeAVCeleb_v1.2/FakeVideo-FakeAudio/Caucasian (European)/men/id00292/00072_id00981_OmNALjENDkI_id01098_wavtolip.mp4,1581_FakeVideo-FakeAudio,5,True,../data/processed/frames,../data/processed/audio/1581_FakeVideo-FakeAudio.wav
id00180,id00418,id00431,fsgan-wav2lip,D,FakeVideo-FakeAudio,Caucasian (American),women,00206_id00418_KSTOz7H0OuQ_id00431_wavtolip.mp4,FakeAVCeleb/FakeVideo-FakeAudio/Caucasian (American)/women/id00180,FakeAVCeleb_v1.2/FakeVideo-FakeAudio/Caucasian (American)/women/id00180/00206_id00418_KSTOz7H0OuQ_id00431_wavtolip.mp4,../data/raw/FakeAVCeleb_v1.2/FakeVideo-FakeAudio/Caucasian (American)/women/id00180/00206_id00418_KSTOz7H0OuQ_id00431_wavtolip.mp4,1582_FakeVideo-FakeAudio,5,True,../data/processed/frames,../data/processed/audio/1582_FakeVideo-FakeAudio.wav
id00166,id01637,faceswap,faceswap-wav2lip,D,FakeVideo-FakeAudio,African,men,00010_id01637_5VjcPZm8knM_faceswap_id00166_wavtolip.mp4,FakeAVCeleb/FakeVideo-FakeAudio/African/men/id00166,FakeAVCeleb_v1.2/FakeVideo-FakeAudio/African/men/id00166/00010_id01637_5VjcPZm8knM_faceswap_id00166_wavtolip.mp4,../data/raw/FakeAVCeleb_v1.2/FakeVideo-FakeAudio/African/men/id00166/00010_id01637_5VjcPZm8knM_faceswap_id00166_wavtolip.mp4,1583_FakeVideo-FakeAudio,5,True,../data/processed/frames,../data/processed/audio/1583_FakeVideo-FakeAudio.wav
id00739,id07136,id04583,fsgan-wav2lip,D,FakeVideo-FakeAudio,Asian (South),women,00005_id07136_4e43eS5p3_M_id04583_wavtolip.mp4,FakeAVCeleb/FakeVideo-FakeAudio/Asian (South)/women/id00739,FakeAVCeleb_v1.2/FakeVideo-FakeAudio/Asian (South)/women/id00739/00005_id07136_4e43eS5p3_M_id04583_wavtolip.mp4,../data/raw/FakeAVCeleb_v1.2/FakeVideo-FakeAudio/Asian (South)/women/id00739/00005_id07136_4e43eS5p3_M_id04583_wavtolip.mp4,1584_FakeVideo-FakeAudio,5,True,../data/processed/frames,../data/processed/audio/1584_FakeVideo-FakeAudio.wav
id07210,id00103,id07463,fsgan-wav2lip,D,FakeVideo-FakeAudio,Asian (South),men,00005_id00103_qpTVaP4y5DQ_id07463_wavtolip.mp4,FakeAVCeleb/FakeVideo-FakeAudio/Asian (South)/men/id07210,FakeAVCeleb_v1.2/FakeVideo-FakeAudio/Asian (South)/men/id07210/00005_id00103_qpTVaP4y5DQ_id07463_wavtolip.mp4,../data/raw/FakeAVCeleb_v1.2/FakeVideo-FakeAudio/Asian (South)/men/id07210/00005_id00103_qpTVaP4y5DQ_id07463_wavtolip.mp4,1585_FakeVideo-FakeAudio,4,True,../data/processed/frames,../data/processed/audio/1585_FakeVideo-FakeAudio.wav
id07689,id07377,-,wav2lip,D,FakeVideo-FakeAudio,Asian (South),women,00028_id07377_wavtolip.mp4,FakeAVCeleb/FakeVideo-FakeAudio/Asian (South)/women/id07689,FakeAVCeleb_v1.2/FakeVideo-FakeAudio/Asian (South)/women/id07689/00028_id07377_wavtolip.mp4,../data/raw/FakeAVCeleb_v1.2/FakeVideo-FakeAudio/Asian (South)/women/id07689/00028_id07377_wavtolip.mp4,1586_FakeVideo-FakeAudio,5,True,../data/processed/frames,../data/processed/audio/1586_FakeVideo-FakeAudio.wav
id00775,id00049,EHTUF-mQY,faceswap-wav2lip,D,FakeVideo-FakeAudio,Caucasian (American),men,00092_id00049_S_EHTUF-mQY_faceswap_id01096_wavtolip.mp4,FakeAVCeleb/FakeVideo-FakeAudio/Caucasian (American)/men/id00775,FakeAVCeleb_v1.2/FakeVideo-FakeAudio/Caucasian (American)/men/id00775/00092_id00049_S_EHTUF-mQY_faceswap_id01096_wavtolip.mp4,../data/raw/FakeAVCeleb_v1.2/FakeVideo-FakeAudio/Caucasian (American)/men/id00775/00092_id00049_S_EHTUF-mQY_faceswap_id01096_wavtolip.mp4,1587_FakeVideo-FakeAudio,5,True,../data/processed/frames,../data/processed/audio/1587_FakeVideo-FakeAudio.wav
id00739,id00739,-,wav2lip,D,FakeVideo-FakeAudio,Asian (South),women,00005_id00739_wavtolip.mp4,FakeAVCeleb/FakeVideo-FakeAudio/Asian (South)/women/id00739,FakeAVCeleb_v1.2/FakeVideo-FakeAudio/Asian (South)/women/id00739/00005_id00739_wavtolip.mp4,../data/raw/FakeAVCeleb_v1.2/FakeVideo-FakeAudio/Asian (South)/women/id00739/00005_id00739_wavtolip.mp4,1588_FakeVideo-FakeAudio,5,True,../data/processed/frames,../data/processed/audio/1588_FakeVideo-FakeAudio.wav
id01172,id03757,id04221,fsgan-wav2lip,D,FakeVideo-FakeAudio,Caucasian (American),men,00015_id03757_L-M-XbdFLQM_id04221_wavtolip.mp4,FakeAVCeleb/FakeVideo-FakeAudio/Caucasian (American)/men/id01172,FakeAVCeleb_v1.2/FakeVideo-FakeAudio/Caucasian (American)/men/id01172/00015_id03757_L-M-XbdFLQM_id04221_wavtolip.mp4,../data/raw/FakeAVCeleb_v1.2/FakeVideo-FakeAudio/Caucasian (American)/men/id01172/00015_id03757_L-M-XbdFLQM_id04221_wavtolip.mp4,1589_FakeVideo-FakeAudio,5,True,../data/processed/frames,../data/processed/audio/1589_FakeVideo-FakeAudio.wav
id06752,3,-,faceswap-wav2lip,D,FakeVideo-FakeAudio,Asian (South),women,00221_3_id02619_wavtolip.mp4,FakeAVCeleb/FakeVideo-FakeAudio/Asian (South)/women/id06752,FakeAVCeleb_v1.2/FakeVideo-FakeAudio/Asian (South)/women/id06752/00221_3_id02619_wavtolip.mp4,../data/raw/FakeAVCeleb_v1.2/FakeVideo-FakeAudio/Asian (South)/women/id06752/00221_3_id02619_wavtolip.mp4,1590_FakeVideo-FakeAudio,5,True,../data/processed/frames,../data/processed/audio/1590_FakeVideo-FakeAudio.wav
id00042,id00403,-,wav2lip,D,FakeVideo-FakeAudio,Caucasian (European),women,00028_id00403_wavtolip.mp4,FakeAVCeleb/FakeVideo-FakeAudio/Caucasian (European)/women/id00042,FakeAVCeleb_v1.2/FakeVideo-FakeAudio/Caucasian (European)/women/id00042/00028_id00403_wavtolip.mp4,../data/raw/FakeAVCeleb_v1.2/FakeVideo-FakeAudio/Caucasian (European)/women/id00042/00028_id00403_wavtolip.mp4,1591_FakeVideo-FakeAudio,4,True,../data/processed/frames,../data/processed/audio/1591_FakeVideo-FakeAudio.wav
id01231,id00272,faceswap,faceswap-wav2lip,D,FakeVideo-FakeAudio,Caucasian (American),women,00015_id00272_VLY1boTtbRM_faceswap_id01075_wavtolip.mp4,FakeAVCeleb/FakeVideo-FakeAudio/Caucasian (American)/women/id01231,FakeAVCeleb_v1.2/FakeVideo-FakeAudio/Caucasian (American)/women/id01231/00015_id00272_VLY1boTtbRM_faceswap_id01075_wavtolip.mp4,../data/raw/FakeAVCeleb_v1.2/FakeVideo-FakeAudio/Caucasian (American)/women/id01231/00015_id00272_VLY1boTtbRM_faceswap_id01075_wavtolip.mp4,1592_FakeVideo-FakeAudio,5,True,../data/processed/frames,../data/processed/audio/1592_FakeVideo-FakeAudio.wav
id00371,id04055,-,wav2lip,D,FakeVideo-FakeAudio,African,women,00099_id04055_wavtolip.mp4,FakeAVCeleb/FakeVideo-FakeAudio/African/women/id00371,FakeAVCeleb_v1.2/FakeVideo-FakeAudio/African/women/id00371/00099_id04055_wavtolip.mp4,../data/raw/FakeAVCeleb_v1.2/FakeVideo-FakeAudio/African/women/id00371/00099_id04055_wavtolip.mp4,1593_FakeVideo-FakeAudio,5,True,../data/processed/frames,../data/processed/audio/1593_FakeVideo-FakeAudio.wav
id01532,id00568,id03747,fsgan-wav2lip,D,FakeVideo-FakeAudio,African,women,00065_id00568_gakhcJXnJZ8_id03747_wavtolip.mp4,FakeAVCeleb/FakeVideo-FakeAudio/African/women/id01532,FakeAVCeleb_v1.2/FakeVideo-FakeAudio/African/women/id01532/00065_id00568_gakhcJXnJZ8_id03747_wavtolip.mp4,../data/raw/FakeAVCeleb_v1.2/FakeVideo-FakeAudio/African/women/id01532/00065_id00568_gakhcJXnJZ8_id03747_wavtolip.mp4,1594_FakeVideo-FakeAudio,2,True,../data/processed/frames,../data/processed/audio/1594_FakeVideo-FakeAudio.wav
id00701,id01036,faceswap,faceswap-wav2lip,D,FakeVideo-FakeAudio,African,men,00092_id01036_AohKaMtIHxA_faceswap_id00391_wavtolip.mp4,FakeAVCeleb/FakeVideo-FakeAudio/African/men/id00701,FakeAVCeleb_v1.2/FakeVideo-FakeAudio/African/men/id00701/00092_id01036_AohKaMtIHxA_faceswap_id00391_wavtolip.mp4,../data/raw/FakeAVCeleb_v1.2/FakeVideo-FakeAudio/African/men/id00701/00092_id01036_AohKaMtIHxA_faceswap_id00391_wavtolip.mp4,1595_FakeVideo-FakeAudio,3,True,../data/processed/frames,../data/processed/audio/1595_FakeVideo-FakeAudio.wav
id01211,id04219,faceswap,faceswap-wav2lip,D,FakeVideo-FakeAudio,Caucasian (American),men,00023_id04219_9llHvP-jYDg_faceswap_id00775_wavtolip.mp4,FakeAVCeleb/FakeVideo-FakeAudio/Caucasian (American)/men/id01211,FakeAVCeleb_v1.2/FakeVideo-FakeAudio/Caucasian (American)/men/id01211/00023_id04219_9llHvP-jYDg_faceswap_id00775_wavtolip.mp4,../data/raw/FakeAVCeleb_v1.2/FakeVideo-FakeAudio/Caucasian (American)/men/id01211/00023_id04219_9llHvP-jYDg_faceswap_id00775_wavtolip.mp4,1596_FakeVideo-FakeAudio,5,True,../data/processed/frames,../data/processed/audio/1596_FakeVideo-FakeAudio.wav
id00696,id01044,-,wav2lip,D,FakeVideo-FakeAudio,Caucasian (American),men,00005_id01044_wavtolip.mp4,FakeAVCeleb/FakeVideo-FakeAudio/Caucasian (American)/men/id00696,FakeAVCeleb_v1.2/FakeVideo-FakeAudio/Caucasian (American)/men/id00696/00005_id01044_wavtolip.mp4,../data/raw/FakeAVCeleb_v1.2/FakeVideo-FakeAudio/Caucasian (American)/men/id00696/00005_id01044_wavtolip.mp4,1597_FakeVideo-FakeAudio,5,True,../data/processed/frames,../data/processed/audio/1597_FakeVideo-FakeAudio.wav
id00832,id04705,id05235,fsgan-wav2lip,D,FakeVideo-FakeAudio,African,women,00078_id04705_ziJ9JsYr4R0_id05235_wavtolip.mp4,FakeAVCeleb/FakeVideo-FakeAudio/African/women/id00832,FakeAVCeleb_v1.2/FakeVideo-FakeAudio/African/women/id00832/00078_id04705_ziJ9JsYr4R0_id05235_wavtolip.mp4,../data/raw/FakeAVCeleb_v1.2/FakeVideo-FakeAudio/African/women/id00832/00078_id04705_ziJ9JsYr4R0_id05235_wavtolip.mp4,1598_FakeVideo-FakeAudio,5,True,../data/processed/frames,../data/processed/audio/1598_FakeVideo-FakeAudio.wav
id03941,id03816,faceswap,faceswap-wav2lip,D,FakeVideo-FakeAudio,Caucasian (European),women,00021_id03816_XXD0yTNei50_faceswap_id00484_wavtolip.mp4,FakeAVCeleb/FakeVideo-FakeAudio/Caucasian (European)/women/id03941,FakeAVCeleb_v1.2/FakeVideo-FakeAudio/Caucasian (European)/women/id03941/00021_id03816_XXD0yTNei50_faceswap_id00484_wavtolip.mp4,../data/raw/FakeAVCeleb_v1.2/FakeVideo-FakeAudio/Caucasian (European)/women/id03941/00021_id03816_XXD0yTNei50_faceswap_id00484_wavtolip.mp4,1599_FakeVideo-FakeAudio,5,True,../data/processed/frames,../data/processed/audio/1599_FakeVideo-FakeAudio.wav
id00403,id00374,id00271,fsgan-wav2lip,D,FakeVideo-FakeAudio,Caucasian (European),women,00052_id00374_w1qI7y9AGTc_id00271_wavtolip.mp4,FakeAVCeleb/FakeVideo-FakeAudio/Caucasian (European)/women/id00403,FakeAVCeleb_v1.2/FakeVideo-FakeAudio/Caucasian (European)/women/id00403/00052_id00374_w1qI7y9AGTc_id00271_wavtolip.mp4,../data/raw/FakeAVCeleb_v1.2/FakeVideo-FakeAudio/Caucasian (European)/women/id00403/00052_id00374_w1qI7y9AGTc_id00271_wavtolip.mp4,1600_FakeVideo-FakeAudio,5,True,../data/processed/frames,../data/processed/audio/1600_FakeVideo-FakeAudio.wav
id00529,id03678,faceswap,faceswap-wav2lip,D,FakeVideo-FakeAudio,Caucasian (American),men,00409_id03678_dsfCxodI9i8_faceswap_id01042_wavtolip.mp4,FakeAVCeleb/FakeVideo-FakeAudio/Caucasian (American)/men/id00529,FakeAVCeleb_v1.2/FakeVideo-FakeAudio/Caucasian (American)/men/id00529/00409_id03678_dsfCxodI9i8_faceswap_id01042_wavtolip.mp4,../data/raw/FakeAVCeleb_v1.2/FakeVideo-FakeAudio/Caucasian (American)/men/id00529/00409_id03678_dsfCxodI9i8_faceswap_id01042_wavtolip.mp4,1601_FakeVideo-FakeAudio,5,True,../data/processed/frames,../data/processed/audio/1601_FakeVideo-FakeAudio.wav
id00597,id04884,wk7h1Gzo,fsgan-wav2lip,D,FakeVideo-FakeAudio,Asian (East),men,00019_id04884_eq_wk7h1Gzo_id05743_wavtolip.mp4,FakeAVCeleb/FakeVideo-FakeAudio/Asian (East)/men/id00597,FakeAVCeleb_v1.2/FakeVideo-FakeAudio/Asian (East)/men/id00597/00019_id04884_eq_wk7h1Gzo_id05743_wavtolip.mp4,../data/raw/FakeAVCeleb_v1.2/FakeVideo-FakeAudio/Asian (East)/men/id00597/00019_id04884_eq_wk7h1Gzo_id05743_wavtolip.mp4,1602_FakeVideo-FakeAudio,5,True,../data/processed/frames,../data/processed/audio/1602_FakeVideo-FakeAudio.wav
id09181,id05576,-,wav2lip,D,FakeVideo-FakeAudio,Asian (East),women,00048_id05576_wavtolip.mp4,FakeAVCeleb/FakeVideo-FakeAudio/Asian (East)/women/id09181,FakeAVCeleb_v1.2/FakeVideo-FakeAudio/Asian (East)/women/id09181/00048_id05576_wavtolip.mp4,../data/raw/FakeAVCeleb_v1.2/FakeVideo-FakeAudio/Asian (East)/women/id09181/00048_id05576_wavtolip.mp4,1603_FakeVideo-FakeAudio,5,True,../data/processed/frames,../data/processed/audio/1603_FakeVideo-FakeAudio.wav
id01042,id01172,-,wav2lip,D,FakeVideo-FakeAudio,Caucasian (American),men,00154_id01172_wavtolip.mp4,FakeAVCeleb/FakeVideo-FakeAudio/Caucasian (American)/men/id01042,FakeAVCeleb_v1.2/FakeVideo-FakeAudio/Caucasian (American)/men/id01042/00154_id01172_wavtolip.mp4,../data/raw/FakeAVCeleb_v1.2/FakeVideo-FakeAudio/Caucasian (American)/men/id01042/00154_id01172_wavtolip.mp4,1604_FakeVideo-FakeAudio,5,True,../data/processed/frames,../data/processed/audio/1604_FakeVideo-FakeAudio.wav
id04070,id04927,-,wav2lip,D,FakeVideo-FakeAudio,Asian (South),women,00072_id04927_wavtolip.mp4,FakeAVCeleb/FakeVideo-FakeAudio/Asian (South)/women/id04070,FakeAVCeleb_v1.2/FakeVideo-FakeAudio/Asian (South)/women/id04070/00072_id04927_wavtolip.mp4,../data/raw/FakeAVCeleb_v1.2/FakeVideo-FakeAudio/Asian (South)/women/id04070/00072_id04927_wavtolip.mp4,1605_FakeVideo-FakeAudio,5,True,../data/processed/frames,../data/processed/audio/1605_FakeVideo-FakeAudio.wav
id03815,id06428,id07008,fsgan-wav2lip,D,FakeVideo-FakeAudio,Asian (South),women,00118_id06428_A9nvRKd1afA_id07008_wavtolip.mp4,FakeAVCeleb/FakeVideo-FakeAudio/Asian (South)/women/id03815,FakeAVCeleb_v1.2/FakeVideo-FakeAudio/Asian (South)/women/id03815/00118_id06428_A9nvRKd1afA_id07008_wavtolip.mp4,../data/raw/FakeAVCeleb_v1.2/FakeVideo-FakeAudio/Asian (South)/women/id03815/00118_id06428_A9nvRKd1afA_id07008_wavtolip.mp4,1606_FakeVideo-FakeAudio,5,True,../data/processed/frames,../data/processed/audio/1606_FakeVideo-FakeAudio.wav
id00265,id00594,-,wav2lip,D,FakeVideo-FakeAudio,Caucasian (European),men,00130_id00594_wavtolip.mp4,FakeAVCeleb/FakeVideo-FakeAudio/Caucasian (European)/men/id00265,FakeAVCeleb_v1.2/FakeVideo-FakeAudio/Caucasian (European)/men/id00265/00130_id00594_wavtolip.mp4,../data/raw/FakeAVCeleb_v1.2/FakeVideo-FakeAudio/Caucasian (European)/men/id00265/00130_id00594_wavtolip.mp4,1607_FakeVideo-FakeAudio,5,True,../data/processed/frames,../data/processed/audio/1607_FakeVideo-FakeAudio.wav
id00459,id07195,-,wav2lip,D,FakeVideo-FakeAudio,Asian (South),men,00382_id07195_wavtolip.mp4,FakeAVCeleb/FakeVideo-FakeAudio/Asian (South)/men/id00459,FakeAVCeleb_v1.2/FakeVideo-FakeAudio/Asian (South)/men/id00459/00382_id07195_wavtolip.mp4,../data/raw/FakeAVCeleb_v1.2/FakeVideo-FakeAudio/Asian (South)/men/id00459/00382_id07195_wavtolip.mp4,1608_FakeVideo-FakeAudio,5,True,../data/processed/frames,../data/processed/audio/1608_FakeVideo-FakeAudio.wav
id00841,id00180,id00431,fsgan-wav2lip,D,FakeVideo-FakeAudio,Caucasian (American),women,00078_id00180_lkeAa8Od_tg_id00431_wavtolip.mp4,FakeAVCeleb/FakeVideo-FakeAudio/Caucasian (American)/women/id00841,FakeAVCeleb_v1.2/FakeVideo-FakeAudio/Caucasian (American)/women/id00841/00078_id00180_lkeAa8Od_tg_id00431_wavtolip.mp4,../data/raw/FakeAVCeleb_v1.2/FakeVideo-FakeAudio/Caucasian (American)/women/id00841/00078_id00180_lkeAa8Od_tg_id00431_wavtolip.mp4,1609_FakeVideo-FakeAudio,5,True,../data/processed/frames,../data/processed/audio/1609_FakeVideo-FakeAudio.wav
id01052,id00709,faceswap,faceswap-wav2lip,D,FakeVideo-FakeAudio,Caucasian (European),men,00076_id00709_Rh23ELMGsIQ_faceswap_id01156_wavtolip.mp4,FakeAVCeleb/FakeVideo-FakeAudio/Caucasian (European)/men/id01052,FakeAVCeleb_v1.2/FakeVideo-FakeAudio/Caucasian (European)/men/id01052/00076_id00709_Rh23ELMGsIQ_faceswap_id01156_wavtolip.mp4,../data/raw/FakeAVCeleb_v1.2/FakeVideo-FakeAudio/Caucasian (European)/men/id01052/00076_id00709_Rh23ELMGsIQ_faceswap_id01156_wavtolip.mp4,1610_FakeVideo-FakeAudio,5,True,../data/processed/frames,../data/processed/audio/1610_FakeVideo-FakeAudio.wav
id00398,id00618,TwV2SmUIlY,faceswap-wav2lip,D,FakeVideo-FakeAudio,Caucasian (American),women,00016_id00618__TwV2SmUIlY_faceswap_id00272_wavtolip.mp4,FakeAVCeleb/FakeVideo-FakeAudio/Caucasian (American)/women/id00398,FakeAVCeleb_v1.2/FakeVideo-FakeAudio/Caucasian (American)/women/id00398/00016_id00618__TwV2SmUIlY_faceswap_id00272_wavtolip.mp4,../data/raw/FakeAVCeleb_v1.2/FakeVideo-FakeAudio/Caucasian (American)/women/id00398/00016_id00618__TwV2SmUIlY_faceswap_id00272_wavtolip.mp4,1611_FakeVideo-FakeAudio,5,True,../data/processed/frames,../data/processed/audio/1611_FakeVideo-FakeAudio.wav
id06334,id03599,faceswap,faceswap-wav2lip,D,FakeVideo-FakeAudio,Asian (South),men,00015_id03599_y27BDmRUqMQ_faceswap_id00032_wavtolip.mp4,FakeAVCeleb/FakeVideo-FakeAudio/Asian (South)/men/id06334,FakeAVCeleb_v1.2/FakeVideo-FakeAudio/Asian (South)/men/id06334/00015_id03599_y27BDmRUqMQ_faceswap_id00032_wavtolip.mp4,../data/raw/FakeAVCeleb_v1.2/FakeVideo-FakeAudio/Asian (South)/men/id06334/00015_id03599_y27BDmRUqMQ_faceswap_id00032_wavtolip.mp4,1612_FakeVideo-FakeAudio,5,True,../data/processed/frames,../data/processed/audio/1612_FakeVideo-FakeAudio.wav
id00185,id00694,-,wav2lip,D,FakeVideo-FakeAudio,Caucasian (European),men,00015_id00694_wavtolip.mp4,FakeAVCeleb/FakeVideo-FakeAudio/Caucasian (European)/men/id00185,FakeAVCeleb_v1.2/FakeVideo-FakeAudio/Caucasian (European)/men/id00185/00015_id00694_wavtolip.mp4,../data/raw/FakeAVCeleb_v1.2/FakeVideo-FakeAudio/Caucasian (European)/men/id00185/00015_id00694_wavtolip.mp4,1613_FakeVideo-FakeAudio,4,True,../data/processed/frames,../data/processed/audio/1613_FakeVideo-FakeAudio.wav
id03897,id00417,id03559,fsgan-wav2lip,D,FakeVideo-FakeAudio,Asian (South),women,00021_id00417_GhIZam3v09g_id03559_wavtolip.mp4,FakeAVCeleb/FakeVideo-FakeAudio/Asian (South)/women/id03897,FakeAVCeleb_v1.2/FakeVideo-FakeAudio/Asian (South)/women/id03897/00021_id00417_GhIZam3v09g_id03559_wavtolip.mp4,../data/raw/FakeAVCeleb_v1.2/FakeVideo-FakeAudio/Asian (South)/women/id03897/00021_id00417_GhIZam3v09g_id03559_wavtolip.mp4,1614_FakeVideo-FakeAudio,5,True,../data/processed/frames,../data/processed/audio/1614_FakeVideo-FakeAudio.wav
id04939,id00220,-,wav2lip,D,FakeVideo-FakeAudio,African,women,00174_id00220_wavtolip.mp4,FakeAVCeleb/FakeVideo-FakeAudio/African/women/id04939,FakeAVCeleb_v1.2/FakeVideo-FakeAudio/African/women/id04939/00174_id00220_wavtolip.mp4,../data/raw/FakeAVCeleb_v1.2/FakeVideo-FakeAudio/African/women/id04939/00174_id00220_wavtolip.mp4,1615_FakeVideo-FakeAudio,4,True,../data/processed/frames,../data/processed/audio/1615_FakeVideo-FakeAudio.wav
id00185,id00709,id02567,fsgan-wav2lip,D,FakeVideo-FakeAudio,Caucasian (European),men,00015_id00709_Rh23ELMGsIQ_id02567_wavtolip.mp4,FakeAVCeleb/FakeVideo-FakeAudio/Caucasian (European)/men/id00185,FakeAVCeleb_v1.2/FakeVideo-FakeAudio/Caucasian (European)/men/id00185/00015_id00709_Rh23ELMGsIQ_id02567_wavtolip.mp4,../data/raw/FakeAVCeleb_v1.2/FakeVideo-FakeAudio/Caucasian (European)/men/id00185/00015_id00709_Rh23ELMGsIQ_id02567_wavtolip.mp4,1616_FakeVideo-FakeAudio,4,True,../data/processed/frames,../data/processed/audio/1616_FakeVideo-FakeAudio.wav
id00179,id00943,id01035,fsgan-wav2lip,D,FakeVideo-FakeAudio,Caucasian (American),men,00143_id00943_LxSv2rnBGA8_id01035_wavtolip.mp4,FakeAVCeleb/FakeVideo-FakeAudio/Caucasian (American)/men/id00179,FakeAVCeleb_v1.2/FakeVideo-FakeAudio/Caucasian (American)/men/id00179/00143_id00943_LxSv2rnBGA8_id01035_wavtolip.mp4,../data/raw/FakeAVCeleb_v1.2/FakeVideo-FakeAudio/Caucasian (American)/men/id00179/00143_id00943_LxSv2rnBGA8_id01035_wavtolip.mp4,1617_FakeVideo-FakeAudio,5,True,../data/processed/frames,../data/processed/audio/1617_FakeVideo-FakeAudio.wav
id00945,id00943,id00029,fsgan-wav2lip,D,FakeVideo-FakeAudio,Caucasian (American),men,00107_id00943_LxSv2rnBGA8_id00029_wavtolip.mp4,FakeAVCeleb/FakeVideo-FakeAudio/Caucasian (American)/men/id00945,FakeAVCeleb_v1.2/FakeVideo-FakeAudio/Caucasian (American)/men/id00945/00107_id00943_LxSv2rnBGA8_id00029_wavtolip.mp4,../data/raw/FakeAVCeleb_v1.2/FakeVideo-FakeAudio/Caucasian (American)/men/id00945/00107_id00943_LxSv2rnBGA8_id00029_wavtolip.mp4,1618_FakeVideo-FakeAudio,5,True,../data/processed/frames,../data/processed/audio/1618_FakeVideo-FakeAudio.wav
id01528,id01933,id00391,fsgan-wav2lip,D,FakeVideo-FakeAudio,African,men,00017_id01933_I5XXxgK7QpE_id00391_wavtolip.mp4,FakeAVCeleb/FakeVideo-FakeAudio/African/men/id01528,FakeAVCeleb_v1.2/FakeVideo-FakeAudio/African/men/id01528/00017_id01933_I5XXxgK7QpE_id00391_wavtolip.mp4,../data/raw/FakeAVCeleb_v1.2/FakeVideo-FakeAudio/African/men/id01528/00017_id01933_I5XXxgK7QpE_id00391_wavtolip.mp4,1619_FakeVideo-FakeAudio,3,True,../data/processed/frames,../data/processed/audio/1619_FakeVideo-FakeAudio.wav
id01105,id00169,V1xAwwG29U,fsgan-wav2lip,D,FakeVideo-FakeAudio,Caucasian (American),men,00083_id00169__V1xAwwG29U_id01192_wavtolip.mp4,FakeAVCeleb/FakeVideo-FakeAudio/Caucasian (American)/men/id01105,FakeAVCeleb_v1.2/FakeVideo-FakeAudio/Caucasian (American)/men/id01105/00083_id00169__V1xAwwG29U_id01192_wavtolip.mp4,../data/raw/FakeAVCeleb_v1.2/FakeVideo-FakeAudio/Caucasian (American)/men/id01105/00083_id00169__V1xAwwG29U_id01192_wavtolip.mp4,1620_FakeVideo-FakeAudio,5,True,../data/processed/frames,../data/processed/audio/1620_FakeVideo-FakeAudio.wav
id00383,id02466,id01223,fsgan-wav2lip,D,FakeVideo-FakeAudio,Caucasian (American),women,00171_id02466_VOgaA7O5yWY_id01223_wavtolip.mp4,FakeAVCeleb/FakeVideo-FakeAudio/Caucasian (American)/women/id00383,FakeAVCeleb_v1.2/FakeVideo-FakeAudio/Caucasian (American)/women/id00383/00171_id02466_VOgaA7O5yWY_id01223_wavtolip.mp4,../data/raw/FakeAVCeleb_v1.2/FakeVideo-FakeAudio/Caucasian (American)/women/id00383/00171_id02466_VOgaA7O5yWY_id01223_wavtolip.mp4,1621_FakeVideo-FakeAudio,5,True,../data/processed/frames,../data/processed/audio/1621_FakeVideo-FakeAudio.wav
id07165,id00773,-,wav2lip,D,FakeVideo-FakeAudio,Asian (South),men,00368_id00773_wavtolip.mp4,FakeAVCeleb/FakeVideo-FakeAudio/Asian (South)/men/id07165,FakeAVCeleb_v1.2/FakeVideo-FakeAudio/Asian (South)/men/id07165/00368_id00773_wavtolip.mp4,../data/raw/FakeAVCeleb_v1.2/FakeVideo-FakeAudio/Asian (South)/men/id07165/00368_id00773_wavtolip.mp4,1622_FakeVideo-FakeAudio,5,True,../data/processed/frames,../data/processed/audio/1622_FakeVideo-FakeAudio.wav
id01933,id01597,id00761,fsgan-wav2lip,D,FakeVideo-FakeAudio,African,men,00028_id01597_52WEZxe4_GE_id00761_wavtolip.mp4,FakeAVCeleb/FakeVideo-FakeAudio/African/men/id01933,FakeAVCeleb_v1.2/FakeVideo-FakeAudio/African/men/id01933/00028_id01597_52WEZxe4_GE_id00761_wavtolip.mp4,../data/raw/FakeAVCeleb_v1.2/FakeVideo-FakeAudio/African/men/id01933/00028_id01597_52WEZxe4_GE_id00761_wavtolip.mp4,1623_FakeVideo-FakeAudio,5,True,../data/processed/frames,../data/processed/audio/1623_FakeVideo-FakeAudio.wav
id06443,id03379,id00579,fsgan-wav2lip,D,FakeVideo-FakeAudio,Asian (East),women,00232_id03379_A32nCObAHiI_id00579_wavtolip.mp4,FakeAVCeleb/FakeVideo-FakeAudio/Asian (East)/women/id06443,FakeAVCeleb_v1.2/FakeVideo-FakeAudio/Asian (East)/women/id06443/00232_id03379_A32nCObAHiI_id00579_wavtolip.mp4,../data/raw/FakeAVCeleb_v1.2/FakeVideo-FakeAudio/Asian (East)/women/id06443/00232_id03379_A32nCObAHiI_id00579_wavtolip.mp4,1624_FakeVideo-FakeAudio,5,True,../data/processed/frames,../data/processed/audio/1624_FakeVideo-FakeAudio.wav
id02619,id00461,id00747,fsgan-wav2lip,D,FakeVideo-FakeAudio,Asian (South),women,00015_id00461_Ort9NW3SJU4_id00747_wavtolip.mp4,FakeAVCeleb/FakeVideo-FakeAudio/Asian (South)/women/id02619,FakeAVCeleb_v1.2/FakeVideo-FakeAudio/Asian (South)/women/id02619/00015_id00461_Ort9NW3SJU4_id00747_wavtolip.mp4,../data/raw/FakeAVCeleb_v1.2/FakeVideo-FakeAudio/Asian (South)/women/id02619/00015_id00461_Ort9NW3SJU4_id00747_wavtolip.mp4,1625_FakeVideo-FakeAudio,5,True,../data/processed/frames,../data/processed/audio/1625_FakeVideo-FakeAudio.wav
id00577,id03103,id00829,fsgan-wav2lip,D,FakeVideo-FakeAudio,African,women,00010_id03103_wiCYm3THQPw_id00829_wavtolip.mp4,FakeAVCeleb/FakeVideo-FakeAudio/African/women/id00577,FakeAVCeleb_v1.2/FakeVideo-FakeAudio/African/women/id00577/00010_id03103_wiCYm3THQPw_id00829_wavtolip.mp4,../data/raw/FakeAVCeleb_v1.2/FakeVideo-FakeAudio/African/women/id00577/00010_id03103_wiCYm3THQPw_id00829_wavtolip.mp4,1626_FakeVideo-FakeAudio,4,True,../data/processed/frames,../data/processed/audio/1626_FakeVideo-FakeAudio.wav
id00076,id02005,Egh9mW5y4,fsgan-wav2lip,D,FakeVideo-FakeAudio,African,men,00109_id02005_7_Egh9mW5y4_id01972_wavtolip.mp4,FakeAVCeleb/FakeVideo-FakeAudio/African/men/id00076,FakeAVCeleb_v1.2/FakeVideo-FakeAudio/African/men/id00076/00109_id02005_7_Egh9mW5y4_id01972_wavtolip.mp4,../data/raw/FakeAVCeleb_v1.2/FakeVideo-FakeAudio/African/men/id00076/00109_id02005_7_Egh9mW5y4_id01972_wavtolip.mp4,1627_FakeVideo-FakeAudio,1,True,../data/processed/frames,../data/processed/audio/1627_FakeVideo-FakeAudio.wav
id06343,id06438,faceswap,faceswap-wav2lip,D,FakeVideo-FakeAudio,Asian (South),women,00023_id06438_vf3xBVgYqYA_faceswap_id00235_wavtolip.mp4,FakeAVCeleb/FakeVideo-FakeAudio/Asian (South)/women/id06343,FakeAVCeleb_v1.2/FakeVideo-FakeAudio/Asian (South)/women/id06343/00023_id06438_vf3xBVgYqYA_faceswap_id00235_wavtolip.mp4,../data/raw/FakeAVCeleb_v1.2/FakeVideo-FakeAudio/Asian (South)/women/id06343/00023_id06438_vf3xBVgYqYA_faceswap_id00235_wavtolip.mp4,1630_FakeVideo-FakeAudio,5,True,../data/processed/frames,../data/processed/audio/1630_FakeVideo-FakeAudio.wav
id00243,id03668,7DpE,faceswap-wav2lip,D,FakeVideo-FakeAudio,Caucasian (American),men,00037_id03668_mjurT3_7DpE_faceswap_id00696_wavtolip.mp4,FakeAVCeleb/FakeVideo-FakeAudio/Caucasian (American)/men/id00243,FakeAVCeleb_v1.2/FakeVideo-FakeAudio/Caucasian (American)/men/id00243/00037_id03668_mjurT3_7DpE_faceswap_id00696_wavtolip.mp4,../data/raw/FakeAVCeleb_v1.2/FakeVideo-FakeAudio/Caucasian (American)/men/id00243/00037_id03668_mjurT3_7DpE_faceswap_id00696_wavtolip.mp4,1631_FakeVideo-FakeAudio,5,True,../data/processed/frames,../data/processed/audio/1631_FakeVideo-FakeAudio.wav
id00266,id00594,faceswap,faceswap-wav2lip,D,FakeVideo-FakeAudio,Caucasian (European),men,00470_id00594_2WHHoksbeVw_faceswap_id01102_wavtolip.mp4,FakeAVCeleb/FakeVideo-FakeAudio/Caucasian (European)/men/id00266,FakeAVCeleb_v1.2/FakeVideo-FakeAudio/Caucasian (European)/men/id00266/00470_id00594_2WHHoksbeVw_faceswap_id01102_wavtolip.mp4,../data/raw/FakeAVCeleb_v1.2/FakeVideo-FakeAudio/Caucasian (European)/men/id00266/00470_id00594_2WHHoksbeVw_faceswap_id01102_wavtolip.mp4,1632_FakeVideo-FakeAudio,5,True,../data/processed/frames,../data/processed/audio/1632_FakeVideo-FakeAudio.wav
id07049,id05920,id03815,fsgan-wav2lip,D,FakeVideo-FakeAudio,Asian (South),women,00043_id05920_LuLTJu54joo_id03815_wavtolip.mp4,FakeAVCeleb/FakeVideo-FakeAudio/Asian (South)/women/id07049,FakeAVCeleb_v1.2/FakeVideo-FakeAudio/Asian (South)/women/id07049/00043_id05920_LuLTJu54joo_id03815_wavtolip.mp4,../data/raw/FakeAVCeleb_v1.2/FakeVideo-FakeAudio/Asian (South)/women/id07049/00043_id05920_LuLTJu54joo_id03815_wavtolip.mp4,1633_FakeVideo-FakeAudio,4,True,../data/processed/frames,../data/processed/audio/1633_FakeVideo-FakeAudio.wav
id00829,id01178,-,faceswap-wav2lip,D,FakeVideo-FakeAudio,African,women,00271_id01178_wavtolip.mp4,FakeAVCeleb/FakeVideo-FakeAudio/African/women/id00829,FakeAVCeleb_v1.2/FakeVideo-FakeAudio/African/women/id00829/00271_id01178_wavtolip.mp4,../data/raw/FakeAVCeleb_v1.2/FakeVideo-FakeAudio/African/women/id00829/00271_id01178_wavtolip.mp4,1634_FakeVideo-FakeAudio,5,True,../data/processed/frames,../data/processed/audio/1634_FakeVideo-FakeAudio.wav
id04414,id00935,faceswap,faceswap-wav2lip,D,FakeVideo-FakeAudio,Asian (East),women,00001_id00935_09fNE0b4Dlg_faceswap_id08819_wavtolip.mp4,FakeAVCeleb/FakeVideo-FakeAudio/Asian (East)/women/id04414,FakeAVCeleb_v1.2/FakeVideo-FakeAudio/Asian (East)/women/id04414/00001_id00935_09fNE0b4Dlg_faceswap_id08819_wavtolip.mp4,../data/raw/FakeAVCeleb_v1.2/FakeVideo-FakeAudio/Asian (East)/women/id04414/00001_id00935_09fNE0b4Dlg_faceswap_id08819_wavtolip.mp4,1635_FakeVideo-FakeAudio,5,True,../data/processed/frames,../data/processed/audio/1635_FakeVideo-FakeAudio.wav
id09125,id06462,id04057,fsgan-wav2lip,D,FakeVideo-FakeAudio,Asian (East),women,00098_id06462_Nn79kE76MA4_id04057_wavtolip.mp4,FakeAVCeleb/FakeVideo-FakeAudio/Asian (East)/women/id09125,FakeAVCeleb_v1.2/FakeVideo-FakeAudio/Asian (East)/women/id09125/00098_id06462_Nn79kE76MA4_id04057_wavtolip.mp4,../data/raw/FakeAVCeleb_v1.2/FakeVideo-FakeAudio/Asian (East)/women/id09125/00098_id06462_Nn79kE76MA4_id04057_wavtolip.mp4,1636_FakeVideo-FakeAudio,1,True,../data/processed/frames,../data/processed/audio/1636_FakeVideo-FakeAudio.wav
id04727,id01933,id02051,fsgan-wav2lip,D,FakeVideo-FakeAudio,African,men,00007_id01933_I5XXxgK7QpE_id02051_wavtolip.mp4,FakeAVCeleb/FakeVideo-FakeAudio/African/men/id04727,FakeAVCeleb_v1.2/FakeVideo-FakeAudio/African/men/id04727/00007_id01933_I5XXxgK7QpE_id02051_wavtolip.mp4,../data/raw/FakeAVCeleb_v1.2/FakeVideo-FakeAudio/African/men/id04727/00007_id01933_I5XXxgK7QpE_id02051_wavtolip.mp4,1637_FakeVideo-FakeAudio,3,True,../data/processed/frames,../data/processed/audio/1637_FakeVideo-FakeAudio.wav
id01099,id00559,id00498,fsgan-wav2lip,D,FakeVideo-FakeAudio,Caucasian (European),men,00206_id00559_Y7ovoKuvL78_id00498_wavtolip.mp4,FakeAVCeleb/FakeVideo-FakeAudio/Caucasian (European)/men/id01099,FakeAVCeleb_v1.2/FakeVideo-FakeAudio/Caucasian (European)/men/id01099/00206_id00559_Y7ovoKuvL78_id00498_wavtolip.mp4,../data/raw/FakeAVCeleb_v1.2/FakeVideo-FakeAudio/Caucasian (European)/men/id01099/00206_id00559_Y7ovoKuvL78_id00498_wavtolip.mp4,1638_FakeVideo-FakeAudio,1,True,../data/processed/frames,../data/processed/audio/1638_FakeVideo-FakeAudio.wav
id01451,id00566,HMhuwQ,fsgan-wav2lip,D,FakeVideo-FakeAudio,Asian (East),women,00099_id00566_V3Hg_HMhuwQ_id04144_wavtolip.mp4,FakeAVCeleb/FakeVideo-FakeAudio/Asian (East)/women/id01451,FakeAVCeleb_v1.2/FakeVideo-FakeAudio/Asian (East)/women/id01451/00099_id00566_V3Hg_HMhuwQ_id04144_wavtolip.mp4,../data/raw/FakeAVCeleb_v1.2/FakeVideo-FakeAudio/Asian (East)/women/id01451/00099_id00566_V3Hg_HMhuwQ_id04144_wavtolip.mp4,1639_FakeVideo-FakeAudio,5,True,../data/processed/frames,../data/processed/audio/1639_FakeVideo-FakeAudio.wav
id00769,id00745,id00769,fsgan-wav2lip,D,FakeVideo-FakeAudio,Asian (South),men,00015_id00745_eODND1ul7vE_id00769_wavtolip.mp4,FakeAVCeleb/FakeVideo-FakeAudio/Asian (South)/men/id00769,FakeAVCeleb_v1.2/FakeVideo-FakeAudio/Asian (South)/men/id00769/00015_id00745_eODND1ul7vE_id00769_wavtolip.mp4,../data/raw/FakeAVCeleb_v1.2/FakeVideo-FakeAudio/Asian (South)/men/id00769/00015_id00745_eODND1ul7vE_id00769_wavtolip.mp4,1640_FakeVideo-FakeAudio,5,True,../data/processed/frames,../data/processed/audio/1640_FakeVideo-FakeAudio.wav
id06438,id06437,faceswap,faceswap-wav2lip,D,FakeVideo-FakeAudio,Asian (South),women,00110_id06437_3BZvvzBhj8s_faceswap_id02619_wavtolip.mp4,FakeAVCeleb/FakeVideo-FakeAudio/Asian (South)/women/id06438,FakeAVCeleb_v1.2/FakeVideo-FakeAudio/Asian (South)/women/id06438/00110_id06437_3BZvvzBhj8s_faceswap_id02619_wavtolip.mp4,../data/raw/FakeAVCeleb_v1.2/FakeVideo-FakeAudio/Asian (South)/women/id06438/00110_id06437_3BZvvzBhj8s_faceswap_id02619_wavtolip.mp4,1641_FakeVideo-FakeAudio,5,True,../data/processed/frames,../data/processed/audio/1641_FakeVideo-FakeAudio.wav
id04562,id07233,-,wav2lip,D,FakeVideo-FakeAudio,Asian (South),men,00221_id07233_wavtolip.mp4,FakeAVCeleb/FakeVideo-FakeAudio/Asian (South)/men/id04562,FakeAVCeleb_v1.2/FakeVideo-FakeAudio/Asian (South)/men/id04562/00221_id07233_wavtolip.mp4,../data/raw/FakeAVCeleb_v1.2/FakeVideo-FakeAudio/Asian (South)/men/id04562/00221_id07233_wavtolip.mp4,1642_FakeVideo-FakeAudio,5,True,../data/processed/frames,../data/processed/audio/1642_FakeVideo-FakeAudio.wav
id07689,3,-,faceswap-wav2lip,D,FakeVideo-FakeAudio,Asian (South),women,00028_3_id06438_wavtolip.mp4,FakeAVCeleb/FakeVideo-FakeAudio/Asian (South)/women/id07689,FakeAVCeleb_v1.2/FakeVideo-FakeAudio/Asian (South)/women/id07689/00028_3_id06438_wavtolip.mp4,../data/raw/FakeAVCeleb_v1.2/FakeVideo-FakeAudio/Asian (South)/women/id07689/00028_3_id06438_wavtolip.mp4,1643_FakeVideo-FakeAudio,5,True,../data/processed/frames,../data/processed/audio/1643_FakeVideo-FakeAudio.wav
id03620,id00328,-,wav2lip,D,FakeVideo-FakeAudio,Caucasian (European),women,00081_id00328_wavtolip.mp4,FakeAVCeleb/FakeVideo-FakeAudio/Caucasian (European)/women/id03620,FakeAVCeleb_v1.2/FakeVideo-FakeAudio/Caucasian (European)/women/id03620/00081_id00328_wavtolip.mp4,../data/raw/FakeAVCeleb_v1.2/FakeVideo-FakeAudio/Caucasian (European)/women/id03620/00081_id00328_wavtolip.mp4,1644_FakeVideo-FakeAudio,5,True,../data/processed/frames,../data/processed/audio/1644_FakeVideo-FakeAudio.wav
id01392,id01972,-,wav2lip,D,FakeVideo-FakeAudio,African,men,00167_id01972_wavtolip.mp4,FakeAVCeleb/FakeVideo-FakeAudio/African/men/id01392,FakeAVCeleb_v1.2/FakeVideo-FakeAudio/African/men/id01392/00167_id01972_wavtolip.mp4,../data/raw/FakeAVCeleb_v1.2/FakeVideo-FakeAudio/African/men/id01392/00167_id01972_wavtolip.mp4,1645_FakeVideo-FakeAudio,5,True,../data/processed/frames,../data/processed/audio/1645_FakeVideo-FakeAudio.wav
id01058,id00306,id00358,fsgan-wav2lip,D,FakeVideo-FakeAudio,Caucasian (European),men,00005_id00306_CDX55F3nWNc_id00358_wavtolip.mp4,FakeAVCeleb/FakeVideo-FakeAudio/Caucasian (European)/men/id01058,FakeAVCeleb_v1.2/FakeVideo-FakeAudio/Caucasian (European)/men/id01058/00005_id00306_CDX55F3nWNc_id00358_wavtolip.mp4,../data/raw/FakeAVCeleb_v1.2/FakeVideo-FakeAudio/Caucasian (European)/men/id01058/00005_id00306_CDX55F3nWNc_id00358_wavtolip.mp4,1646_FakeVideo-FakeAudio,5,True,../data/processed/frames,../data/processed/audio/1646_FakeVideo-FakeAudio.wav
id00830,id01933,id01392,fsgan-wav2lip,D,FakeVideo-FakeAudio,African,men,00143_id01933_I5XXxgK7QpE_id01392_wavtolip.mp4,FakeAVCeleb/FakeVideo-FakeAudio/African/men/id00830,FakeAVCeleb_v1.2/FakeVideo-FakeAudio/African/men/id00830/00143_id01933_I5XXxgK7QpE_id01392_wavtolip.mp4,../data/raw/FakeAVCeleb_v1.2/FakeVideo-FakeAudio/African/men/id00830/00143_id01933_I5XXxgK7QpE_id01392_wavtolip.mp4,1647_FakeVideo-FakeAudio,1,True,../data/processed/frames,../data/processed/audio/1647_FakeVideo-FakeAudio.wav
id08313,id07058,faceswap,faceswap-wav2lip,D,FakeVideo-FakeAudio,Asian (South),men,00202_id07058_JXJTxhrICl0_faceswap_id00732_wavtolip.mp4,FakeAVCeleb/FakeVideo-FakeAudio/Asian (South)/men/id08313,FakeAVCeleb_v1.2/FakeVideo-FakeAudio/Asian (South)/men/id08313/00202_id07058_JXJTxhrICl0_faceswap_id00732_wavtolip.mp4,../data/raw/FakeAVCeleb_v1.2/FakeVideo-FakeAudio/Asian (South)/men/id08313/00202_id07058_JXJTxhrICl0_faceswap_id00732_wavtolip.mp4,1648_FakeVideo-FakeAudio,5,True,../data/processed/frames,../data/processed/audio/1648_FakeVideo-FakeAudio.wav
id01052,id00171,id00266,fsgan-wav2lip,D,FakeVideo-FakeAudio,Caucasian (European),men,00076_id00171_PWU6n0qrv4c_id00266_wavtolip.mp4,FakeAVCeleb/FakeVideo-FakeAudio/Caucasian (European)/men/id01052,FakeAVCeleb_v1.2/FakeVideo-FakeAudio/Caucasian (European)/men/id01052/00076_id00171_PWU6n0qrv4c_id00266_wavtolip.mp4,../data/raw/FakeAVCeleb_v1.2/FakeVideo-FakeAudio/Caucasian (European)/men/id01052/00076_id00171_PWU6n0qrv4c_id00266_wavtolip.mp4,1649_FakeVideo-FakeAudio,5,True,../data/processed/frames,../data/processed/audio/1649_FakeVideo-FakeAudio.wav
id08314,id03344,-,wav2lip,D,FakeVideo-FakeAudio,Asian (South),men,00028_id03344_wavtolip.mp4,FakeAVCeleb/FakeVideo-FakeAudio/Asian (South)/men/id08314,FakeAVCeleb_v1.2/FakeVideo-FakeAudio/Asian (South)/men/id08314/00028_id03344_wavtolip.mp4,../data/raw/FakeAVCeleb_v1.2/FakeVideo-FakeAudio/Asian (South)/men/id08314/00028_id03344_wavtolip.mp4,1650_FakeVideo-FakeAudio,5,True,../data/processed/frames,../data/processed/audio/1650_FakeVideo-FakeAudio.wav
id00232,id00569,-,wav2lip,D,FakeVideo-FakeAudio,Caucasian (European),women,00025_id00569_wavtolip.mp4,FakeAVCeleb/FakeVideo-FakeAudio/Caucasian (European)/women/id00232,FakeAVCeleb_v1.2/FakeVideo-FakeAudio/Caucasian (European)/women/id00232/00025_id00569_wavtolip.mp4,../data/raw/FakeAVCeleb_v1.2/FakeVideo-FakeAudio/Caucasian (European)/women/id00232/00025_id00569_wavtolip.mp4,1651_FakeVideo-FakeAudio,5,True,../data/processed/frames,../data/processed/audio/1651_FakeVideo-FakeAudio.wav
id00990,id00963,-,wav2lip,D,FakeVideo-FakeAudio,Caucasian (European),men,00160_id00963_wavtolip.mp4,FakeAVCeleb/FakeVideo-FakeAudio/Caucasian (European)/men/id00990,FakeAVCeleb_v1.2/FakeVideo-FakeAudio/Caucasian (European)/men/id00990/00160_id00963_wavtolip.mp4,../data/raw/FakeAVCeleb_v1.2/FakeVideo-FakeAudio/Caucasian (European)/men/id00990/00160_id00963_wavtolip.mp4,1652_FakeVideo-FakeAudio,4,True,../data/processed/frames,../data/processed/audio/1652_FakeVideo-FakeAudio.wav
id04111,id01589,-,wav2lip,D,FakeVideo-FakeAudio,Asian (East),men,00015_id01589_wavtolip.mp4,FakeAVCeleb/FakeVideo-FakeAudio/Asian (East)/men/id04111,FakeAVCeleb_v1.2/FakeVideo-FakeAudio/Asian (East)/men/id04111/00015_id01589_wavtolip.mp4,../data/raw/FakeAVCeleb_v1.2/FakeVideo-FakeAudio/Asian (East)/men/id04111/00015_id01589_wavtolip.mp4,1653_FakeVideo-FakeAudio,5,True,../data/processed/frames,../data/processed/audio/1653_FakeVideo-FakeAudio.wav
id01598,id00518,id02342,fsgan-wav2lip,D,FakeVideo-FakeAudio,African,men,00044_id00518_qm7oQcDg4oI_id02342_wavtolip.mp4,FakeAVCeleb/FakeVideo-FakeAudio/African/men/id01598,FakeAVCeleb_v1.2/FakeVideo-FakeAudio/African/men/id01598/00044_id00518_qm7oQcDg4oI_id02342_wavtolip.mp4,../data/raw/FakeAVCeleb_v1.2/FakeVideo-FakeAudio/African/men/id01598/00044_id00518_qm7oQcDg4oI_id02342_wavtolip.mp4,1654_FakeVideo-FakeAudio,5,True,../data/processed/frames,../data/processed/audio/1654_FakeVideo-FakeAudio.wav
id04374,id04689,faceswap,faceswap-wav2lip,D,FakeVideo-FakeAudio,African,women,00032_id04689_0YqK1ksKjLg_faceswap_id01532_wavtolip.mp4,FakeAVCeleb/FakeVideo-FakeAudio/African/women/id04374,FakeAVCeleb_v1.2/FakeVideo-FakeAudio/African/women/id04374/00032_id04689_0YqK1ksKjLg_faceswap_id01532_wavtolip.mp4,../data/raw/FakeAVCeleb_v1.2/FakeVideo-FakeAudio/African/women/id04374/00032_id04689_0YqK1ksKjLg_faceswap_id01532_wavtolip.mp4,1655_FakeVideo-FakeAudio,5,True,../data/processed/frames,../data/processed/audio/1655_FakeVideo-FakeAudio.wav
id04547,id03713,-,wav2lip,D,FakeVideo-FakeAudio,African,women,00052_id03713_wavtolip.mp4,FakeAVCeleb/FakeVideo-FakeAudio/African/women/id04547,FakeAVCeleb_v1.2/FakeVideo-FakeAudio/African/women/id04547/00052_id03713_wavtolip.mp4,../data/raw/FakeAVCeleb_v1.2/FakeVideo-FakeAudio/African/women/id04547/00052_id03713_wavtolip.mp4,1656_FakeVideo-FakeAudio,5,True,../data/processed/frames,../data/processed/audio/1656_FakeVideo-FakeAudio.wav
id01126,id00919,-,wav2lip,D,FakeVideo-FakeAudio,Caucasian (European),men,00040_id00919_wavtolip.mp4,FakeAVCeleb/FakeVideo-FakeAudio/Caucasian (European)/men/id01126,FakeAVCeleb_v1.2/FakeVideo-FakeAudio/Caucasian (European)/men/id01126/00040_id00919_wavtolip.mp4,../data/raw/FakeAVCeleb_v1.2/FakeVideo-FakeAudio/Caucasian (European)/men/id01126/00040_id00919_wavtolip.mp4,1657_FakeVideo-FakeAudio,5,True,../data/processed/frames,../data/processed/audio/1657_FakeVideo-FakeAudio.wav
id03589,id00806,-,wav2lip,D,FakeVideo-FakeAudio,Caucasian (European),women,00002_id00806_wavtolip.mp4,FakeAVCeleb/FakeVideo-FakeAudio/Caucasian (European)/women/id03589,FakeAVCeleb_v1.2/FakeVideo-FakeAudio/Caucasian (European)/women/id03589/00002_id00806_wavtolip.mp4,../data/raw/FakeAVCeleb_v1.2/FakeVideo-FakeAudio/Caucasian (European)/women/id03589/00002_id00806_wavtolip.mp4,1658_FakeVideo-FakeAudio,5,True,../data/processed/frames,../data/processed/audio/1658_FakeVideo-FakeAudio.wav
id03559,id06232,id06439,fsgan-wav2lip,D,FakeVideo-FakeAudio,Asian (South),women,00023_id06232_GiPuw-FvbeM_id06439_wavtolip.mp4,FakeAVCeleb/FakeVideo-FakeAudio/Asian (South)/women/id03559,FakeAVCeleb_v1.2/FakeVideo-FakeAudio/Asian (South)/women/id03559/00023_id06232_GiPuw-FvbeM_id06439_wavtolip.mp4,../data/raw/FakeAVCeleb_v1.2/FakeVideo-FakeAudio/Asian (South)/women/id03559/00023_id06232_GiPuw-FvbeM_id06439_wavtolip.mp4,1659_FakeVideo-FakeAudio,5,True,../data/processed/frames,../data/processed/audio/1659_FakeVideo-FakeAudio.wav
id01058,id00535,-,wav2lip,D,FakeVideo-FakeAudio,Caucasian (European),men,00005_id00535_wavtolip.mp4,FakeAVCeleb/FakeVideo-FakeAudio/Caucasian (European)/men/id01058,FakeAVCeleb_v1.2/FakeVideo-FakeAudio/Caucasian (European)/men/id01058/00005_id00535_wavtolip.mp4,../data/raw/FakeAVCeleb_v1.2/FakeVideo-FakeAudio/Caucasian (European)/men/id01058/00005_id00535_wavtolip.mp4,1660_FakeVideo-FakeAudio,5,True,../data/processed/frames,../data/processed/audio/1660_FakeVideo-FakeAudio.wav
id07236,id07008,-,wav2lip,D,FakeVideo-FakeAudio,Asian (South),women,00143_id07008_wavtolip.mp4,FakeAVCeleb/FakeVideo-FakeAudio/Asian (South)/women/id07236,FakeAVCeleb_v1.2/FakeVideo-FakeAudio/Asian (South)/women/id07236/00143_id07008_wavtolip.mp4,../data/raw/FakeAVCeleb_v1.2/FakeVideo-FakeAudio/Asian (South)/women/id07236/00143_id07008_wavtolip.mp4,1661_FakeVideo-FakeAudio,5,True,../data/processed/frames,../data/processed/audio/1661_FakeVideo-FakeAudio.wav
id06054,id09116,-,wav2lip,D,FakeVideo-FakeAudio,Asian (East),women,00010_id09116_wavtolip.mp4,FakeAVCeleb/FakeVideo-FakeAudio/Asian (East)/women/id06054,FakeAVCeleb_v1.2/FakeVideo-FakeAudio/Asian (East)/women/id06054/00010_id09116_wavtolip.mp4,../data/raw/FakeAVCeleb_v1.2/FakeVideo-FakeAudio/Asian (East)/women/id06054/00010_id09116_wavtolip.mp4,1662_FakeVideo-FakeAudio,5,True,../data/processed/frames,../data/processed/audio/1662_FakeVideo-FakeAudio.wav
id00781,id00476,faceswap,faceswap-wav2lip,D,FakeVideo-FakeAudio,African,men,00092_id00476_UgdYVJ6xPYg_faceswap_id01972_wavtolip.mp4,FakeAVCeleb/FakeVideo-FakeAudio/African/men/id00781,FakeAVCeleb_v1.2/FakeVideo-FakeAudio/African/men/id00781/00092_id00476_UgdYVJ6xPYg_faceswap_id01972_wavtolip.mp4,../data/raw/FakeAVCeleb_v1.2/FakeVideo-FakeAudio/African/men/id00781/00092_id00476_UgdYVJ6xPYg_faceswap_id01972_wavtolip.mp4,1663_FakeVideo-FakeAudio,5,True,../data/processed/frames,../data/processed/audio/1663_FakeVideo-FakeAudio.wav
id06878,id00740,-,wav2lip,D,FakeVideo-FakeAudio,Asian (East),men,00001_id00740_wavtolip.mp4,FakeAVCeleb/FakeVideo-FakeAudio/Asian (East)/men/id06878,FakeAVCeleb_v1.2/FakeVideo-FakeAudio/Asian (East)/men/id06878/00001_id00740_wavtolip.mp4,../data/raw/FakeAVCeleb_v1.2/FakeVideo-FakeAudio/Asian (East)/men/id06878/00001_id00740_wavtolip.mp4,1664_FakeVideo-FakeAudio,3,True,../data/processed/frames,../data/processed/audio/1664_FakeVideo-FakeAudio.wav
id08397,id05576,-,wav2lip,D,FakeVideo-FakeAudio,Asian (East),women,00167_id05576_wavtolip.mp4,FakeAVCeleb/FakeVideo-FakeAudio/Asian (East)/women/id08397,FakeAVCeleb_v1.2/FakeVideo-FakeAudio/Asian (East)/women/id08397/00167_id05576_wavtolip.mp4,../data/raw/FakeAVCeleb_v1.2/FakeVideo-FakeAudio/Asian (East)/women/id08397/00167_id05576_wavtolip.mp4,1665_FakeVideo-FakeAudio,5,True,../data/processed/frames,../data/processed/audio/1665_FakeVideo-FakeAudio.wav
id04540,id02586,id00707,fsgan-wav2lip,D,FakeVideo-FakeAudio,African,women,00078_id02586_dEYzYDsbAeo_id00707_wavtolip.mp4,FakeAVCeleb/FakeVideo-FakeAudio/African/women/id04540,FakeAVCeleb_v1.2/FakeVideo-FakeAudio/African/women/id04540/00078_id02586_dEYzYDsbAeo_id00707_wavtolip.mp4,../data/raw/FakeAVCeleb_v1.2/FakeVideo-FakeAudio/African/women/id04540/00078_id02586_dEYzYDsbAeo_id00707_wavtolip.mp4,1666_FakeVideo-FakeAudio,5,True,../data/processed/frames,../data/processed/audio/1666_FakeVideo-FakeAudio.wav
id04564,id07689,-,wav2lip,D,FakeVideo-FakeAudio,Asian (South),women,00417_id07689_wavtolip.mp4,FakeAVCeleb/FakeVideo-FakeAudio/Asian (South)/women/id04564,FakeAVCeleb_v1.2/FakeVideo-FakeAudio/Asian (South)/women/id04564/00417_id07689_wavtolip.mp4,../data/raw/FakeAVCeleb_v1.2/FakeVideo-FakeAudio/Asian (South)/women/id04564/00417_id07689_wavtolip.mp4,1667_FakeVideo-FakeAudio,4,True,../data/processed/frames,../data/processed/audio/1667_FakeVideo-FakeAudio.wav
id02051,id00701,id01779,fsgan-wav2lip,D,FakeVideo-FakeAudio,African,men,00015_id00701_lW6uzLIOwd0_id01779_wavtolip.mp4,FakeAVCeleb/FakeVideo-FakeAudio/African/men/id02051,FakeAVCeleb_v1.2/FakeVideo-FakeAudio/African/men/id02051/00015_id00701_lW6uzLIOwd0_id01779_wavtolip.mp4,../data/raw/FakeAVCeleb_v1.2/FakeVideo-FakeAudio/African/men/id02051/00015_id00701_lW6uzLIOwd0_id01779_wavtolip.mp4,1668_FakeVideo-FakeAudio,1,True,../data/processed/frames,../data/processed/audio/1668_FakeVideo-FakeAudio.wav
id00328,id00484,faceswap,faceswap-wav2lip,D,FakeVideo-FakeAudio,Caucasian (European),women,00092_id00484_u7YTz8eFZv0_faceswap_id00484_wavtolip.mp4,FakeAVCeleb/FakeVideo-FakeAudio/Caucasian (European)/women/id00328,FakeAVCeleb_v1.2/FakeVideo-FakeAudio/Caucasian (European)/women/id00328/00092_id00484_u7YTz8eFZv0_faceswap_id00484_wavtolip.mp4,../data/raw/FakeAVCeleb_v1.2/FakeVideo-FakeAudio/Caucasian (European)/women/id00328/00092_id00484_u7YTz8eFZv0_faceswap_id00484_wavtolip.mp4,1669_FakeVideo-FakeAudio,4,True,../data/processed/frames,../data/processed/audio/1669_FakeVideo-FakeAudio.wav
id07463,id00745,-,wav2lip,D,FakeVideo-FakeAudio,Asian (South),men,00028_id00745_wavtolip.mp4,FakeAVCeleb/FakeVideo-FakeAudio/Asian (South)/men/id07463,FakeAVCeleb_v1.2/FakeVideo-FakeAudio/Asian (South)/men/id07463/00028_id00745_wavtolip.mp4,../data/raw/FakeAVCeleb_v1.2/FakeVideo-FakeAudio/Asian (South)/men/id07463/00028_id00745_wavtolip.mp4,1670_FakeVideo-FakeAudio,3,True,../data/processed/frames,../data/processed/audio/1670_FakeVideo-FakeAudio.wav
id00582,id04144,FJg9YswRzQ,fsgan-wav2lip,D,FakeVideo-FakeAudio,Asian (East),women,00006_id04144__FJg9YswRzQ_id05576_wavtolip.mp4,FakeAVCeleb/FakeVideo-FakeAudio/Asian (East)/women/id00582,FakeAVCeleb_v1.2/FakeVideo-FakeAudio/Asian (East)/women/id00582/00006_id04144__FJg9YswRzQ_id05576_wavtolip.mp4,../data/raw/FakeAVCeleb_v1.2/FakeVideo-FakeAudio/Asian (East)/women/id00582/00006_id04144__FJg9YswRzQ_id05576_wavtolip.mp4,1671_FakeVideo-FakeAudio,5,True,../data/processed/frames,../data/processed/audio/1671_FakeVideo-FakeAudio.wav
id01091,id01004,id03696,fsgan-wav2lip,D,FakeVideo-FakeAudio,Caucasian (American),women,00236_id01004_867Wlj7Gw68_id03696_wavtolip.mp4,FakeAVCeleb/FakeVideo-FakeAudio/Caucasian (American)/women/id01091,FakeAVCeleb_v1.2/FakeVideo-FakeAudio/Caucasian (American)/women/id01091/00236_id01004_867Wlj7Gw68_id03696_wavtolip.mp4,../data/raw/FakeAVCeleb_v1.2/FakeVideo-FakeAudio/Caucasian (American)/women/id01091/00236_id01004_867Wlj7Gw68_id03696_wavtolip.mp4,1672_FakeVideo-FakeAudio,5,True,../data/processed/frames,../data/processed/audio/1672_FakeVideo-FakeAudio.wav
id06807,id01683,-,wav2lip,D,FakeVideo-FakeAudio,Asian (East),men,00015_id01683_wavtolip.mp4,FakeAVCeleb/FakeVideo-FakeAudio/Asian (East)/men/id06807,FakeAVCeleb_v1.2/FakeVideo-FakeAudio/Asian (East)/men/id06807/00015_id01683_wavtolip.mp4,../data/raw/FakeAVCeleb_v1.2/FakeVideo-FakeAudio/Asian (East)/men/id06807/00015_id01683_wavtolip.mp4,1673_FakeVideo-FakeAudio,2,True,../data/processed/frames,../data/processed/audio/1673_FakeVideo-FakeAudio.wav
id01216,id01225,-,wav2lip,D,FakeVideo-FakeAudio,Caucasian (American),women,00025_id01225_wavtolip.mp4,FakeAVCeleb/FakeVideo-FakeAudio/Caucasian (American)/women/id01216,FakeAVCeleb_v1.2/FakeVideo-FakeAudio/Caucasian (American)/women/id01216/00025_id01225_wavtolip.mp4,../data/raw/FakeAVCeleb_v1.2/FakeVideo-FakeAudio/Caucasian (American)/women/id01216/00025_id01225_wavtolip.mp4,1674_FakeVideo-FakeAudio,5,True,../data/processed/frames,../data/processed/audio/1674_FakeVideo-FakeAudio.wav
id03168,0,-,faceswap-wav2lip,D,FakeVideo-FakeAudio,Asian (East),men,03168_0_id04691_wavtolip.mp4,FakeAVCeleb/FakeVideo-FakeAudio/Asian (East)/men/id03168,FakeAVCeleb_v1.2/FakeVideo-FakeAudio/Asian (East)/men/id03168/03168_0_id04691_wavtolip.mp4,../data/raw/FakeAVCeleb_v1.2/FakeVideo-FakeAudio/Asian (East)/men/id03168/03168_0_id04691_wavtolip.mp4,1675_FakeVideo-FakeAudio,3,True,../data/processed/frames,../data/processed/audio/1675_FakeVideo-FakeAudio.wav
id00946,id00990,faceswap,faceswap-wav2lip,D,FakeVideo-FakeAudio,Caucasian (European),men,00126_id00990_G-qzOIgxEoE_faceswap_id00171_wavtolip.mp4,FakeAVCeleb/FakeVideo-FakeAudio/Caucasian (European)/men/id00946,FakeAVCeleb_v1.2/FakeVideo-FakeAudio/Caucasian (European)/men/id00946/00126_id00990_G-qzOIgxEoE_faceswap_id00171_wavtolip.mp4,../data/raw/FakeAVCeleb_v1.2/FakeVideo-FakeAudio/Caucasian (European)/men/id00946/00126_id00990_G-qzOIgxEoE_faceswap_id00171_wavtolip.mp4,1676_FakeVideo-FakeAudio,5,True,../data/processed/frames,../data/processed/audio/1676_FakeVideo-FakeAudio.wav
id03605,id03707,-,wav2lip,D,FakeVideo-FakeAudio,Caucasian (American),women,00048_id03707_wavtolip.mp4,FakeAVCeleb/FakeVideo-FakeAudio/Caucasian (American)/women/id03605,FakeAVCeleb_v1.2/FakeVideo-FakeAudio/Caucasian (American)/women/id03605/00048_id03707_wavtolip.mp4,../data/raw/FakeAVCeleb_v1.2/FakeVideo-FakeAudio/Caucasian (American)/women/id03605/00048_id03707_wavtolip.mp4,1677_FakeVideo-FakeAudio,5,True,../data/processed/frames,../data/processed/audio/1677_FakeVideo-FakeAudio.wav
id04562,id07058,id07768,fsgan-wav2lip,D,FakeVideo-FakeAudio,Asian (South),men,00221_id07058_JXJTxhrICl0_id07768_wavtolip.mp4,FakeAVCeleb/FakeVideo-FakeAudio/Asian (South)/men/id04562,FakeAVCeleb_v1.2/FakeVideo-FakeAudio/Asian (South)/men/id04562/00221_id07058_JXJTxhrICl0_id07768_wavtolip.mp4,../data/raw/FakeAVCeleb_v1.2/FakeVideo-FakeAudio/Asian (South)/men/id04562/00221_id07058_JXJTxhrICl0_id07768_wavtolip.mp4,1678_FakeVideo-FakeAudio,5,True,../data/processed/frames,../data/processed/audio/1678_FakeVideo-FakeAudio.wav
id03599,id00103,id00032,fsgan-wav2lip,D,FakeVideo-FakeAudio,Asian (South),men,00072_id00103_qpTVaP4y5DQ_id00032_wavtolip.mp4,FakeAVCeleb/FakeVideo-FakeAudio/Asian (South)/men/id03599,FakeAVCeleb_v1.2/FakeVideo-FakeAudio/Asian (South)/men/id03599/00072_id00103_qpTVaP4y5DQ_id00032_wavtolip.mp4,../data/raw/FakeAVCeleb_v1.2/FakeVideo-FakeAudio/Asian (South)/men/id03599/00072_id00103_qpTVaP4y5DQ_id00032_wavtolip.mp4,1679_FakeVideo-FakeAudio,5,True,../data/processed/frames,../data/processed/audio/1679_FakeVideo-FakeAudio.wav
id04066,id03211,id05576,fsgan-wav2lip,D,FakeVideo-FakeAudio,Asian (East),women,00013_id03211_HK4oe6Hi91E_id05576_wavtolip.mp4,FakeAVCeleb/FakeVideo-FakeAudio/Asian (East)/women/id04066,FakeAVCeleb_v1.2/FakeVideo-FakeAudio/Asian (East)/women/id04066/00013_id03211_HK4oe6Hi91E_id05576_wavtolip.mp4,../data/raw/FakeAVCeleb_v1.2/FakeVideo-FakeAudio/Asian (East)/women/id04066/00013_id03211_HK4oe6Hi91E_id05576_wavtolip.mp4,1680_FakeVideo-FakeAudio,5,True,../data/processed/frames,../data/processed/audio/1680_FakeVideo-FakeAudio.wav
id01042,id00087,id00345,fsgan-wav2lip,D,FakeVideo-FakeAudio,Caucasian (American),men,00154_id00087_0ZbOp9FgZf8_id00345_wavtolip.mp4,FakeAVCeleb/FakeVideo-FakeAudio/Caucasian (American)/men/id01042,FakeAVCeleb_v1.2/FakeVideo-FakeAudio/Caucasian (American)/men/id01042/00154_id00087_0ZbOp9FgZf8_id00345_wavtolip.mp4,../data/raw/FakeAVCeleb_v1.2/FakeVideo-FakeAudio/Caucasian (American)/men/id01042/00154_id00087_0ZbOp9FgZf8_id00345_wavtolip.mp4,1681_FakeVideo-FakeAudio,5,True,../data/processed/frames,../data/processed/audio/1681_FakeVideo-FakeAudio.wav
id02005,id04727,-,wav2lip,D,FakeVideo-FakeAudio,African,men,00052_id04727_wavtolip.mp4,FakeAVCeleb/FakeVideo-FakeAudio/African/men/id02005,FakeAVCeleb_v1.2/FakeVideo-FakeAudio/African/men/id02005/00052_id04727_wavtolip.mp4,../data/raw/FakeAVCeleb_v1.2/FakeVideo-FakeAudio/African/men/id02005/00052_id04727_wavtolip.mp4,1682_FakeVideo-FakeAudio,4,True,../data/processed/frames,../data/processed/audio/1682_FakeVideo-FakeAudio.wav
id02619,id00417,faceswap,faceswap-wav2lip,D,FakeVideo-FakeAudio,Asian (South),women,00015_id00417_GhIZam3v09g_faceswap_id04582_wavtolip.mp4,FakeAVCeleb/FakeVideo-FakeAudio/Asian (South)/women/id02619,FakeAVCeleb_v1.2/FakeVideo-FakeAudio/Asian (South)/women/id02619/00015_id00417_GhIZam3v09g_faceswap_id04582_wavtolip.mp4,../data/raw/FakeAVCeleb_v1.2/FakeVideo-FakeAudio/Asian (South)/women/id02619/00015_id00417_GhIZam3v09g_faceswap_id04582_wavtolip.mp4,1683_FakeVideo-FakeAudio,5,True,../data/processed/frames,../data/processed/audio/1683_FakeVideo-FakeAudio.wav
id00062,id04221,faceswap,faceswap-wav2lip,D,FakeVideo-FakeAudio,Caucasian (American),men,00278_id04221_5XfsCrxGvj4_faceswap_id00264_wavtolip.mp4,FakeAVCeleb/FakeVideo-FakeAudio/Caucasian (American)/men/id00062,FakeAVCeleb_v1.2/FakeVideo-FakeAudio/Caucasian (American)/men/id00062/00278_id04221_5XfsCrxGvj4_faceswap_id00264_wavtolip.mp4,../data/raw/FakeAVCeleb_v1.2/FakeVideo-FakeAudio/Caucasian (American)/men/id00062/00278_id04221_5XfsCrxGvj4_faceswap_id00264_wavtolip.mp4,1684_FakeVideo-FakeAudio,5,True,../data/processed/frames,../data/processed/audio/1684_FakeVideo-FakeAudio.wav
id00634,id03589,id00569,fsgan-wav2lip,D,FakeVideo-FakeAudio,Caucasian (European),women,00078_id03589_9NxOQlwpMys_id00569_wavtolip.mp4,FakeAVCeleb/FakeVideo-FakeAudio/Caucasian (European)/women/id00634,FakeAVCeleb_v1.2/FakeVideo-FakeAudio/Caucasian (European)/women/id00634/00078_id03589_9NxOQlwpMys_id00569_wavtolip.mp4,../data/raw/FakeAVCeleb_v1.2/FakeVideo-FakeAudio/Caucasian (European)/women/id00634/00078_id03589_9NxOQlwpMys_id00569_wavtolip.mp4,1685_FakeVideo-FakeAudio,5,True,../data/processed/frames,../data/processed/audio/1685_FakeVideo-FakeAudio.wav
id00186,id00185,-,wav2lip,D,FakeVideo-FakeAudio,Caucasian (European),men,00120_id00185_wavtolip.mp4,FakeAVCeleb/FakeVideo-FakeAudio/Caucasian (European)/men/id00186,FakeAVCeleb_v1.2/FakeVideo-FakeAudio/Caucasian (European)/men/id00186/00120_id00185_wavtolip.mp4,../data/raw/FakeAVCeleb_v1.2/FakeVideo-FakeAudio/Caucasian (European)/men/id00186/00120_id00185_wavtolip.mp4,1686_FakeVideo-FakeAudio,5,True,../data/processed/frames,../data/processed/audio/1686_FakeVideo-FakeAudio.wav
id03816,id03941,id03649,fsgan-wav2lip,D,FakeVideo-FakeAudio,Caucasian (European),women,00093_id03941_SsYtP8Ze88Q_id03649_wavtolip.mp4,FakeAVCeleb/FakeVideo-FakeAudio/Caucasian (European)/women/id03816,FakeAVCeleb_v1.2/FakeVideo-FakeAudio/Caucasian (European)/women/id03816/00093_id03941_SsYtP8Ze88Q_id03649_wavtolip.mp4,../data/raw/FakeAVCeleb_v1.2/FakeVideo-FakeAudio/Caucasian (European)/women/id03816/00093_id03941_SsYtP8Ze88Q_id03649_wavtolip.mp4,1688_FakeVideo-FakeAudio,5,True,../data/processed/frames,../data/processed/audio/1688_FakeVideo-FakeAudio.wav
id06232,id03559,faceswap,faceswap-wav2lip,D,FakeVideo-FakeAudio,Asian (South),women,00025_id03559_pgetxl1qbzM_faceswap_id05845_wavtolip.mp4,FakeAVCeleb/FakeVideo-FakeAudio/Asian (South)/women/id06232,FakeAVCeleb_v1.2/FakeVideo-FakeAudio/Asian (South)/women/id06232/00025_id03559_pgetxl1qbzM_faceswap_id05845_wavtolip.mp4,../data/raw/FakeAVCeleb_v1.2/FakeVideo-FakeAudio/Asian (South)/women/id06232/00025_id03559_pgetxl1qbzM_faceswap_id05845_wavtolip.mp4,1689_FakeVideo-FakeAudio,5,True,../data/processed/frames,../data/processed/audio/1689_FakeVideo-FakeAudio.wav
id01076,id04727,-,wav2lip,D,FakeVideo-FakeAudio,African,men,00005_id04727_wavtolip.mp4,FakeAVCeleb/FakeVideo-FakeAudio/African/men/id01076,FakeAVCeleb_v1.2/FakeVideo-FakeAudio/African/men/id01076/00005_id04727_wavtolip.mp4,../data/raw/FakeAVCeleb_v1.2/FakeVideo-FakeAudio/African/men/id01076/00005_id04727_wavtolip.mp4,1690_FakeVideo-FakeAudio,3,True,../data/processed/frames,../data/processed/audio/1690_FakeVideo-FakeAudio.wav
id08613,id06470,-,faceswap-wav2lip,D,FakeVideo-FakeAudio,Asian (East),men,00074_id06470_wavtolip.mp4,FakeAVCeleb/FakeVideo-FakeAudio/Asian (East)/men/id08613,FakeAVCeleb_v1.2/FakeVideo-FakeAudio/Asian (East)/men/id08613/00074_id06470_wavtolip.mp4,../data/raw/FakeAVCeleb_v1.2/FakeVideo-FakeAudio/Asian (East)/men/id08613/00074_id06470_wavtolip.mp4,1691_FakeVideo-FakeAudio,5,True,../data/processed/frames,../data/processed/audio/1691_FakeVideo-FakeAudio.wav
id08314,id00459,-,wav2lip,D,FakeVideo-FakeAudio,Asian (South),men,00028_id00459_wavtolip.mp4,FakeAVCeleb/FakeVideo-FakeAudio/Asian (South)/men/id08314,FakeAVCeleb_v1.2/FakeVideo-FakeAudio/Asian (South)/men/id08314/00028_id00459_wavtolip.mp4,../data/raw/FakeAVCeleb_v1.2/FakeVideo-FakeAudio/Asian (South)/men/id08314/00028_id00459_wavtolip.mp4,1692_FakeVideo-FakeAudio,5,True,../data/processed/frames,../data/processed/audio/1692_FakeVideo-FakeAudio.wav
id01211,id01042,-,wav2lip,D,FakeVideo-FakeAudio,Caucasian (American),men,00023_id01042_wavtolip.mp4,FakeAVCeleb/FakeVideo-FakeAudio/Caucasian (American)/men/id01211,FakeAVCeleb_v1.2/FakeVideo-FakeAudio/Caucasian (American)/men/id01211/00023_id01042_wavtolip.mp4,../data/raw/FakeAVCeleb_v1.2/FakeVideo-FakeAudio/Caucasian (American)/men/id01211/00023_id01042_wavtolip.mp4,1693_FakeVideo-FakeAudio,5,True,../data/processed/frames,../data/processed/audio/1693_FakeVideo-FakeAudio.wav
id04687,id02493,faceswap,faceswap-wav2lip,D,FakeVideo-FakeAudio,Asian (East),men,00066_id02493_zYAm6W46Mcg_faceswap_id04726_wavtolip.mp4,FakeAVCeleb/FakeVideo-FakeAudio/Asian (East)/men/id04687,FakeAVCeleb_v1.2/FakeVideo-FakeAudio/Asian (East)/men/id04687/00066_id02493_zYAm6W46Mcg_faceswap_id04726_wavtolip.mp4,../data/raw/FakeAVCeleb_v1.2/FakeVideo-FakeAudio/Asian (East)/men/id04687/00066_id02493_zYAm6W46Mcg_faceswap_id04726_wavtolip.mp4,1694_FakeVideo-FakeAudio,5,True,../data/processed/frames,../data/processed/audio/1694_FakeVideo-FakeAudio.wav
id00826,id00806,-,wav2lip,D,FakeVideo-FakeAudio,Caucasian (European),women,00065_id00806_wavtolip.mp4,FakeAVCeleb/FakeVideo-FakeAudio/Caucasian (European)/women/id00826,FakeAVCeleb_v1.2/FakeVideo-FakeAudio/Caucasian (European)/women/id00826/00065_id00806_wavtolip.mp4,../data/raw/FakeAVCeleb_v1.2/FakeVideo-FakeAudio/Caucasian (European)/women/id00826/00065_id00806_wavtolip.mp4,1695_FakeVideo-FakeAudio,5,True,../data/processed/frames,../data/processed/audio/1695_FakeVideo-FakeAudio.wav
id02466,id00190,-,wav2lip,D,FakeVideo-FakeAudio,Caucasian (American),women,00136_id00190_wavtolip.mp4,FakeAVCeleb/FakeVideo-FakeAudio/Caucasian (American)/women/id02466,FakeAVCeleb_v1.2/FakeVideo-FakeAudio/Caucasian (American)/women/id02466/00136_id00190_wavtolip.mp4,../data/raw/FakeAVCeleb_v1.2/FakeVideo-FakeAudio/Caucasian (American)/women/id02466/00136_id00190_wavtolip.mp4,1696_FakeVideo-FakeAudio,5,True,../data/processed/frames,../data/processed/audio/1696_FakeVideo-FakeAudio.wav
id07108,id00773,id07182,fsgan-wav2lip,D,FakeVideo-FakeAudio,Asian (South),men,00412_id00773_2j3lUETJ57I_id07182_wavtolip.mp4,FakeAVCeleb/FakeVideo-FakeAudio/Asian (South)/men/id07108,FakeAVCeleb_v1.2/FakeVideo-FakeAudio/Asian (South)/men/id07108/00412_id00773_2j3lUETJ57I_id07182_wavtolip.mp4,../data/raw/FakeAVCeleb_v1.2/FakeVideo-FakeAudio/Asian (South)/men/id07108/00412_id00773_2j3lUETJ57I_id07182_wavtolip.mp4,1697_FakeVideo-FakeAudio,5,True,../data/processed/frames,../data/processed/audio/1697_FakeVideo-FakeAudio.wav
id01783,id04705,-,faceswap-wav2lip,D,FakeVideo-FakeAudio,African,women,00015_id04705_wavtolip.mp4,FakeAVCeleb/FakeVideo-FakeAudio/African/women/id01783,FakeAVCeleb_v1.2/FakeVideo-FakeAudio/African/women/id01783/00015_id04705_wavtolip.mp4,../data/raw/FakeAVCeleb_v1.2/FakeVideo-FakeAudio/African/women/id01783/00015_id04705_wavtolip.mp4,1698_FakeVideo-FakeAudio,2,True,../data/processed/frames,../data/processed/audio/1698_FakeVideo-FakeAudio.wav
id00415,id00192,faceswap,faceswap-wav2lip,D,FakeVideo-FakeAudio,Caucasian (European),men,00017_id00192_By3wxX0dyDw_faceswap_id01154_wavtolip.mp4,FakeAVCeleb/FakeVideo-FakeAudio/Caucasian (European)/men/id00415,FakeAVCeleb_v1.2/FakeVideo-FakeAudio/Caucasian (European)/men/id00415/00017_id00192_By3wxX0dyDw_faceswap_id01154_wavtolip.mp4,../data/raw/FakeAVCeleb_v1.2/FakeVideo-FakeAudio/Caucasian (European)/men/id00415/00017_id00192_By3wxX0dyDw_faceswap_id01154_wavtolip.mp4,1699_FakeVideo-FakeAudio,3,True,../data/processed/frames,../data/processed/audio/1699_FakeVideo-FakeAudio.wav
id06158,id00763,-,wav2lip,D,FakeVideo-FakeAudio,Asian (East),women,00015_id00763_wavtolip.mp4,FakeAVCeleb/FakeVideo-FakeAudio/Asian (East)/women/id06158,FakeAVCeleb_v1.2/FakeVideo-FakeAudio/Asian (East)/women/id06158/00015_id00763_wavtolip.mp4,../data/raw/FakeAVCeleb_v1.2/FakeVideo-FakeAudio/Asian (East)/women/id06158/00015_id00763_wavtolip.mp4,1700_FakeVideo-FakeAudio,3,True,../data/processed/frames,../data/processed/audio/1700_FakeVideo-FakeAudio.wav
id00592,id01907,id04689,fsgan-wav2lip,D,FakeVideo-FakeAudio,African,women,00017_id01907_LBcRkuRq0uY_id04689_wavtolip.mp4,FakeAVCeleb/FakeVideo-FakeAudio/African/women/id00592,FakeAVCeleb_v1.2/FakeVideo-FakeAudio/African/women/id00592/00017_id01907_LBcRkuRq0uY_id04689_wavtolip.mp4,../data/raw/FakeAVCeleb_v1.2/FakeVideo-FakeAudio/African/women/id00592/00017_id01907_LBcRkuRq0uY_id04689_wavtolip.mp4,1701_FakeVideo-FakeAudio,5,True,../data/processed/frames,../data/processed/audio/1701_FakeVideo-FakeAudio.wav
id07039,id06158,-,wav2lip,D,FakeVideo-FakeAudio,Asian (East),women,00105_id06158_wavtolip.mp4,FakeAVCeleb/FakeVideo-FakeAudio/Asian (East)/women/id07039,FakeAVCeleb_v1.2/FakeVideo-FakeAudio/Asian (East)/women/id07039/00105_id06158_wavtolip.mp4,../data/raw/FakeAVCeleb_v1.2/FakeVideo-FakeAudio/Asian (East)/women/id07039/00105_id06158_wavtolip.mp4,1702_FakeVideo-FakeAudio,5,True,../data/processed/frames,../data/processed/audio/1702_FakeVideo-FakeAudio.wav
id09174,id02587,8j0,faceswap-wav2lip,D,FakeVideo-FakeAudio,Asian (East),women,00015_id02587_KzwJPH5_8j0_faceswap_id09181_wavtolip.mp4,FakeAVCeleb/FakeVideo-FakeAudio/Asian (East)/women/id09174,FakeAVCeleb_v1.2/FakeVideo-FakeAudio/Asian (East)/women/id09174/00015_id02587_KzwJPH5_8j0_faceswap_id09181_wavtolip.mp4,../data/raw/FakeAVCeleb_v1.2/FakeVideo-FakeAudio/Asian (East)/women/id09174/00015_id02587_KzwJPH5_8j0_faceswap_id09181_wavtolip.mp4,1703_FakeVideo-FakeAudio,5,True,../data/processed/frames,../data/processed/audio/1703_FakeVideo-FakeAudio.wav
id04736,id02508,-,wav2lip,D,FakeVideo-FakeAudio,African,women,00083_id02508_wavtolip.mp4,FakeAVCeleb/FakeVideo-FakeAudio/African/women/id04736,FakeAVCeleb_v1.2/FakeVideo-FakeAudio/African/women/id04736/00083_id02508_wavtolip.mp4,../data/raw/FakeAVCeleb_v1.2/FakeVideo-FakeAudio/African/women/id04736/00083_id02508_wavtolip.mp4,1704_FakeVideo-FakeAudio,4,True,../data/processed/frames,../data/processed/audio/1704_FakeVideo-FakeAudio.wav
id01044,id01192,id01172,fsgan-wav2lip,D,FakeVideo-FakeAudio,Caucasian (American),men,00336_id01192_kAht8HG7-1s_id01172_wavtolip.mp4,FakeAVCeleb/FakeVideo-FakeAudio/Caucasian (American)/men/id01044,FakeAVCeleb_v1.2/FakeVideo-FakeAudio/Caucasian (American)/men/id01044/00336_id01192_kAht8HG7-1s_id01172_wavtolip.mp4,../data/raw/FakeAVCeleb_v1.2/FakeVideo-FakeAudio/Caucasian (American)/men/id01044/00336_id01192_kAht8HG7-1s_id01172_wavtolip.mp4,1705_FakeVideo-FakeAudio,5,True,../data/processed/frames,../data/processed/audio/1705_FakeVideo-FakeAudio.wav
id00183,id00520,id00981,fsgan-wav2lip,D,FakeVideo-FakeAudio,Caucasian (European),men,00015_id00520_dOAxKi1t6GI_id00981_wavtolip.mp4,FakeAVCeleb/FakeVideo-FakeAudio/Caucasian (European)/men/id00183,FakeAVCeleb_v1.2/FakeVideo-FakeAudio/Caucasian (European)/men/id00183/00015_id00520_dOAxKi1t6GI_id00981_wavtolip.mp4,../data/raw/FakeAVCeleb_v1.2/FakeVideo-FakeAudio/Caucasian (European)/men/id00183/00015_id00520_dOAxKi1t6GI_id00981_wavtolip.mp4,1706_FakeVideo-FakeAudio,5,True,../data/processed/frames,../data/processed/audio/1706_FakeVideo-FakeAudio.wav
id01036,id01207,-,wav2lip,D,FakeVideo-FakeAudio,African,men,00010_id01207_wavtolip.mp4,FakeAVCeleb/FakeVideo-FakeAudio/African/men/id01036,FakeAVCeleb_v1.2/FakeVideo-FakeAudio/African/men/id01036/00010_id01207_wavtolip.mp4,../data/raw/FakeAVCeleb_v1.2/FakeVideo-FakeAudio/African/men/id01036/00010_id01207_wavtolip.mp4,1707_FakeVideo-FakeAudio,3,True,../data/processed/frames,../data/processed/audio/1707_FakeVideo-FakeAudio.wav
id00088,id00020,-,wav2lip,D,FakeVideo-FakeAudio,Caucasian (American),men,00005_id00020_wavtolip.mp4,FakeAVCeleb/FakeVideo-FakeAudio/Caucasian (American)/men/id00088,FakeAVCeleb_v1.2/FakeVideo-FakeAudio/Caucasian (American)/men/id00088/00005_id00020_wavtolip.mp4,../data/raw/FakeAVCeleb_v1.2/FakeVideo-FakeAudio/Caucasian (American)/men/id00088/00005_id00020_wavtolip.mp4,1708_FakeVideo-FakeAudio,3,True,../data/processed/frames,../data/processed/audio/1708_FakeVideo-FakeAudio.wav
id00395,id00581,id00591,fsgan-wav2lip,D,FakeVideo-FakeAudio,Caucasian (European),women,00420_id00581_7AxvP19LGKg_id00591_wavtolip.mp4,FakeAVCeleb/FakeVideo-FakeAudio/Caucasian (European)/women/id00395,FakeAVCeleb_v1.2/FakeVideo-FakeAudio/Caucasian (European)/women/id00395/00420_id00581_7AxvP19LGKg_id00591_wavtolip.mp4,../data/raw/FakeAVCeleb_v1.2/FakeVideo-FakeAudio/Caucasian (European)/women/id00395/00420_id00581_7AxvP19LGKg_id00591_wavtolip.mp4,1709_FakeVideo-FakeAudio,5,True,../data/processed/frames,../data/processed/audio/1709_FakeVideo-FakeAudio.wav
id03716,id00330,-,wav2lip,D,FakeVideo-FakeAudio,Caucasian (European),women,00040_id00330_wavtolip.mp4,FakeAVCeleb/FakeVideo-FakeAudio/Caucasian (European)/women/id03716,FakeAVCeleb_v1.2/FakeVideo-FakeAudio/Caucasian (European)/women/id03716/00040_id00330_wavtolip.mp4,../data/raw/FakeAVCeleb_v1.2/FakeVideo-FakeAudio/Caucasian (European)/women/id03716/00040_id00330_wavtolip.mp4,1710_FakeVideo-FakeAudio,5,True,../data/processed/frames,../data/processed/audio/1710_FakeVideo-FakeAudio.wav
id00103,id07195,-,wav2lip,D,FakeVideo-FakeAudio,Asian (South),men,00241_id07195_wavtolip.mp4,FakeAVCeleb/FakeVideo-FakeAudio/Asian (South)/men/id00103,FakeAVCeleb_v1.2/FakeVideo-FakeAudio/Asian (South)/men/id00103/00241_id07195_wavtolip.mp4,../data/raw/FakeAVCeleb_v1.2/FakeVideo-FakeAudio/Asian (South)/men/id00103/00241_id07195_wavtolip.mp4,1711_FakeVideo-FakeAudio,5,True,../data/processed/frames,../data/processed/audio/1711_FakeVideo-FakeAudio.wav
id00029,id00971,-,wav2lip,D,FakeVideo-FakeAudio,Caucasian (American),men,00288_id00971_wavtolip.mp4,FakeAVCeleb/FakeVideo-FakeAudio/Caucasian (American)/men/id00029,FakeAVCeleb_v1.2/FakeVideo-FakeAudio/Caucasian (American)/men/id00029/00288_id00971_wavtolip.mp4,../data/raw/FakeAVCeleb_v1.2/FakeVideo-FakeAudio/Caucasian (American)/men/id00029/00288_id00971_wavtolip.mp4,1712_FakeVideo-FakeAudio,5,True,../data/processed/frames,../data/processed/audio/1712_FakeVideo-FakeAudio.wav
id04526,id07768,id07210,fsgan-wav2lip,D,FakeVideo-FakeAudio,Asian (South),men,00317_id07768_mD6x-0ihLOI_id07210_wavtolip.mp4,FakeAVCeleb/FakeVideo-FakeAudio/Asian (South)/men/id04526,FakeAVCeleb_v1.2/FakeVideo-FakeAudio/Asian (South)/men/id04526/00317_id07768_mD6x-0ihLOI_id07210_wavtolip.mp4,../data/raw/FakeAVCeleb_v1.2/FakeVideo-FakeAudio/Asian (South)/men/id04526/00317_id07768_mD6x-0ihLOI_id07210_wavtolip.mp4,1713_FakeVideo-FakeAudio,5,True,../data/processed/frames,../data/processed/audio/1713_FakeVideo-FakeAudio.wav
id08652,id00863,-,wav2lip,D,FakeVideo-FakeAudio,Asian (East),men,00006_id00863_wavtolip.mp4,FakeAVCeleb/FakeVideo-FakeAudio/Asian (East)/men/id08652,FakeAVCeleb_v1.2/FakeVideo-FakeAudio/Asian (East)/men/id08652/00006_id00863_wavtolip.mp4,../data/raw/FakeAVCeleb_v1.2/FakeVideo-FakeAudio/Asian (East)/men/id08652/00006_id00863_wavtolip.mp4,1714_FakeVideo-FakeAudio,5,True,../data/processed/frames,../data/processed/audio/1714_FakeVideo-FakeAudio.wav
id01972,2,-,faceswap-wav2lip,D,FakeVideo-FakeAudio,African,men,00078_2_id01597_wavtolip.mp4,FakeAVCeleb/FakeVideo-FakeAudio/African/men/id01972,FakeAVCeleb_v1.2/FakeVideo-FakeAudio/African/men/id01972/00078_2_id01597_wavtolip.mp4,../data/raw/FakeAVCeleb_v1.2/FakeVideo-FakeAudio/African/men/id01972/00078_2_id01597_wavtolip.mp4,1715_FakeVideo-FakeAudio,5,True,../data/processed/frames,../data/processed/audio/1715_FakeVideo-FakeAudio.wav
id00519,id00498,-,wav2lip,D,FakeVideo-FakeAudio,Caucasian (European),men,00028_id00498_wavtolip.mp4,FakeAVCeleb/FakeVideo-FakeAudio/Caucasian (European)/men/id00519,FakeAVCeleb_v1.2/FakeVideo-FakeAudio/Caucasian (European)/men/id00519/00028_id00498_wavtolip.mp4,../data/raw/FakeAVCeleb_v1.2/FakeVideo-FakeAudio/Caucasian (European)/men/id00519/00028_id00498_wavtolip.mp4,1716_FakeVideo-FakeAudio,5,True,../data/processed/frames,../data/processed/audio/1716_FakeVideo-FakeAudio.wav
id00680,id01005,id00842,fsgan-wav2lip,D,FakeVideo-FakeAudio,Caucasian (American),women,00110_id01005_lJZrqhcRFSA_id00842_wavtolip.mp4,FakeAVCeleb/FakeVideo-FakeAudio/Caucasian (American)/women/id00680,FakeAVCeleb_v1.2/FakeVideo-FakeAudio/Caucasian (American)/women/id00680/00110_id01005_lJZrqhcRFSA_id00842_wavtolip.mp4,../data/raw/FakeAVCeleb_v1.2/FakeVideo-FakeAudio/Caucasian (American)/women/id00680/00110_id01005_lJZrqhcRFSA_id00842_wavtolip.mp4,1717_FakeVideo-FakeAudio,4,True,../data/processed/frames,../data/processed/audio/1717_FakeVideo-FakeAudio.wav
id00460,id00577,-,wav2lip,D,FakeVideo-FakeAudio,African,women,00005_id00577_wavtolip.mp4,FakeAVCeleb/FakeVideo-FakeAudio/African/women/id00460,FakeAVCeleb_v1.2/FakeVideo-FakeAudio/African/women/id00460/00005_id00577_wavtolip.mp4,../data/raw/FakeAVCeleb_v1.2/FakeVideo-FakeAudio/African/women/id00460/00005_id00577_wavtolip.mp4,1718_FakeVideo-FakeAudio,5,True,../data/processed/frames,../data/processed/audio/1718_FakeVideo-FakeAudio.wav
id00535,id00709,id00990,fsgan-wav2lip,D,FakeVideo-FakeAudio,Caucasian (European),men,00005_id00709_Rh23ELMGsIQ_id00990_wavtolip.mp4,FakeAVCeleb/FakeVideo-FakeAudio/Caucasian (European)/men/id00535,FakeAVCeleb_v1.2/FakeVideo-FakeAudio/Caucasian (European)/men/id00535/00005_id00709_Rh23ELMGsIQ_id00990_wavtolip.mp4,../data/raw/FakeAVCeleb_v1.2/FakeVideo-FakeAudio/Caucasian (European)/men/id00535/00005_id00709_Rh23ELMGsIQ_id00990_wavtolip.mp4,1719_FakeVideo-FakeAudio,5,True,../data/processed/frames,../data/processed/audio/1719_FakeVideo-FakeAudio.wav
id00594,id00055,-,wav2lip,D,FakeVideo-FakeAudio,Caucasian (European),men,00005_id00055_wavtolip.mp4,FakeAVCeleb/FakeVideo-FakeAudio/Caucasian (European)/men/id00594,FakeAVCeleb_v1.2/FakeVideo-FakeAudio/Caucasian (European)/men/id00594/00005_id00055_wavtolip.mp4,../data/raw/FakeAVCeleb_v1.2/FakeVideo-FakeAudio/Caucasian (European)/men/id00594/00005_id00055_wavtolip.mp4,1720_FakeVideo-FakeAudio,5,True,../data/processed/frames,../data/processed/audio/1720_FakeVideo-FakeAudio.wav
id04216,id00052,-,wav2lip,D,FakeVideo-FakeAudio,Caucasian (American),men,00470_id00052_wavtolip.mp4,FakeAVCeleb/FakeVideo-FakeAudio/Caucasian (American)/men/id04216,FakeAVCeleb_v1.2/FakeVideo-FakeAudio/Caucasian (American)/men/id04216/00470_id00052_wavtolip.mp4,../data/raw/FakeAVCeleb_v1.2/FakeVideo-FakeAudio/Caucasian (American)/men/id04216/00470_id00052_wavtolip.mp4,1721_FakeVideo-FakeAudio,5,True,../data/processed/frames,../data/processed/audio/1721_FakeVideo-FakeAudio.wav
id08397,id08397,-,wav2lip,D,FakeVideo-FakeAudio,Asian (East),women,00167_id08397_wavtolip.mp4,FakeAVCeleb/FakeVideo-FakeAudio/Asian (East)/women/id08397,FakeAVCeleb_v1.2/FakeVideo-FakeAudio/Asian (East)/women/id08397/00167_id08397_wavtolip.mp4,../data/raw/FakeAVCeleb_v1.2/FakeVideo-FakeAudio/Asian (East)/women/id08397/00167_id08397_wavtolip.mp4,1722_FakeVideo-FakeAudio,5,True,../data/processed/frames,../data/processed/audio/1722_FakeVideo-FakeAudio.wav
id05576,id08819,id09116,fsgan-wav2lip,D,FakeVideo-FakeAudio,Asian (East),women,00368_id08819_uDQ-DFVg5Sk_id09116_wavtolip.mp4,FakeAVCeleb/FakeVideo-FakeAudio/Asian (East)/women/id05576,FakeAVCeleb_v1.2/FakeVideo-FakeAudio/Asian (East)/women/id05576/00368_id08819_uDQ-DFVg5Sk_id09116_wavtolip.mp4,../data/raw/FakeAVCeleb_v1.2/FakeVideo-FakeAudio/Asian (East)/women/id05576/00368_id08819_uDQ-DFVg5Sk_id09116_wavtolip.mp4,1723_FakeVideo-FakeAudio,5,True,../data/processed/frames,../data/processed/audio/1723_FakeVideo-FakeAudio.wav
id05252,id01178,faceswap,faceswap-wav2lip,D,FakeVideo-FakeAudio,African,women,00052_id01178_6XpgYMiKxhc_faceswap_id02824_wavtolip.mp4,FakeAVCeleb/FakeVideo-FakeAudio/African/women/id05252,FakeAVCeleb_v1.2/FakeVideo-FakeAudio/African/women/id05252/00052_id01178_6XpgYMiKxhc_faceswap_id02824_wavtolip.mp4,../data/raw/FakeAVCeleb_v1.2/FakeVideo-FakeAudio/African/women/id05252/00052_id01178_6XpgYMiKxhc_faceswap_id02824_wavtolip.mp4,1724_FakeVideo-FakeAudio,4,True,../data/processed/frames,../data/processed/audio/1724_FakeVideo-FakeAudio.wav
id04691,2,-,faceswap-wav2lip,D,FakeVideo-FakeAudio,Asian (East),men,1_2_id07102_wavtolip.mp4,FakeAVCeleb/FakeVideo-FakeAudio/Asian (East)/men/id04691,FakeAVCeleb_v1.2/FakeVideo-FakeAudio/Asian (East)/men/id04691/1_2_id07102_wavtolip.mp4,../data/raw/FakeAVCeleb_v1.2/FakeVideo-FakeAudio/Asian (East)/men/id04691/1_2_id07102_wavtolip.mp4,1725_FakeVideo-FakeAudio,5,True,../data/processed/frames,../data/processed/audio/1725_FakeVideo-FakeAudio.wav
id03556,id00291,SLT-j82Ms,fsgan-wav2lip,D,FakeVideo-FakeAudio,Caucasian (American),women,00043_id00291_L_SLT-j82Ms_id01225_wavtolip.mp4,FakeAVCeleb/FakeVideo-FakeAudio/Caucasian (American)/women/id03556,FakeAVCeleb_v1.2/FakeVideo-FakeAudio/Caucasian (American)/women/id03556/00043_id00291_L_SLT-j82Ms_id01225_wavtolip.mp4,../data/raw/FakeAVCeleb_v1.2/FakeVideo-FakeAudio/Caucasian (American)/women/id03556/00043_id00291_L_SLT-j82Ms_id01225_wavtolip.mp4,1726_FakeVideo-FakeAudio,5,True,../data/processed/frames,../data/processed/audio/1726_FakeVideo-FakeAudio.wav
id02493,id06467,id09053,fsgan-wav2lip,D,FakeVideo-FakeAudio,Asian (East),men,00073_id06467_bN8jVda0Byw_id09053_wavtolip.mp4,FakeAVCeleb/FakeVideo-FakeAudio/Asian (East)/men/id02493,FakeAVCeleb_v1.2/FakeVideo-FakeAudio/Asian (East)/men/id02493/00073_id06467_bN8jVda0Byw_id09053_wavtolip.mp4,../data/raw/FakeAVCeleb_v1.2/FakeVideo-FakeAudio/Asian (East)/men/id02493/00073_id06467_bN8jVda0Byw_id09053_wavtolip.mp4,1727_FakeVideo-FakeAudio,5,True,../data/processed/frames,../data/processed/audio/1727_FakeVideo-FakeAudio.wav
id00806,id00328,-,wav2lip,D,FakeVideo-FakeAudio,Caucasian (European),women,00005_id00328_wavtolip.mp4,FakeAVCeleb/FakeVideo-FakeAudio/Caucasian (European)/women/id00806,FakeAVCeleb_v1.2/FakeVideo-FakeAudio/Caucasian (European)/women/id00806/00005_id00328_wavtolip.mp4,../data/raw/FakeAVCeleb_v1.2/FakeVideo-FakeAudio/Caucasian (European)/women/id00806/00005_id00328_wavtolip.mp4,1728_FakeVideo-FakeAudio,5,True,../data/processed/frames,../data/processed/audio/1728_FakeVideo-FakeAudio.wav
id01211,id00049,-,wav2lip,D,FakeVideo-FakeAudio,Caucasian (American),men,00023_id00049_wavtolip.mp4,FakeAVCeleb/FakeVideo-FakeAudio/Caucasian (American)/men/id01211,FakeAVCeleb_v1.2/FakeVideo-FakeAudio/Caucasian (American)/men/id01211/00023_id00049_wavtolip.mp4,../data/raw/FakeAVCeleb_v1.2/FakeVideo-FakeAudio/Caucasian (American)/men/id01211/00023_id00049_wavtolip.mp4,1729_FakeVideo-FakeAudio,5,True,../data/processed/frames,../data/processed/audio/1729_FakeVideo-FakeAudio.wav
id04219,id00018,faceswap,faceswap-wav2lip,D,FakeVideo-FakeAudio,Caucasian (American),men,00130_id00018_sap-FjURHlc_faceswap_id00777_wavtolip.mp4,FakeAVCeleb/FakeVideo-FakeAudio/Caucasian (American)/men/id04219,FakeAVCeleb_v1.2/FakeVideo-FakeAudio/Caucasian (American)/men/id04219/00130_id00018_sap-FjURHlc_faceswap_id00777_wavtolip.mp4,../data/raw/FakeAVCeleb_v1.2/FakeVideo-FakeAudio/Caucasian (American)/men/id04219/00130_id00018_sap-FjURHlc_faceswap_id00777_wavtolip.mp4,1730_FakeVideo-FakeAudio,5,True,../data/processed/frames,../data/processed/audio/1730_FakeVideo-FakeAudio.wav
id01042,id00775,id01105,fsgan-wav2lip,D,FakeVideo-FakeAudio,Caucasian (American),men,00154_id00775_yeCUxHgUHxc_id01105_wavtolip.mp4,FakeAVCeleb/FakeVideo-FakeAudio/Caucasian (American)/men/id01042,FakeAVCeleb_v1.2/FakeVideo-FakeAudio/Caucasian (American)/men/id01042/00154_id00775_yeCUxHgUHxc_id01105_wavtolip.mp4,../data/raw/FakeAVCeleb_v1.2/FakeVideo-FakeAudio/Caucasian (American)/men/id01042/00154_id00775_yeCUxHgUHxc_id01105_wavtolip.mp4,1731_FakeVideo-FakeAudio,4,True,../data/processed/frames,../data/processed/audio/1731_FakeVideo-FakeAudio.wav
id02005,id00830,-,wav2lip,D,FakeVideo-FakeAudio,African,men,00052_id00830_wavtolip.mp4,FakeAVCeleb/FakeVideo-FakeAudio/African/men/id02005,FakeAVCeleb_v1.2/FakeVideo-FakeAudio/African/men/id02005/00052_id00830_wavtolip.mp4,../data/raw/FakeAVCeleb_v1.2/FakeVideo-FakeAudio/African/men/id02005/00052_id00830_wavtolip.mp4,1732_FakeVideo-FakeAudio,5,True,../data/processed/frames,../data/processed/audio/1732_FakeVideo-FakeAudio.wav
id04560,id00816,-,wav2lip,D,FakeVideo-FakeAudio,Asian (South),men,00195_id00816_wavtolip.mp4,FakeAVCeleb/FakeVideo-FakeAudio/Asian (South)/men/id04560,FakeAVCeleb_v1.2/FakeVideo-FakeAudio/Asian (South)/men/id04560/00195_id00816_wavtolip.mp4,../data/raw/FakeAVCeleb_v1.2/FakeVideo-FakeAudio/Asian (South)/men/id04560/00195_id00816_wavtolip.mp4,1733_FakeVideo-FakeAudio,5,True,../data/processed/frames,../data/processed/audio/1733_FakeVideo-FakeAudio.wav
id00559,id00694,-,wav2lip,D,FakeVideo-FakeAudio,Caucasian (European),men,00078_id00694_wavtolip.mp4,FakeAVCeleb/FakeVideo-FakeAudio/Caucasian (European)/men/id00559,FakeAVCeleb_v1.2/FakeVideo-FakeAudio/Caucasian (European)/men/id00559/00078_id00694_wavtolip.mp4,../data/raw/FakeAVCeleb_v1.2/FakeVideo-FakeAudio/Caucasian (European)/men/id00559/00078_id00694_wavtolip.mp4,1734_FakeVideo-FakeAudio,5,True,../data/processed/frames,../data/processed/audio/1734_FakeVideo-FakeAudio.wav
id02301,id00829,faceswap,faceswap-wav2lip,D,FakeVideo-FakeAudio,African,women,00092_id00829_aMEvVaUBq2Y_faceswap_id02508_wavtolip.mp4,FakeAVCeleb/FakeVideo-FakeAudio/African/women/id02301,FakeAVCeleb_v1.2/FakeVideo-FakeAudio/African/women/id02301/00092_id00829_aMEvVaUBq2Y_faceswap_id02508_wavtolip.mp4,../data/raw/FakeAVCeleb_v1.2/FakeVideo-FakeAudio/African/women/id02301/00092_id00829_aMEvVaUBq2Y_faceswap_id02508_wavtolip.mp4,1735_FakeVideo-FakeAudio,5,True,../data/processed/frames,../data/processed/audio/1735_FakeVideo-FakeAudio.wav
id00042,id00325,faceswap,faceswap-wav2lip,D,FakeVideo-FakeAudio,Caucasian (European),women,00028_id00325_4vJtbNe0L98_faceswap_id00325_wavtolip.mp4,FakeAVCeleb/FakeVideo-FakeAudio/Caucasian (European)/women/id00042,FakeAVCeleb_v1.2/FakeVideo-FakeAudio/Caucasian (European)/women/id00042/00028_id00325_4vJtbNe0L98_faceswap_id00325_wavtolip.mp4,../data/raw/FakeAVCeleb_v1.2/FakeVideo-FakeAudio/Caucasian (European)/women/id00042/00028_id00325_4vJtbNe0L98_faceswap_id00325_wavtolip.mp4,1736_FakeVideo-FakeAudio,5,True,../data/processed/frames,../data/processed/audio/1736_FakeVideo-FakeAudio.wav
id01610,id01076,-,wav2lip,D,FakeVideo-FakeAudio,African,men,00090_id01076_wavtolip.mp4,FakeAVCeleb/FakeVideo-FakeAudio/African/men/id01610,FakeAVCeleb_v1.2/FakeVideo-FakeAudio/African/men/id01610/00090_id01076_wavtolip.mp4,../data/raw/FakeAVCeleb_v1.2/FakeVideo-FakeAudio/African/men/id01610/00090_id01076_wavtolip.mp4,1737_FakeVideo-FakeAudio,5,True,../data/processed/frames,../data/processed/audio/1737_FakeVideo-FakeAudio.wav
id00418,id00842,jwlpdZvqus,fsgan-wav2lip,D,FakeVideo-FakeAudio,Caucasian (American),women,00052_id00842__jwlpdZvqus_id01231_wavtolip.mp4,FakeAVCeleb/FakeVideo-FakeAudio/Caucasian (American)/women/id00418,FakeAVCeleb_v1.2/FakeVideo-FakeAudio/Caucasian (American)/women/id00418/00052_id00842__jwlpdZvqus_id01231_wavtolip.mp4,../data/raw/FakeAVCeleb_v1.2/FakeVideo-FakeAudio/Caucasian (American)/women/id00418/00052_id00842__jwlpdZvqus_id01231_wavtolip.mp4,1738_FakeVideo-FakeAudio,4,True,../data/processed/frames,../data/processed/audio/1738_FakeVideo-FakeAudio.wav
id00179,id00087,-,wav2lip,D,FakeVideo-FakeAudio,Caucasian (American),men,00143_id00087_wavtolip.mp4,FakeAVCeleb/FakeVideo-FakeAudio/Caucasian (American)/men/id00179,FakeAVCeleb_v1.2/FakeVideo-FakeAudio/Caucasian (American)/men/id00179/00143_id00087_wavtolip.mp4,../data/raw/FakeAVCeleb_v1.2/FakeVideo-FakeAudio/Caucasian (American)/men/id00179/00143_id00087_wavtolip.mp4,1739_FakeVideo-FakeAudio,5,True,../data/processed/frames,../data/processed/audio/1739_FakeVideo-FakeAudio.wav
id01691,id01779,faceswap,faceswap-wav2lip,D,FakeVideo-FakeAudio,African,men,00045_id01779_HgyHpDEo_jk_faceswap_id02040_wavtolip.mp4,FakeAVCeleb/FakeVideo-FakeAudio/African/men/id01691,FakeAVCeleb_v1.2/FakeVideo-FakeAudio/African/men/id01691/00045_id01779_HgyHpDEo_jk_faceswap_id02040_wavtolip.mp4,../data/raw/FakeAVCeleb_v1.2/FakeVideo-FakeAudio/African/men/id01691/00045_id01779_HgyHpDEo_jk_faceswap_id02040_wavtolip.mp4,1740_FakeVideo-FakeAudio,5,True,../data/processed/frames,../data/processed/audio/1740_FakeVideo-FakeAudio.wav
id00999,id00225,-,wav2lip,D,FakeVideo-FakeAudio,Caucasian (European),men,00028_id00225_wavtolip.mp4,FakeAVCeleb/FakeVideo-FakeAudio/Caucasian (European)/men/id00999,FakeAVCeleb_v1.2/FakeVideo-FakeAudio/Caucasian (European)/men/id00999/00028_id00225_wavtolip.mp4,../data/raw/FakeAVCeleb_v1.2/FakeVideo-FakeAudio/Caucasian (European)/men/id00999/00028_id00225_wavtolip.mp4,1741_FakeVideo-FakeAudio,4,True,../data/processed/frames,../data/processed/audio/1741_FakeVideo-FakeAudio.wav
id00056,id07102,faceswap,faceswap-wav2lip,D,FakeVideo-FakeAudio,Asian (East),men,00028_id07102_4gKPlwvjpsI_faceswap_id04691_wavtolip.mp4,FakeAVCeleb/FakeVideo-FakeAudio/Asian (East)/men/id00056,FakeAVCeleb_v1.2/FakeVideo-FakeAudio/Asian (East)/men/id00056/00028_id07102_4gKPlwvjpsI_faceswap_id04691_wavtolip.mp4,../data/raw/FakeAVCeleb_v1.2/FakeVideo-FakeAudio/Asian (East)/men/id00056/00028_id07102_4gKPlwvjpsI_faceswap_id04691_wavtolip.mp4,1742_FakeVideo-FakeAudio,5,True,../data/processed/frames,../data/processed/audio/1742_FakeVideo-FakeAudio.wav
id00763,id00935,-,wav2lip,D,FakeVideo-FakeAudio,Asian (East),women,00074_id00935_wavtolip.mp4,FakeAVCeleb/FakeVideo-FakeAudio/Asian (East)/women/id00763,FakeAVCeleb_v1.2/FakeVideo-FakeAudio/Asian (East)/women/id00763/00074_id00935_wavtolip.mp4,../data/raw/FakeAVCeleb_v1.2/FakeVideo-FakeAudio/Asian (East)/women/id00763/00074_id00935_wavtolip.mp4,1743_FakeVideo-FakeAudio,5,True,../data/processed/frames,../data/processed/audio/1743_FakeVideo-FakeAudio.wav
id03569,id00220,faceswap,faceswap-wav2lip,D,FakeVideo-FakeAudio,African,women,00065_id00220_WlHLlTQKj8g_faceswap_id00220_wavtolip.mp4,FakeAVCeleb/FakeVideo-FakeAudio/African/women/id03569,FakeAVCeleb_v1.2/FakeVideo-FakeAudio/African/women/id03569/00065_id00220_WlHLlTQKj8g_faceswap_id00220_wavtolip.mp4,../data/raw/FakeAVCeleb_v1.2/FakeVideo-FakeAudio/African/women/id03569/00065_id00220_WlHLlTQKj8g_faceswap_id00220_wavtolip.mp4,1744_FakeVideo-FakeAudio,3,True,../data/processed/frames,../data/processed/audio/1744_FakeVideo-FakeAudio.wav
id00735,id00826,-,wav2lip,D,FakeVideo-FakeAudio,Caucasian (European),women,00037_id00826_wavtolip.mp4,FakeAVCeleb/FakeVideo-FakeAudio/Caucasian (European)/women/id00735,FakeAVCeleb_v1.2/FakeVideo-FakeAudio/Caucasian (European)/women/id00735/00037_id00826_wavtolip.mp4,../data/raw/FakeAVCeleb_v1.2/FakeVideo-FakeAudio/Caucasian (European)/women/id00735/00037_id00826_wavtolip.mp4,1745_FakeVideo-FakeAudio,5,True,../data/processed/frames,../data/processed/audio/1745_FakeVideo-FakeAudio.wav
id05268,id00740,-,faceswap-wav2lip,D,FakeVideo-FakeAudio,Asian (East),men,00010_id00740_wavtolip.mp4,FakeAVCeleb/FakeVideo-FakeAudio/Asian (East)/men/id05268,FakeAVCeleb_v1.2/FakeVideo-FakeAudio/Asian (East)/men/id05268/00010_id00740_wavtolip.mp4,../data/raw/FakeAVCeleb_v1.2/FakeVideo-FakeAudio/Asian (East)/men/id05268/00010_id00740_wavtolip.mp4,1746_FakeVideo-FakeAudio,5,True,../data/processed/frames,../data/processed/audio/1746_FakeVideo-FakeAudio.wav
id01098,id00498,-,wav2lip,D,FakeVideo-FakeAudio,Caucasian (European),men,00044_id00498_wavtolip.mp4,FakeAVCeleb/FakeVideo-FakeAudio/Caucasian (European)/men/id01098,FakeAVCeleb_v1.2/FakeVideo-FakeAudio/Caucasian (European)/men/id01098/00044_id00498_wavtolip.mp4,../data/raw/FakeAVCeleb_v1.2/FakeVideo-FakeAudio/Caucasian (European)/men/id01098/00044_id00498_wavtolip.mp4,1747_FakeVideo-FakeAudio,5,True,../data/processed/frames,../data/processed/audio/1747_FakeVideo-FakeAudio.wav
id03897,id02619,-,wav2lip,D,FakeVideo-FakeAudio,Asian (South),women,00021_id02619_wavtolip.mp4,FakeAVCeleb/FakeVideo-FakeAudio/Asian (South)/women/id03897,FakeAVCeleb_v1.2/FakeVideo-FakeAudio/Asian (South)/women/id03897/00021_id02619_wavtolip.mp4,../data/raw/FakeAVCeleb_v1.2/FakeVideo-FakeAudio/Asian (South)/women/id03897/00021_id02619_wavtolip.mp4,1748_FakeVideo-FakeAudio,5,True,../data/processed/frames,../data/processed/audio/1748_FakeVideo-FakeAudio.wav
id00185,id00594,faceswap,faceswap-wav2lip,D,FakeVideo-FakeAudio,Caucasian (European),men,00015_id00594_2WHHoksbeVw_faceswap_id00183_wavtolip.mp4,FakeAVCeleb/FakeVideo-FakeAudio/Caucasian (European)/men/id00185,FakeAVCeleb_v1.2/FakeVideo-FakeAudio/Caucasian (European)/men/id00185/00015_id00594_2WHHoksbeVw_faceswap_id00183_wavtolip.mp4,../data/raw/FakeAVCeleb_v1.2/FakeVideo-FakeAudio/Caucasian (European)/men/id00185/00015_id00594_2WHHoksbeVw_faceswap_id00183_wavtolip.mp4,1749_FakeVideo-FakeAudio,4,True,../data/processed/frames,../data/processed/audio/1749_FakeVideo-FakeAudio.wav
id00328,id00484,faceswap,faceswap-wav2lip,D,FakeVideo-FakeAudio,Caucasian (European),women,00092_id00484_u7YTz8eFZv0_faceswap_id01002_wavtolip.mp4,FakeAVCeleb/FakeVideo-FakeAudio/Caucasian (European)/women/id00328,FakeAVCeleb_v1.2/FakeVideo-FakeAudio/Caucasian (European)/women/id00328/00092_id00484_u7YTz8eFZv0_faceswap_id01002_wavtolip.mp4,../data/raw/FakeAVCeleb_v1.2/FakeVideo-FakeAudio/Caucasian (European)/women/id00328/00092_id00484_u7YTz8eFZv0_faceswap_id01002_wavtolip.mp4,1750_FakeVideo-FakeAudio,4,True,../data/processed/frames,../data/processed/audio/1750_FakeVideo-FakeAudio.wav
id00498,id00192,faceswap,faceswap-wav2lip,D,FakeVideo-FakeAudio,Caucasian (European),men,00014_id00192_By3wxX0dyDw_faceswap_id00919_wavtolip.mp4,FakeAVCeleb/FakeVideo-FakeAudio/Caucasian (European)/men/id00498,FakeAVCeleb_v1.2/FakeVideo-FakeAudio/Caucasian (European)/men/id00498/00014_id00192_By3wxX0dyDw_faceswap_id00919_wavtolip.mp4,../data/raw/FakeAVCeleb_v1.2/FakeVideo-FakeAudio/Caucasian (European)/men/id00498/00014_id00192_By3wxX0dyDw_faceswap_id00919_wavtolip.mp4,1751_FakeVideo-FakeAudio,5,True,../data/processed/frames,../data/processed/audio/1751_FakeVideo-FakeAudio.wav
id03180,id04561,UYY5hSvc,faceswap-wav2lip,D,FakeVideo-FakeAudio,Asian (South),men,00039_id04561_tU_UYY5hSvc_faceswap_id08313_wavtolip.mp4,FakeAVCeleb/FakeVideo-FakeAudio/Asian (South)/men/id03180,FakeAVCeleb_v1.2/FakeVideo-FakeAudio/Asian (South)/men/id03180/00039_id04561_tU_UYY5hSvc_faceswap_id08313_wavtolip.mp4,../data/raw/FakeAVCeleb_v1.2/FakeVideo-FakeAudio/Asian (South)/men/id03180/00039_id04561_tU_UYY5hSvc_faceswap_id08313_wavtolip.mp4,1752_FakeVideo-FakeAudio,3,True,../data/processed/frames,../data/processed/audio/1752_FakeVideo-FakeAudio.wav
id00231,id01004,id00272,fsgan-wav2lip,D,FakeVideo-FakeAudio,Caucasian (American),women,00037_id01004_867Wlj7Gw68_id00272_wavtolip.mp4,FakeAVCeleb/FakeVideo-FakeAudio/Caucasian (American)/women/id00231,FakeAVCeleb_v1.2/FakeVideo-FakeAudio/Caucasian (American)/women/id00231/00037_id01004_867Wlj7Gw68_id00272_wavtolip.mp4,../data/raw/FakeAVCeleb_v1.2/FakeVideo-FakeAudio/Caucasian (American)/women/id00231/00037_id01004_867Wlj7Gw68_id00272_wavtolip.mp4,1753_FakeVideo-FakeAudio,5,True,../data/processed/frames,../data/processed/audio/1753_FakeVideo-FakeAudio.wav
id00266,id00594,faceswap,faceswap-wav2lip,D,FakeVideo-FakeAudio,Caucasian (European),men,00470_id00594_2WHHoksbeVw_faceswap_id01099_wavtolip.mp4,FakeAVCeleb/FakeVideo-FakeAudio/Caucasian (European)/men/id00266,FakeAVCeleb_v1.2/FakeVideo-FakeAudio/Caucasian (European)/men/id00266/00470_id00594_2WHHoksbeVw_faceswap_id01099_wavtolip.mp4,../data/raw/FakeAVCeleb_v1.2/FakeVideo-FakeAudio/Caucasian (European)/men/id00266/00470_id00594_2WHHoksbeVw_faceswap_id01099_wavtolip.mp4,1754_FakeVideo-FakeAudio,5,True,../data/processed/frames,../data/processed/audio/1754_FakeVideo-FakeAudio.wav
id00460,id01783,-,wav2lip,D,FakeVideo-FakeAudio,African,women,00005_id01783_wavtolip.mp4,FakeAVCeleb/FakeVideo-FakeAudio/African/women/id00460,FakeAVCeleb_v1.2/FakeVideo-FakeAudio/African/women/id00460/00005_id01783_wavtolip.mp4,../data/raw/FakeAVCeleb_v1.2/FakeVideo-FakeAudio/African/women/id00460/00005_id01783_wavtolip.mp4,1755_FakeVideo-FakeAudio,5,True,../data/processed/frames,../data/processed/audio/1755_FakeVideo-FakeAudio.wav
id04583,id04530,-,wav2lip,D,FakeVideo-FakeAudio,Asian (South),women,00077_id04530_wavtolip.mp4,FakeAVCeleb/FakeVideo-FakeAudio/Asian (South)/women/id04583,FakeAVCeleb_v1.2/FakeVideo-FakeAudio/Asian (South)/women/id04583/00077_id04530_wavtolip.mp4,../data/raw/FakeAVCeleb_v1.2/FakeVideo-FakeAudio/Asian (South)/women/id04583/00077_id04530_wavtolip.mp4,1756_FakeVideo-FakeAudio,5,True,../data/processed/frames,../data/processed/audio/1756_FakeVideo-FakeAudio.wav
id01001,id00633,faceswap,faceswap-wav2lip,D,FakeVideo-FakeAudio,Caucasian (European),women,00086_id00633_UXrTMta1EDM_faceswap_id00395_wavtolip.mp4,FakeAVCeleb/FakeVideo-FakeAudio/Caucasian (European)/women/id01001,FakeAVCeleb_v1.2/FakeVideo-FakeAudio/Caucasian (European)/women/id01001/00086_id00633_UXrTMta1EDM_faceswap_id00395_wavtolip.mp4,../data/raw/FakeAVCeleb_v1.2/FakeVideo-FakeAudio/Caucasian (European)/women/id01001/00086_id00633_UXrTMta1EDM_faceswap_id00395_wavtolip.mp4,1757_FakeVideo-FakeAudio,5,True,../data/processed/frames,../data/processed/audio/1757_FakeVideo-FakeAudio.wav
id00935,id09181,-,wav2lip,D,FakeVideo-FakeAudio,Asian (East),women,00005_id09181_wavtolip.mp4,FakeAVCeleb/FakeVideo-FakeAudio/Asian (East)/women/id00935,FakeAVCeleb_v1.2/FakeVideo-FakeAudio/Asian (East)/women/id00935/00005_id09181_wavtolip.mp4,../data/raw/FakeAVCeleb_v1.2/FakeVideo-FakeAudio/Asian (East)/women/id00935/00005_id09181_wavtolip.mp4,1758_FakeVideo-FakeAudio,1,True,../data/processed/frames,../data/processed/audio/1758_FakeVideo-FakeAudio.wav
id00078,id04560,-,wav2lip,D,FakeVideo-FakeAudio,Asian (South),men,00114_id04560_wavtolip.mp4,FakeAVCeleb/FakeVideo-FakeAudio/Asian (South)/men/id00078,FakeAVCeleb_v1.2/FakeVideo-FakeAudio/Asian (South)/men/id00078/00114_id04560_wavtolip.mp4,../data/raw/FakeAVCeleb_v1.2/FakeVideo-FakeAudio/Asian (South)/men/id00078/00114_id04560_wavtolip.mp4,1760_FakeVideo-FakeAudio,5,True,../data/processed/frames,../data/processed/audio/1760_FakeVideo-FakeAudio.wav
id05383,id06470,-,wav2lip,D,FakeVideo-FakeAudio,Asian (East),men,00015_id06470_wavtolip.mp4,FakeAVCeleb/FakeVideo-FakeAudio/Asian (East)/men/id05383,FakeAVCeleb_v1.2/FakeVideo-FakeAudio/Asian (East)/men/id05383/00015_id06470_wavtolip.mp4,../data/raw/FakeAVCeleb_v1.2/FakeVideo-FakeAudio/Asian (East)/men/id05383/00015_id06470_wavtolip.mp4,1761_FakeVideo-FakeAudio,5,True,../data/processed/frames,../data/processed/audio/1761_FakeVideo-FakeAudio.wav
id03858,id00395,faceswap,faceswap-wav2lip,D,FakeVideo-FakeAudio,Caucasian (European),women,00092_id00395_wM5kGJfTtEM_faceswap_id00365_wavtolip.mp4,FakeAVCeleb/FakeVideo-FakeAudio/Caucasian (European)/women/id03858,FakeAVCeleb_v1.2/FakeVideo-FakeAudio/Caucasian (European)/women/id03858/00092_id00395_wM5kGJfTtEM_faceswap_id00365_wavtolip.mp4,../data/raw/FakeAVCeleb_v1.2/FakeVideo-FakeAudio/Caucasian (European)/women/id03858/00092_id00395_wM5kGJfTtEM_faceswap_id00365_wavtolip.mp4,1762_FakeVideo-FakeAudio,4,True,../data/processed/frames,../data/processed/audio/1762_FakeVideo-FakeAudio.wav
id04066,id00566,HMhuwQ,faceswap-wav2lip,D,FakeVideo-FakeAudio,Asian (East),women,00013_id00566_V3Hg_HMhuwQ_faceswap_id05631_wavtolip.mp4,FakeAVCeleb/FakeVideo-FakeAudio/Asian (East)/women/id04066,FakeAVCeleb_v1.2/FakeVideo-FakeAudio/Asian (East)/women/id04066/00013_id00566_V3Hg_HMhuwQ_faceswap_id05631_wavtolip.mp4,../data/raw/FakeAVCeleb_v1.2/FakeVideo-FakeAudio/Asian (East)/women/id04066/00013_id00566_V3Hg_HMhuwQ_faceswap_id05631_wavtolip.mp4,1763_FakeVideo-FakeAudio,5,True,../data/processed/frames,../data/processed/audio/1763_FakeVideo-FakeAudio.wav
id01783,id03658,id01783,fsgan-wav2lip,D,FakeVideo-FakeAudio,African,women,00015_id03658_8Wtu9VXKqjY_id01783_wavtolip.mp4,FakeAVCeleb/FakeVideo-FakeAudio/African/women/id01783,FakeAVCeleb_v1.2/FakeVideo-FakeAudio/African/women/id01783/00015_id03658_8Wtu9VXKqjY_id01783_wavtolip.mp4,../data/raw/FakeAVCeleb_v1.2/FakeVideo-FakeAudio/African/women/id01783/00015_id03658_8Wtu9VXKqjY_id01783_wavtolip.mp4,1764_FakeVideo-FakeAudio,1,True,../data/processed/frames,../data/processed/audio/1764_FakeVideo-FakeAudio.wav
id01589,id04691,-,wav2lip,D,FakeVideo-FakeAudio,Asian (East),men,00017_id04691_wavtolip.mp4,FakeAVCeleb/FakeVideo-FakeAudio/Asian (East)/men/id01589,FakeAVCeleb_v1.2/FakeVideo-FakeAudio/Asian (East)/men/id01589/00017_id04691_wavtolip.mp4,../data/raw/FakeAVCeleb_v1.2/FakeVideo-FakeAudio/Asian (East)/men/id01589/00017_id04691_wavtolip.mp4,1765_FakeVideo-FakeAudio,1,True,../data/processed/frames,../data/processed/audio/1765_FakeVideo-FakeAudio.wav
id01217,id01227,-,wav2lip,D,FakeVideo-FakeAudio,Caucasian (American),women,00005_id01227_wavtolip.mp4,FakeAVCeleb/FakeVideo-FakeAudio/Caucasian (American)/women/id01217,FakeAVCeleb_v1.2/FakeVideo-FakeAudio/Caucasian (American)/women/id01217/00005_id01227_wavtolip.mp4,../data/raw/FakeAVCeleb_v1.2/FakeVideo-FakeAudio/Caucasian (American)/women/id01217/00005_id01227_wavtolip.mp4,1766_FakeVideo-FakeAudio,5,True,../data/processed/frames,../data/processed/audio/1766_FakeVideo-FakeAudio.wav
id04774,id02493,id02561,fsgan-wav2lip,D,FakeVideo-FakeAudio,Asian (East),men,00032_id02493_zYAm6W46Mcg_id02561_wavtolip.mp4,FakeAVCeleb/FakeVideo-FakeAudio/Asian (East)/men/id04774,FakeAVCeleb_v1.2/FakeVideo-FakeAudio/Asian (East)/men/id04774/00032_id02493_zYAm6W46Mcg_id02561_wavtolip.mp4,../data/raw/FakeAVCeleb_v1.2/FakeVideo-FakeAudio/Asian (East)/men/id04774/00032_id02493_zYAm6W46Mcg_id02561_wavtolip.mp4,1767_FakeVideo-FakeAudio,1,True,../data/processed/frames,../data/processed/audio/1767_FakeVideo-FakeAudio.wav
id00462,id00835,faceswap,faceswap-wav2lip,D,FakeVideo-FakeAudio,Caucasian (American),women,00143_id00835_zWTp4szbb5k_faceswap_id00848_wavtolip.mp4,FakeAVCeleb/FakeVideo-FakeAudio/Caucasian (American)/women/id00462,FakeAVCeleb_v1.2/FakeVideo-FakeAudio/Caucasian (American)/women/id00462/00143_id00835_zWTp4szbb5k_faceswap_id00848_wavtolip.mp4,../data/raw/FakeAVCeleb_v1.2/FakeVideo-FakeAudio/Caucasian (American)/women/id00462/00143_id00835_zWTp4szbb5k_faceswap_id00848_wavtolip.mp4,1768_FakeVideo-FakeAudio,5,True,../data/processed/frames,../data/processed/audio/1768_FakeVideo-FakeAudio.wav
id03941,id00379,-,wav2lip,D,FakeVideo-FakeAudio,Caucasian (European),women,00021_id00379_wavtolip.mp4,FakeAVCeleb/FakeVideo-FakeAudio/Caucasian (European)/women/id03941,FakeAVCeleb_v1.2/FakeVideo-FakeAudio/Caucasian (European)/women/id03941/00021_id00379_wavtolip.mp4,../data/raw/FakeAVCeleb_v1.2/FakeVideo-FakeAudio/Caucasian (European)/women/id03941/00021_id00379_wavtolip.mp4,1769_FakeVideo-FakeAudio,5,True,../data/processed/frames,../data/processed/audio/1769_FakeVideo-FakeAudio.wav
id00498,id00241,id00498,fsgan-wav2lip,D,FakeVideo-FakeAudio,Caucasian (European),men,00014_id00241_DlI4wqSFwbI_id00498_wavtolip.mp4,FakeAVCeleb/FakeVideo-FakeAudio/Caucasian (European)/men/id00498,FakeAVCeleb_v1.2/FakeVideo-FakeAudio/Caucasian (European)/men/id00498/00014_id00241_DlI4wqSFwbI_id00498_wavtolip.mp4,../data/raw/FakeAVCeleb_v1.2/FakeVideo-FakeAudio/Caucasian (European)/men/id00498/00014_id00241_DlI4wqSFwbI_id00498_wavtolip.mp4,1770_FakeVideo-FakeAudio,5,True,../data/processed/frames,../data/processed/audio/1770_FakeVideo-FakeAudio.wav
id01211,id00179,id00018,fsgan-wav2lip,D,FakeVideo-FakeAudio,Caucasian (American),men,00023_id00179_Ux9OYyipQi8_id00018_wavtolip.mp4,FakeAVCeleb/FakeVideo-FakeAudio/Caucasian (American)/men/id01211,FakeAVCeleb_v1.2/FakeVideo-FakeAudio/Caucasian (American)/men/id01211/00023_id00179_Ux9OYyipQi8_id00018_wavtolip.mp4,../data/raw/FakeAVCeleb_v1.2/FakeVideo-FakeAudio/Caucasian (American)/men/id01211/00023_id00179_Ux9OYyipQi8_id00018_wavtolip.mp4,1771_FakeVideo-FakeAudio,5,True,../data/processed/frames,../data/processed/audio/1771_FakeVideo-FakeAudio.wav
id00063,id00946,-,wav2lip,D,FakeVideo-FakeAudio,Caucasian (European),men,00021_id00946_wavtolip.mp4,FakeAVCeleb/FakeVideo-FakeAudio/Caucasian (European)/men/id00063,FakeAVCeleb_v1.2/FakeVideo-FakeAudio/Caucasian (European)/men/id00063/00021_id00946_wavtolip.mp4,../data/raw/FakeAVCeleb_v1.2/FakeVideo-FakeAudio/Caucasian (European)/men/id00063/00021_id00946_wavtolip.mp4,1772_FakeVideo-FakeAudio,5,True,../data/processed/frames,../data/processed/audio/1772_FakeVideo-FakeAudio.wav
id09171,id00763,-,wav2lip,D,FakeVideo-FakeAudio,Asian (East),women,00092_id00763_wavtolip.mp4,FakeAVCeleb/FakeVideo-FakeAudio/Asian (East)/women/id09171,FakeAVCeleb_v1.2/FakeVideo-FakeAudio/Asian (East)/women/id09171/00092_id00763_wavtolip.mp4,../data/raw/FakeAVCeleb_v1.2/FakeVideo-FakeAudio/Asian (East)/women/id09171/00092_id00763_wavtolip.mp4,1773_FakeVideo-FakeAudio,5,True,../data/processed/frames,../data/processed/audio/1773_FakeVideo-FakeAudio.wav
id00080,id02619,-,wav2lip,D,FakeVideo-FakeAudio,Asian (South),women,00281_id02619_wavtolip.mp4,FakeAVCeleb/FakeVideo-FakeAudio/Asian (South)/women/id00080,FakeAVCeleb_v1.2/FakeVideo-FakeAudio/Asian (South)/women/id00080/00281_id02619_wavtolip.mp4,../data/raw/FakeAVCeleb_v1.2/FakeVideo-FakeAudio/Asian (South)/women/id00080/00281_id02619_wavtolip.mp4,1774_FakeVideo-FakeAudio,5,True,../data/processed/frames,../data/processed/audio/1774_FakeVideo-FakeAudio.wav
id08457,id06753,-,wav2lip,D,FakeVideo-FakeAudio,Asian (South),men,00417_id06753_wavtolip.mp4,FakeAVCeleb/FakeVideo-FakeAudio/Asian (South)/men/id08457,FakeAVCeleb_v1.2/FakeVideo-FakeAudio/Asian (South)/men/id08457/00417_id06753_wavtolip.mp4,../data/raw/FakeAVCeleb_v1.2/FakeVideo-FakeAudio/Asian (South)/men/id08457/00417_id06753_wavtolip.mp4,1775_FakeVideo-FakeAudio,5,True,../data/processed/frames,../data/processed/audio/1775_FakeVideo-FakeAudio.wav
id03889,id02365,LvjcgY,fsgan-wav2lip,D,FakeVideo-FakeAudio,Asian (East),men,00052_id02365_KTHM_LvjcgY_id03168_wavtolip.mp4,FakeAVCeleb/FakeVideo-FakeAudio/Asian (East)/men/id03889,FakeAVCeleb_v1.2/FakeVideo-FakeAudio/Asian (East)/men/id03889/00052_id02365_KTHM_LvjcgY_id03168_wavtolip.mp4,../data/raw/FakeAVCeleb_v1.2/FakeVideo-FakeAudio/Asian (East)/men/id03889/00052_id02365_KTHM_LvjcgY_id03168_wavtolip.mp4,1776_FakeVideo-FakeAudio,5,True,../data/processed/frames,../data/processed/audio/1776_FakeVideo-FakeAudio.wav
id06152,id04687,-,wav2lip,D,FakeVideo-FakeAudio,Asian (East),men,06152_id04687_wavtolip.mp4,FakeAVCeleb/FakeVideo-FakeAudio/Asian (East)/men/id06152,FakeAVCeleb_v1.2/FakeVideo-FakeAudio/Asian (East)/men/id06152/06152_id04687_wavtolip.mp4,../data/raw/FakeAVCeleb_v1.2/FakeVideo-FakeAudio/Asian (East)/men/id06152/06152_id04687_wavtolip.mp4,1777_FakeVideo-FakeAudio,5,True,../data/processed/frames,../data/processed/audio/1777_FakeVideo-FakeAudio.wav
id04490,id03985,-,wav2lip,D,FakeVideo-FakeAudio,Asian (South),women,00054_id03985_wavtolip.mp4,FakeAVCeleb/FakeVideo-FakeAudio/Asian (South)/women/id04490,FakeAVCeleb_v1.2/FakeVideo-FakeAudio/Asian (South)/women/id04490/00054_id03985_wavtolip.mp4,../data/raw/FakeAVCeleb_v1.2/FakeVideo-FakeAudio/Asian (South)/women/id04490/00054_id03985_wavtolip.mp4,1778_FakeVideo-FakeAudio,5,True,../data/processed/frames,../data/processed/audio/1778_FakeVideo-FakeAudio.wav
id01126,id00909,-,wav2lip,D,FakeVideo-FakeAudio,Caucasian (European),men,00040_id00909_wavtolip.mp4,FakeAVCeleb/FakeVideo-FakeAudio/Caucasian (European)/men/id01126,FakeAVCeleb_v1.2/FakeVideo-FakeAudio/Caucasian (European)/men/id01126/00040_id00909_wavtolip.mp4,../data/raw/FakeAVCeleb_v1.2/FakeVideo-FakeAudio/Caucasian (European)/men/id01126/00040_id00909_wavtolip.mp4,1779_FakeVideo-FakeAudio,5,True,../data/processed/frames,../data/processed/audio/1779_FakeVideo-FakeAudio.wav
id01156,id01102,id00265,fsgan-wav2lip,D,FakeVideo-FakeAudio,Caucasian (European),men,00078_id01102_aGFUkdgmo3A_id00265_wavtolip.mp4,FakeAVCeleb/FakeVideo-FakeAudio/Caucasian (European)/men/id01156,FakeAVCeleb_v1.2/FakeVideo-FakeAudio/Caucasian (European)/men/id01156/00078_id01102_aGFUkdgmo3A_id00265_wavtolip.mp4,../data/raw/FakeAVCeleb_v1.2/FakeVideo-FakeAudio/Caucasian (European)/men/id01156/00078_id01102_aGFUkdgmo3A_id00265_wavtolip.mp4,1780_FakeVideo-FakeAudio,5,True,../data/processed/frames,../data/processed/audio/1780_FakeVideo-FakeAudio.wav
id00403,id00234,faceswap,faceswap-wav2lip,D,FakeVideo-FakeAudio,Caucasian (European),women,00052_id00234_M3g5KRLJB60_faceswap_id00365_wavtolip.mp4,FakeAVCeleb/FakeVideo-FakeAudio/Caucasian (European)/women/id00403,FakeAVCeleb_v1.2/FakeVideo-FakeAudio/Caucasian (European)/women/id00403/00052_id00234_M3g5KRLJB60_faceswap_id00365_wavtolip.mp4,../data/raw/FakeAVCeleb_v1.2/FakeVideo-FakeAudio/Caucasian (European)/women/id00403/00052_id00234_M3g5KRLJB60_faceswap_id00365_wavtolip.mp4,1781_FakeVideo-FakeAudio,5,True,../data/processed/frames,../data/processed/audio/1781_FakeVideo-FakeAudio.wav
id00945,id00264,id04073,fsgan-wav2lip,D,FakeVideo-FakeAudio,Caucasian (American),men,00107_id00264_gslpgRLj4Xo_id04073_wavtolip.mp4,FakeAVCeleb/FakeVideo-FakeAudio/Caucasian (American)/men/id00945,FakeAVCeleb_v1.2/FakeVideo-FakeAudio/Caucasian (American)/men/id00945/00107_id00264_gslpgRLj4Xo_id04073_wavtolip.mp4,../data/raw/FakeAVCeleb_v1.2/FakeVideo-FakeAudio/Caucasian (American)/men/id00945/00107_id00264_gslpgRLj4Xo_id04073_wavtolip.mp4,1782_FakeVideo-FakeAudio,5,True,../data/processed/frames,../data/processed/audio/1782_FakeVideo-FakeAudio.wav
id05434,id00149,-,wav2lip,D,FakeVideo-FakeAudio,Asian (South),women,00052_id00149_wavtolip.mp4,FakeAVCeleb/FakeVideo-FakeAudio/Asian (South)/women/id05434,FakeAVCeleb_v1.2/FakeVideo-FakeAudio/Asian (South)/women/id05434/00052_id00149_wavtolip.mp4,../data/raw/FakeAVCeleb_v1.2/FakeVideo-FakeAudio/Asian (South)/women/id05434/00052_id00149_wavtolip.mp4,1783_FakeVideo-FakeAudio,4,True,../data/processed/frames,../data/processed/audio/1783_FakeVideo-FakeAudio.wav
id04583,id05845,id05931,fsgan-wav2lip,D,FakeVideo-FakeAudio,Asian (South),women,00077_id05845_XfMHm6CEwPw_id05931_wavtolip.mp4,FakeAVCeleb/FakeVideo-FakeAudio/Asian (South)/women/id04583,FakeAVCeleb_v1.2/FakeVideo-FakeAudio/Asian (South)/women/id04583/00077_id05845_XfMHm6CEwPw_id05931_wavtolip.mp4,../data/raw/FakeAVCeleb_v1.2/FakeVideo-FakeAudio/Asian (South)/women/id04583/00077_id05845_XfMHm6CEwPw_id05931_wavtolip.mp4,1785_FakeVideo-FakeAudio,5,True,../data/processed/frames,../data/processed/audio/1785_FakeVideo-FakeAudio.wav
id04374,id02824,-,wav2lip,D,FakeVideo-FakeAudio,African,women,00032_id02824_wavtolip.mp4,FakeAVCeleb/FakeVideo-FakeAudio/African/women/id04374,FakeAVCeleb_v1.2/FakeVideo-FakeAudio/African/women/id04374/00032_id02824_wavtolip.mp4,../data/raw/FakeAVCeleb_v1.2/FakeVideo-FakeAudio/African/women/id04374/00032_id02824_wavtolip.mp4,1786_FakeVideo-FakeAudio,2,True,../data/processed/frames,../data/processed/audio/1786_FakeVideo-FakeAudio.wav
id03844,id00365,id00071,fsgan-wav2lip,D,FakeVideo-FakeAudio,Caucasian (European),women,00028_id00365_XV-imLNJvfk_id00071_wavtolip.mp4,FakeAVCeleb/FakeVideo-FakeAudio/Caucasian (European)/women/id03844,FakeAVCeleb_v1.2/FakeVideo-FakeAudio/Caucasian (European)/women/id03844/00028_id00365_XV-imLNJvfk_id00071_wavtolip.mp4,../data/raw/FakeAVCeleb_v1.2/FakeVideo-FakeAudio/Caucasian (European)/women/id03844/00028_id00365_XV-imLNJvfk_id00071_wavtolip.mp4,1787_FakeVideo-FakeAudio,5,True,../data/processed/frames,../data/processed/audio/1787_FakeVideo-FakeAudio.wav
id01048,id01192,-,wav2lip,D,FakeVideo-FakeAudio,Caucasian (American),men,00160_id01192_wavtolip.mp4,FakeAVCeleb/FakeVideo-FakeAudio/Caucasian (American)/men/id01048,FakeAVCeleb_v1.2/FakeVideo-FakeAudio/Caucasian (American)/men/id01048/00160_id01192_wavtolip.mp4,../data/raw/FakeAVCeleb_v1.2/FakeVideo-FakeAudio/Caucasian (American)/men/id01048/00160_id01192_wavtolip.mp4,1788_FakeVideo-FakeAudio,5,True,../data/processed/frames,../data/processed/audio/1788_FakeVideo-FakeAudio.wav
id00062,id01182,-,wav2lip,D,FakeVideo-FakeAudio,Caucasian (American),men,00278_id01182_wavtolip.mp4,FakeAVCeleb/FakeVideo-FakeAudio/Caucasian (American)/men/id00062,FakeAVCeleb_v1.2/FakeVideo-FakeAudio/Caucasian (American)/men/id00062/00278_id01182_wavtolip.mp4,../data/raw/FakeAVCeleb_v1.2/FakeVideo-FakeAudio/Caucasian (American)/men/id00062/00278_id01182_wavtolip.mp4,1789_FakeVideo-FakeAudio,5,True,../data/processed/frames,../data/processed/audio/1789_FakeVideo-FakeAudio.wav
id00745,id04537,-,wav2lip,D,FakeVideo-FakeAudio,Asian (South),men,00165_id04537_wavtolip.mp4,FakeAVCeleb/FakeVideo-FakeAudio/Asian (South)/men/id00745,FakeAVCeleb_v1.2/FakeVideo-FakeAudio/Asian (South)/men/id00745/00165_id04537_wavtolip.mp4,../data/raw/FakeAVCeleb_v1.2/FakeVideo-FakeAudio/Asian (South)/men/id00745/00165_id04537_wavtolip.mp4,1790_FakeVideo-FakeAudio,4,True,../data/processed/frames,../data/processed/audio/1790_FakeVideo-FakeAudio.wav
id00234,id00403,id00826,fsgan-wav2lip,D,FakeVideo-FakeAudio,Caucasian (European),women,00063_id00403_n4LSCxzFr6o_id00826_wavtolip.mp4,FakeAVCeleb/FakeVideo-FakeAudio/Caucasian (European)/women/id00234,FakeAVCeleb_v1.2/FakeVideo-FakeAudio/Caucasian (European)/women/id00234/00063_id00403_n4LSCxzFr6o_id00826_wavtolip.mp4,../data/raw/FakeAVCeleb_v1.2/FakeVideo-FakeAudio/Caucasian (European)/women/id00234/00063_id00403_n4LSCxzFr6o_id00826_wavtolip.mp4,1791_FakeVideo-FakeAudio,2,True,../data/processed/frames,../data/processed/audio/1791_FakeVideo-FakeAudio.wav
id01210,0,-,faceswap-wav2lip,D,FakeVideo-FakeAudio,Caucasian (American),men,00283_0_id00049_wavtolip.mp4,FakeAVCeleb/FakeVideo-FakeAudio/Caucasian (American)/men/id01210,FakeAVCeleb_v1.2/FakeVideo-FakeAudio/Caucasian (American)/men/id01210/00283_0_id00049_wavtolip.mp4,../data/raw/FakeAVCeleb_v1.2/FakeVideo-FakeAudio/Caucasian (American)/men/id01210/00283_0_id00049_wavtolip.mp4,1792_FakeVideo-FakeAudio,5,True,../data/processed/frames,../data/processed/audio/1792_FakeVideo-FakeAudio.wav
id00225,id00185,id00559,fsgan-wav2lip,D,FakeVideo-FakeAudio,Caucasian (European),men,00078_id00185_1lsGWpwnl1M_id00559_wavtolip.mp4,FakeAVCeleb/FakeVideo-FakeAudio/Caucasian (European)/men/id00225,FakeAVCeleb_v1.2/FakeVideo-FakeAudio/Caucasian (European)/men/id00225/00078_id00185_1lsGWpwnl1M_id00559_wavtolip.mp4,../data/raw/FakeAVCeleb_v1.2/FakeVideo-FakeAudio/Caucasian (European)/men/id00225/00078_id00185_1lsGWpwnl1M_id00559_wavtolip.mp4,1793_FakeVideo-FakeAudio,5,True,../data/processed/frames,../data/processed/audio/1793_FakeVideo-FakeAudio.wav
id00857,id03599,id00078,fsgan-wav2lip,D,FakeVideo-FakeAudio,Asian (South),men,00347_id03599_y27BDmRUqMQ_id00078_wavtolip.mp4,FakeAVCeleb/FakeVideo-FakeAudio/Asian (South)/men/id00857,FakeAVCeleb_v1.2/FakeVideo-FakeAudio/Asian (South)/men/id00857/00347_id03599_y27BDmRUqMQ_id00078_wavtolip.mp4,../data/raw/FakeAVCeleb_v1.2/FakeVideo-FakeAudio/Asian (South)/men/id00857/00347_id03599_y27BDmRUqMQ_id00078_wavtolip.mp4,1794_FakeVideo-FakeAudio,4,True,../data/processed/frames,../data/processed/audio/1794_FakeVideo-FakeAudio.wav
id00860,id00033,id00860,fsgan-wav2lip,D,FakeVideo-FakeAudio,Asian (South),men,00154_id00033_gduDuRWhnlQ_id00860_wavtolip.mp4,FakeAVCeleb/FakeVideo-FakeAudio/Asian (South)/men/id00860,FakeAVCeleb_v1.2/FakeVideo-FakeAudio/Asian (South)/men/id00860/00154_id00033_gduDuRWhnlQ_id00860_wavtolip.mp4,../data/raw/FakeAVCeleb_v1.2/FakeVideo-FakeAudio/Asian (South)/men/id00860/00154_id00033_gduDuRWhnlQ_id00860_wavtolip.mp4,1795_FakeVideo-FakeAudio,5,True,../data/processed/frames,../data/processed/audio/1795_FakeVideo-FakeAudio.wav
id03858,id00813,-,wav2lip,D,FakeVideo-FakeAudio,Caucasian (European),women,00092_id00813_wavtolip.mp4,FakeAVCeleb/FakeVideo-FakeAudio/Caucasian (European)/women/id03858,FakeAVCeleb_v1.2/FakeVideo-FakeAudio/Caucasian (European)/women/id03858/00092_id00813_wavtolip.mp4,../data/raw/FakeAVCeleb_v1.2/FakeVideo-FakeAudio/Caucasian (European)/women/id03858/00092_id00813_wavtolip.mp4,1796_FakeVideo-FakeAudio,4,True,../data/processed/frames,../data/processed/audio/1796_FakeVideo-FakeAudio.wav
id01172,id01182,U40,faceswap-wav2lip,D,FakeVideo-FakeAudio,Caucasian (American),men,00015_id01182_zca-PHR_U40_faceswap_id00052_wavtolip.mp4,FakeAVCeleb/FakeVideo-FakeAudio/Caucasian (American)/men/id01172,FakeAVCeleb_v1.2/FakeVideo-FakeAudio/Caucasian (American)/men/id01172/00015_id01182_zca-PHR_U40_faceswap_id00052_wavtolip.mp4,../data/raw/FakeAVCeleb_v1.2/FakeVideo-FakeAudio/Caucasian (American)/men/id01172/00015_id01182_zca-PHR_U40_faceswap_id00052_wavtolip.mp4,1797_FakeVideo-FakeAudio,5,True,../data/processed/frames,../data/processed/audio/1797_FakeVideo-FakeAudio.wav
id08299,id06470,-,wav2lip,D,FakeVideo-FakeAudio,Asian (East),men,00110_id06470_wavtolip.mp4,FakeAVCeleb/FakeVideo-FakeAudio/Asian (East)/men/id08299,FakeAVCeleb_v1.2/FakeVideo-FakeAudio/Asian (East)/men/id08299/00110_id06470_wavtolip.mp4,../data/raw/FakeAVCeleb_v1.2/FakeVideo-FakeAudio/Asian (East)/men/id08299/00110_id06470_wavtolip.mp4,1798_FakeVideo-FakeAudio,5,True,../data/processed/frames,../data/processed/audio/1798_FakeVideo-FakeAudio.wav
id03656,id00707,-,wav2lip,D,FakeVideo-FakeAudio,African,women,00052_id00707_wavtolip.mp4,FakeAVCeleb/FakeVideo-FakeAudio/African/women/id03656,FakeAVCeleb_v1.2/FakeVideo-FakeAudio/African/women/id03656/00052_id00707_wavtolip.mp4,../data/raw/FakeAVCeleb_v1.2/FakeVideo-FakeAudio/African/women/id03656/00052_id00707_wavtolip.mp4,1799_FakeVideo-FakeAudio,5,True,../data/processed/frames,../data/processed/audio/1799_FakeVideo-FakeAudio.wav
id00186,id01051,id00554,fsgan-wav2lip,D,FakeVideo-FakeAudio,Caucasian (European),men,00120_id01051_jPxk6s6FM6Y_id00554_wavtolip.mp4,FakeAVCeleb/FakeVideo-FakeAudio/Caucasian (European)/men/id00186,FakeAVCeleb_v1.2/FakeVideo-FakeAudio/Caucasian (European)/men/id00186/00120_id01051_jPxk6s6FM6Y_id00554_wavtolip.mp4,../data/raw/FakeAVCeleb_v1.2/FakeVideo-FakeAudio/Caucasian (European)/men/id00186/00120_id01051_jPxk6s6FM6Y_id00554_wavtolip.mp4,1800_FakeVideo-FakeAudio,5,True,../data/processed/frames,../data/processed/audio/1800_FakeVideo-FakeAudio.wav
id00816,id07200,faceswap,faceswap-wav2lip,D,FakeVideo-FakeAudio,Asian (South),men,00118_id07200_quCElxMhW6g_faceswap_id07108_wavtolip.mp4,FakeAVCeleb/FakeVideo-FakeAudio/Asian (South)/men/id00816,FakeAVCeleb_v1.2/FakeVideo-FakeAudio/Asian (South)/men/id00816/00118_id07200_quCElxMhW6g_faceswap_id07108_wavtolip.mp4,../data/raw/FakeAVCeleb_v1.2/FakeVideo-FakeAudio/Asian (South)/men/id00816/00118_id07200_quCElxMhW6g_faceswap_id07108_wavtolip.mp4,1801_FakeVideo-FakeAudio,5,True,../data/processed/frames,../data/processed/audio/1801_FakeVideo-FakeAudio.wav
id01207,id01717,id01392,fsgan-wav2lip,D,FakeVideo-FakeAudio,African,men,00320_id01717_JDW6p8yU13A_id01392_wavtolip.mp4,FakeAVCeleb/FakeVideo-FakeAudio/African/men/id01207,FakeAVCeleb_v1.2/FakeVideo-FakeAudio/African/men/id01207/00320_id01717_JDW6p8yU13A_id01392_wavtolip.mp4,../data/raw/FakeAVCeleb_v1.2/FakeVideo-FakeAudio/African/men/id01207/00320_id01717_JDW6p8yU13A_id01392_wavtolip.mp4,1802_FakeVideo-FakeAudio,2,True,../data/processed/frames,../data/processed/audio/1802_FakeVideo-FakeAudio.wav
id05479,id01683,-,wav2lip,D,FakeVideo-FakeAudio,Asian (East),men,05479_id01683_wavtolip.mp4,FakeAVCeleb/FakeVideo-FakeAudio/Asian (East)/men/id05479,FakeAVCeleb_v1.2/FakeVideo-FakeAudio/Asian (East)/men/id05479/05479_id01683_wavtolip.mp4,../data/raw/FakeAVCeleb_v1.2/FakeVideo-FakeAudio/Asian (East)/men/id05479/05479_id01683_wavtolip.mp4,1803_FakeVideo-FakeAudio,5,True,../data/processed/frames,../data/processed/audio/1803_FakeVideo-FakeAudio.wav
id00763,id05620,-,wav2lip,D,FakeVideo-FakeAudio,Asian (East),women,00074_id05620_wavtolip.mp4,FakeAVCeleb/FakeVideo-FakeAudio/Asian (East)/women/id00763,FakeAVCeleb_v1.2/FakeVideo-FakeAudio/Asian (East)/women/id00763/00074_id05620_wavtolip.mp4,../data/raw/FakeAVCeleb_v1.2/FakeVideo-FakeAudio/Asian (East)/women/id00763/00074_id05620_wavtolip.mp4,1804_FakeVideo-FakeAudio,5,True,../data/processed/frames,../data/processed/audio/1804_FakeVideo-FakeAudio.wav
id00434,id00068,id03651,fsgan-wav2lip,D,FakeVideo-FakeAudio,Caucasian (European),women,00046_id00068_A7uFnQw--bY_id03651_wavtolip.mp4,FakeAVCeleb/FakeVideo-FakeAudio/Caucasian (European)/women/id00434,FakeAVCeleb_v1.2/FakeVideo-FakeAudio/Caucasian (European)/women/id00434/00046_id00068_A7uFnQw--bY_id03651_wavtolip.mp4,../data/raw/FakeAVCeleb_v1.2/FakeVideo-FakeAudio/Caucasian (European)/women/id00434/00046_id00068_A7uFnQw--bY_id03651_wavtolip.mp4,1805_FakeVideo-FakeAudio,5,True,../data/processed/frames,../data/processed/audio/1805_FakeVideo-FakeAudio.wav
id03371,id00806,id00042,fsgan-wav2lip,D,FakeVideo-FakeAudio,Caucasian (European),women,00430_id00806_0sk9s9lFIAk_id00042_wavtolip.mp4,FakeAVCeleb/FakeVideo-FakeAudio/Caucasian (European)/women/id03371,FakeAVCeleb_v1.2/FakeVideo-FakeAudio/Caucasian (European)/women/id03371/00430_id00806_0sk9s9lFIAk_id00042_wavtolip.mp4,../data/raw/FakeAVCeleb_v1.2/FakeVideo-FakeAudio/Caucasian (European)/women/id03371/00430_id00806_0sk9s9lFIAk_id00042_wavtolip.mp4,1806_FakeVideo-FakeAudio,5,True,../data/processed/frames,../data/processed/audio/1806_FakeVideo-FakeAudio.wav
id00403,id00188,id03844,fsgan-wav2lip,D,FakeVideo-FakeAudio,Caucasian (European),women,00052_id00188_e-vm5FB3idA_id03844_wavtolip.mp4,FakeAVCeleb/FakeVideo-FakeAudio/Caucasian (European)/women/id00403,FakeAVCeleb_v1.2/FakeVideo-FakeAudio/Caucasian (European)/women/id00403/00052_id00188_e-vm5FB3idA_id03844_wavtolip.mp4,../data/raw/FakeAVCeleb_v1.2/FakeVideo-FakeAudio/Caucasian (European)/women/id00403/00052_id00188_e-vm5FB3idA_id03844_wavtolip.mp4,1807_FakeVideo-FakeAudio,5,True,../data/processed/frames,../data/processed/audio/1807_FakeVideo-FakeAudio.wav
id06065,id05631,faceswap,faceswap-wav2lip,D,FakeVideo-FakeAudio,Asian (East),women,00160_id05631_xXRQCFAdR-0_faceswap_id09174_wavtolip.mp4,FakeAVCeleb/FakeVideo-FakeAudio/Asian (East)/women/id06065,FakeAVCeleb_v1.2/FakeVideo-FakeAudio/Asian (East)/women/id06065/00160_id05631_xXRQCFAdR-0_faceswap_id09174_wavtolip.mp4,../data/raw/FakeAVCeleb_v1.2/FakeVideo-FakeAudio/Asian (East)/women/id06065/00160_id05631_xXRQCFAdR-0_faceswap_id09174_wavtolip.mp4,1808_FakeVideo-FakeAudio,4,True,../data/processed/frames,../data/processed/audio/1808_FakeVideo-FakeAudio.wav
id00350,id06354,faceswap,faceswap-wav2lip,D,FakeVideo-FakeAudio,Asian (South),men,00015_id06354_PmWLmcJNUhM_faceswap_id00769_wavtolip.mp4,FakeAVCeleb/FakeVideo-FakeAudio/Asian (South)/men/id00350,FakeAVCeleb_v1.2/FakeVideo-FakeAudio/Asian (South)/men/id00350/00015_id06354_PmWLmcJNUhM_faceswap_id00769_wavtolip.mp4,../data/raw/FakeAVCeleb_v1.2/FakeVideo-FakeAudio/Asian (South)/men/id00350/00015_id06354_PmWLmcJNUhM_faceswap_id00769_wavtolip.mp4,1809_FakeVideo-FakeAudio,3,True,../data/processed/frames,../data/processed/audio/1809_FakeVideo-FakeAudio.wav
id00458,id00618,TwV2SmUIlY,faceswap-wav2lip,D,FakeVideo-FakeAudio,Caucasian (American),women,00072_id00618__TwV2SmUIlY_faceswap_id00383_wavtolip.mp4,FakeAVCeleb/FakeVideo-FakeAudio/Caucasian (American)/women/id00458,FakeAVCeleb_v1.2/FakeVideo-FakeAudio/Caucasian (American)/women/id00458/00072_id00618__TwV2SmUIlY_faceswap_id00383_wavtolip.mp4,../data/raw/FakeAVCeleb_v1.2/FakeVideo-FakeAudio/Caucasian (American)/women/id00458/00072_id00618__TwV2SmUIlY_faceswap_id00383_wavtolip.mp4,1810_FakeVideo-FakeAudio,5,True,../data/processed/frames,../data/processed/audio/1810_FakeVideo-FakeAudio.wav
id00841,id01005,id03781,fsgan-wav2lip,D,FakeVideo-FakeAudio,Caucasian (American),women,00078_id01005_lJZrqhcRFSA_id03781_wavtolip.mp4,FakeAVCeleb/FakeVideo-FakeAudio/Caucasian (American)/women/id00841,FakeAVCeleb_v1.2/FakeVideo-FakeAudio/Caucasian (American)/women/id00841/00078_id01005_lJZrqhcRFSA_id03781_wavtolip.mp4,../data/raw/FakeAVCeleb_v1.2/FakeVideo-FakeAudio/Caucasian (American)/women/id00841/00078_id01005_lJZrqhcRFSA_id03781_wavtolip.mp4,1811_FakeVideo-FakeAudio,4,True,../data/processed/frames,../data/processed/audio/1811_FakeVideo-FakeAudio.wav
id01544,3,-,faceswap-wav2lip,D,FakeVideo-FakeAudio,African,men,00044_3_id00166_wavtolip.mp4,FakeAVCeleb/FakeVideo-FakeAudio/African/men/id01544,FakeAVCeleb_v1.2/FakeVideo-FakeAudio/African/men/id01544/00044_3_id00166_wavtolip.mp4,../data/raw/FakeAVCeleb_v1.2/FakeVideo-FakeAudio/African/men/id01544/00044_3_id00166_wavtolip.mp4,1812_FakeVideo-FakeAudio,3,True,../data/processed/frames,../data/processed/audio/1812_FakeVideo-FakeAudio.wav
id04554,id00816,id04599,fsgan-wav2lip,D,FakeVideo-FakeAudio,Asian (South),men,00118_id00816_BFudcHqBkpo_id04599_wavtolip.mp4,FakeAVCeleb/FakeVideo-FakeAudio/Asian (South)/men/id04554,FakeAVCeleb_v1.2/FakeVideo-FakeAudio/Asian (South)/men/id04554/00118_id00816_BFudcHqBkpo_id04599_wavtolip.mp4,../data/raw/FakeAVCeleb_v1.2/FakeVideo-FakeAudio/Asian (South)/men/id04554/00118_id00816_BFudcHqBkpo_id04599_wavtolip.mp4,1813_FakeVideo-FakeAudio,5,True,../data/processed/frames,../data/processed/audio/1813_FakeVideo-FakeAudio.wav
id01201,id00775,-,wav2lip,D,FakeVideo-FakeAudio,Caucasian (American),men,00028_id00775_wavtolip.mp4,FakeAVCeleb/FakeVideo-FakeAudio/Caucasian (American)/men/id01201,FakeAVCeleb_v1.2/FakeVideo-FakeAudio/Caucasian (American)/men/id01201/00028_id00775_wavtolip.mp4,../data/raw/FakeAVCeleb_v1.2/FakeVideo-FakeAudio/Caucasian (American)/men/id01201/00028_id00775_wavtolip.mp4,1814_FakeVideo-FakeAudio,5,True,../data/processed/frames,../data/processed/audio/1814_FakeVideo-FakeAudio.wav
id07233,id00685,-,wav2lip,D,FakeVideo-FakeAudio,Asian (South),men,00010_id00685_wavtolip.mp4,FakeAVCeleb/FakeVideo-FakeAudio/Asian (South)/men/id07233,FakeAVCeleb_v1.2/FakeVideo-FakeAudio/Asian (South)/men/id07233/00010_id00685_wavtolip.mp4,../data/raw/FakeAVCeleb_v1.2/FakeVideo-FakeAudio/Asian (South)/men/id07233/00010_id00685_wavtolip.mp4,1815_FakeVideo-FakeAudio,5,True,../data/processed/frames,../data/processed/audio/1815_FakeVideo-FakeAudio.wav
id00332,id00633,id00826,fsgan-wav2lip,D,FakeVideo-FakeAudio,Caucasian (European),women,00293_id00633_UXrTMta1EDM_id00826_wavtolip.mp4,FakeAVCeleb/FakeVideo-FakeAudio/Caucasian (European)/women/id00332,FakeAVCeleb_v1.2/FakeVideo-FakeAudio/Caucasian (European)/women/id00332/00293_id00633_UXrTMta1EDM_id00826_wavtolip.mp4,../data/raw/FakeAVCeleb_v1.2/FakeVideo-FakeAudio/Caucasian (European)/women/id00332/00293_id00633_UXrTMta1EDM_id00826_wavtolip.mp4,1817_FakeVideo-FakeAudio,5,True,../data/processed/frames,../data/processed/audio/1817_FakeVideo-FakeAudio.wav
id01223,id01225,id00841,fsgan-wav2lip,D,FakeVideo-FakeAudio,Caucasian (American),women,00255_id01225_WuzuZoM84Ws_id00841_wavtolip.mp4,FakeAVCeleb/FakeVideo-FakeAudio/Caucasian (American)/women/id01223,FakeAVCeleb_v1.2/FakeVideo-FakeAudio/Caucasian (American)/women/id01223/00255_id01225_WuzuZoM84Ws_id00841_wavtolip.mp4,../data/raw/FakeAVCeleb_v1.2/FakeVideo-FakeAudio/Caucasian (American)/women/id01223/00255_id01225_WuzuZoM84Ws_id00841_wavtolip.mp4,1818_FakeVideo-FakeAudio,5,True,../data/processed/frames,../data/processed/audio/1818_FakeVideo-FakeAudio.wav
id00272,id01225,id00291,fsgan-wav2lip,D,FakeVideo-FakeAudio,Caucasian (American),women,00195_id01225_WuzuZoM84Ws_id00291_wavtolip.mp4,FakeAVCeleb/FakeVideo-FakeAudio/Caucasian (American)/women/id00272,FakeAVCeleb_v1.2/FakeVideo-FakeAudio/Caucasian (American)/women/id00272/00195_id01225_WuzuZoM84Ws_id00291_wavtolip.mp4,../data/raw/FakeAVCeleb_v1.2/FakeVideo-FakeAudio/Caucasian (American)/women/id00272/00195_id01225_WuzuZoM84Ws_id00291_wavtolip.mp4,1819_FakeVideo-FakeAudio,5,True,../data/processed/frames,../data/processed/audio/1819_FakeVideo-FakeAudio.wav
id01216,id01217,id00428,fsgan-wav2lip,D,FakeVideo-FakeAudio,Caucasian (American),women,00025_id01217_7lVC4xEK_6E_id00428_wavtolip.mp4,FakeAVCeleb/FakeVideo-FakeAudio/Caucasian (American)/women/id01216,FakeAVCeleb_v1.2/FakeVideo-FakeAudio/Caucasian (American)/women/id01216/00025_id01217_7lVC4xEK_6E_id00428_wavtolip.mp4,../data/raw/FakeAVCeleb_v1.2/FakeVideo-FakeAudio/Caucasian (American)/women/id01216/00025_id01217_7lVC4xEK_6E_id00428_wavtolip.mp4,1820_FakeVideo-FakeAudio,5,True,../data/processed/frames,../data/processed/audio/1820_FakeVideo-FakeAudio.wav
id00498,id00520,-,wav2lip,D,FakeVideo-FakeAudio,Caucasian (European),men,00014_id00520_wavtolip.mp4,FakeAVCeleb/FakeVideo-FakeAudio/Caucasian (European)/men/id00498,FakeAVCeleb_v1.2/FakeVideo-FakeAudio/Caucasian (European)/men/id00498/00014_id00520_wavtolip.mp4,../data/raw/FakeAVCeleb_v1.2/FakeVideo-FakeAudio/Caucasian (European)/men/id00498/00014_id00520_wavtolip.mp4,1821_FakeVideo-FakeAudio,5,True,../data/processed/frames,../data/processed/audio/1821_FakeVideo-FakeAudio.wav
id00173,id02316,-,wav2lip,D,FakeVideo-FakeAudio,African,men,00118_id02316_wavtolip.mp4,FakeAVCeleb/FakeVideo-FakeAudio/African/men/id00173,FakeAVCeleb_v1.2/FakeVideo-FakeAudio/African/men/id00173/00118_id02316_wavtolip.mp4,../data/raw/FakeAVCeleb_v1.2/FakeVideo-FakeAudio/African/men/id00173/00118_id02316_wavtolip.mp4,1822_FakeVideo-FakeAudio,5,True,../data/processed/frames,../data/processed/audio/1822_FakeVideo-FakeAudio.wav
id05743,id06467,-,wav2lip,D,FakeVideo-FakeAudio,Asian (East),men,00015_id06467_wavtolip.mp4,FakeAVCeleb/FakeVideo-FakeAudio/Asian (East)/men/id05743,FakeAVCeleb_v1.2/FakeVideo-FakeAudio/Asian (East)/men/id05743/00015_id06467_wavtolip.mp4,../data/raw/FakeAVCeleb_v1.2/FakeVideo-FakeAudio/Asian (East)/men/id05743/00015_id06467_wavtolip.mp4,1823_FakeVideo-FakeAudio,4,True,../data/processed/frames,../data/processed/audio/1823_FakeVideo-FakeAudio.wav
id00305,id01058,-,wav2lip,D,FakeVideo-FakeAudio,Caucasian (European),men,00113_id01058_wavtolip.mp4,FakeAVCeleb/FakeVideo-FakeAudio/Caucasian (European)/men/id00305,FakeAVCeleb_v1.2/FakeVideo-FakeAudio/Caucasian (European)/men/id00305/00113_id01058_wavtolip.mp4,../data/raw/FakeAVCeleb_v1.2/FakeVideo-FakeAudio/Caucasian (European)/men/id00305/00113_id01058_wavtolip.mp4,1824_FakeVideo-FakeAudio,5,True,../data/processed/frames,../data/processed/audio/1824_FakeVideo-FakeAudio.wav
id00971,id04034,-,wav2lip,D,FakeVideo-FakeAudio,Caucasian (American),men,00253_id04034_wavtolip.mp4,FakeAVCeleb/FakeVideo-FakeAudio/Caucasian (American)/men/id00971,FakeAVCeleb_v1.2/FakeVideo-FakeAudio/Caucasian (American)/men/id00971/00253_id04034_wavtolip.mp4,../data/raw/FakeAVCeleb_v1.2/FakeVideo-FakeAudio/Caucasian (American)/men/id00971/00253_id04034_wavtolip.mp4,1825_FakeVideo-FakeAudio,5,True,../data/processed/frames,../data/processed/audio/1825_FakeVideo-FakeAudio.wav
id00149,id01026,-,wav2lip,D,FakeVideo-FakeAudio,Asian (South),women,00284_id01026_wavtolip.mp4,FakeAVCeleb/FakeVideo-FakeAudio/Asian (South)/women/id00149,FakeAVCeleb_v1.2/FakeVideo-FakeAudio/Asian (South)/women/id00149/00284_id01026_wavtolip.mp4,../data/raw/FakeAVCeleb_v1.2/FakeVideo-FakeAudio/Asian (South)/women/id00149/00284_id01026_wavtolip.mp4,1826_FakeVideo-FakeAudio,3,True,../data/processed/frames,../data/processed/audio/1826_FakeVideo-FakeAudio.wav
id01048,3,-,faceswap-wav2lip,D,FakeVideo-FakeAudio,Caucasian (American),men,00160_3_id00945_wavtolip.mp4,FakeAVCeleb/FakeVideo-FakeAudio/Caucasian (American)/men/id01048,FakeAVCeleb_v1.2/FakeVideo-FakeAudio/Caucasian (American)/men/id01048/00160_3_id00945_wavtolip.mp4,../data/raw/FakeAVCeleb_v1.2/FakeVideo-FakeAudio/Caucasian (American)/men/id01048/00160_3_id00945_wavtolip.mp4,1827_FakeVideo-FakeAudio,5,True,../data/processed/frames,../data/processed/audio/1827_FakeVideo-FakeAudio.wav
id00025,id00458,-,wav2lip,D,FakeVideo-FakeAudio,Caucasian (American),women,00025_id00458_wavtolip.mp4,FakeAVCeleb/FakeVideo-FakeAudio/Caucasian (American)/women/id00025,FakeAVCeleb_v1.2/FakeVideo-FakeAudio/Caucasian (American)/women/id00025/00025_id00458_wavtolip.mp4,../data/raw/FakeAVCeleb_v1.2/FakeVideo-FakeAudio/Caucasian (American)/women/id00025/00025_id00458_wavtolip.mp4,1828_FakeVideo-FakeAudio,5,True,../data/processed/frames,../data/processed/audio/1828_FakeVideo-FakeAudio.wav
id05631,id09181,-,wav2lip,D,FakeVideo-FakeAudio,Asian (East),women,00073_id09181_wavtolip.mp4,FakeAVCeleb/FakeVideo-FakeAudio/Asian (East)/women/id05631,FakeAVCeleb_v1.2/FakeVideo-FakeAudio/Asian (East)/women/id05631/00073_id09181_wavtolip.mp4,../data/raw/FakeAVCeleb_v1.2/FakeVideo-FakeAudio/Asian (East)/women/id05631/00073_id09181_wavtolip.mp4,1829_FakeVideo-FakeAudio,5,True,../data/processed/frames,../data/processed/audio/1829_FakeVideo-FakeAudio.wav
id07051,id06428,-,wav2lip,D,FakeVideo-FakeAudio,Asian (South),women,00083_id06428_wavtolip.mp4,FakeAVCeleb/FakeVideo-FakeAudio/Asian (South)/women/id07051,FakeAVCeleb_v1.2/FakeVideo-FakeAudio/Asian (South)/women/id07051/00083_id06428_wavtolip.mp4,../data/raw/FakeAVCeleb_v1.2/FakeVideo-FakeAudio/Asian (South)/women/id07051/00083_id06428_wavtolip.mp4,1830_FakeVideo-FakeAudio,5,True,../data/processed/frames,../data/processed/audio/1830_FakeVideo-FakeAudio.wav
id05920,id05845,faceswap,faceswap-wav2lip,D,FakeVideo-FakeAudio,Asian (South),women,00161_id05845_XfMHm6CEwPw_faceswap_id00043_wavtolip.mp4,FakeAVCeleb/FakeVideo-FakeAudio/Asian (South)/women/id05920,FakeAVCeleb_v1.2/FakeVideo-FakeAudio/Asian (South)/women/id05920/00161_id05845_XfMHm6CEwPw_faceswap_id00043_wavtolip.mp4,../data/raw/FakeAVCeleb_v1.2/FakeVideo-FakeAudio/Asian (South)/women/id05920/00161_id05845_XfMHm6CEwPw_faceswap_id00043_wavtolip.mp4,1831_FakeVideo-FakeAudio,5,True,../data/processed/frames,../data/processed/audio/1831_FakeVideo-FakeAudio.wav
id01157,id00554,faceswap,faceswap-wav2lip,D,FakeVideo-FakeAudio,Caucasian (European),men,00048_id00554_crjq1dFN1Ko_faceswap_id00559_wavtolip.mp4,FakeAVCeleb/FakeVideo-FakeAudio/Caucasian (European)/men/id01157,FakeAVCeleb_v1.2/FakeVideo-FakeAudio/Caucasian (European)/men/id01157/00048_id00554_crjq1dFN1Ko_faceswap_id00559_wavtolip.mp4,../data/raw/FakeAVCeleb_v1.2/FakeVideo-FakeAudio/Caucasian (European)/men/id01157/00048_id00554_crjq1dFN1Ko_faceswap_id00559_wavtolip.mp4,1832_FakeVideo-FakeAudio,5,True,../data/processed/frames,../data/processed/audio/1832_FakeVideo-FakeAudio.wav
id00187,id01157,-,wav2lip,D,FakeVideo-FakeAudio,Caucasian (European),men,00360_id01157_wavtolip.mp4,FakeAVCeleb/FakeVideo-FakeAudio/Caucasian (European)/men/id00187,FakeAVCeleb_v1.2/FakeVideo-FakeAudio/Caucasian (European)/men/id00187/00360_id01157_wavtolip.mp4,../data/raw/FakeAVCeleb_v1.2/FakeVideo-FakeAudio/Caucasian (European)/men/id00187/00360_id01157_wavtolip.mp4,1833_FakeVideo-FakeAudio,5,True,../data/processed/frames,../data/processed/audio/1833_FakeVideo-FakeAudio.wav
id06752,2,-,faceswap-wav2lip,D,FakeVideo-FakeAudio,Asian (South),women,00221_2_id02310_wavtolip.mp4,FakeAVCeleb/FakeVideo-FakeAudio/Asian (South)/women/id06752,FakeAVCeleb_v1.2/FakeVideo-FakeAudio/Asian (South)/women/id06752/00221_2_id02310_wavtolip.mp4,../data/raw/FakeAVCeleb_v1.2/FakeVideo-FakeAudio/Asian (South)/women/id06752/00221_2_id02310_wavtolip.mp4,1834_FakeVideo-FakeAudio,5,True,../data/processed/frames,../data/processed/audio/1834_FakeVideo-FakeAudio.wav
id00520,id01156,id00241,fsgan-wav2lip,D,FakeVideo-FakeAudio,Caucasian (European),men,00187_id01156_RT99eogJo4k_id00241_wavtolip.mp4,FakeAVCeleb/FakeVideo-FakeAudio/Caucasian (European)/men/id00520,FakeAVCeleb_v1.2/FakeVideo-FakeAudio/Caucasian (European)/men/id00520/00187_id01156_RT99eogJo4k_id00241_wavtolip.mp4,../data/raw/FakeAVCeleb_v1.2/FakeVideo-FakeAudio/Caucasian (European)/men/id00520/00187_id01156_RT99eogJo4k_id00241_wavtolip.mp4,1835_FakeVideo-FakeAudio,5,True,../data/processed/frames,../data/processed/audio/1835_FakeVideo-FakeAudio.wav
id04057,id09171,faceswap,faceswap-wav2lip,D,FakeVideo-FakeAudio,Asian (East),women,00015_id09171_B-JRLp6chC0_faceswap_id06065_wavtolip.mp4,FakeAVCeleb/FakeVideo-FakeAudio/Asian (East)/women/id04057,FakeAVCeleb_v1.2/FakeVideo-FakeAudio/Asian (East)/women/id04057/00015_id09171_B-JRLp6chC0_faceswap_id06065_wavtolip.mp4,../data/raw/FakeAVCeleb_v1.2/FakeVideo-FakeAudio/Asian (East)/women/id04057/00015_id09171_B-JRLp6chC0_faceswap_id06065_wavtolip.mp4,1836_FakeVideo-FakeAudio,4,True,../data/processed/frames,../data/processed/audio/1836_FakeVideo-FakeAudio.wav
id01051,id00265,-,wav2lip,D,FakeVideo-FakeAudio,Caucasian (European),men,00322_id00265_wavtolip.mp4,FakeAVCeleb/FakeVideo-FakeAudio/Caucasian (European)/men/id01051,FakeAVCeleb_v1.2/FakeVideo-FakeAudio/Caucasian (European)/men/id01051/00322_id00265_wavtolip.mp4,../data/raw/FakeAVCeleb_v1.2/FakeVideo-FakeAudio/Caucasian (European)/men/id01051/00322_id00265_wavtolip.mp4,1837_FakeVideo-FakeAudio,5,True,../data/processed/frames,../data/processed/audio/1837_FakeVideo-FakeAudio.wav
id01856,id00944,-,wav2lip,D,FakeVideo-FakeAudio,African,men,00006_id00944_wavtolip.mp4,FakeAVCeleb/FakeVideo-FakeAudio/African/men/id01856,FakeAVCeleb_v1.2/FakeVideo-FakeAudio/African/men/id01856/00006_id00944_wavtolip.mp4,../data/raw/FakeAVCeleb_v1.2/FakeVideo-FakeAudio/African/men/id01856/00006_id00944_wavtolip.mp4,1838_FakeVideo-FakeAudio,2,True,../data/processed/frames,../data/processed/audio/1838_FakeVideo-FakeAudio.wav
id09116,id00430,faceswap,faceswap-wav2lip,D,FakeVideo-FakeAudio,Asian (East),women,00026_id00430_q7jhSsGElK4_faceswap_id06158_wavtolip.mp4,FakeAVCeleb/FakeVideo-FakeAudio/Asian (East)/women/id09116,FakeAVCeleb_v1.2/FakeVideo-FakeAudio/Asian (East)/women/id09116/00026_id00430_q7jhSsGElK4_faceswap_id06158_wavtolip.mp4,../data/raw/FakeAVCeleb_v1.2/FakeVideo-FakeAudio/Asian (East)/women/id09116/00026_id00430_q7jhSsGElK4_faceswap_id06158_wavtolip.mp4,1840_FakeVideo-FakeAudio,5,True,../data/processed/frames,../data/processed/audio/1840_FakeVideo-FakeAudio.wav
id00098,id00616,faceswap,faceswap-wav2lip,D,FakeVideo-FakeAudio,Caucasian (American),women,00004_id00616_xT51pPmksJw_faceswap_id00097_wavtolip.mp4,FakeAVCeleb/FakeVideo-FakeAudio/Caucasian (American)/women/id00098,FakeAVCeleb_v1.2/FakeVideo-FakeAudio/Caucasian (American)/women/id00098/00004_id00616_xT51pPmksJw_faceswap_id00097_wavtolip.mp4,../data/raw/FakeAVCeleb_v1.2/FakeVideo-FakeAudio/Caucasian (American)/women/id00098/00004_id00616_xT51pPmksJw_faceswap_id00097_wavtolip.mp4,1841_FakeVideo-FakeAudio,5,True,../data/processed/frames,../data/processed/audio/1841_FakeVideo-FakeAudio.wav
id01528,id01236,-,wav2lip,D,FakeVideo-FakeAudio,African,men,00017_id01236_wavtolip.mp4,FakeAVCeleb/FakeVideo-FakeAudio/African/men/id01528,FakeAVCeleb_v1.2/FakeVideo-FakeAudio/African/men/id01528/00017_id01236_wavtolip.mp4,../data/raw/FakeAVCeleb_v1.2/FakeVideo-FakeAudio/African/men/id01528/00017_id01236_wavtolip.mp4,1842_FakeVideo-FakeAudio,1,True,../data/processed/frames,../data/processed/audio/1842_FakeVideo-FakeAudio.wav
id03757,id01172,id01105,fsgan-wav2lip,D,FakeVideo-FakeAudio,Caucasian (American),men,00149_id01172_8f8sdrQatpw_id01105_wavtolip.mp4,FakeAVCeleb/FakeVideo-FakeAudio/Caucasian (American)/men/id03757,FakeAVCeleb_v1.2/FakeVideo-FakeAudio/Caucasian (American)/men/id03757/00149_id01172_8f8sdrQatpw_id01105_wavtolip.mp4,../data/raw/FakeAVCeleb_v1.2/FakeVideo-FakeAudio/Caucasian (American)/men/id03757/00149_id01172_8f8sdrQatpw_id01105_wavtolip.mp4,1843_FakeVideo-FakeAudio,5,True,../data/processed/frames,../data/processed/audio/1843_FakeVideo-FakeAudio.wav
id00943,id01210,-,wav2lip,D,FakeVideo-FakeAudio,Caucasian (American),men,00304_id01210_wavtolip.mp4,FakeAVCeleb/FakeVideo-FakeAudio/Caucasian (American)/men/id00943,FakeAVCeleb_v1.2/FakeVideo-FakeAudio/Caucasian (American)/men/id00943/00304_id01210_wavtolip.mp4,../data/raw/FakeAVCeleb_v1.2/FakeVideo-FakeAudio/Caucasian (American)/men/id00943/00304_id01210_wavtolip.mp4,1844_FakeVideo-FakeAudio,5,True,../data/processed/frames,../data/processed/audio/1844_FakeVideo-FakeAudio.wav
id04726,id05332,-,wav2lip,D,FakeVideo-FakeAudio,Asian (East),men,00245_id05332_wavtolip.mp4,FakeAVCeleb/FakeVideo-FakeAudio/Asian (East)/men/id04726,FakeAVCeleb_v1.2/FakeVideo-FakeAudio/Asian (East)/men/id04726/00245_id05332_wavtolip.mp4,../data/raw/FakeAVCeleb_v1.2/FakeVideo-FakeAudio/Asian (East)/men/id04726/00245_id05332_wavtolip.mp4,1845_FakeVideo-FakeAudio,4,True,../data/processed/frames,../data/processed/audio/1845_FakeVideo-FakeAudio.wav
id00826,id03651,-,wav2lip,D,FakeVideo-FakeAudio,Caucasian (European),women,00065_id03651_wavtolip.mp4,FakeAVCeleb/FakeVideo-FakeAudio/Caucasian (European)/women/id00826,FakeAVCeleb_v1.2/FakeVideo-FakeAudio/Caucasian (European)/women/id00826/00065_id03651_wavtolip.mp4,../data/raw/FakeAVCeleb_v1.2/FakeVideo-FakeAudio/Caucasian (European)/women/id00826/00065_id03651_wavtolip.mp4,1846_FakeVideo-FakeAudio,5,True,../data/processed/frames,../data/processed/audio/1846_FakeVideo-FakeAudio.wav
id01717,id00366,id02268,fsgan-wav2lip,D,FakeVideo-FakeAudio,African,men,00005_id00366_RSOgEoek8WM_id02268_wavtolip.mp4,FakeAVCeleb/FakeVideo-FakeAudio/African/men/id01717,FakeAVCeleb_v1.2/FakeVideo-FakeAudio/African/men/id01717/00005_id00366_RSOgEoek8WM_id02268_wavtolip.mp4,../data/raw/FakeAVCeleb_v1.2/FakeVideo-FakeAudio/African/men/id01717/00005_id00366_RSOgEoek8WM_id02268_wavtolip.mp4,1847_FakeVideo-FakeAudio,2,True,../data/processed/frames,../data/processed/audio/1847_FakeVideo-FakeAudio.wav
id01204,id09143,faceswap,faceswap-wav2lip,D,FakeVideo-FakeAudio,Asian (East),men,00092_id09143_rnD7HryoyLY_faceswap_id06470_wavtolip.mp4,FakeAVCeleb/FakeVideo-FakeAudio/Asian (East)/men/id01204,FakeAVCeleb_v1.2/FakeVideo-FakeAudio/Asian (East)/men/id01204/00092_id09143_rnD7HryoyLY_faceswap_id06470_wavtolip.mp4,../data/raw/FakeAVCeleb_v1.2/FakeVideo-FakeAudio/Asian (East)/men/id01204/00092_id09143_rnD7HryoyLY_faceswap_id06470_wavtolip.mp4,1848_FakeVideo-FakeAudio,5,True,../data/processed/frames,../data/processed/audio/1848_FakeVideo-FakeAudio.wav
id00428,id01005,faceswap,faceswap-wav2lip,D,FakeVideo-FakeAudio,Caucasian (American),women,00017_id01005_lJZrqhcRFSA_faceswap_id00835_wavtolip.mp4,FakeAVCeleb/FakeVideo-FakeAudio/Caucasian (American)/women/id00428,FakeAVCeleb_v1.2/FakeVideo-FakeAudio/Caucasian (American)/women/id00428/00017_id01005_lJZrqhcRFSA_faceswap_id00835_wavtolip.mp4,../data/raw/FakeAVCeleb_v1.2/FakeVideo-FakeAudio/Caucasian (American)/women/id00428/00017_id01005_lJZrqhcRFSA_faceswap_id00835_wavtolip.mp4,1849_FakeVideo-FakeAudio,5,True,../data/processed/frames,../data/processed/audio/1849_FakeVideo-FakeAudio.wav
id00272,id00458,-,wav2lip,D,FakeVideo-FakeAudio,Caucasian (American),women,00195_id00458_wavtolip.mp4,FakeAVCeleb/FakeVideo-FakeAudio/Caucasian (American)/women/id00272,FakeAVCeleb_v1.2/FakeVideo-FakeAudio/Caucasian (American)/women/id00272/00195_id00458_wavtolip.mp4,../data/raw/FakeAVCeleb_v1.2/FakeVideo-FakeAudio/Caucasian (American)/women/id00272/00195_id00458_wavtolip.mp4,1850_FakeVideo-FakeAudio,5,True,../data/processed/frames,../data/processed/audio/1850_FakeVideo-FakeAudio.wav
id00184,id00087,id00020,fsgan-wav2lip,D,FakeVideo-FakeAudio,Caucasian (American),men,00241_id00087_0ZbOp9FgZf8_id00020_wavtolip.mp4,FakeAVCeleb/FakeVideo-FakeAudio/Caucasian (American)/men/id00184,FakeAVCeleb_v1.2/FakeVideo-FakeAudio/Caucasian (American)/men/id00184/00241_id00087_0ZbOp9FgZf8_id00020_wavtolip.mp4,../data/raw/FakeAVCeleb_v1.2/FakeVideo-FakeAudio/Caucasian (American)/men/id00184/00241_id00087_0ZbOp9FgZf8_id00020_wavtolip.mp4,1851_FakeVideo-FakeAudio,5,True,../data/processed/frames,../data/processed/audio/1851_FakeVideo-FakeAudio.wav
id00478,id01528,-,wav2lip,D,FakeVideo-FakeAudio,African,men,00206_id01528_wavtolip.mp4,FakeAVCeleb/FakeVideo-FakeAudio/African/men/id00478,FakeAVCeleb_v1.2/FakeVideo-FakeAudio/African/men/id00478/00206_id01528_wavtolip.mp4,../data/raw/FakeAVCeleb_v1.2/FakeVideo-FakeAudio/African/men/id00478/00206_id01528_wavtolip.mp4,1852_FakeVideo-FakeAudio,3,True,../data/processed/frames,../data/processed/audio/1852_FakeVideo-FakeAudio.wav
id07463,id04562,Gs7wjvY,fsgan-wav2lip,D,FakeVideo-FakeAudio,Asian (South),men,00028_id04562_qio_Gs7wjvY_id04554_wavtolip.mp4,FakeAVCeleb/FakeVideo-FakeAudio/Asian (South)/men/id07463,FakeAVCeleb_v1.2/FakeVideo-FakeAudio/Asian (South)/men/id07463/00028_id04562_qio_Gs7wjvY_id04554_wavtolip.mp4,../data/raw/FakeAVCeleb_v1.2/FakeVideo-FakeAudio/Asian (South)/men/id07463/00028_id04562_qio_Gs7wjvY_id04554_wavtolip.mp4,1853_FakeVideo-FakeAudio,3,True,../data/processed/frames,../data/processed/audio/1853_FakeVideo-FakeAudio.wav
id03696,id00575,id01223,fsgan-wav2lip,D,FakeVideo-FakeAudio,Caucasian (American),women,00160_id00575_iPfJcAJQ84Y_id01223_wavtolip.mp4,FakeAVCeleb/FakeVideo-FakeAudio/Caucasian (American)/women/id03696,FakeAVCeleb_v1.2/FakeVideo-FakeAudio/Caucasian (American)/women/id03696/00160_id00575_iPfJcAJQ84Y_id01223_wavtolip.mp4,../data/raw/FakeAVCeleb_v1.2/FakeVideo-FakeAudio/Caucasian (American)/women/id03696/00160_id00575_iPfJcAJQ84Y_id01223_wavtolip.mp4,1854_FakeVideo-FakeAudio,1,True,../data/processed/frames,../data/processed/audio/1854_FakeVideo-FakeAudio.wav
id00166,id01637,faceswap,faceswap-wav2lip,D,FakeVideo-FakeAudio,African,men,00010_id01637_5VjcPZm8knM_faceswap_id01598_wavtolip.mp4,FakeAVCeleb/FakeVideo-FakeAudio/African/men/id00166,FakeAVCeleb_v1.2/FakeVideo-FakeAudio/African/men/id00166/00010_id01637_5VjcPZm8knM_faceswap_id01598_wavtolip.mp4,../data/raw/FakeAVCeleb_v1.2/FakeVideo-FakeAudio/African/men/id00166/00010_id01637_5VjcPZm8knM_faceswap_id01598_wavtolip.mp4,1855_FakeVideo-FakeAudio,5,True,../data/processed/frames,../data/processed/audio/1855_FakeVideo-FakeAudio.wav
id01126,id01099,id01126,fsgan-wav2lip,D,FakeVideo-FakeAudio,Caucasian (European),men,00040_id01099_ZpgbIKxzkrg_id01126_wavtolip.mp4,FakeAVCeleb/FakeVideo-FakeAudio/Caucasian (European)/men/id01126,FakeAVCeleb_v1.2/FakeVideo-FakeAudio/Caucasian (European)/men/id01126/00040_id01099_ZpgbIKxzkrg_id01126_wavtolip.mp4,../data/raw/FakeAVCeleb_v1.2/FakeVideo-FakeAudio/Caucasian (European)/men/id01126/00040_id01099_ZpgbIKxzkrg_id01126_wavtolip.mp4,1856_FakeVideo-FakeAudio,4,True,../data/processed/frames,../data/processed/audio/1856_FakeVideo-FakeAudio.wav
id03656,3,-,faceswap-wav2lip,D,FakeVideo-FakeAudio,African,women,00052_3_id00371_wavtolip.mp4,FakeAVCeleb/FakeVideo-FakeAudio/African/women/id03656,FakeAVCeleb_v1.2/FakeVideo-FakeAudio/African/women/id03656/00052_3_id00371_wavtolip.mp4,../data/raw/FakeAVCeleb_v1.2/FakeVideo-FakeAudio/African/women/id03656/00052_3_id00371_wavtolip.mp4,1857_FakeVideo-FakeAudio,5,True,../data/processed/frames,../data/processed/audio/1857_FakeVideo-FakeAudio.wav
id04939,id01783,-,wav2lip,D,FakeVideo-FakeAudio,African,women,00174_id01783_wavtolip.mp4,FakeAVCeleb/FakeVideo-FakeAudio/African/women/id04939,FakeAVCeleb_v1.2/FakeVideo-FakeAudio/African/women/id04939/00174_id01783_wavtolip.mp4,../data/raw/FakeAVCeleb_v1.2/FakeVideo-FakeAudio/African/women/id04939/00174_id01783_wavtolip.mp4,1858_FakeVideo-FakeAudio,4,True,../data/processed/frames,../data/processed/audio/1858_FakeVideo-FakeAudio.wav
id00680,id00398,-,wav2lip,D,FakeVideo-FakeAudio,Caucasian (American),women,00110_id00398_wavtolip.mp4,FakeAVCeleb/FakeVideo-FakeAudio/Caucasian (American)/women/id00680,FakeAVCeleb_v1.2/FakeVideo-FakeAudio/Caucasian (American)/women/id00680/00110_id00398_wavtolip.mp4,../data/raw/FakeAVCeleb_v1.2/FakeVideo-FakeAudio/Caucasian (American)/women/id00680/00110_id00398_wavtolip.mp4,1859_FakeVideo-FakeAudio,5,True,../data/processed/frames,../data/processed/audio/1859_FakeVideo-FakeAudio.wav
id01126,id00535,faceswap,faceswap-wav2lip,D,FakeVideo-FakeAudio,Caucasian (European),men,00040_id00535_BhvTIJ-YG5s_faceswap_id00981_wavtolip.mp4,FakeAVCeleb/FakeVideo-FakeAudio/Caucasian (European)/men/id01126,FakeAVCeleb_v1.2/FakeVideo-FakeAudio/Caucasian (European)/men/id01126/00040_id00535_BhvTIJ-YG5s_faceswap_id00981_wavtolip.mp4,../data/raw/FakeAVCeleb_v1.2/FakeVideo-FakeAudio/Caucasian (European)/men/id01126/00040_id00535_BhvTIJ-YG5s_faceswap_id00981_wavtolip.mp4,1860_FakeVideo-FakeAudio,5,True,../data/processed/frames,../data/processed/audio/1860_FakeVideo-FakeAudio.wav
id06428,id07008,-,wav2lip,D,FakeVideo-FakeAudio,Asian (South),women,00043_id07008_wavtolip.mp4,FakeAVCeleb/FakeVideo-FakeAudio/Asian (South)/women/id06428,FakeAVCeleb_v1.2/FakeVideo-FakeAudio/Asian (South)/women/id06428/00043_id07008_wavtolip.mp4,../data/raw/FakeAVCeleb_v1.2/FakeVideo-FakeAudio/Asian (South)/women/id06428/00043_id07008_wavtolip.mp4,1861_FakeVideo-FakeAudio,5,True,../data/processed/frames,../data/processed/audio/1861_FakeVideo-FakeAudio.wav
id00060,id00777,-,wav2lip,D,FakeVideo-FakeAudio,Caucasian (American),men,00307_id00777_wavtolip.mp4,FakeAVCeleb/FakeVideo-FakeAudio/Caucasian (American)/men/id00060,FakeAVCeleb_v1.2/FakeVideo-FakeAudio/Caucasian (American)/men/id00060/00307_id00777_wavtolip.mp4,../data/raw/FakeAVCeleb_v1.2/FakeVideo-FakeAudio/Caucasian (American)/men/id00060/00307_id00777_wavtolip.mp4,1862_FakeVideo-FakeAudio,4,True,../data/processed/frames,../data/processed/audio/1862_FakeVideo-FakeAudio.wav
id00752,id00848,-,wav2lip,D,FakeVideo-FakeAudio,Caucasian (American),women,00340_id00848_wavtolip.mp4,FakeAVCeleb/FakeVideo-FakeAudio/Caucasian (American)/women/id00752,FakeAVCeleb_v1.2/FakeVideo-FakeAudio/Caucasian (American)/women/id00752/00340_id00848_wavtolip.mp4,../data/raw/FakeAVCeleb_v1.2/FakeVideo-FakeAudio/Caucasian (American)/women/id00752/00340_id00848_wavtolip.mp4,1863_FakeVideo-FakeAudio,5,True,../data/processed/frames,../data/processed/audio/1863_FakeVideo-FakeAudio.wav
id04070,id07051,-,wav2lip,D,FakeVideo-FakeAudio,Asian (South),women,00072_id07051_wavtolip.mp4,FakeAVCeleb/FakeVideo-FakeAudio/Asian (South)/women/id04070,FakeAVCeleb_v1.2/FakeVideo-FakeAudio/Asian (South)/women/id04070/00072_id07051_wavtolip.mp4,../data/raw/FakeAVCeleb_v1.2/FakeVideo-FakeAudio/Asian (South)/women/id04070/00072_id07051_wavtolip.mp4,1864_FakeVideo-FakeAudio,5,True,../data/processed/frames,../data/processed/audio/1864_FakeVideo-FakeAudio.wav
id09053,id06470,id07102,fsgan-wav2lip,D,FakeVideo-FakeAudio,Asian (East),men,00005_id06470_XoAiqCrOlyk_id07102_wavtolip.mp4,FakeAVCeleb/FakeVideo-FakeAudio/Asian (East)/men/id09053,FakeAVCeleb_v1.2/FakeVideo-FakeAudio/Asian (East)/men/id09053/00005_id06470_XoAiqCrOlyk_id07102_wavtolip.mp4,../data/raw/FakeAVCeleb_v1.2/FakeVideo-FakeAudio/Asian (East)/men/id09053/00005_id06470_XoAiqCrOlyk_id07102_wavtolip.mp4,1866_FakeVideo-FakeAudio,3,True,../data/processed/frames,../data/processed/audio/1866_FakeVideo-FakeAudio.wav
id06428,id07051,faceswap,faceswap-wav2lip,D,FakeVideo-FakeAudio,Asian (South),women,00043_id07051_d1c0Pl2aP_4_faceswap_id06254_wavtolip.mp4,FakeAVCeleb/FakeVideo-FakeAudio/Asian (South)/women/id06428,FakeAVCeleb_v1.2/FakeVideo-FakeAudio/Asian (South)/women/id06428/00043_id07051_d1c0Pl2aP_4_faceswap_id06254_wavtolip.mp4,../data/raw/FakeAVCeleb_v1.2/FakeVideo-FakeAudio/Asian (South)/women/id06428/00043_id07051_d1c0Pl2aP_4_faceswap_id06254_wavtolip.mp4,1867_FakeVideo-FakeAudio,4,True,../data/processed/frames,../data/processed/audio/1867_FakeVideo-FakeAudio.wav
id00535,id00919,faceswap,faceswap-wav2lip,D,FakeVideo-FakeAudio,Caucasian (European),men,00005_id00919_XDUn0Pskyrk_faceswap_id00368_wavtolip.mp4,FakeAVCeleb/FakeVideo-FakeAudio/Caucasian (European)/men/id00535,FakeAVCeleb_v1.2/FakeVideo-FakeAudio/Caucasian (European)/men/id00535/00005_id00919_XDUn0Pskyrk_faceswap_id00368_wavtolip.mp4,../data/raw/FakeAVCeleb_v1.2/FakeVideo-FakeAudio/Caucasian (European)/men/id00535/00005_id00919_XDUn0Pskyrk_faceswap_id00368_wavtolip.mp4,1868_FakeVideo-FakeAudio,5,True,../data/processed/frames,../data/processed/audio/1868_FakeVideo-FakeAudio.wav
id01048,id01192,id00052,fsgan-wav2lip,D,FakeVideo-FakeAudio,Caucasian (American),men,00160_id01192_kAht8HG7-1s_id00052_wavtolip.mp4,FakeAVCeleb/FakeVideo-FakeAudio/Caucasian (American)/men/id01048,FakeAVCeleb_v1.2/FakeVideo-FakeAudio/Caucasian (American)/men/id01048/00160_id01192_kAht8HG7-1s_id00052_wavtolip.mp4,../data/raw/FakeAVCeleb_v1.2/FakeVideo-FakeAudio/Caucasian (American)/men/id01048/00160_id01192_kAht8HG7-1s_id00052_wavtolip.mp4,1869_FakeVideo-FakeAudio,4,True,../data/processed/frames,../data/processed/audio/1869_FakeVideo-FakeAudio.wav
id05435,id03897,-,wav2lip,D,FakeVideo-FakeAudio,Asian (South),women,00107_id03897_wavtolip.mp4,FakeAVCeleb/FakeVideo-FakeAudio/Asian (South)/women/id05435,FakeAVCeleb_v1.2/FakeVideo-FakeAudio/Asian (South)/women/id05435/00107_id03897_wavtolip.mp4,../data/raw/FakeAVCeleb_v1.2/FakeVideo-FakeAudio/Asian (South)/women/id05435/00107_id03897_wavtolip.mp4,1870_FakeVideo-FakeAudio,5,True,../data/processed/frames,../data/processed/audio/1870_FakeVideo-FakeAudio.wav
id06388,id09171,id00579,fsgan-wav2lip,D,FakeVideo-FakeAudio,Asian (East),women,00005_id09171_B-JRLp6chC0_id00579_wavtolip.mp4,FakeAVCeleb/FakeVideo-FakeAudio/Asian (East)/women/id06388,FakeAVCeleb_v1.2/FakeVideo-FakeAudio/Asian (East)/women/id06388/00005_id09171_B-JRLp6chC0_id00579_wavtolip.mp4,../data/raw/FakeAVCeleb_v1.2/FakeVideo-FakeAudio/Asian (East)/women/id06388/00005_id09171_B-JRLp6chC0_id00579_wavtolip.mp4,1871_FakeVideo-FakeAudio,5,True,../data/processed/frames,../data/processed/audio/1871_FakeVideo-FakeAudio.wav
id00126,id01212,-,wav2lip,D,FakeVideo-FakeAudio,Asian (East),men,00173_id01212_wavtolip.mp4,FakeAVCeleb/FakeVideo-FakeAudio/Asian (East)/men/id00126,FakeAVCeleb_v1.2/FakeVideo-FakeAudio/Asian (East)/men/id00126/00173_id01212_wavtolip.mp4,../data/raw/FakeAVCeleb_v1.2/FakeVideo-FakeAudio/Asian (East)/men/id00126/00173_id01212_wavtolip.mp4,1872_FakeVideo-FakeAudio,4,True,../data/processed/frames,../data/processed/audio/1872_FakeVideo-FakeAudio.wav
id01217,id00097,id00190,fsgan-wav2lip,D,FakeVideo-FakeAudio,Caucasian (American),women,00005_id00097_PchMB8-P1lw_id00190_wavtolip.mp4,FakeAVCeleb/FakeVideo-FakeAudio/Caucasian (American)/women/id01217,FakeAVCeleb_v1.2/FakeVideo-FakeAudio/Caucasian (American)/women/id01217/00005_id00097_PchMB8-P1lw_id00190_wavtolip.mp4,../data/raw/FakeAVCeleb_v1.2/FakeVideo-FakeAudio/Caucasian (American)/women/id01217/00005_id00097_PchMB8-P1lw_id00190_wavtolip.mp4,1873_FakeVideo-FakeAudio,5,True,../data/processed/frames,../data/processed/audio/1873_FakeVideo-FakeAudio.wav
id07136,0,-,faceswap-wav2lip,D,FakeVideo-FakeAudio,Asian (South),women,00052_0_id00488_wavtolip.mp4,FakeAVCeleb/FakeVideo-FakeAudio/Asian (South)/women/id07136,FakeAVCeleb_v1.2/FakeVideo-FakeAudio/Asian (South)/women/id07136/00052_0_id00488_wavtolip.mp4,../data/raw/FakeAVCeleb_v1.2/FakeVideo-FakeAudio/Asian (South)/women/id07136/00052_0_id00488_wavtolip.mp4,1874_FakeVideo-FakeAudio,5,True,../data/processed/frames,../data/processed/audio/1874_FakeVideo-FakeAudio.wav
id04222,id02365,-,wav2lip,D,FakeVideo-FakeAudio,Asian (East),men,00078_id02365_wavtolip.mp4,FakeAVCeleb/FakeVideo-FakeAudio/Asian (East)/men/id04222,FakeAVCeleb_v1.2/FakeVideo-FakeAudio/Asian (East)/men/id04222/00078_id02365_wavtolip.mp4,../data/raw/FakeAVCeleb_v1.2/FakeVideo-FakeAudio/Asian (East)/men/id04222/00078_id02365_wavtolip.mp4,1875_FakeVideo-FakeAudio,3,True,../data/processed/frames,../data/processed/audio/1875_FakeVideo-FakeAudio.wav
id00052,0,-,faceswap-wav2lip,D,FakeVideo-FakeAudio,Caucasian (American),men,00015_0_id04034_wavtolip.mp4,FakeAVCeleb/FakeVideo-FakeAudio/Caucasian (American)/men/id00052,FakeAVCeleb_v1.2/FakeVideo-FakeAudio/Caucasian (American)/men/id00052/00015_0_id04034_wavtolip.mp4,../data/raw/FakeAVCeleb_v1.2/FakeVideo-FakeAudio/Caucasian (American)/men/id00052/00015_0_id04034_wavtolip.mp4,1876_FakeVideo-FakeAudio,5,True,../data/processed/frames,../data/processed/audio/1876_FakeVideo-FakeAudio.wav
id01026,id00417,id00043,fsgan-wav2lip,D,FakeVideo-FakeAudio,Asian (South),women,00083_id00417_GhIZam3v09g_id00043_wavtolip.mp4,FakeAVCeleb/FakeVideo-FakeAudio/Asian (South)/women/id01026,FakeAVCeleb_v1.2/FakeVideo-FakeAudio/Asian (South)/women/id01026/00083_id00417_GhIZam3v09g_id00043_wavtolip.mp4,../data/raw/FakeAVCeleb_v1.2/FakeVideo-FakeAudio/Asian (South)/women/id01026/00083_id00417_GhIZam3v09g_id00043_wavtolip.mp4,1877_FakeVideo-FakeAudio,5,True,../data/processed/frames,../data/processed/audio/1877_FakeVideo-FakeAudio.wav
id00518,id00781,-,wav2lip,D,FakeVideo-FakeAudio,African,men,00031_id00781_wavtolip.mp4,FakeAVCeleb/FakeVideo-FakeAudio/African/men/id00518,FakeAVCeleb_v1.2/FakeVideo-FakeAudio/African/men/id00518/00031_id00781_wavtolip.mp4,../data/raw/FakeAVCeleb_v1.2/FakeVideo-FakeAudio/African/men/id00518/00031_id00781_wavtolip.mp4,1879_FakeVideo-FakeAudio,3,True,../data/processed/frames,../data/processed/audio/1879_FakeVideo-FakeAudio.wav
id00180,id02464,-,wav2lip,D,FakeVideo-FakeAudio,Caucasian (American),women,00206_id02464_wavtolip.mp4,FakeAVCeleb/FakeVideo-FakeAudio/Caucasian (American)/women/id00180,FakeAVCeleb_v1.2/FakeVideo-FakeAudio/Caucasian (American)/women/id00180/00206_id02464_wavtolip.mp4,../data/raw/FakeAVCeleb_v1.2/FakeVideo-FakeAudio/Caucasian (American)/women/id00180/00206_id02464_wavtolip.mp4,1880_FakeVideo-FakeAudio,5,True,../data/processed/frames,../data/processed/audio/1880_FakeVideo-FakeAudio.wav
id00180,id00097,-,wav2lip,D,FakeVideo-FakeAudio,Caucasian (American),women,00206_id00097_wavtolip.mp4,FakeAVCeleb/FakeVideo-FakeAudio/Caucasian (American)/women/id00180,FakeAVCeleb_v1.2/FakeVideo-FakeAudio/Caucasian (American)/women/id00180/00206_id00097_wavtolip.mp4,../data/raw/FakeAVCeleb_v1.2/FakeVideo-FakeAudio/Caucasian (American)/women/id00180/00206_id00097_wavtolip.mp4,1881_FakeVideo-FakeAudio,5,True,../data/processed/frames,../data/processed/audio/1881_FakeVideo-FakeAudio.wav
id00575,id01091,-,wav2lip,D,FakeVideo-FakeAudio,Caucasian (American),women,00092_id01091_wavtolip.mp4,FakeAVCeleb/FakeVideo-FakeAudio/Caucasian (American)/women/id00575,FakeAVCeleb_v1.2/FakeVideo-FakeAudio/Caucasian (American)/women/id00575/00092_id01091_wavtolip.mp4,../data/raw/FakeAVCeleb_v1.2/FakeVideo-FakeAudio/Caucasian (American)/women/id00575/00092_id01091_wavtolip.mp4,1882_FakeVideo-FakeAudio,1,True,../data/processed/frames,../data/processed/audio/1882_FakeVideo-FakeAudio.wav
id00350,id07179,-,wav2lip,D,FakeVideo-FakeAudio,Asian (South),men,00015_id07179_wavtolip.mp4,FakeAVCeleb/FakeVideo-FakeAudio/Asian (South)/men/id00350,FakeAVCeleb_v1.2/FakeVideo-FakeAudio/Asian (South)/men/id00350/00015_id07179_wavtolip.mp4,../data/raw/FakeAVCeleb_v1.2/FakeVideo-FakeAudio/Asian (South)/men/id00350/00015_id07179_wavtolip.mp4,1883_FakeVideo-FakeAudio,5,True,../data/processed/frames,../data/processed/audio/1883_FakeVideo-FakeAudio.wav
id03716,id03651,faceswap,faceswap-wav2lip,D,FakeVideo-FakeAudio,Caucasian (European),women,00040_id03651_EjcoRkL6loI_faceswap_id00234_wavtolip.mp4,FakeAVCeleb/FakeVideo-FakeAudio/Caucasian (European)/women/id03716,FakeAVCeleb_v1.2/FakeVideo-FakeAudio/Caucasian (European)/women/id03716/00040_id03651_EjcoRkL6loI_faceswap_id00234_wavtolip.mp4,../data/raw/FakeAVCeleb_v1.2/FakeVideo-FakeAudio/Caucasian (European)/women/id03716/00040_id03651_EjcoRkL6loI_faceswap_id00234_wavtolip.mp4,1884_FakeVideo-FakeAudio,5,True,../data/processed/frames,../data/processed/audio/1884_FakeVideo-FakeAudio.wav
id00575,id02464,id00097,fsgan-wav2lip,D,FakeVideo-FakeAudio,Caucasian (American),women,00092_id02464_1hxJsZYV7mI_id00097_wavtolip.mp4,FakeAVCeleb/FakeVideo-FakeAudio/Caucasian (American)/women/id00575,FakeAVCeleb_v1.2/FakeVideo-FakeAudio/Caucasian (American)/women/id00575/00092_id02464_1hxJsZYV7mI_id00097_wavtolip.mp4,../data/raw/FakeAVCeleb_v1.2/FakeVideo-FakeAudio/Caucasian (American)/women/id00575/00092_id02464_1hxJsZYV7mI_id00097_wavtolip.mp4,1885_FakeVideo-FakeAudio,5,True,../data/processed/frames,../data/processed/audio/1885_FakeVideo-FakeAudio.wav
id07210,id04599,id07233,fsgan-wav2lip,D,FakeVideo-FakeAudio,Asian (South),men,00005_id04599_Q60DPi5Nhmk_id07233_wavtolip.mp4,FakeAVCeleb/FakeVideo-FakeAudio/Asian (South)/men/id07210,FakeAVCeleb_v1.2/FakeVideo-FakeAudio/Asian (South)/men/id07210/00005_id04599_Q60DPi5Nhmk_id07233_wavtolip.mp4,../data/raw/FakeAVCeleb_v1.2/FakeVideo-FakeAudio/Asian (South)/men/id07210/00005_id04599_Q60DPi5Nhmk_id07233_wavtolip.mp4,1886_FakeVideo-FakeAudio,3,True,../data/processed/frames,../data/processed/audio/1886_FakeVideo-FakeAudio.wav
id03525,id00777,-,wav2lip,D,FakeVideo-FakeAudio,Caucasian (American),men,00048_id00777_wavtolip.mp4,FakeAVCeleb/FakeVideo-FakeAudio/Caucasian (American)/men/id03525,FakeAVCeleb_v1.2/FakeVideo-FakeAudio/Caucasian (American)/men/id03525/00048_id00777_wavtolip.mp4,../data/raw/FakeAVCeleb_v1.2/FakeVideo-FakeAudio/Caucasian (American)/men/id03525/00048_id00777_wavtolip.mp4,1887_FakeVideo-FakeAudio,5,True,../data/processed/frames,../data/processed/audio/1887_FakeVideo-FakeAudio.wav
id00398,id00575,id01004,fsgan-wav2lip,D,FakeVideo-FakeAudio,Caucasian (American),women,00016_id00575_iPfJcAJQ84Y_id01004_wavtolip.mp4,FakeAVCeleb/FakeVideo-FakeAudio/Caucasian (American)/women/id00398,FakeAVCeleb_v1.2/FakeVideo-FakeAudio/Caucasian (American)/women/id00398/00016_id00575_iPfJcAJQ84Y_id01004_wavtolip.mp4,../data/raw/FakeAVCeleb_v1.2/FakeVideo-FakeAudio/Caucasian (American)/women/id00398/00016_id00575_iPfJcAJQ84Y_id01004_wavtolip.mp4,1888_FakeVideo-FakeAudio,5,True,../data/processed/frames,../data/processed/audio/1888_FakeVideo-FakeAudio.wav
id00752,id00381,-,wav2lip,D,FakeVideo-FakeAudio,Caucasian (American),women,00340_id00381_wavtolip.mp4,FakeAVCeleb/FakeVideo-FakeAudio/Caucasian (American)/women/id00752,FakeAVCeleb_v1.2/FakeVideo-FakeAudio/Caucasian (American)/women/id00752/00340_id00381_wavtolip.mp4,../data/raw/FakeAVCeleb_v1.2/FakeVideo-FakeAudio/Caucasian (American)/women/id00752/00340_id00381_wavtolip.mp4,1889_FakeVideo-FakeAudio,5,True,../data/processed/frames,../data/processed/audio/1889_FakeVideo-FakeAudio.wav
id01216,id01231,id03781,fsgan-wav2lip,D,FakeVideo-FakeAudio,Caucasian (American),women,00025_id01231_XXpYdOHUF-g_id03781_wavtolip.mp4,FakeAVCeleb/FakeVideo-FakeAudio/Caucasian (American)/women/id01216,FakeAVCeleb_v1.2/FakeVideo-FakeAudio/Caucasian (American)/women/id01216/00025_id01231_XXpYdOHUF-g_id03781_wavtolip.mp4,../data/raw/FakeAVCeleb_v1.2/FakeVideo-FakeAudio/Caucasian (American)/women/id01216/00025_id01231_XXpYdOHUF-g_id03781_wavtolip.mp4,1890_FakeVideo-FakeAudio,5,True,../data/processed/frames,../data/processed/audio/1890_FakeVideo-FakeAudio.wav
id03815,1,-,faceswap-wav2lip,D,FakeVideo-FakeAudio,Asian (South),women,00118_1_id00043_wavtolip.mp4,FakeAVCeleb/FakeVideo-FakeAudio/Asian (South)/women/id03815,FakeAVCeleb_v1.2/FakeVideo-FakeAudio/Asian (South)/women/id03815/00118_1_id00043_wavtolip.mp4,../data/raw/FakeAVCeleb_v1.2/FakeVideo-FakeAudio/Asian (South)/women/id03815/00118_1_id00043_wavtolip.mp4,1891_FakeVideo-FakeAudio,5,True,../data/processed/frames,../data/processed/audio/1891_FakeVideo-FakeAudio.wav
id07463,id03180,id04560,fsgan-wav2lip,D,FakeVideo-FakeAudio,Asian (South),men,00028_id03180_6wNTK7NkOd8_id04560_wavtolip.mp4,FakeAVCeleb/FakeVideo-FakeAudio/Asian (South)/men/id07463,FakeAVCeleb_v1.2/FakeVideo-FakeAudio/Asian (South)/men/id07463/00028_id03180_6wNTK7NkOd8_id04560_wavtolip.mp4,../data/raw/FakeAVCeleb_v1.2/FakeVideo-FakeAudio/Asian (South)/men/id07463/00028_id03180_6wNTK7NkOd8_id04560_wavtolip.mp4,1892_FakeVideo-FakeAudio,4,True,../data/processed/frames,../data/processed/audio/1892_FakeVideo-FakeAudio.wav
id00566,id02587,8j0,faceswap-wav2lip,D,FakeVideo-FakeAudio,Asian (East),women,00032_id02587_KzwJPH5_8j0_faceswap_id05576_wavtolip.mp4,FakeAVCeleb/FakeVideo-FakeAudio/Asian (East)/women/id00566,FakeAVCeleb_v1.2/FakeVideo-FakeAudio/Asian (East)/women/id00566/00032_id02587_KzwJPH5_8j0_faceswap_id05576_wavtolip.mp4,../data/raw/FakeAVCeleb_v1.2/FakeVideo-FakeAudio/Asian (East)/women/id00566/00032_id02587_KzwJPH5_8j0_faceswap_id05576_wavtolip.mp4,1893_FakeVideo-FakeAudio,5,True,../data/processed/frames,../data/processed/audio/1893_FakeVideo-FakeAudio.wav
id00971,id01124,id03525,fsgan-wav2lip,D,FakeVideo-FakeAudio,Caucasian (American),men,00253_id01124_Lnf2oGSM00s_id03525_wavtolip.mp4,FakeAVCeleb/FakeVideo-FakeAudio/Caucasian (American)/men/id00971,FakeAVCeleb_v1.2/FakeVideo-FakeAudio/Caucasian (American)/men/id00971/00253_id01124_Lnf2oGSM00s_id03525_wavtolip.mp4,../data/raw/FakeAVCeleb_v1.2/FakeVideo-FakeAudio/Caucasian (American)/men/id00971/00253_id01124_Lnf2oGSM00s_id03525_wavtolip.mp4,1894_FakeVideo-FakeAudio,5,True,../data/processed/frames,../data/processed/audio/1894_FakeVideo-FakeAudio.wav
id00087,id03757,-,wav2lip,D,FakeVideo-FakeAudio,Caucasian (American),men,00002_id03757_wavtolip.mp4,FakeAVCeleb/FakeVideo-FakeAudio/Caucasian (American)/men/id00087,FakeAVCeleb_v1.2/FakeVideo-FakeAudio/Caucasian (American)/men/id00087/00002_id03757_wavtolip.mp4,../data/raw/FakeAVCeleb_v1.2/FakeVideo-FakeAudio/Caucasian (American)/men/id00087/00002_id03757_wavtolip.mp4,1895_FakeVideo-FakeAudio,5,True,../data/processed/frames,../data/processed/audio/1895_FakeVideo-FakeAudio.wav
id04582,id07236,id00235,fsgan-wav2lip,D,FakeVideo-FakeAudio,Asian (South),women,00180_id07236_Fe0sdHw3sc4_id00235_wavtolip.mp4,FakeAVCeleb/FakeVideo-FakeAudio/Asian (South)/women/id04582,FakeAVCeleb_v1.2/FakeVideo-FakeAudio/Asian (South)/women/id04582/00180_id07236_Fe0sdHw3sc4_id00235_wavtolip.mp4,../data/raw/FakeAVCeleb_v1.2/FakeVideo-FakeAudio/Asian (South)/women/id04582/00180_id07236_Fe0sdHw3sc4_id00235_wavtolip.mp4,1896_FakeVideo-FakeAudio,5,True,../data/processed/frames,../data/processed/audio/1896_FakeVideo-FakeAudio.wav
id01171,id01995,-,wav2lip,D,FakeVideo-FakeAudio,African,men,00053_id01995_wavtolip.mp4,FakeAVCeleb/FakeVideo-FakeAudio/African/men/id01171,FakeAVCeleb_v1.2/FakeVideo-FakeAudio/African/men/id01171/00053_id01995_wavtolip.mp4,../data/raw/FakeAVCeleb_v1.2/FakeVideo-FakeAudio/African/men/id01171/00053_id01995_wavtolip.mp4,1898_FakeVideo-FakeAudio,5,True,../data/processed/frames,../data/processed/audio/1898_FakeVideo-FakeAudio.wav
id00747,id00235,id04070,fsgan-wav2lip,D,FakeVideo-FakeAudio,Asian (South),women,00053_id00235_F7aHtfdzytQ_id04070_wavtolip.mp4,FakeAVCeleb/FakeVideo-FakeAudio/Asian (South)/women/id00747,FakeAVCeleb_v1.2/FakeVideo-FakeAudio/Asian (South)/women/id00747/00053_id00235_F7aHtfdzytQ_id04070_wavtolip.mp4,../data/raw/FakeAVCeleb_v1.2/FakeVideo-FakeAudio/Asian (South)/women/id00747/00053_id00235_F7aHtfdzytQ_id04070_wavtolip.mp4,1899_FakeVideo-FakeAudio,5,True,../data/processed/frames,../data/processed/audio/1899_FakeVideo-FakeAudio.wav
id03168,1,-,faceswap-wav2lip,D,FakeVideo-FakeAudio,Asian (East),men,03168_1_id04691_wavtolip.mp4,FakeAVCeleb/FakeVideo-FakeAudio/Asian (East)/men/id03168,FakeAVCeleb_v1.2/FakeVideo-FakeAudio/Asian (East)/men/id03168/03168_1_id04691_wavtolip.mp4,../data/raw/FakeAVCeleb_v1.2/FakeVideo-FakeAudio/Asian (East)/men/id03168/03168_1_id04691_wavtolip.mp4,1901_FakeVideo-FakeAudio,5,True,../data/processed/frames,../data/processed/audio/1901_FakeVideo-FakeAudio.wav
id02494,id01036,-,wav2lip,D,FakeVideo-FakeAudio,African,men,00050_id01036_wavtolip.mp4,FakeAVCeleb/FakeVideo-FakeAudio/African/men/id02494,FakeAVCeleb_v1.2/FakeVideo-FakeAudio/African/men/id02494/00050_id01036_wavtolip.mp4,../data/raw/FakeAVCeleb_v1.2/FakeVideo-FakeAudio/African/men/id02494/00050_id01036_wavtolip.mp4,1902_FakeVideo-FakeAudio,1,True,../data/processed/frames,../data/processed/audio/1902_FakeVideo-FakeAudio.wav
id06343,id06438,faceswap,faceswap-wav2lip,D,FakeVideo-FakeAudio,Asian (South),women,00023_id06438_vf3xBVgYqYA_faceswap_id04529_wavtolip.mp4,FakeAVCeleb/FakeVideo-FakeAudio/Asian (South)/women/id06343,FakeAVCeleb_v1.2/FakeVideo-FakeAudio/Asian (South)/women/id06343/00023_id06438_vf3xBVgYqYA_faceswap_id04529_wavtolip.mp4,../data/raw/FakeAVCeleb_v1.2/FakeVideo-FakeAudio/Asian (South)/women/id06343/00023_id06438_vf3xBVgYqYA_faceswap_id04529_wavtolip.mp4,1903_FakeVideo-FakeAudio,5,True,../data/processed/frames,../data/processed/audio/1903_FakeVideo-FakeAudio.wav
id02808,id00568,id03658,fsgan-wav2lip,D,FakeVideo-FakeAudio,African,women,00056_id00568_gakhcJXnJZ8_id03658_wavtolip.mp4,FakeAVCeleb/FakeVideo-FakeAudio/African/women/id02808,FakeAVCeleb_v1.2/FakeVideo-FakeAudio/African/women/id02808/00056_id00568_gakhcJXnJZ8_id03658_wavtolip.mp4,../data/raw/FakeAVCeleb_v1.2/FakeVideo-FakeAudio/African/women/id02808/00056_id00568_gakhcJXnJZ8_id03658_wavtolip.mp4,1904_FakeVideo-FakeAudio,2,True,../data/processed/frames,../data/processed/audio/1904_FakeVideo-FakeAudio.wav
id01972,id01544,id01920,fsgan-wav2lip,D,FakeVideo-FakeAudio,African,men,00078_id01544_uBo9585VW2A_id01920_wavtolip.mp4,FakeAVCeleb/FakeVideo-FakeAudio/African/men/id01972,FakeAVCeleb_v1.2/FakeVideo-FakeAudio/African/men/id01972/00078_id01544_uBo9585VW2A_id01920_wavtolip.mp4,../data/raw/FakeAVCeleb_v1.2/FakeVideo-FakeAudio/African/men/id01972/00078_id01544_uBo9585VW2A_id01920_wavtolip.mp4,1905_FakeVideo-FakeAudio,5,True,../data/processed/frames,../data/processed/audio/1905_FakeVideo-FakeAudio.wav
id00981,id03205,id00185,fsgan-wav2lip,D,FakeVideo-FakeAudio,Caucasian (European),men,00092_id03205_gXytNIcANKw_id00185_wavtolip.mp4,FakeAVCeleb/FakeVideo-FakeAudio/Caucasian (European)/men/id00981,FakeAVCeleb_v1.2/FakeVideo-FakeAudio/Caucasian (European)/men/id00981/00092_id03205_gXytNIcANKw_id00185_wavtolip.mp4,../data/raw/FakeAVCeleb_v1.2/FakeVideo-FakeAudio/Caucasian (European)/men/id00981/00092_id03205_gXytNIcANKw_id00185_wavtolip.mp4,1906_FakeVideo-FakeAudio,5,True,../data/processed/frames,../data/processed/audio/1906_FakeVideo-FakeAudio.wav
id04687,id03889,id04111,fsgan-wav2lip,D,FakeVideo-FakeAudio,Asian (East),men,00066_id03889_C54Tw6xrc4U_id04111_wavtolip.mp4,FakeAVCeleb/FakeVideo-FakeAudio/Asian (East)/men/id04687,FakeAVCeleb_v1.2/FakeVideo-FakeAudio/Asian (East)/men/id04687/00066_id03889_C54Tw6xrc4U_id04111_wavtolip.mp4,../data/raw/FakeAVCeleb_v1.2/FakeVideo-FakeAudio/Asian (East)/men/id04687/00066_id03889_C54Tw6xrc4U_id04111_wavtolip.mp4,1907_FakeVideo-FakeAudio,5,True,../data/processed/frames,../data/processed/audio/1907_FakeVideo-FakeAudio.wav
id03589,id00395,id00271,fsgan-wav2lip,D,FakeVideo-FakeAudio,Caucasian (European),women,00002_id00395_wM5kGJfTtEM_id00271_wavtolip.mp4,FakeAVCeleb/FakeVideo-FakeAudio/Caucasian (European)/women/id03589,FakeAVCeleb_v1.2/FakeVideo-FakeAudio/Caucasian (European)/women/id03589/00002_id00395_wM5kGJfTtEM_id00271_wavtolip.mp4,../data/raw/FakeAVCeleb_v1.2/FakeVideo-FakeAudio/Caucasian (European)/women/id03589/00002_id00395_wM5kGJfTtEM_id00271_wavtolip.mp4,1908_FakeVideo-FakeAudio,5,True,../data/processed/frames,../data/processed/audio/1908_FakeVideo-FakeAudio.wav
id01661,id02508,-,wav2lip,D,FakeVideo-FakeAudio,African,women,00059_id02508_wavtolip.mp4,FakeAVCeleb/FakeVideo-FakeAudio/African/women/id01661,FakeAVCeleb_v1.2/FakeVideo-FakeAudio/African/women/id01661/00059_id02508_wavtolip.mp4,../data/raw/FakeAVCeleb_v1.2/FakeVideo-FakeAudio/African/women/id01661/00059_id02508_wavtolip.mp4,1909_FakeVideo-FakeAudio,4,True,../data/processed/frames,../data/processed/audio/1909_FakeVideo-FakeAudio.wav
id00709,id01123,-,wav2lip,D,FakeVideo-FakeAudio,Caucasian (European),men,00206_id01123_wavtolip.mp4,FakeAVCeleb/FakeVideo-FakeAudio/Caucasian (European)/men/id00709,FakeAVCeleb_v1.2/FakeVideo-FakeAudio/Caucasian (European)/men/id00709/00206_id01123_wavtolip.mp4,../data/raw/FakeAVCeleb_v1.2/FakeVideo-FakeAudio/Caucasian (European)/men/id00709/00206_id01123_wavtolip.mp4,1910_FakeVideo-FakeAudio,5,True,../data/processed/frames,../data/processed/audio/1910_FakeVideo-FakeAudio.wav
id01123,id00282,faceswap,faceswap-wav2lip,D,FakeVideo-FakeAudio,Caucasian (European),men,00072_id00282_iTsqWj6GEbo_faceswap_id00554_wavtolip.mp4,FakeAVCeleb/FakeVideo-FakeAudio/Caucasian (European)/men/id01123,FakeAVCeleb_v1.2/FakeVideo-FakeAudio/Caucasian (European)/men/id01123/00072_id00282_iTsqWj6GEbo_faceswap_id00554_wavtolip.mp4,../data/raw/FakeAVCeleb_v1.2/FakeVideo-FakeAudio/Caucasian (European)/men/id01123/00072_id00282_iTsqWj6GEbo_faceswap_id00554_wavtolip.mp4,1911_FakeVideo-FakeAudio,5,True,../data/processed/frames,../data/processed/audio/1911_FakeVideo-FakeAudio.wav
id03815,1,-,faceswap-wav2lip,D,FakeVideo-FakeAudio,Asian (South),women,00118_1_id04927_wavtolip.mp4,FakeAVCeleb/FakeVideo-FakeAudio/Asian (South)/women/id03815,FakeAVCeleb_v1.2/FakeVideo-FakeAudio/Asian (South)/women/id03815/00118_1_id04927_wavtolip.mp4,../data/raw/FakeAVCeleb_v1.2/FakeVideo-FakeAudio/Asian (South)/women/id03815/00118_1_id04927_wavtolip.mp4,1912_FakeVideo-FakeAudio,5,True,../data/processed/frames,../data/processed/audio/1912_FakeVideo-FakeAudio.wav
id06428,id07689,id04529,fsgan-wav2lip,D,FakeVideo-FakeAudio,Asian (South),women,00043_id07689_2ie0g83JkgA_id04529_wavtolip.mp4,FakeAVCeleb/FakeVideo-FakeAudio/Asian (South)/women/id06428,FakeAVCeleb_v1.2/FakeVideo-FakeAudio/Asian (South)/women/id06428/00043_id07689_2ie0g83JkgA_id04529_wavtolip.mp4,../data/raw/FakeAVCeleb_v1.2/FakeVideo-FakeAudio/Asian (South)/women/id06428/00043_id07689_2ie0g83JkgA_id04529_wavtolip.mp4,1913_FakeVideo-FakeAudio,4,True,../data/processed/frames,../data/processed/audio/1913_FakeVideo-FakeAudio.wav
id03205,id00946,-,wav2lip,D,FakeVideo-FakeAudio,Caucasian (European),men,00150_id00946_wavtolip.mp4,FakeAVCeleb/FakeVideo-FakeAudio/Caucasian (European)/men/id03205,FakeAVCeleb_v1.2/FakeVideo-FakeAudio/Caucasian (European)/men/id03205/00150_id00946_wavtolip.mp4,../data/raw/FakeAVCeleb_v1.2/FakeVideo-FakeAudio/Caucasian (European)/men/id03205/00150_id00946_wavtolip.mp4,1914_FakeVideo-FakeAudio,3,True,../data/processed/frames,../data/processed/audio/1914_FakeVideo-FakeAudio.wav
id00190,id00180,faceswap,faceswap-wav2lip,D,FakeVideo-FakeAudio,Caucasian (American),women,00072_id00180_lkeAa8Od_tg_faceswap_id01227_wavtolip.mp4,FakeAVCeleb/FakeVideo-FakeAudio/Caucasian (American)/women/id00190,FakeAVCeleb_v1.2/FakeVideo-FakeAudio/Caucasian (American)/women/id00190/00072_id00180_lkeAa8Od_tg_faceswap_id01227_wavtolip.mp4,../data/raw/FakeAVCeleb_v1.2/FakeVideo-FakeAudio/Caucasian (American)/women/id00190/00072_id00180_lkeAa8Od_tg_faceswap_id01227_wavtolip.mp4,1915_FakeVideo-FakeAudio,5,True,../data/processed/frames,../data/processed/audio/1915_FakeVideo-FakeAudio.wav
id01096,id03757,-,wav2lip,D,FakeVideo-FakeAudio,Caucasian (American),men,00037_id03757_wavtolip.mp4,FakeAVCeleb/FakeVideo-FakeAudio/Caucasian (American)/men/id01096,FakeAVCeleb_v1.2/FakeVideo-FakeAudio/Caucasian (American)/men/id01096/00037_id03757_wavtolip.mp4,../data/raw/FakeAVCeleb_v1.2/FakeVideo-FakeAudio/Caucasian (American)/men/id01096/00037_id03757_wavtolip.mp4,1916_FakeVideo-FakeAudio,5,True,../data/processed/frames,../data/processed/audio/1916_FakeVideo-FakeAudio.wav
id00076,2,-,faceswap-wav2lip,D,FakeVideo-FakeAudio,African,men,00109_2_id01598_wavtolip.mp4,FakeAVCeleb/FakeVideo-FakeAudio/African/men/id00076,FakeAVCeleb_v1.2/FakeVideo-FakeAudio/African/men/id00076/00109_2_id01598_wavtolip.mp4,../data/raw/FakeAVCeleb_v1.2/FakeVideo-FakeAudio/African/men/id00076/00109_2_id01598_wavtolip.mp4,1917_FakeVideo-FakeAudio,5,True,../data/processed/frames,../data/processed/audio/1917_FakeVideo-FakeAudio.wav
id00062,id04221,id00060,fsgan-wav2lip,D,FakeVideo-FakeAudio,Caucasian (American),men,00278_id04221_5XfsCrxGvj4_id00060_wavtolip.mp4,FakeAVCeleb/FakeVideo-FakeAudio/Caucasian (American)/men/id00062,FakeAVCeleb_v1.2/FakeVideo-FakeAudio/Caucasian (American)/men/id00062/00278_id04221_5XfsCrxGvj4_id00060_wavtolip.mp4,../data/raw/FakeAVCeleb_v1.2/FakeVideo-FakeAudio/Caucasian (American)/men/id00062/00278_id04221_5XfsCrxGvj4_id00060_wavtolip.mp4,1918_FakeVideo-FakeAudio,5,True,../data/processed/frames,../data/processed/audio/1918_FakeVideo-FakeAudio.wav
id04561,id06753,-,wav2lip,D,FakeVideo-FakeAudio,Asian (South),men,00248_id06753_wavtolip.mp4,FakeAVCeleb/FakeVideo-FakeAudio/Asian (South)/men/id04561,FakeAVCeleb_v1.2/FakeVideo-FakeAudio/Asian (South)/men/id04561/00248_id06753_wavtolip.mp4,../data/raw/FakeAVCeleb_v1.2/FakeVideo-FakeAudio/Asian (South)/men/id04561/00248_id06753_wavtolip.mp4,1919_FakeVideo-FakeAudio,5,True,../data/processed/frames,../data/processed/audio/1919_FakeVideo-FakeAudio.wav
id01683,2,-,faceswap-wav2lip,D,FakeVideo-FakeAudio,Asian (East),men,00052_2_id04774_wavtolip.mp4,FakeAVCeleb/FakeVideo-FakeAudio/Asian (East)/men/id01683,FakeAVCeleb_v1.2/FakeVideo-FakeAudio/Asian (East)/men/id01683/00052_2_id04774_wavtolip.mp4,../data/raw/FakeAVCeleb_v1.2/FakeVideo-FakeAudio/Asian (East)/men/id01683/00052_2_id04774_wavtolip.mp4,1920_FakeVideo-FakeAudio,5,True,../data/processed/frames,../data/processed/audio/1920_FakeVideo-FakeAudio.wav
id00180,id00190,-,wav2lip,D,FakeVideo-FakeAudio,Caucasian (American),women,00206_id00190_wavtolip.mp4,FakeAVCeleb/FakeVideo-FakeAudio/Caucasian (American)/women/id00180,FakeAVCeleb_v1.2/FakeVideo-FakeAudio/Caucasian (American)/women/id00180/00206_id00190_wavtolip.mp4,../data/raw/FakeAVCeleb_v1.2/FakeVideo-FakeAudio/Caucasian (American)/women/id00180/00206_id00190_wavtolip.mp4,1921_FakeVideo-FakeAudio,5,True,../data/processed/frames,../data/processed/audio/1921_FakeVideo-FakeAudio.wav
id00231,id01091,-,wav2lip,D,FakeVideo-FakeAudio,Caucasian (American),women,00037_id01091_wavtolip.mp4,FakeAVCeleb/FakeVideo-FakeAudio/Caucasian (American)/women/id00231,FakeAVCeleb_v1.2/FakeVideo-FakeAudio/Caucasian (American)/women/id00231/00037_id01091_wavtolip.mp4,../data/raw/FakeAVCeleb_v1.2/FakeVideo-FakeAudio/Caucasian (American)/women/id00231/00037_id01091_wavtolip.mp4,1922_FakeVideo-FakeAudio,4,True,../data/processed/frames,../data/processed/audio/1922_FakeVideo-FakeAudio.wav
id00225,id03205,-,wav2lip,D,FakeVideo-FakeAudio,Caucasian (European),men,00078_id03205_wavtolip.mp4,FakeAVCeleb/FakeVideo-FakeAudio/Caucasian (European)/men/id00225,FakeAVCeleb_v1.2/FakeVideo-FakeAudio/Caucasian (European)/men/id00225/00078_id03205_wavtolip.mp4,../data/raw/FakeAVCeleb_v1.2/FakeVideo-FakeAudio/Caucasian (European)/men/id00225/00078_id03205_wavtolip.mp4,1923_FakeVideo-FakeAudio,5,True,../data/processed/frames,../data/processed/audio/1923_FakeVideo-FakeAudio.wav
id00078,id08313,-,wav2lip,D,FakeVideo-FakeAudio,Asian (South),men,00114_id08313_wavtolip.mp4,FakeAVCeleb/FakeVideo-FakeAudio/Asian (South)/men/id00078,FakeAVCeleb_v1.2/FakeVideo-FakeAudio/Asian (South)/men/id00078/00114_id08313_wavtolip.mp4,../data/raw/FakeAVCeleb_v1.2/FakeVideo-FakeAudio/Asian (South)/men/id00078/00114_id08313_wavtolip.mp4,1924_FakeVideo-FakeAudio,5,True,../data/processed/frames,../data/processed/audio/1924_FakeVideo-FakeAudio.wav
id04689,id03656,-,wav2lip,D,FakeVideo-FakeAudio,African,women,00005_id03656_wavtolip.mp4,FakeAVCeleb/FakeVideo-FakeAudio/African/women/id04689,FakeAVCeleb_v1.2/FakeVideo-FakeAudio/African/women/id04689/00005_id03656_wavtolip.mp4,../data/raw/FakeAVCeleb_v1.2/FakeVideo-FakeAudio/African/women/id04689/00005_id03656_wavtolip.mp4,1925_FakeVideo-FakeAudio,5,True,../data/processed/frames,../data/processed/audio/1925_FakeVideo-FakeAudio.wav
id06152,id03889,-,wav2lip,D,FakeVideo-FakeAudio,Asian (East),men,06152_id03889_wavtolip.mp4,FakeAVCeleb/FakeVideo-FakeAudio/Asian (East)/men/id06152,FakeAVCeleb_v1.2/FakeVideo-FakeAudio/Asian (East)/men/id06152/06152_id03889_wavtolip.mp4,../data/raw/FakeAVCeleb_v1.2/FakeVideo-FakeAudio/Asian (East)/men/id06152/06152_id03889_wavtolip.mp4,1926_FakeVideo-FakeAudio,5,True,../data/processed/frames,../data/processed/audio/1926_FakeVideo-FakeAudio.wav
id06232,id03559,faceswap,faceswap-wav2lip,D,FakeVideo-FakeAudio,Asian (South),women,00025_id03559_pgetxl1qbzM_faceswap_id04529_wavtolip.mp4,FakeAVCeleb/FakeVideo-FakeAudio/Asian (South)/women/id06232,FakeAVCeleb_v1.2/FakeVideo-FakeAudio/Asian (South)/women/id06232/00025_id03559_pgetxl1qbzM_faceswap_id04529_wavtolip.mp4,../data/raw/FakeAVCeleb_v1.2/FakeVideo-FakeAudio/Asian (South)/women/id06232/00025_id03559_pgetxl1qbzM_faceswap_id04529_wavtolip.mp4,1927_FakeVideo-FakeAudio,5,True,../data/processed/frames,../data/processed/audio/1927_FakeVideo-FakeAudio.wav
id07200,id00816,id00745,fsgan-wav2lip,D,FakeVideo-FakeAudio,Asian (South),men,00045_id00816_BFudcHqBkpo_id00745_wavtolip.mp4,FakeAVCeleb/FakeVideo-FakeAudio/Asian (South)/men/id07200,FakeAVCeleb_v1.2/FakeVideo-FakeAudio/Asian (South)/men/id07200/00045_id00816_BFudcHqBkpo_id00745_wavtolip.mp4,../data/raw/FakeAVCeleb_v1.2/FakeVideo-FakeAudio/Asian (South)/men/id07200/00045_id00816_BFudcHqBkpo_id00745_wavtolip.mp4,1928_FakeVideo-FakeAudio,5,True,../data/processed/frames,../data/processed/audio/1928_FakeVideo-FakeAudio.wav
id00919,id00171,-,wav2lip,D,FakeVideo-FakeAudio,Caucasian (European),men,00063_id00171_wavtolip.mp4,FakeAVCeleb/FakeVideo-FakeAudio/Caucasian (European)/men/id00919,FakeAVCeleb_v1.2/FakeVideo-FakeAudio/Caucasian (European)/men/id00919/00063_id00171_wavtolip.mp4,../data/raw/FakeAVCeleb_v1.2/FakeVideo-FakeAudio/Caucasian (European)/men/id00919/00063_id00171_wavtolip.mp4,1929_FakeVideo-FakeAudio,5,True,../data/processed/frames,../data/processed/audio/1929_FakeVideo-FakeAudio.wav
id02948,id04939,-,wav2lip,D,FakeVideo-FakeAudio,African,women,00298_id04939_wavtolip.mp4,FakeAVCeleb/FakeVideo-FakeAudio/African/women/id02948,FakeAVCeleb_v1.2/FakeVideo-FakeAudio/African/women/id02948/00298_id04939_wavtolip.mp4,../data/raw/FakeAVCeleb_v1.2/FakeVideo-FakeAudio/African/women/id02948/00298_id04939_wavtolip.mp4,1930_FakeVideo-FakeAudio,5,True,../data/processed/frames,../data/processed/audio/1930_FakeVideo-FakeAudio.wav
id00773,id06354,id04562,fsgan-wav2lip,D,FakeVideo-FakeAudio,Asian (South),men,00038_id06354_PmWLmcJNUhM_id04562_wavtolip.mp4,FakeAVCeleb/FakeVideo-FakeAudio/Asian (South)/men/id00773,FakeAVCeleb_v1.2/FakeVideo-FakeAudio/Asian (South)/men/id00773/00038_id06354_PmWLmcJNUhM_id04562_wavtolip.mp4,../data/raw/FakeAVCeleb_v1.2/FakeVideo-FakeAudio/Asian (South)/men/id00773/00038_id06354_PmWLmcJNUhM_id04562_wavtolip.mp4,1931_FakeVideo-FakeAudio,5,True,../data/processed/frames,../data/processed/audio/1931_FakeVideo-FakeAudio.wav
id00088,id01201,id01239,fsgan-wav2lip,D,FakeVideo-FakeAudio,Caucasian (American),men,00005_id01201_Q8XWfmNiWYA_id01239_wavtolip.mp4,FakeAVCeleb/FakeVideo-FakeAudio/Caucasian (American)/men/id00088,FakeAVCeleb_v1.2/FakeVideo-FakeAudio/Caucasian (American)/men/id00088/00005_id01201_Q8XWfmNiWYA_id01239_wavtolip.mp4,../data/raw/FakeAVCeleb_v1.2/FakeVideo-FakeAudio/Caucasian (American)/men/id00088/00005_id01201_Q8XWfmNiWYA_id01239_wavtolip.mp4,1932_FakeVideo-FakeAudio,4,True,../data/processed/frames,../data/processed/audio/1932_FakeVideo-FakeAudio.wav
id05620,id09181,-,wav2lip,D,FakeVideo-FakeAudio,Asian (East),women,00005_id09181_wavtolip.mp4,FakeAVCeleb/FakeVideo-FakeAudio/Asian (East)/women/id05620,FakeAVCeleb_v1.2/FakeVideo-FakeAudio/Asian (East)/women/id05620/00005_id09181_wavtolip.mp4,../data/raw/FakeAVCeleb_v1.2/FakeVideo-FakeAudio/Asian (East)/women/id05620/00005_id09181_wavtolip.mp4,1933_FakeVideo-FakeAudio,4,True,../data/processed/frames,../data/processed/audio/1933_FakeVideo-FakeAudio.wav
id00180,id00190,faceswap,faceswap-wav2lip,D,FakeVideo-FakeAudio,Caucasian (American),women,00206_id00190_oZUSqqG9wu4_faceswap_id00180_wavtolip.mp4,FakeAVCeleb/FakeVideo-FakeAudio/Caucasian (American)/women/id00180,FakeAVCeleb_v1.2/FakeVideo-FakeAudio/Caucasian (American)/women/id00180/00206_id00190_oZUSqqG9wu4_faceswap_id00180_wavtolip.mp4,../data/raw/FakeAVCeleb_v1.2/FakeVideo-FakeAudio/Caucasian (American)/women/id00180/00206_id00190_oZUSqqG9wu4_faceswap_id00180_wavtolip.mp4,1934_FakeVideo-FakeAudio,5,True,../data/processed/frames,../data/processed/audio/1934_FakeVideo-FakeAudio.wav
id00071,id03371,faceswap,faceswap-wav2lip,D,FakeVideo-FakeAudio,Caucasian (European),women,00014_id03371_truKMXt8Dak_faceswap_id01018_wavtolip.mp4,FakeAVCeleb/FakeVideo-FakeAudio/Caucasian (European)/women/id00071,FakeAVCeleb_v1.2/FakeVideo-FakeAudio/Caucasian (European)/women/id00071/00014_id03371_truKMXt8Dak_faceswap_id01018_wavtolip.mp4,../data/raw/FakeAVCeleb_v1.2/FakeVideo-FakeAudio/Caucasian (European)/women/id00071/00014_id03371_truKMXt8Dak_faceswap_id01018_wavtolip.mp4,1935_FakeVideo-FakeAudio,5,True,../data/processed/frames,../data/processed/audio/1935_FakeVideo-FakeAudio.wav
id03344,id07058,faceswap,faceswap-wav2lip,D,FakeVideo-FakeAudio,Asian (South),men,00114_id07058_JXJTxhrICl0_faceswap_id00860_wavtolip.mp4,FakeAVCeleb/FakeVideo-FakeAudio/Asian (South)/men/id03344,FakeAVCeleb_v1.2/FakeVideo-FakeAudio/Asian (South)/men/id03344/00114_id07058_JXJTxhrICl0_faceswap_id00860_wavtolip.mp4,../data/raw/FakeAVCeleb_v1.2/FakeVideo-FakeAudio/Asian (South)/men/id03344/00114_id07058_JXJTxhrICl0_faceswap_id00860_wavtolip.mp4,1936_FakeVideo-FakeAudio,5,True,../data/processed/frames,../data/processed/audio/1936_FakeVideo-FakeAudio.wav
id00272,id00097,id02464,fsgan-wav2lip,D,FakeVideo-FakeAudio,Caucasian (American),women,00195_id00097_PchMB8-P1lw_id02464_wavtolip.mp4,FakeAVCeleb/FakeVideo-FakeAudio/Caucasian (American)/women/id00272,FakeAVCeleb_v1.2/FakeVideo-FakeAudio/Caucasian (American)/women/id00272/00195_id00097_PchMB8-P1lw_id02464_wavtolip.mp4,../data/raw/FakeAVCeleb_v1.2/FakeVideo-FakeAudio/Caucasian (American)/women/id00272/00195_id00097_PchMB8-P1lw_id02464_wavtolip.mp4,1937_FakeVideo-FakeAudio,5,True,../data/processed/frames,../data/processed/audio/1937_FakeVideo-FakeAudio.wav
id00999,id00186,id00282,fsgan-wav2lip,D,FakeVideo-FakeAudio,Caucasian (European),men,00028_id00186_KTjDxHTlzg0_id00282_wavtolip.mp4,FakeAVCeleb/FakeVideo-FakeAudio/Caucasian (European)/men/id00999,FakeAVCeleb_v1.2/FakeVideo-FakeAudio/Caucasian (European)/men/id00999/00028_id00186_KTjDxHTlzg0_id00282_wavtolip.mp4,../data/raw/FakeAVCeleb_v1.2/FakeVideo-FakeAudio/Caucasian (European)/men/id00999/00028_id00186_KTjDxHTlzg0_id00282_wavtolip.mp4,1938_FakeVideo-FakeAudio,4,True,../data/processed/frames,../data/processed/audio/1938_FakeVideo-FakeAudio.wav
id01075,3,-,faceswap-wav2lip,D,FakeVideo-FakeAudio,Caucasian (American),women,00160_3_id03696_wavtolip.mp4,FakeAVCeleb/FakeVideo-FakeAudio/Caucasian (American)/women/id01075,FakeAVCeleb_v1.2/FakeVideo-FakeAudio/Caucasian (American)/women/id01075/00160_3_id03696_wavtolip.mp4,../data/raw/FakeAVCeleb_v1.2/FakeVideo-FakeAudio/Caucasian (American)/women/id01075/00160_3_id03696_wavtolip.mp4,1939_FakeVideo-FakeAudio,5,True,../data/processed/frames,../data/processed/audio/1939_FakeVideo-FakeAudio.wav
id03651,id01002,id03941,fsgan-wav2lip,D,FakeVideo-FakeAudio,Caucasian (European),women,00092_id01002_eQTviHjyISo_id03941_wavtolip.mp4,FakeAVCeleb/FakeVideo-FakeAudio/Caucasian (European)/women/id03651,FakeAVCeleb_v1.2/FakeVideo-FakeAudio/Caucasian (European)/women/id03651/00092_id01002_eQTviHjyISo_id03941_wavtolip.mp4,../data/raw/FakeAVCeleb_v1.2/FakeVideo-FakeAudio/Caucasian (European)/women/id03651/00092_id01002_eQTviHjyISo_id03941_wavtolip.mp4,1940_FakeVideo-FakeAudio,4,True,../data/processed/frames,../data/processed/audio/1940_FakeVideo-FakeAudio.wav
id08313,id03945,-,wav2lip,D,FakeVideo-FakeAudio,Asian (South),men,00202_id03945_wavtolip.mp4,FakeAVCeleb/FakeVideo-FakeAudio/Asian (South)/men/id08313,FakeAVCeleb_v1.2/FakeVideo-FakeAudio/Asian (South)/men/id08313/00202_id03945_wavtolip.mp4,../data/raw/FakeAVCeleb_v1.2/FakeVideo-FakeAudio/Asian (South)/men/id08313/00202_id03945_wavtolip.mp4,1941_FakeVideo-FakeAudio,5,True,../data/processed/frames,../data/processed/audio/1941_FakeVideo-FakeAudio.wav
id03569,id00220,faceswap,faceswap-wav2lip,D,FakeVideo-FakeAudio,African,women,00065_id00220_WlHLlTQKj8g_faceswap_id01178_wavtolip.mp4,FakeAVCeleb/FakeVideo-FakeAudio/African/women/id03569,FakeAVCeleb_v1.2/FakeVideo-FakeAudio/African/women/id03569/00065_id00220_WlHLlTQKj8g_faceswap_id01178_wavtolip.mp4,../data/raw/FakeAVCeleb_v1.2/FakeVideo-FakeAudio/African/women/id03569/00065_id00220_WlHLlTQKj8g_faceswap_id01178_wavtolip.mp4,1942_FakeVideo-FakeAudio,3,True,../data/processed/frames,../data/processed/audio/1942_FakeVideo-FakeAudio.wav
id02296,0,-,faceswap-wav2lip,D,FakeVideo-FakeAudio,African,men,00019_0_id01835_wavtolip.mp4,FakeAVCeleb/FakeVideo-FakeAudio/African/men/id02296,FakeAVCeleb_v1.2/FakeVideo-FakeAudio/African/men/id02296/00019_0_id01835_wavtolip.mp4,../data/raw/FakeAVCeleb_v1.2/FakeVideo-FakeAudio/African/men/id02296/00019_0_id01835_wavtolip.mp4,1943_FakeVideo-FakeAudio,5,True,../data/processed/frames,../data/processed/audio/1943_FakeVideo-FakeAudio.wav
id05231,id04376,-,wav2lip,D,FakeVideo-FakeAudio,African,women,00149_id04376_wavtolip.mp4,FakeAVCeleb/FakeVideo-FakeAudio/African/women/id05231,FakeAVCeleb_v1.2/FakeVideo-FakeAudio/African/women/id05231/00149_id04376_wavtolip.mp4,../data/raw/FakeAVCeleb_v1.2/FakeVideo-FakeAudio/African/women/id05231/00149_id04376_wavtolip.mp4,1944_FakeVideo-FakeAudio,5,True,../data/processed/frames,../data/processed/audio/1944_FakeVideo-FakeAudio.wav
id04537,0,-,faceswap-wav2lip,D,FakeVideo-FakeAudio,Asian (South),men,00083_0_id00773_wavtolip.mp4,FakeAVCeleb/FakeVideo-FakeAudio/Asian (South)/men/id04537,FakeAVCeleb_v1.2/FakeVideo-FakeAudio/Asian (South)/men/id04537/00083_0_id00773_wavtolip.mp4,../data/raw/FakeAVCeleb_v1.2/FakeVideo-FakeAudio/Asian (South)/men/id04537/00083_0_id00773_wavtolip.mp4,1945_FakeVideo-FakeAudio,5,True,../data/processed/frames,../data/processed/audio/1945_FakeVideo-FakeAudio.wav
id00462,id01075,-,wav2lip,D,FakeVideo-FakeAudio,Caucasian (American),women,00143_id01075_wavtolip.mp4,FakeAVCeleb/FakeVideo-FakeAudio/Caucasian (American)/women/id00462,FakeAVCeleb_v1.2/FakeVideo-FakeAudio/Caucasian (American)/women/id00462/00143_id01075_wavtolip.mp4,../data/raw/FakeAVCeleb_v1.2/FakeVideo-FakeAudio/Caucasian (American)/women/id00462/00143_id01075_wavtolip.mp4,1946_FakeVideo-FakeAudio,5,True,../data/processed/frames,../data/processed/audio/1946_FakeVideo-FakeAudio.wav
id00777,id01192,id01192,fsgan-wav2lip,D,FakeVideo-FakeAudio,Caucasian (American),men,00160_id01192_kAht8HG7-1s_id01192_wavtolip.mp4,FakeAVCeleb/FakeVideo-FakeAudio/Caucasian (American)/men/id00777,FakeAVCeleb_v1.2/FakeVideo-FakeAudio/Caucasian (American)/men/id00777/00160_id01192_kAht8HG7-1s_id01192_wavtolip.mp4,../data/raw/FakeAVCeleb_v1.2/FakeVideo-FakeAudio/Caucasian (American)/men/id00777/00160_id01192_kAht8HG7-1s_id01192_wavtolip.mp4,1947_FakeVideo-FakeAudio,4,True,../data/processed/frames,../data/processed/audio/1947_FakeVideo-FakeAudio.wav
id02948,id03569,id01532,fsgan-wav2lip,D,FakeVideo-FakeAudio,African,women,00298_id03569_YO0EpPm9p-8_id01532_wavtolip.mp4,FakeAVCeleb/FakeVideo-FakeAudio/African/women/id02948,FakeAVCeleb_v1.2/FakeVideo-FakeAudio/African/women/id02948/00298_id03569_YO0EpPm9p-8_id01532_wavtolip.mp4,../data/raw/FakeAVCeleb_v1.2/FakeVideo-FakeAudio/African/women/id02948/00298_id03569_YO0EpPm9p-8_id01532_wavtolip.mp4,1948_FakeVideo-FakeAudio,4,True,../data/processed/frames,../data/processed/audio/1948_FakeVideo-FakeAudio.wav
id03858,id00395,faceswap,faceswap-wav2lip,D,FakeVideo-FakeAudio,Caucasian (European),women,00092_id00395_wM5kGJfTtEM_faceswap_id00496_wavtolip.mp4,FakeAVCeleb/FakeVideo-FakeAudio/Caucasian (European)/women/id03858,FakeAVCeleb_v1.2/FakeVideo-FakeAudio/Caucasian (European)/women/id03858/00092_id00395_wM5kGJfTtEM_faceswap_id00496_wavtolip.mp4,../data/raw/FakeAVCeleb_v1.2/FakeVideo-FakeAudio/Caucasian (European)/women/id03858/00092_id00395_wM5kGJfTtEM_faceswap_id00496_wavtolip.mp4,1949_FakeVideo-FakeAudio,5,True,../data/processed/frames,../data/processed/audio/1949_FakeVideo-FakeAudio.wav
id00082,id00769,faceswap,faceswap-wav2lip,D,FakeVideo-FakeAudio,Asian (South),men,00052_id00769_BqHVSZdoVpM_faceswap_id00082_wavtolip.mp4,FakeAVCeleb/FakeVideo-FakeAudio/Asian (South)/men/id00082,FakeAVCeleb_v1.2/FakeVideo-FakeAudio/Asian (South)/men/id00082/00052_id00769_BqHVSZdoVpM_faceswap_id00082_wavtolip.mp4,../data/raw/FakeAVCeleb_v1.2/FakeVideo-FakeAudio/Asian (South)/men/id00082/00052_id00769_BqHVSZdoVpM_faceswap_id00082_wavtolip.mp4,1950_FakeVideo-FakeAudio,5,True,../data/processed/frames,../data/processed/audio/1950_FakeVideo-FakeAudio.wav
id06354,id00816,-,wav2lip,D,FakeVideo-FakeAudio,Asian (South),men,00021_id00816_wavtolip.mp4,FakeAVCeleb/FakeVideo-FakeAudio/Asian (South)/men/id06354,FakeAVCeleb_v1.2/FakeVideo-FakeAudio/Asian (South)/men/id06354/00021_id00816_wavtolip.mp4,../data/raw/FakeAVCeleb_v1.2/FakeVideo-FakeAudio/Asian (South)/men/id06354/00021_id00816_wavtolip.mp4,1951_FakeVideo-FakeAudio,4,True,../data/processed/frames,../data/processed/audio/1951_FakeVideo-FakeAudio.wav
id04374,id02838,id01783,fsgan-wav2lip,D,FakeVideo-FakeAudio,African,women,00032_id02838_kaCQlSGlLe8_id01783_wavtolip.mp4,FakeAVCeleb/FakeVideo-FakeAudio/African/women/id04374,FakeAVCeleb_v1.2/FakeVideo-FakeAudio/African/women/id04374/00032_id02838_kaCQlSGlLe8_id01783_wavtolip.mp4,../data/raw/FakeAVCeleb_v1.2/FakeVideo-FakeAudio/African/women/id04374/00032_id02838_kaCQlSGlLe8_id01783_wavtolip.mp4,1952_FakeVideo-FakeAudio,3,True,../data/processed/frames,../data/processed/audio/1952_FakeVideo-FakeAudio.wav
id00752,id00398,-,wav2lip,D,FakeVideo-FakeAudio,Caucasian (American),women,00340_id00398_wavtolip.mp4,FakeAVCeleb/FakeVideo-FakeAudio/Caucasian (American)/women/id00752,FakeAVCeleb_v1.2/FakeVideo-FakeAudio/Caucasian (American)/women/id00752/00340_id00398_wavtolip.mp4,../data/raw/FakeAVCeleb_v1.2/FakeVideo-FakeAudio/Caucasian (American)/women/id00752/00340_id00398_wavtolip.mp4,1953_FakeVideo-FakeAudio,4,True,../data/processed/frames,../data/processed/audio/1953_FakeVideo-FakeAudio.wav
id01001,id00735,id00271,fsgan-wav2lip,D,FakeVideo-FakeAudio,Caucasian (European),women,00086_id00735_ivJSkq5hGOQ_id00271_wavtolip.mp4,FakeAVCeleb/FakeVideo-FakeAudio/Caucasian (European)/women/id01001,FakeAVCeleb_v1.2/FakeVideo-FakeAudio/Caucasian (European)/women/id01001/00086_id00735_ivJSkq5hGOQ_id00271_wavtolip.mp4,../data/raw/FakeAVCeleb_v1.2/FakeVideo-FakeAudio/Caucasian (European)/women/id01001/00086_id00735_ivJSkq5hGOQ_id00271_wavtolip.mp4,1954_FakeVideo-FakeAudio,5,True,../data/processed/frames,../data/processed/audio/1954_FakeVideo-FakeAudio.wav
id00306,id01058,faceswap,faceswap-wav2lip,D,FakeVideo-FakeAudio,Caucasian (European),men,00015_id01058_2DKbOjf3Wyo_faceswap_id00535_wavtolip.mp4,FakeAVCeleb/FakeVideo-FakeAudio/Caucasian (European)/men/id00306,FakeAVCeleb_v1.2/FakeVideo-FakeAudio/Caucasian (European)/men/id00306/00015_id01058_2DKbOjf3Wyo_faceswap_id00535_wavtolip.mp4,../data/raw/FakeAVCeleb_v1.2/FakeVideo-FakeAudio/Caucasian (European)/men/id00306/00015_id01058_2DKbOjf3Wyo_faceswap_id00535_wavtolip.mp4,1955_FakeVideo-FakeAudio,5,True,../data/processed/frames,../data/processed/audio/1955_FakeVideo-FakeAudio.wav
id01217,id01248,faceswap,faceswap-wav2lip,D,FakeVideo-FakeAudio,Caucasian (American),women,00005_id01248_2y-HnTO8WrQ_faceswap_id00431_wavtolip.mp4,FakeAVCeleb/FakeVideo-FakeAudio/Caucasian (American)/women/id01217,FakeAVCeleb_v1.2/FakeVideo-FakeAudio/Caucasian (American)/women/id01217/00005_id01248_2y-HnTO8WrQ_faceswap_id00431_wavtolip.mp4,../data/raw/FakeAVCeleb_v1.2/FakeVideo-FakeAudio/Caucasian (American)/women/id01217/00005_id01248_2y-HnTO8WrQ_faceswap_id00431_wavtolip.mp4,1956_FakeVideo-FakeAudio,5,True,../data/processed/frames,../data/processed/audio/1956_FakeVideo-FakeAudio.wav
id00476,id02005,-,wav2lip,D,FakeVideo-FakeAudio,African,men,00109_id02005_wavtolip.mp4,FakeAVCeleb/FakeVideo-FakeAudio/African/men/id00476,FakeAVCeleb_v1.2/FakeVideo-FakeAudio/African/men/id00476/00109_id02005_wavtolip.mp4,../data/raw/FakeAVCeleb_v1.2/FakeVideo-FakeAudio/African/men/id00476/00109_id02005_wavtolip.mp4,1957_FakeVideo-FakeAudio,5,True,../data/processed/frames,../data/processed/audio/1957_FakeVideo-FakeAudio.wav
id00773,id00078,-,wav2lip,D,FakeVideo-FakeAudio,Asian (South),men,00038_id00078_wavtolip.mp4,FakeAVCeleb/FakeVideo-FakeAudio/Asian (South)/men/id00773,FakeAVCeleb_v1.2/FakeVideo-FakeAudio/Asian (South)/men/id00773/00038_id00078_wavtolip.mp4,../data/raw/FakeAVCeleb_v1.2/FakeVideo-FakeAudio/Asian (South)/men/id00773/00038_id00078_wavtolip.mp4,1958_FakeVideo-FakeAudio,5,True,../data/processed/frames,../data/processed/audio/1958_FakeVideo-FakeAudio.wav
id04073,id01192,id00184,fsgan-wav2lip,D,FakeVideo-FakeAudio,Caucasian (American),men,00021_id01192_kAht8HG7-1s_id00184_wavtolip.mp4,FakeAVCeleb/FakeVideo-FakeAudio/Caucasian (American)/men/id04073,FakeAVCeleb_v1.2/FakeVideo-FakeAudio/Caucasian (American)/men/id04073/00021_id01192_kAht8HG7-1s_id00184_wavtolip.mp4,../data/raw/FakeAVCeleb_v1.2/FakeVideo-FakeAudio/Caucasian (American)/men/id04073/00021_id01192_kAht8HG7-1s_id00184_wavtolip.mp4,1959_FakeVideo-FakeAudio,5,True,../data/processed/frames,../data/processed/audio/1959_FakeVideo-FakeAudio.wav
id00363,id03379,id09175,fsgan-wav2lip,D,FakeVideo-FakeAudio,Asian (East),women,00014_id03379_A32nCObAHiI_id09175_wavtolip.mp4,FakeAVCeleb/FakeVideo-FakeAudio/Asian (East)/women/id00363,FakeAVCeleb_v1.2/FakeVideo-FakeAudio/Asian (East)/women/id00363/00014_id03379_A32nCObAHiI_id09175_wavtolip.mp4,../data/raw/FakeAVCeleb_v1.2/FakeVideo-FakeAudio/Asian (East)/women/id00363/00014_id03379_A32nCObAHiI_id09175_wavtolip.mp4,1960_FakeVideo-FakeAudio,3,True,../data/processed/frames,../data/processed/audio/1960_FakeVideo-FakeAudio.wav
id01217,id01223,id00100,fsgan-wav2lip,D,FakeVideo-FakeAudio,Caucasian (American),women,00005_id01223_TO3ym8Gwp7k_id00100_wavtolip.mp4,FakeAVCeleb/FakeVideo-FakeAudio/Caucasian (American)/women/id01217,FakeAVCeleb_v1.2/FakeVideo-FakeAudio/Caucasian (American)/women/id01217/00005_id01223_TO3ym8Gwp7k_id00100_wavtolip.mp4,../data/raw/FakeAVCeleb_v1.2/FakeVideo-FakeAudio/Caucasian (American)/women/id01217/00005_id01223_TO3ym8Gwp7k_id00100_wavtolip.mp4,1961_FakeVideo-FakeAudio,5,True,../data/processed/frames,../data/processed/audio/1961_FakeVideo-FakeAudio.wav
id04066,id00566,-,wav2lip,D,FakeVideo-FakeAudio,Asian (East),women,00013_id00566_wavtolip.mp4,FakeAVCeleb/FakeVideo-FakeAudio/Asian (East)/women/id04066,FakeAVCeleb_v1.2/FakeVideo-FakeAudio/Asian (East)/women/id04066/00013_id00566_wavtolip.mp4,../data/raw/FakeAVCeleb_v1.2/FakeVideo-FakeAudio/Asian (East)/women/id04066/00013_id00566_wavtolip.mp4,1962_FakeVideo-FakeAudio,5,True,../data/processed/frames,../data/processed/audio/1962_FakeVideo-FakeAudio.wav
id01452,id00478,-,wav2lip,D,FakeVideo-FakeAudio,African,men,00001_id00478_wavtolip.mp4,FakeAVCeleb/FakeVideo-FakeAudio/African/men/id01452,FakeAVCeleb_v1.2/FakeVideo-FakeAudio/African/men/id01452/00001_id00478_wavtolip.mp4,../data/raw/FakeAVCeleb_v1.2/FakeVideo-FakeAudio/African/men/id01452/00001_id00478_wavtolip.mp4,1963_FakeVideo-FakeAudio,5,True,../data/processed/frames,../data/processed/audio/1963_FakeVideo-FakeAudio.wav
id02494,id00475,id01691,fsgan-wav2lip,D,FakeVideo-FakeAudio,African,men,00050_id00475_xQjvXRcnPvw_id01691_wavtolip.mp4,FakeAVCeleb/FakeVideo-FakeAudio/African/men/id02494,FakeAVCeleb_v1.2/FakeVideo-FakeAudio/African/men/id02494/00050_id00475_xQjvXRcnPvw_id01691_wavtolip.mp4,../data/raw/FakeAVCeleb_v1.2/FakeVideo-FakeAudio/African/men/id02494/00050_id00475_xQjvXRcnPvw_id01691_wavtolip.mp4,1964_FakeVideo-FakeAudio,4,True,../data/processed/frames,../data/processed/audio/1964_FakeVideo-FakeAudio.wav
id00498,id00305,-,wav2lip,D,FakeVideo-FakeAudio,Caucasian (European),men,00014_id00305_wavtolip.mp4,FakeAVCeleb/FakeVideo-FakeAudio/Caucasian (European)/men/id00498,FakeAVCeleb_v1.2/FakeVideo-FakeAudio/Caucasian (European)/men/id00498/00014_id00305_wavtolip.mp4,../data/raw/FakeAVCeleb_v1.2/FakeVideo-FakeAudio/Caucasian (European)/men/id00498/00014_id00305_wavtolip.mp4,1965_FakeVideo-FakeAudio,5,True,../data/processed/frames,../data/processed/audio/1965_FakeVideo-FakeAudio.wav
id01091,id03556,-,wav2lip,D,FakeVideo-FakeAudio,Caucasian (American),women,00236_id03556_wavtolip.mp4,FakeAVCeleb/FakeVideo-FakeAudio/Caucasian (American)/women/id01091,FakeAVCeleb_v1.2/FakeVideo-FakeAudio/Caucasian (American)/women/id01091/00236_id03556_wavtolip.mp4,../data/raw/FakeAVCeleb_v1.2/FakeVideo-FakeAudio/Caucasian (American)/women/id01091/00236_id03556_wavtolip.mp4,1966_FakeVideo-FakeAudio,5,True,../data/processed/frames,../data/processed/audio/1966_FakeVideo-FakeAudio.wav
id02508,id03658,id00577,fsgan-wav2lip,D,FakeVideo-FakeAudio,African,women,00083_id03658_8Wtu9VXKqjY_id00577_wavtolip.mp4,FakeAVCeleb/FakeVideo-FakeAudio/African/women/id02508,FakeAVCeleb_v1.2/FakeVideo-FakeAudio/African/women/id02508/00083_id03658_8Wtu9VXKqjY_id00577_wavtolip.mp4,../data/raw/FakeAVCeleb_v1.2/FakeVideo-FakeAudio/African/women/id02508/00083_id03658_8Wtu9VXKqjY_id00577_wavtolip.mp4,1967_FakeVideo-FakeAudio,5,True,../data/processed/frames,../data/processed/audio/1967_FakeVideo-FakeAudio.wav
id01044,id01192,faceswap,faceswap-wav2lip,D,FakeVideo-FakeAudio,Caucasian (American),men,00336_id01192_kAht8HG7-1s_faceswap_id00529_wavtolip.mp4,FakeAVCeleb/FakeVideo-FakeAudio/Caucasian (American)/men/id01044,FakeAVCeleb_v1.2/FakeVideo-FakeAudio/Caucasian (American)/men/id01044/00336_id01192_kAht8HG7-1s_faceswap_id00529_wavtolip.mp4,../data/raw/FakeAVCeleb_v1.2/FakeVideo-FakeAudio/Caucasian (American)/men/id01044/00336_id01192_kAht8HG7-1s_faceswap_id00529_wavtolip.mp4,1968_FakeVideo-FakeAudio,5,True,../data/processed/frames,../data/processed/audio/1968_FakeVideo-FakeAudio.wav
id00186,id00535,id01052,fsgan-wav2lip,D,FakeVideo-FakeAudio,Caucasian (European),men,00120_id00535_BhvTIJ-YG5s_id01052_wavtolip.mp4,FakeAVCeleb/FakeVideo-FakeAudio/Caucasian (European)/men/id00186,FakeAVCeleb_v1.2/FakeVideo-FakeAudio/Caucasian (European)/men/id00186/00120_id00535_BhvTIJ-YG5s_id01052_wavtolip.mp4,../data/raw/FakeAVCeleb_v1.2/FakeVideo-FakeAudio/Caucasian (European)/men/id00186/00120_id00535_BhvTIJ-YG5s_id01052_wavtolip.mp4,1969_FakeVideo-FakeAudio,5,True,../data/processed/frames,../data/processed/audio/1969_FakeVideo-FakeAudio.wav
id04216,id00945,-,wav2lip,D,FakeVideo-FakeAudio,Caucasian (American),men,00470_id00945_wavtolip.mp4,FakeAVCeleb/FakeVideo-FakeAudio/Caucasian (American)/men/id04216,FakeAVCeleb_v1.2/FakeVideo-FakeAudio/Caucasian (American)/men/id04216/00470_id00945_wavtolip.mp4,../data/raw/FakeAVCeleb_v1.2/FakeVideo-FakeAudio/Caucasian (American)/men/id04216/00470_id00945_wavtolip.mp4,1970_FakeVideo-FakeAudio,5,True,../data/processed/frames,../data/processed/audio/1970_FakeVideo-FakeAudio.wav
id00187,id02567,id00946,fsgan-wav2lip,D,FakeVideo-FakeAudio,Caucasian (European),men,00360_id02567_4Ao5jgpSXdw_id00946_wavtolip.mp4,FakeAVCeleb/FakeVideo-FakeAudio/Caucasian (European)/men/id00187,FakeAVCeleb_v1.2/FakeVideo-FakeAudio/Caucasian (European)/men/id00187/00360_id02567_4Ao5jgpSXdw_id00946_wavtolip.mp4,../data/raw/FakeAVCeleb_v1.2/FakeVideo-FakeAudio/Caucasian (European)/men/id00187/00360_id02567_4Ao5jgpSXdw_id00946_wavtolip.mp4,1971_FakeVideo-FakeAudio,1,True,../data/processed/frames,../data/processed/audio/1971_FakeVideo-FakeAudio.wav
id01225,id03605,-,wav2lip,D,FakeVideo-FakeAudio,Caucasian (American),women,00300_id03605_wavtolip.mp4,FakeAVCeleb/FakeVideo-FakeAudio/Caucasian (American)/women/id01225,FakeAVCeleb_v1.2/FakeVideo-FakeAudio/Caucasian (American)/women/id01225/00300_id03605_wavtolip.mp4,../data/raw/FakeAVCeleb_v1.2/FakeVideo-FakeAudio/Caucasian (American)/women/id01225/00300_id03605_wavtolip.mp4,1972_FakeVideo-FakeAudio,3,True,../data/processed/frames,../data/processed/audio/1972_FakeVideo-FakeAudio.wav
id05920,id07689,id00747,fsgan-wav2lip,D,FakeVideo-FakeAudio,Asian (South),women,00161_id07689_2ie0g83JkgA_id00747_wavtolip.mp4,FakeAVCeleb/FakeVideo-FakeAudio/Asian (South)/women/id05920,FakeAVCeleb_v1.2/FakeVideo-FakeAudio/Asian (South)/women/id05920/00161_id07689_2ie0g83JkgA_id00747_wavtolip.mp4,../data/raw/FakeAVCeleb_v1.2/FakeVideo-FakeAudio/Asian (South)/women/id05920/00161_id07689_2ie0g83JkgA_id00747_wavtolip.mp4,1973_FakeVideo-FakeAudio,5,True,../data/processed/frames,../data/processed/audio/1973_FakeVideo-FakeAudio.wav
id01036,id01392,-,wav2lip,D,FakeVideo-FakeAudio,African,men,00010_id01392_wavtolip.mp4,FakeAVCeleb/FakeVideo-FakeAudio/African/men/id01036,FakeAVCeleb_v1.2/FakeVideo-FakeAudio/African/men/id01036/00010_id01392_wavtolip.mp4,../data/raw/FakeAVCeleb_v1.2/FakeVideo-FakeAudio/African/men/id01036/00010_id01392_wavtolip.mp4,1974_FakeVideo-FakeAudio,3,True,../data/processed/frames,../data/processed/audio/1974_FakeVideo-FakeAudio.wav
id02493,id09053,faceswap,faceswap-wav2lip,D,FakeVideo-FakeAudio,Asian (East),men,00073_id09053_6baCAGutGFg_faceswap_id06878_wavtolip.mp4,FakeAVCeleb/FakeVideo-FakeAudio/Asian (East)/men/id02493,FakeAVCeleb_v1.2/FakeVideo-FakeAudio/Asian (East)/men/id02493/00073_id09053_6baCAGutGFg_faceswap_id06878_wavtolip.mp4,../data/raw/FakeAVCeleb_v1.2/FakeVideo-FakeAudio/Asian (East)/men/id02493/00073_id09053_6baCAGutGFg_faceswap_id06878_wavtolip.mp4,1975_FakeVideo-FakeAudio,5,True,../data/processed/frames,../data/processed/audio/1975_FakeVideo-FakeAudio.wav
id03651,id00287,-,wav2lip,D,FakeVideo-FakeAudio,Caucasian (European),women,00092_id00287_wavtolip.mp4,FakeAVCeleb/FakeVideo-FakeAudio/Caucasian (European)/women/id03651,FakeAVCeleb_v1.2/FakeVideo-FakeAudio/Caucasian (European)/women/id03651/00092_id00287_wavtolip.mp4,../data/raw/FakeAVCeleb_v1.2/FakeVideo-FakeAudio/Caucasian (European)/women/id03651/00092_id00287_wavtolip.mp4,1976_FakeVideo-FakeAudio,1,True,../data/processed/frames,../data/processed/audio/1976_FakeVideo-FakeAudio.wav
id00857,id00082,-,wav2lip,D,FakeVideo-FakeAudio,Asian (South),men,00347_id00082_wavtolip.mp4,FakeAVCeleb/FakeVideo-FakeAudio/Asian (South)/men/id00857,FakeAVCeleb_v1.2/FakeVideo-FakeAudio/Asian (South)/men/id00857/00347_id00082_wavtolip.mp4,../data/raw/FakeAVCeleb_v1.2/FakeVideo-FakeAudio/Asian (South)/men/id00857/00347_id00082_wavtolip.mp4,1977_FakeVideo-FakeAudio,5,True,../data/processed/frames,../data/processed/audio/1977_FakeVideo-FakeAudio.wav
id00261,id03556,-,wav2lip,D,FakeVideo-FakeAudio,Caucasian (American),women,00048_id03556_wavtolip.mp4,FakeAVCeleb/FakeVideo-FakeAudio/Caucasian (American)/women/id00261,FakeAVCeleb_v1.2/FakeVideo-FakeAudio/Caucasian (American)/women/id00261/00048_id03556_wavtolip.mp4,../data/raw/FakeAVCeleb_v1.2/FakeVideo-FakeAudio/Caucasian (American)/women/id00261/00048_id03556_wavtolip.mp4,1978_FakeVideo-FakeAudio,4,True,../data/processed/frames,../data/processed/audio/1978_FakeVideo-FakeAudio.wav
id00272,id00231,-,wav2lip,D,FakeVideo-FakeAudio,Caucasian (American),women,00195_id00231_wavtolip.mp4,FakeAVCeleb/FakeVideo-FakeAudio/Caucasian (American)/women/id00272,FakeAVCeleb_v1.2/FakeVideo-FakeAudio/Caucasian (American)/women/id00272/00195_id00231_wavtolip.mp4,../data/raw/FakeAVCeleb_v1.2/FakeVideo-FakeAudio/Caucasian (American)/women/id00272/00195_id00231_wavtolip.mp4,1979_FakeVideo-FakeAudio,5,True,../data/processed/frames,../data/processed/audio/1979_FakeVideo-FakeAudio.wav
id00739,id00417,faceswap,faceswap-wav2lip,D,FakeVideo-FakeAudio,Asian (South),women,00005_id00417_GhIZam3v09g_faceswap_id06343_wavtolip.mp4,FakeAVCeleb/FakeVideo-FakeAudio/Asian (South)/women/id00739,FakeAVCeleb_v1.2/FakeVideo-FakeAudio/Asian (South)/women/id00739/00005_id00417_GhIZam3v09g_faceswap_id06343_wavtolip.mp4,../data/raw/FakeAVCeleb_v1.2/FakeVideo-FakeAudio/Asian (South)/women/id00739/00005_id00417_GhIZam3v09g_faceswap_id06343_wavtolip.mp4,1980_FakeVideo-FakeAudio,5,True,../data/processed/frames,../data/processed/audio/1980_FakeVideo-FakeAudio.wav
id00761,id01717,-,wav2lip,D,FakeVideo-FakeAudio,African,men,00072_id01717_wavtolip.mp4,FakeAVCeleb/FakeVideo-FakeAudio/African/men/id00761,FakeAVCeleb_v1.2/FakeVideo-FakeAudio/African/men/id00761/00072_id01717_wavtolip.mp4,../data/raw/FakeAVCeleb_v1.2/FakeVideo-FakeAudio/African/men/id00761/00072_id01717_wavtolip.mp4,1981_FakeVideo-FakeAudio,1,True,../data/processed/frames,../data/processed/audio/1981_FakeVideo-FakeAudio.wav
id00414,id07165,iy16IBTM,fsgan-wav2lip,D,FakeVideo-FakeAudio,Asian (South),men,00052_id07165_oJ_iy16IBTM_id08313_wavtolip.mp4,FakeAVCeleb/FakeVideo-FakeAudio/Asian (South)/men/id00414,FakeAVCeleb_v1.2/FakeVideo-FakeAudio/Asian (South)/men/id00414/00052_id07165_oJ_iy16IBTM_id08313_wavtolip.mp4,../data/raw/FakeAVCeleb_v1.2/FakeVideo-FakeAudio/Asian (South)/men/id00414/00052_id07165_oJ_iy16IBTM_id08313_wavtolip.mp4,1982_FakeVideo-FakeAudio,5,True,../data/processed/frames,../data/processed/audio/1982_FakeVideo-FakeAudio.wav
id00555,id01091,id03707,fsgan-wav2lip,D,FakeVideo-FakeAudio,Caucasian (American),women,00005_id01091_oM2XdIGMM2c_id03707_wavtolip.mp4,FakeAVCeleb/FakeVideo-FakeAudio/Caucasian (American)/women/id00555,FakeAVCeleb_v1.2/FakeVideo-FakeAudio/Caucasian (American)/women/id00555/00005_id01091_oM2XdIGMM2c_id03707_wavtolip.mp4,../data/raw/FakeAVCeleb_v1.2/FakeVideo-FakeAudio/Caucasian (American)/women/id00555/00005_id01091_oM2XdIGMM2c_id03707_wavtolip.mp4,1983_FakeVideo-FakeAudio,5,True,../data/processed/frames,../data/processed/audio/1983_FakeVideo-FakeAudio.wav
id01201,id01163,id00243,fsgan-wav2lip,D,FakeVideo-FakeAudio,Caucasian (American),men,00028_id01163_QSMeUEH3lJM_id00243_wavtolip.mp4,FakeAVCeleb/FakeVideo-FakeAudio/Caucasian (American)/men/id01201,FakeAVCeleb_v1.2/FakeVideo-FakeAudio/Caucasian (American)/men/id01201/00028_id01163_QSMeUEH3lJM_id00243_wavtolip.mp4,../data/raw/FakeAVCeleb_v1.2/FakeVideo-FakeAudio/Caucasian (American)/men/id01201/00028_id01163_QSMeUEH3lJM_id00243_wavtolip.mp4,1984_FakeVideo-FakeAudio,5,True,../data/processed/frames,../data/processed/audio/1984_FakeVideo-FakeAudio.wav
id00835,id01217,id01075,fsgan-wav2lip,D,FakeVideo-FakeAudio,Caucasian (American),women,00195_id01217_7lVC4xEK_6E_id01075_wavtolip.mp4,FakeAVCeleb/FakeVideo-FakeAudio/Caucasian (American)/women/id00835,FakeAVCeleb_v1.2/FakeVideo-FakeAudio/Caucasian (American)/women/id00835/00195_id01217_7lVC4xEK_6E_id01075_wavtolip.mp4,../data/raw/FakeAVCeleb_v1.2/FakeVideo-FakeAudio/Caucasian (American)/women/id00835/00195_id01217_7lVC4xEK_6E_id01075_wavtolip.mp4,1985_FakeVideo-FakeAudio,5,True,../data/processed/frames,../data/processed/audio/1985_FakeVideo-FakeAudio.wav
id00634,id00591,id00071,fsgan-wav2lip,D,FakeVideo-FakeAudio,Caucasian (European),women,00078_id00591_1Jo8xElXQMs_id00071_wavtolip.mp4,FakeAVCeleb/FakeVideo-FakeAudio/Caucasian (European)/women/id00634,FakeAVCeleb_v1.2/FakeVideo-FakeAudio/Caucasian (European)/women/id00634/00078_id00591_1Jo8xElXQMs_id00071_wavtolip.mp4,../data/raw/FakeAVCeleb_v1.2/FakeVideo-FakeAudio/Caucasian (European)/women/id00634/00078_id00591_1Jo8xElXQMs_id00071_wavtolip.mp4,1986_FakeVideo-FakeAudio,5,True,../data/processed/frames,../data/processed/audio/1986_FakeVideo-FakeAudio.wav
id01907,id04736,-,wav2lip,D,FakeVideo-FakeAudio,African,women,00148_id04736_wavtolip.mp4,FakeAVCeleb/FakeVideo-FakeAudio/African/women/id01907,FakeAVCeleb_v1.2/FakeVideo-FakeAudio/African/women/id01907/00148_id04736_wavtolip.mp4,../data/raw/FakeAVCeleb_v1.2/FakeVideo-FakeAudio/African/women/id01907/00148_id04736_wavtolip.mp4,1987_FakeVideo-FakeAudio,5,True,../data/processed/frames,../data/processed/audio/1987_FakeVideo-FakeAudio.wav
id00946,id00187,-,wav2lip,D,FakeVideo-FakeAudio,Caucasian (European),men,00126_id00187_wavtolip.mp4,FakeAVCeleb/FakeVideo-FakeAudio/Caucasian (European)/men/id00946,FakeAVCeleb_v1.2/FakeVideo-FakeAudio/Caucasian (European)/men/id00946/00126_id00187_wavtolip.mp4,../data/raw/FakeAVCeleb_v1.2/FakeVideo-FakeAudio/Caucasian (European)/men/id00946/00126_id00187_wavtolip.mp4,1988_FakeVideo-FakeAudio,5,True,../data/processed/frames,../data/processed/audio/1988_FakeVideo-FakeAudio.wav
id00391,id01597,id00518,fsgan-wav2lip,D,FakeVideo-FakeAudio,African,men,00052_id01597_52WEZxe4_GE_id00518_wavtolip.mp4,FakeAVCeleb/FakeVideo-FakeAudio/African/men/id00391,FakeAVCeleb_v1.2/FakeVideo-FakeAudio/African/men/id00391/00052_id01597_52WEZxe4_GE_id00518_wavtolip.mp4,../data/raw/FakeAVCeleb_v1.2/FakeVideo-FakeAudio/African/men/id00391/00052_id01597_52WEZxe4_GE_id00518_wavtolip.mp4,1989_FakeVideo-FakeAudio,5,True,../data/processed/frames,../data/processed/audio/1989_FakeVideo-FakeAudio.wav
id03985,id04490,-,wav2lip,D,FakeVideo-FakeAudio,Asian (South),women,00005_id04490_wavtolip.mp4,FakeAVCeleb/FakeVideo-FakeAudio/Asian (South)/women/id03985,FakeAVCeleb_v1.2/FakeVideo-FakeAudio/Asian (South)/women/id03985/00005_id04490_wavtolip.mp4,../data/raw/FakeAVCeleb_v1.2/FakeVideo-FakeAudio/Asian (South)/women/id03985/00005_id04490_wavtolip.mp4,1990_FakeVideo-FakeAudio,5,True,../data/processed/frames,../data/processed/audio/1990_FakeVideo-FakeAudio.wav
id00919,id00265,-,wav2lip,D,FakeVideo-FakeAudio,Caucasian (European),men,00063_id00265_wavtolip.mp4,FakeAVCeleb/FakeVideo-FakeAudio/Caucasian (European)/men/id00919,FakeAVCeleb_v1.2/FakeVideo-FakeAudio/Caucasian (European)/men/id00919/00063_id00265_wavtolip.mp4,../data/raw/FakeAVCeleb_v1.2/FakeVideo-FakeAudio/Caucasian (European)/men/id00919/00063_id00265_wavtolip.mp4,1991_FakeVideo-FakeAudio,5,True,../data/processed/frames,../data/processed/audio/1991_FakeVideo-FakeAudio.wav
id06445,id04582,faceswap,faceswap-wav2lip,D,FakeVideo-FakeAudio,Asian (South),women,00150_id04582_Pm9dX-TxNx0_faceswap_id06438_wavtolip.mp4,FakeAVCeleb/FakeVideo-FakeAudio/Asian (South)/women/id06445,FakeAVCeleb_v1.2/FakeVideo-FakeAudio/Asian (South)/women/id06445/00150_id04582_Pm9dX-TxNx0_faceswap_id06438_wavtolip.mp4,../data/raw/FakeAVCeleb_v1.2/FakeVideo-FakeAudio/Asian (South)/women/id06445/00150_id04582_Pm9dX-TxNx0_faceswap_id06438_wavtolip.mp4,1992_FakeVideo-FakeAudio,5,True,../data/processed/frames,../data/processed/audio/1992_FakeVideo-FakeAudio.wav
id08313,id00773,id07058,fsgan-wav2lip,D,FakeVideo-FakeAudio,Asian (South),men,00202_id00773_2j3lUETJ57I_id07058_wavtolip.mp4,FakeAVCeleb/FakeVideo-FakeAudio/Asian (South)/men/id08313,FakeAVCeleb_v1.2/FakeVideo-FakeAudio/Asian (South)/men/id08313/00202_id00773_2j3lUETJ57I_id07058_wavtolip.mp4,../data/raw/FakeAVCeleb_v1.2/FakeVideo-FakeAudio/Asian (South)/men/id08313/00202_id00773_2j3lUETJ57I_id07058_wavtolip.mp4,1993_FakeVideo-FakeAudio,5,True,../data/processed/frames,../data/processed/audio/1993_FakeVideo-FakeAudio.wav
id04490,id03897,faceswap,faceswap-wav2lip,D,FakeVideo-FakeAudio,Asian (South),women,00054_id03897_bOGItcSqK1s_faceswap_id03985_wavtolip.mp4,FakeAVCeleb/FakeVideo-FakeAudio/Asian (South)/women/id04490,FakeAVCeleb_v1.2/FakeVideo-FakeAudio/Asian (South)/women/id04490/00054_id03897_bOGItcSqK1s_faceswap_id03985_wavtolip.mp4,../data/raw/FakeAVCeleb_v1.2/FakeVideo-FakeAudio/Asian (South)/women/id04490/00054_id03897_bOGItcSqK1s_faceswap_id03985_wavtolip.mp4,1994_FakeVideo-FakeAudio,5,True,../data/processed/frames,../data/processed/audio/1994_FakeVideo-FakeAudio.wav
id00241,id00919,-,wav2lip,D,FakeVideo-FakeAudio,Caucasian (European),men,00015_id00919_wavtolip.mp4,FakeAVCeleb/FakeVideo-FakeAudio/Caucasian (European)/men/id00241,FakeAVCeleb_v1.2/FakeVideo-FakeAudio/Caucasian (European)/men/id00241/00015_id00919_wavtolip.mp4,../data/raw/FakeAVCeleb_v1.2/FakeVideo-FakeAudio/Caucasian (European)/men/id00241/00015_id00919_wavtolip.mp4,1995_FakeVideo-FakeAudio,5,True,../data/processed/frames,../data/processed/audio/1995_FakeVideo-FakeAudio.wav
id00265,id00559,faceswap,faceswap-wav2lip,D,FakeVideo-FakeAudio,Caucasian (European),men,00130_id00559_Y7ovoKuvL78_faceswap_id00909_wavtolip.mp4,FakeAVCeleb/FakeVideo-FakeAudio/Caucasian (European)/men/id00265,FakeAVCeleb_v1.2/FakeVideo-FakeAudio/Caucasian (European)/men/id00265/00130_id00559_Y7ovoKuvL78_faceswap_id00909_wavtolip.mp4,../data/raw/FakeAVCeleb_v1.2/FakeVideo-FakeAudio/Caucasian (European)/men/id00265/00130_id00559_Y7ovoKuvL78_faceswap_id00909_wavtolip.mp4,1996_FakeVideo-FakeAudio,5,True,../data/processed/frames,../data/processed/audio/1996_FakeVideo-FakeAudio.wav
id00781,id01392,-,wav2lip,D,FakeVideo-FakeAudio,African,men,00092_id01392_wavtolip.mp4,FakeAVCeleb/FakeVideo-FakeAudio/African/men/id00781,FakeAVCeleb_v1.2/FakeVideo-FakeAudio/African/men/id00781/00092_id01392_wavtolip.mp4,../data/raw/FakeAVCeleb_v1.2/FakeVideo-FakeAudio/African/men/id00781/00092_id01392_wavtolip.mp4,1997_FakeVideo-FakeAudio,5,True,../data/processed/frames,../data/processed/audio/1997_FakeVideo-FakeAudio.wav
id00747,id02310,faceswap,faceswap-wav2lip,D,FakeVideo-FakeAudio,Asian (South),women,00053_id02310_zA-8Pw0SvZg_faceswap_id02619_wavtolip.mp4,FakeAVCeleb/FakeVideo-FakeAudio/Asian (South)/women/id00747,FakeAVCeleb_v1.2/FakeVideo-FakeAudio/Asian (South)/women/id00747/00053_id02310_zA-8Pw0SvZg_faceswap_id02619_wavtolip.mp4,../data/raw/FakeAVCeleb_v1.2/FakeVideo-FakeAudio/Asian (South)/women/id00747/00053_id02310_zA-8Pw0SvZg_faceswap_id02619_wavtolip.mp4,1998_FakeVideo-FakeAudio,5,True,../data/processed/frames,../data/processed/audio/1998_FakeVideo-FakeAudio.wav
id01172,id01044,id00088,fsgan-wav2lip,D,FakeVideo-FakeAudio,Caucasian (American),men,00015_id01044_yL58R6zBNf4_id00088_wavtolip.mp4,FakeAVCeleb/FakeVideo-FakeAudio/Caucasian (American)/men/id01172,FakeAVCeleb_v1.2/FakeVideo-FakeAudio/Caucasian (American)/men/id01172/00015_id01044_yL58R6zBNf4_id00088_wavtolip.mp4,../data/raw/FakeAVCeleb_v1.2/FakeVideo-FakeAudio/Caucasian (American)/men/id01172/00015_id01044_yL58R6zBNf4_id00088_wavtolip.mp4,1999_FakeVideo-FakeAudio,5,True,../data/processed/frames,../data/processed/audio/1999_FakeVideo-FakeAudio.wav
