source,target1,target2,method,category,type,race,gender,path,Unnamed: 9,zip_path,local_path
id00076,-,-,real,A,RealVideo-RealAudio,African,men,00109.mp4,FakeAVCeleb/RealVideo-RealAudio/African/men/id00076,FakeAVCeleb_v1.2/RealVideo-RealAudio/African/men/id00076/00109.mp4,../data/raw/FakeAVCeleb_v1.2/RealVideo-RealAudio/African/men/id00076/00109.mp4
id00166,-,-,real,A,RealVideo-RealAudio,African,men,00010.mp4,FakeAVCeleb/RealVideo-RealAudio/African/men/id00166,FakeAVCeleb_v1.2/RealVideo-RealAudio/African/men/id00166/00010.mp4,../data/raw/FakeAVCeleb_v1.2/RealVideo-RealAudio/African/men/id00166/00010.mp4
id00173,-,-,real,A,RealVideo-RealAudio,African,men,00118.mp4,FakeAVCeleb/RealVideo-RealAudio/African/men/id00173,FakeAVCeleb_v1.2/RealVideo-RealAudio/African/men/id00173/00118.mp4,../data/raw/FakeAVCeleb_v1.2/RealVideo-RealAudio/African/men/id00173/00118.mp4
id00366,-,-,real,A,RealVideo-RealAudio,African,men,00118.mp4,FakeAVCeleb/RealVideo-RealAudio/African/men/id00366,FakeAVCeleb_v1.2/RealVideo-RealAudio/African/men/id00366/00118.mp4,../data/raw/FakeAVCeleb_v1.2/RealVideo-RealAudio/African/men/id00366/00118.mp4
id00391,-,-,real,A,RealVideo-RealAudio,African,men,00052.mp4,FakeAVCeleb/RealVideo-RealAudio/African/men/id00391,FakeAVCeleb_v1.2/RealVideo-RealAudio/African/men/id00391/00052.mp4,../data/raw/FakeAVCeleb_v1.2/RealVideo-RealAudio/African/men/id00391/00052.mp4
id00475,-,-,real,A,RealVideo-RealAudio,African,men,00099.mp4,FakeAVCeleb/RealVideo-RealAudio/African/men/id00475,FakeAVCeleb_v1.2/RealVideo-RealAudio/African/men/id00475/00099.mp4,../data/raw/FakeAVCeleb_v1.2/RealVideo-RealAudio/African/men/id00475/00099.mp4
id00476,-,-,real,A,RealVideo-RealAudio,African,men,00109.mp4,FakeAVCeleb/RealVideo-RealAudio/African/men/id00476,FakeAVCeleb_v1.2/RealVideo-RealAudio/African/men/id00476/00109.mp4,../data/raw/FakeAVCeleb_v1.2/RealVideo-RealAudio/African/men/id00476/00109.mp4
id00478,-,-,real,A,RealVideo-RealAudio,African,men,00206.mp4,FakeAVCeleb/RealVideo-RealAudio/African/men/id00478,FakeAVCeleb_v1.2/RealVideo-RealAudio/African/men/id00478/00206.mp4,../data/raw/FakeAVCeleb_v1.2/RealVideo-RealAudio/African/men/id00478/00206.mp4
id00518,-,-,real,A,RealVideo-RealAudio,African,men,00031.mp4,FakeAVCeleb/RealVideo-RealAudio/African/men/id00518,FakeAVCeleb_v1.2/RealVideo-RealAudio/African/men/id00518/00031.mp4,../data/raw/FakeAVCeleb_v1.2/RealVideo-RealAudio/African/men/id00518/00031.mp4
id00701,-,-,real,A,RealVideo-RealAudio,African,men,00092.mp4,FakeAVCeleb/RealVideo-RealAudio/African/men/id00701,FakeAVCeleb_v1.2/RealVideo-RealAudio/African/men/id00701/00092.mp4,../data/raw/FakeAVCeleb_v1.2/RealVideo-RealAudio/African/men/id00701/00092.mp4
id00761,-,-,real,A,RealVideo-RealAudio,African,men,00072.mp4,FakeAVCeleb/RealVideo-RealAudio/African/men/id00761,FakeAVCeleb_v1.2/RealVideo-RealAudio/African/men/id00761/00072.mp4,../data/raw/FakeAVCeleb_v1.2/RealVideo-RealAudio/African/men/id00761/00072.mp4
id00781,-,-,real,A,RealVideo-RealAudio,African,men,00092.mp4,FakeAVCeleb/RealVideo-RealAudio/African/men/id00781,FakeAVCeleb_v1.2/RealVideo-RealAudio/African/men/id00781/00092.mp4,../data/raw/FakeAVCeleb_v1.2/RealVideo-RealAudio/African/men/id00781/00092.mp4
id00830,-,-,real,A,RealVideo-RealAudio,African,men,00143.mp4,FakeAVCeleb/RealVideo-RealAudio/African/men/id00830,FakeAVCeleb_v1.2/RealVideo-RealAudio/African/men/id00830/00143.mp4,../data/raw/FakeAVCeleb_v1.2/RealVideo-RealAudio/African/men/id00830/00143.mp4
id00944,-,-,real,A,RealVideo-RealAudio,African,men,00135.mp4,FakeAVCeleb/RealVideo-RealAudio/African/men/id00944,FakeAVCeleb_v1.2/RealVideo-RealAudio/African/men/id00944/00135.mp4,../data/raw/FakeAVCeleb_v1.2/RealVideo-RealAudio/African/men/id00944/00135.mp4
id00987,-,-,real,A,RealVideo-RealAudio,African,men,00160.mp4,FakeAVCeleb/RealVideo-RealAudio/African/men/id00987,FakeAVCeleb_v1.2/RealVideo-RealAudio/African/men/id00987/00160.mp4,../data/raw/FakeAVCeleb_v1.2/RealVideo-RealAudio/African/men/id00987/00160.mp4
id01036,-,-,real,A,RealVideo-RealAudio,African,men,00010.mp4,FakeAVCeleb/RealVideo-RealAudio/African/men/id01036,FakeAVCeleb_v1.2/RealVideo-RealAudio/African/men/id01036/00010.mp4,../data/raw/FakeAVCeleb_v1.2/RealVideo-RealAudio/African/men/id01036/00010.mp4
id01076,-,-,real,A,RealVideo-RealAudio,African,men,00005.mp4,FakeAVCeleb/RealVideo-RealAudio/African/men/id01076,FakeAVCeleb_v1.2/RealVideo-RealAudio/African/men/id01076/00005.mp4,../data/raw/FakeAVCeleb_v1.2/RealVideo-RealAudio/African/men/id01076/00005.mp4
id01170,-,-,real,A,RealVideo-RealAudio,African,men,00021.mp4,FakeAVCeleb/RealVideo-RealAudio/African/men/id01170,FakeAVCeleb_v1.2/RealVideo-RealAudio/African/men/id01170/00021.mp4,../data/raw/FakeAVCeleb_v1.2/RealVideo-RealAudio/African/men/id01170/00021.mp4
id01171,-,-,real,A,RealVideo-RealAudio,African,men,00053.mp4,FakeAVCeleb/RealVideo-RealAudio/African/men/id01171,FakeAVCeleb_v1.2/RealVideo-RealAudio/African/men/id01171/00053.mp4,../data/raw/FakeAVCeleb_v1.2/RealVideo-RealAudio/African/men/id01171/00053.mp4
id01179,-,-,real,A,RealVideo-RealAudio,African,men,00160.mp4,FakeAVCeleb/RealVideo-RealAudio/African/men/id01179,FakeAVCeleb_v1.2/RealVideo-RealAudio/African/men/id01179/00160.mp4,../data/raw/FakeAVCeleb_v1.2/RealVideo-RealAudio/African/men/id01179/00160.mp4
id01207,-,-,real,A,RealVideo-RealAudio,African,men,00320.mp4,FakeAVCeleb/RealVideo-RealAudio/African/men/id01207,FakeAVCeleb_v1.2/RealVideo-RealAudio/African/men/id01207/00320.mp4,../data/raw/FakeAVCeleb_v1.2/RealVideo-RealAudio/African/men/id01207/00320.mp4
id01236,-,-,real,A,RealVideo-RealAudio,African,men,00005.mp4,FakeAVCeleb/RealVideo-RealAudio/African/men/id01236,FakeAVCeleb_v1.2/RealVideo-RealAudio/African/men/id01236/00005.mp4,../data/raw/FakeAVCeleb_v1.2/RealVideo-RealAudio/African/men/id01236/00005.mp4
id01392,-,-,real,A,RealVideo-RealAudio,African,men,00167.mp4,FakeAVCeleb/RealVideo-RealAudio/African/men/id01392,FakeAVCeleb_v1.2/RealVideo-RealAudio/African/men/id01392/00167.mp4,../data/raw/FakeAVCeleb_v1.2/RealVideo-RealAudio/African/men/id01392/00167.mp4
id01452,-,-,real,A,RealVideo-RealAudio,African,men,00001.mp4,FakeAVCeleb/RealVideo-RealAudio/African/men/id01452,FakeAVCeleb_v1.2/RealVideo-RealAudio/African/men/id01452/00001.mp4,../data/raw/FakeAVCeleb_v1.2/RealVideo-RealAudio/African/men/id01452/00001.mp4
id01521,-,-,real,A,RealVideo-RealAudio,African,men,00109.mp4,FakeAVCeleb/RealVideo-RealAudio/African/men/id01521,FakeAVCeleb_v1.2/RealVideo-RealAudio/African/men/id01521/00109.mp4,../data/raw/FakeAVCeleb_v1.2/RealVideo-RealAudio/African/men/id01521/00109.mp4
id01528,-,-,real,A,RealVideo-RealAudio,African,men,00017.mp4,FakeAVCeleb/RealVideo-RealAudio/African/men/id01528,FakeAVCeleb_v1.2/RealVideo-RealAudio/African/men/id01528/00017.mp4,../data/raw/FakeAVCeleb_v1.2/RealVideo-RealAudio/African/men/id01528/00017.mp4
id01530,-,-,real,A,RealVideo-RealAudio,African,men,00002.mp4,FakeAVCeleb/RealVideo-RealAudio/African/men/id01530,FakeAVCeleb_v1.2/RealVideo-RealAudio/African/men/id01530/00002.mp4,../data/raw/FakeAVCeleb_v1.2/RealVideo-RealAudio/African/men/id01530/00002.mp4
id01544,-,-,real,A,RealVideo-RealAudio,African,men,00044.mp4,FakeAVCeleb/RealVideo-RealAudio/African/men/id01544,FakeAVCeleb_v1.2/RealVideo-RealAudio/African/men/id01544/00044.mp4,../data/raw/FakeAVCeleb_v1.2/RealVideo-RealAudio/African/men/id01544/00044.mp4
id01597,-,-,real,A,RealVideo-RealAudio,African,men,00005.mp4,FakeAVCeleb/RealVideo-RealAudio/African/men/id01597,FakeAVCeleb_v1.2/RealVideo-RealAudio/African/men/id01597/00005.mp4,../data/raw/FakeAVCeleb_v1.2/RealVideo-RealAudio/African/men/id01597/00005.mp4
id01598,-,-,real,A,RealVideo-RealAudio,African,men,00044.mp4,FakeAVCeleb/RealVideo-RealAudio/African/men/id01598,FakeAVCeleb_v1.2/RealVideo-RealAudio/African/men/id01598/00044.mp4,../data/raw/FakeAVCeleb_v1.2/RealVideo-RealAudio/African/men/id01598/00044.mp4
id01610,-,-,real,A,RealVideo-RealAudio,African,men,00090.mp4,FakeAVCeleb/RealVideo-RealAudio/African/men/id01610,FakeAVCeleb_v1.2/RealVideo-RealAudio/African/men/id01610/00090.mp4,../data/raw/FakeAVCeleb_v1.2/RealVideo-RealAudio/African/men/id01610/00090.mp4
id01637,-,-,real,A,RealVideo-RealAudio,African,men,00002.mp4,FakeAVCeleb/RealVideo-RealAudio/African/men/id01637,FakeAVCeleb_v1.2/RealVideo-RealAudio/African/men/id01637/00002.mp4,../data/raw/FakeAVCeleb_v1.2/RealVideo-RealAudio/African/men/id01637/00002.mp4
id01691,-,-,real,A,RealVideo-RealAudio,African,men,00045.mp4,FakeAVCeleb/RealVideo-RealAudio/African/men/id01691,FakeAVCeleb_v1.2/RealVideo-RealAudio/African/men/id01691/00045.mp4,../data/raw/FakeAVCeleb_v1.2/RealVideo-RealAudio/African/men/id01691/00045.mp4
id01717,-,-,real,A,RealVideo-RealAudio,African,men,00005.mp4,FakeAVCeleb/RealVideo-RealAudio/African/men/id01717,FakeAVCeleb_v1.2/RealVideo-RealAudio/African/men/id01717/00005.mp4,../data/raw/FakeAVCeleb_v1.2/RealVideo-RealAudio/African/men/id01717/00005.mp4
id01779,-,-,real,A,RealVideo-RealAudio,African,men,00010.mp4,FakeAVCeleb/RealVideo-RealAudio/African/men/id01779,FakeAVCeleb_v1.2/RealVideo-RealAudio/African/men/id01779/00010.mp4,../data/raw/FakeAVCeleb_v1.2/RealVideo-RealAudio/African/men/id01779/00010.mp4
id01835,-,-,real,A,RealVideo-RealAudio,African,men,00130.mp4,FakeAVCeleb/RealVideo-RealAudio/African/men/id01835,FakeAVCeleb_v1.2/RealVideo-RealAudio/African/men/id01835/00130.mp4,../data/raw/FakeAVCeleb_v1.2/RealVideo-RealAudio/African/men/id01835/00130.mp4
id01856,-,-,real,A,RealVideo-RealAudio,African,men,00006.mp4,FakeAVCeleb/RealVideo-RealAudio/African/men/id01856,FakeAVCeleb_v1.2/RealVideo-RealAudio/African/men/id01856/00006.mp4,../data/raw/FakeAVCeleb_v1.2/RealVideo-RealAudio/African/men/id01856/00006.mp4
id01920,-,-,real,A,RealVideo-RealAudio,African,men,00099.mp4,FakeAVCeleb/RealVideo-RealAudio/African/men/id01920,FakeAVCeleb_v1.2/RealVideo-RealAudio/African/men/id01920/00099.mp4,../data/raw/FakeAVCeleb_v1.2/RealVideo-RealAudio/African/men/id01920/00099.mp4
id01933,-,-,real,A,RealVideo-RealAudio,African,men,00028.mp4,FakeAVCeleb/RealVideo-RealAudio/African/men/id01933,FakeAVCeleb_v1.2/RealVideo-RealAudio/African/men/id01933/00028.mp4,../data/raw/FakeAVCeleb_v1.2/RealVideo-RealAudio/African/men/id01933/00028.mp4
id01972,-,-,real,A,RealVideo-RealAudio,African,men,00078.mp4,FakeAVCeleb/RealVideo-RealAudio/African/men/id01972,FakeAVCeleb_v1.2/RealVideo-RealAudio/African/men/id01972/00078.mp4,../data/raw/FakeAVCeleb_v1.2/RealVideo-RealAudio/African/men/id01972/00078.mp4
id01995,-,-,real,A,RealVideo-RealAudio,African,men,00071.mp4,FakeAVCeleb/RealVideo-RealAudio/African/men/id01995,FakeAVCeleb_v1.2/RealVideo-RealAudio/African/men/id01995/00071.mp4,../data/raw/FakeAVCeleb_v1.2/RealVideo-RealAudio/African/men/id01995/00071.mp4
id02005,-,-,real,A,RealVideo-RealAudio,African,men,00052.mp4,FakeAVCeleb/RealVideo-RealAudio/African/men/id02005,FakeAVCeleb_v1.2/RealVideo-RealAudio/African/men/id02005/00052.mp4,../data/raw/FakeAVCeleb_v1.2/RealVideo-RealAudio/African/men/id02005/00052.mp4
id02040,-,-,real,A,RealVideo-RealAudio,African,men,00476.mp4,FakeAVCeleb/RealVideo-RealAudio/African/men/id02040,FakeAVCeleb_v1.2/RealVideo-RealAudio/African/men/id02040/00476.mp4,../data/raw/FakeAVCeleb_v1.2/RealVideo-RealAudio/African/men/id02040/00476.mp4
id02051,-,-,real,A,RealVideo-RealAudio,African,men,00015.mp4,FakeAVCeleb/RealVideo-RealAudio/African/men/id02051,FakeAVCeleb_v1.2/RealVideo-RealAudio/African/men/id02051/00015.mp4,../data/raw/FakeAVCeleb_v1.2/RealVideo-RealAudio/African/men/id02051/00015.mp4
id02268,-,-,real,A,RealVideo-RealAudio,African,men,00036.mp4,FakeAVCeleb/RealVideo-RealAudio/African/men/id02268,FakeAVCeleb_v1.2/RealVideo-RealAudio/African/men/id02268/00036.mp4,../data/raw/FakeAVCeleb_v1.2/RealVideo-RealAudio/African/men/id02268/00036.mp4
id02296,-,-,real,A,RealVideo-RealAudio,African,men,00019.mp4,FakeAVCeleb/RealVideo-RealAudio/African/men/id02296,FakeAVCeleb_v1.2/RealVideo-RealAudio/African/men/id02296/00019.mp4,../data/raw/FakeAVCeleb_v1.2/RealVideo-RealAudio/African/men/id02296/00019.mp4
id02316,-,-,real,A,RealVideo-RealAudio,African,men,00094.mp4,FakeAVCeleb/RealVideo-RealAudio/African/men/id02316,FakeAVCeleb_v1.2/RealVideo-RealAudio/African/men/id02316/00094.mp4,../data/raw/FakeAVCeleb_v1.2/RealVideo-RealAudio/African/men/id02316/00094.mp4
id02342,-,-,real,A,RealVideo-RealAudio,African,men,00191.mp4,FakeAVCeleb/RealVideo-RealAudio/African/men/id02342,FakeAVCeleb_v1.2/RealVideo-RealAudio/African/men/id02342/00191.mp4,../data/raw/FakeAVCeleb_v1.2/RealVideo-RealAudio/African/men/id02342/00191.mp4
id02494,-,-,real,A,RealVideo-RealAudio,African,men,00050.mp4,FakeAVCeleb/RealVideo-RealAudio/African/men/id02494,FakeAVCeleb_v1.2/RealVideo-RealAudio/African/men/id02494/00050.mp4,../data/raw/FakeAVCeleb_v1.2/RealVideo-RealAudio/African/men/id02494/00050.mp4
id04727,-,-,real,A,RealVideo-RealAudio,African,men,00007.mp4,FakeAVCeleb/RealVideo-RealAudio/African/men/id04727,FakeAVCeleb_v1.2/RealVideo-RealAudio/African/men/id04727/00007.mp4,../data/raw/FakeAVCeleb_v1.2/RealVideo-RealAudio/African/men/id04727/00007.mp4
id00220,-,-,real,A,RealVideo-RealAudio,African,women,00027.mp4,FakeAVCeleb/RealVideo-RealAudio/African/women/id00220,FakeAVCeleb_v1.2/RealVideo-RealAudio/African/women/id00220/00027.mp4,../data/raw/FakeAVCeleb_v1.2/RealVideo-RealAudio/African/women/id00220/00027.mp4
id00359,-,-,real,A,RealVideo-RealAudio,African,women,00053.mp4,FakeAVCeleb/RealVideo-RealAudio/African/women/id00359,FakeAVCeleb_v1.2/RealVideo-RealAudio/African/women/id00359/00053.mp4,../data/raw/FakeAVCeleb_v1.2/RealVideo-RealAudio/African/women/id00359/00053.mp4
id00371,-,-,real,A,RealVideo-RealAudio,African,women,00099.mp4,FakeAVCeleb/RealVideo-RealAudio/African/women/id00371,FakeAVCeleb_v1.2/RealVideo-RealAudio/African/women/id00371/00099.mp4,../data/raw/FakeAVCeleb_v1.2/RealVideo-RealAudio/African/women/id00371/00099.mp4
id00460,-,-,real,A,RealVideo-RealAudio,African,women,00005.mp4,FakeAVCeleb/RealVideo-RealAudio/African/women/id00460,FakeAVCeleb_v1.2/RealVideo-RealAudio/African/women/id00460/00005.mp4,../data/raw/FakeAVCeleb_v1.2/RealVideo-RealAudio/African/women/id00460/00005.mp4
id00568,-,-,real,A,RealVideo-RealAudio,African,women,00384.mp4,FakeAVCeleb/RealVideo-RealAudio/African/women/id00568,FakeAVCeleb_v1.2/RealVideo-RealAudio/African/women/id00568/00384.mp4,../data/raw/FakeAVCeleb_v1.2/RealVideo-RealAudio/African/women/id00568/00384.mp4
id00577,-,-,real,A,RealVideo-RealAudio,African,women,00010.mp4,FakeAVCeleb/RealVideo-RealAudio/African/women/id00577,FakeAVCeleb_v1.2/RealVideo-RealAudio/African/women/id00577/00010.mp4,../data/raw/FakeAVCeleb_v1.2/RealVideo-RealAudio/African/women/id00577/00010.mp4
id00592,-,-,real,A,RealVideo-RealAudio,African,women,00017.mp4,FakeAVCeleb/RealVideo-RealAudio/African/women/id00592,FakeAVCeleb_v1.2/RealVideo-RealAudio/African/women/id00592/00017.mp4,../data/raw/FakeAVCeleb_v1.2/RealVideo-RealAudio/African/women/id00592/00017.mp4
id00707,-,-,real,A,RealVideo-RealAudio,African,women,00052.mp4,FakeAVCeleb/RealVideo-RealAudio/African/women/id00707,FakeAVCeleb_v1.2/RealVideo-RealAudio/African/women/id00707/00052.mp4,../data/raw/FakeAVCeleb_v1.2/RealVideo-RealAudio/African/women/id00707/00052.mp4
id00829,-,-,real,A,RealVideo-RealAudio,African,women,00271.mp4,FakeAVCeleb/RealVideo-RealAudio/African/women/id00829,FakeAVCeleb_v1.2/RealVideo-RealAudio/African/women/id00829/00271.mp4,../data/raw/FakeAVCeleb_v1.2/RealVideo-RealAudio/African/women/id00829/00271.mp4
id00832,-,-,real,A,RealVideo-RealAudio,African,women,00078.mp4,FakeAVCeleb/RealVideo-RealAudio/African/women/id00832,FakeAVCeleb_v1.2/RealVideo-RealAudio/African/women/id00832/00078.mp4,../data/raw/FakeAVCeleb_v1.2/RealVideo-RealAudio/African/women/id00832/00078.mp4
id01178,-,-,real,A,RealVideo-RealAudio,African,women,00028.mp4,FakeAVCeleb/RealVideo-RealAudio/African/women/id01178,FakeAVCeleb_v1.2/RealVideo-RealAudio/African/women/id01178/00028.mp4,../data/raw/FakeAVCeleb_v1.2/RealVideo-RealAudio/African/women/id01178/00028.mp4
id01532,-,-,real,A,RealVideo-RealAudio,African,women,00065.mp4,FakeAVCeleb/RealVideo-RealAudio/African/women/id01532,FakeAVCeleb_v1.2/RealVideo-RealAudio/African/women/id01532/00065.mp4,../data/raw/FakeAVCeleb_v1.2/RealVideo-RealAudio/African/women/id01532/00065.mp4
id01661,-,-,real,A,RealVideo-RealAudio,African,women,00059.mp4,FakeAVCeleb/RealVideo-RealAudio/African/women/id01661,FakeAVCeleb_v1.2/RealVideo-RealAudio/African/women/id01661/00059.mp4,../data/raw/FakeAVCeleb_v1.2/RealVideo-RealAudio/African/women/id01661/00059.mp4
id01783,-,-,real,A,RealVideo-RealAudio,African,women,00015.mp4,FakeAVCeleb/RealVideo-RealAudio/African/women/id01783,FakeAVCeleb_v1.2/RealVideo-RealAudio/African/women/id01783/00015.mp4,../data/raw/FakeAVCeleb_v1.2/RealVideo-RealAudio/African/women/id01783/00015.mp4
id01838,-,-,real,A,RealVideo-RealAudio,African,women,00126.mp4,FakeAVCeleb/RealVideo-RealAudio/African/women/id01838,FakeAVCeleb_v1.2/RealVideo-RealAudio/African/women/id01838/00126.mp4,../data/raw/FakeAVCeleb_v1.2/RealVideo-RealAudio/African/women/id01838/00126.mp4
id01907,-,-,real,A,RealVideo-RealAudio,African,women,00148.mp4,FakeAVCeleb/RealVideo-RealAudio/African/women/id01907,FakeAVCeleb_v1.2/RealVideo-RealAudio/African/women/id01907/00148.mp4,../data/raw/FakeAVCeleb_v1.2/RealVideo-RealAudio/African/women/id01907/00148.mp4
id02071,-,-,real,A,RealVideo-RealAudio,African,women,00195.mp4,FakeAVCeleb/RealVideo-RealAudio/African/women/id02071,FakeAVCeleb_v1.2/RealVideo-RealAudio/African/women/id02071/00195.mp4,../data/raw/FakeAVCeleb_v1.2/RealVideo-RealAudio/African/women/id02071/00195.mp4
id02301,-,-,real,A,RealVideo-RealAudio,African,women,00092.mp4,FakeAVCeleb/RealVideo-RealAudio/African/women/id02301,FakeAVCeleb_v1.2/RealVideo-RealAudio/African/women/id02301/00092.mp4,../data/raw/FakeAVCeleb_v1.2/RealVideo-RealAudio/African/women/id02301/00092.mp4
id02508,-,-,real,A,RealVideo-RealAudio,African,women,00083.mp4,FakeAVCeleb/RealVideo-RealAudio/African/women/id02508,FakeAVCeleb_v1.2/RealVideo-RealAudio/African/women/id02508/00083.mp4,../data/raw/FakeAVCeleb_v1.2/RealVideo-RealAudio/African/women/id02508/00083.mp4
id02586,-,-,real,A,RealVideo-RealAudio,African,women,00042.mp4,FakeAVCeleb/RealVideo-RealAudio/African/women/id02586,FakeAVCeleb_v1.2/RealVideo-RealAudio/African/women/id02586/00042.mp4,../data/raw/FakeAVCeleb_v1.2/RealVideo-RealAudio/African/women/id02586/00042.mp4
id02617,-,-,real,A,RealVideo-RealAudio,African,women,00028.mp4,FakeAVCeleb/RealVideo-RealAudio/African/women/id02617,FakeAVCeleb_v1.2/RealVideo-RealAudio/African/women/id02617/00028.mp4,../data/raw/FakeAVCeleb_v1.2/RealVideo-RealAudio/African/women/id02617/00028.mp4
id02721,-,-,real,A,RealVideo-RealAudio,African,women,00424.mp4,FakeAVCeleb/RealVideo-RealAudio/African/women/id02721,FakeAVCeleb_v1.2/RealVideo-RealAudio/African/women/id02721/00424.mp4,../data/raw/FakeAVCeleb_v1.2/RealVideo-RealAudio/African/women/id02721/00424.mp4
id02808,-,-,real,A,RealVideo-RealAudio,African,women,00056.mp4,FakeAVCeleb/RealVideo-RealAudio/African/women/id02808,FakeAVCeleb_v1.2/RealVideo-RealAudio/African/women/id02808/00056.mp4,../data/raw/FakeAVCeleb_v1.2/RealVideo-RealAudio/African/women/id02808/00056.mp4
id02824,-,-,real,A,RealVideo-RealAudio,African,women,00130.mp4,FakeAVCeleb/RealVideo-RealAudio/African/women/id02824,FakeAVCeleb_v1.2/RealVideo-RealAudio/African/women/id02824/00130.mp4,../data/raw/FakeAVCeleb_v1.2/RealVideo-RealAudio/African/women/id02824/00130.mp4
id02838,-,-,real,A,RealVideo-RealAudio,African,women,00080.mp4,FakeAVCeleb/RealVideo-RealAudio/African/women/id02838,FakeAVCeleb_v1.2/RealVideo-RealAudio/African/women/id02838/00080.mp4,../data/raw/FakeAVCeleb_v1.2/RealVideo-RealAudio/African/women/id02838/00080.mp4
id02948,-,-,real,A,RealVideo-RealAudio,African,women,00298.mp4,FakeAVCeleb/RealVideo-RealAudio/African/women/id02948,FakeAVCeleb_v1.2/RealVideo-RealAudio/African/women/id02948/00298.mp4,../data/raw/FakeAVCeleb_v1.2/RealVideo-RealAudio/African/women/id02948/00298.mp4
id03103,-,-,real,A,RealVideo-RealAudio,African,women,00130.mp4,FakeAVCeleb/RealVideo-RealAudio/African/women/id03103,FakeAVCeleb_v1.2/RealVideo-RealAudio/African/women/id03103/00130.mp4,../data/raw/FakeAVCeleb_v1.2/RealVideo-RealAudio/African/women/id03103/00130.mp4
id03569,-,-,real,A,RealVideo-RealAudio,African,women,00065.mp4,FakeAVCeleb/RealVideo-RealAudio/African/women/id03569,FakeAVCeleb_v1.2/RealVideo-RealAudio/African/women/id03569/00065.mp4,../data/raw/FakeAVCeleb_v1.2/RealVideo-RealAudio/African/women/id03569/00065.mp4
id03656,-,-,real,A,RealVideo-RealAudio,African,women,00052.mp4,FakeAVCeleb/RealVideo-RealAudio/African/women/id03656,FakeAVCeleb_v1.2/RealVideo-RealAudio/African/women/id03656/00052.mp4,../data/raw/FakeAVCeleb_v1.2/RealVideo-RealAudio/African/women/id03656/00052.mp4
id03658,-,-,real,A,RealVideo-RealAudio,African,women,00077.mp4,FakeAVCeleb/RealVideo-RealAudio/African/women/id03658,FakeAVCeleb_v1.2/RealVideo-RealAudio/African/women/id03658/00077.mp4,../data/raw/FakeAVCeleb_v1.2/RealVideo-RealAudio/African/women/id03658/00077.mp4
id03713,-,-,real,A,RealVideo-RealAudio,African,women,00249.mp4,FakeAVCeleb/RealVideo-RealAudio/African/women/id03713,FakeAVCeleb_v1.2/RealVideo-RealAudio/African/women/id03713/00249.mp4,../data/raw/FakeAVCeleb_v1.2/RealVideo-RealAudio/African/women/id03713/00249.mp4
id03747,-,-,real,A,RealVideo-RealAudio,African,women,00273.mp4,FakeAVCeleb/RealVideo-RealAudio/African/women/id03747,FakeAVCeleb_v1.2/RealVideo-RealAudio/African/women/id03747/00273.mp4,../data/raw/FakeAVCeleb_v1.2/RealVideo-RealAudio/African/women/id03747/00273.mp4
id04055,-,-,real,A,RealVideo-RealAudio,African,women,00001.mp4,FakeAVCeleb/RealVideo-RealAudio/African/women/id04055,FakeAVCeleb_v1.2/RealVideo-RealAudio/African/women/id04055/00001.mp4,../data/raw/FakeAVCeleb_v1.2/RealVideo-RealAudio/African/women/id04055/00001.mp4
id04245,-,-,real,A,RealVideo-RealAudio,African,women,00072.mp4,FakeAVCeleb/RealVideo-RealAudio/African/women/id04245,FakeAVCeleb_v1.2/RealVideo-RealAudio/African/women/id04245/00072.mp4,../data/raw/FakeAVCeleb_v1.2/RealVideo-RealAudio/African/women/id04245/00072.mp4
id04374,-,-,real,A,RealVideo-RealAudio,African,women,00032.mp4,FakeAVCeleb/RealVideo-RealAudio/African/women/id04374,FakeAVCeleb_v1.2/RealVideo-RealAudio/African/women/id04374/00032.mp4,../data/raw/FakeAVCeleb_v1.2/RealVideo-RealAudio/African/women/id04374/00032.mp4
id04376,-,-,real,A,RealVideo-RealAudio,African,women,00181.mp4,FakeAVCeleb/RealVideo-RealAudio/African/women/id04376,FakeAVCeleb_v1.2/RealVideo-RealAudio/African/women/id04376/00181.mp4,../data/raw/FakeAVCeleb_v1.2/RealVideo-RealAudio/African/women/id04376/00181.mp4
id04437,-,-,real,A,RealVideo-RealAudio,African,women,00002.mp4,FakeAVCeleb/RealVideo-RealAudio/African/women/id04437,FakeAVCeleb_v1.2/RealVideo-RealAudio/African/women/id04437/00002.mp4,../data/raw/FakeAVCeleb_v1.2/RealVideo-RealAudio/African/women/id04437/00002.mp4
id04540,-,-,real,A,RealVideo-RealAudio,African,women,00078.mp4,FakeAVCeleb/RealVideo-RealAudio/African/women/id04540,FakeAVCeleb_v1.2/RealVideo-RealAudio/African/women/id04540/00078.mp4,../data/raw/FakeAVCeleb_v1.2/RealVideo-RealAudio/African/women/id04540/00078.mp4
id04547,-,-,real,A,RealVideo-RealAudio,African,women,00052.mp4,FakeAVCeleb/RealVideo-RealAudio/African/women/id04547,FakeAVCeleb_v1.2/RealVideo-RealAudio/African/women/id04547/00052.mp4,../data/raw/FakeAVCeleb_v1.2/RealVideo-RealAudio/African/women/id04547/00052.mp4
id04689,-,-,real,A,RealVideo-RealAudio,African,women,00005.mp4,FakeAVCeleb/RealVideo-RealAudio/African/women/id04689,FakeAVCeleb_v1.2/RealVideo-RealAudio/African/women/id04689/00005.mp4,../data/raw/FakeAVCeleb_v1.2/RealVideo-RealAudio/African/women/id04689/00005.mp4
id04705,-,-,real,A,RealVideo-RealAudio,African,women,00408.mp4,FakeAVCeleb/RealVideo-RealAudio/African/women/id04705,FakeAVCeleb_v1.2/RealVideo-RealAudio/African/women/id04705/00408.mp4,../data/raw/FakeAVCeleb_v1.2/RealVideo-RealAudio/African/women/id04705/00408.mp4
id04736,-,-,real,A,RealVideo-RealAudio,African,women,00083.mp4,FakeAVCeleb/RealVideo-RealAudio/African/women/id04736,FakeAVCeleb_v1.2/RealVideo-RealAudio/African/women/id04736/00083.mp4,../data/raw/FakeAVCeleb_v1.2/RealVideo-RealAudio/African/women/id04736/00083.mp4
id04820,-,-,real,A,RealVideo-RealAudio,African,women,00015.mp4,FakeAVCeleb/RealVideo-RealAudio/African/women/id04820,FakeAVCeleb_v1.2/RealVideo-RealAudio/African/women/id04820/00015.mp4,../data/raw/FakeAVCeleb_v1.2/RealVideo-RealAudio/African/women/id04820/00015.mp4
id04939,-,-,real,A,RealVideo-RealAudio,African,women,00174.mp4,FakeAVCeleb/RealVideo-RealAudio/African/women/id04939,FakeAVCeleb_v1.2/RealVideo-RealAudio/African/women/id04939/00174.mp4,../data/raw/FakeAVCeleb_v1.2/RealVideo-RealAudio/African/women/id04939/00174.mp4
id05106,-,-,real,A,RealVideo-RealAudio,African,women,00078.mp4,FakeAVCeleb/RealVideo-RealAudio/African/women/id05106,FakeAVCeleb_v1.2/RealVideo-RealAudio/African/women/id05106/00078.mp4,../data/raw/FakeAVCeleb_v1.2/RealVideo-RealAudio/African/women/id05106/00078.mp4
id05231,-,-,real,A,RealVideo-RealAudio,African,women,00149.mp4,FakeAVCeleb/RealVideo-RealAudio/African/women/id05231,FakeAVCeleb_v1.2/RealVideo-RealAudio/African/women/id05231/00149.mp4,../data/raw/FakeAVCeleb_v1.2/RealVideo-RealAudio/African/women/id05231/00149.mp4
id05235,-,-,real,A,RealVideo-RealAudio,African,women,00052.mp4,FakeAVCeleb/RealVideo-RealAudio/African/women/id05235,FakeAVCeleb_v1.2/RealVideo-RealAudio/African/women/id05235/00052.mp4,../data/raw/FakeAVCeleb_v1.2/RealVideo-RealAudio/African/women/id05235/00052.mp4
id05251,-,-,real,A,RealVideo-RealAudio,African,women,00033.mp4,FakeAVCeleb/RealVideo-RealAudio/African/women/id05251,FakeAVCeleb_v1.2/RealVideo-RealAudio/African/women/id05251/00033.mp4,../data/raw/FakeAVCeleb_v1.2/RealVideo-RealAudio/African/women/id05251/00033.mp4
id05252,-,-,real,A,RealVideo-RealAudio,African,women,00052.mp4,FakeAVCeleb/RealVideo-RealAudio/African/women/id05252,FakeAVCeleb_v1.2/RealVideo-RealAudio/African/women/id05252/00052.mp4,../data/raw/FakeAVCeleb_v1.2/RealVideo-RealAudio/African/women/id05252/00052.mp4
id05980,-,-,real,A,RealVideo-RealAudio,African,women,00143.mp4,FakeAVCeleb/RealVideo-RealAudio/African/women/id05980,FakeAVCeleb_v1.2/RealVideo-RealAudio/African/women/id05980/00143.mp4,../data/raw/FakeAVCeleb_v1.2/RealVideo-RealAudio/African/women/id05980/00143.mp4
id00018,-,-,real,A,RealVideo-RealAudio,Caucasian (American),men,00181.mp4,FakeAVCeleb/RealVideo-RealAudio/Caucasian (American)/men/id00018,FakeAVCeleb_v1.2/RealVideo-RealAudio/Caucasian (American)/men/id00018/00181.mp4,../data/raw/FakeAVCeleb_v1.2/RealVideo-RealAudio/Caucasian (American)/men/id00018/00181.mp4
id00020,-,-,real,A,RealVideo-RealAudio,Caucasian (American),men,00206.mp4,FakeAVCeleb/RealVideo-RealAudio/Caucasian (American)/men/id00020,FakeAVCeleb_v1.2/RealVideo-RealAudio/Caucasian (American)/men/id00020/00206.mp4,../data/raw/FakeAVCeleb_v1.2/RealVideo-RealAudio/Caucasian (American)/men/id00020/00206.mp4
id00021,-,-,real,A,RealVideo-RealAudio,Caucasian (American),men,00010.mp4,FakeAVCeleb/RealVideo-RealAudio/Caucasian (American)/men/id00021,FakeAVCeleb_v1.2/RealVideo-RealAudio/Caucasian (American)/men/id00021/00010.mp4,../data/raw/FakeAVCeleb_v1.2/RealVideo-RealAudio/Caucasian (American)/men/id00021/00010.mp4
id00029,-,-,real,A,RealVideo-RealAudio,Caucasian (American),men,00288.mp4,FakeAVCeleb/RealVideo-RealAudio/Caucasian (American)/men/id00029,FakeAVCeleb_v1.2/RealVideo-RealAudio/Caucasian (American)/men/id00029/00288.mp4,../data/raw/FakeAVCeleb_v1.2/RealVideo-RealAudio/Caucasian (American)/men/id00029/00288.mp4
id00049,-,-,real,A,RealVideo-RealAudio,Caucasian (American),men,00118.mp4,FakeAVCeleb/RealVideo-RealAudio/Caucasian (American)/men/id00049,FakeAVCeleb_v1.2/RealVideo-RealAudio/Caucasian (American)/men/id00049/00118.mp4,../data/raw/FakeAVCeleb_v1.2/RealVideo-RealAudio/Caucasian (American)/men/id00049/00118.mp4
id00052,-,-,real,A,RealVideo-RealAudio,Caucasian (American),men,00015.mp4,FakeAVCeleb/RealVideo-RealAudio/Caucasian (American)/men/id00052,FakeAVCeleb_v1.2/RealVideo-RealAudio/Caucasian (American)/men/id00052/00015.mp4,../data/raw/FakeAVCeleb_v1.2/RealVideo-RealAudio/Caucasian (American)/men/id00052/00015.mp4
id00060,-,-,real,A,RealVideo-RealAudio,Caucasian (American),men,00307.mp4,FakeAVCeleb/RealVideo-RealAudio/Caucasian (American)/men/id00060,FakeAVCeleb_v1.2/RealVideo-RealAudio/Caucasian (American)/men/id00060/00307.mp4,../data/raw/FakeAVCeleb_v1.2/RealVideo-RealAudio/Caucasian (American)/men/id00060/00307.mp4
id00062,-,-,real,A,RealVideo-RealAudio,Caucasian (American),men,00278.mp4,FakeAVCeleb/RealVideo-RealAudio/Caucasian (American)/men/id00062,FakeAVCeleb_v1.2/RealVideo-RealAudio/Caucasian (American)/men/id00062/00278.mp4,../data/raw/FakeAVCeleb_v1.2/RealVideo-RealAudio/Caucasian (American)/men/id00062/00278.mp4
id00087,-,-,real,A,RealVideo-RealAudio,Caucasian (American),men,00002.mp4,FakeAVCeleb/RealVideo-RealAudio/Caucasian (American)/men/id00087,FakeAVCeleb_v1.2/RealVideo-RealAudio/Caucasian (American)/men/id00087/00002.mp4,../data/raw/FakeAVCeleb_v1.2/RealVideo-RealAudio/Caucasian (American)/men/id00087/00002.mp4
id00088,-,-,real,A,RealVideo-RealAudio,Caucasian (American),men,00005.mp4,FakeAVCeleb/RealVideo-RealAudio/Caucasian (American)/men/id00088,FakeAVCeleb_v1.2/RealVideo-RealAudio/Caucasian (American)/men/id00088/00005.mp4,../data/raw/FakeAVCeleb_v1.2/RealVideo-RealAudio/Caucasian (American)/men/id00088/00005.mp4
id00169,-,-,real,A,RealVideo-RealAudio,Caucasian (American),men,00021.mp4,FakeAVCeleb/RealVideo-RealAudio/Caucasian (American)/men/id00169,FakeAVCeleb_v1.2/RealVideo-RealAudio/Caucasian (American)/men/id00169/00021.mp4,../data/raw/FakeAVCeleb_v1.2/RealVideo-RealAudio/Caucasian (American)/men/id00169/00021.mp4
id00179,-,-,real,A,RealVideo-RealAudio,Caucasian (American),men,00143.mp4,FakeAVCeleb/RealVideo-RealAudio/Caucasian (American)/men/id00179,FakeAVCeleb_v1.2/RealVideo-RealAudio/Caucasian (American)/men/id00179/00143.mp4,../data/raw/FakeAVCeleb_v1.2/RealVideo-RealAudio/Caucasian (American)/men/id00179/00143.mp4
id00184,-,-,real,A,RealVideo-RealAudio,Caucasian (American),men,00241.mp4,FakeAVCeleb/RealVideo-RealAudio/Caucasian (American)/men/id00184,FakeAVCeleb_v1.2/RealVideo-RealAudio/Caucasian (American)/men/id00184/00241.mp4,../data/raw/FakeAVCeleb_v1.2/RealVideo-RealAudio/Caucasian (American)/men/id00184/00241.mp4
id00243,-,-,real,A,RealVideo-RealAudio,Caucasian (American),men,00037.mp4,FakeAVCeleb/RealVideo-RealAudio/Caucasian (American)/men/id00243,FakeAVCeleb_v1.2/RealVideo-RealAudio/Caucasian (American)/men/id00243/00037.mp4,../data/raw/FakeAVCeleb_v1.2/RealVideo-RealAudio/Caucasian (American)/men/id00243/00037.mp4
id00264,-,-,real,A,RealVideo-RealAudio,Caucasian (American),men,00257.mp4,FakeAVCeleb/RealVideo-RealAudio/Caucasian (American)/men/id00264,FakeAVCeleb_v1.2/RealVideo-RealAudio/Caucasian (American)/men/id00264/00257.mp4,../data/raw/FakeAVCeleb_v1.2/RealVideo-RealAudio/Caucasian (American)/men/id00264/00257.mp4
id00345,-,-,real,A,RealVideo-RealAudio,Caucasian (American),men,00243.mp4,FakeAVCeleb/RealVideo-RealAudio/Caucasian (American)/men/id00345,FakeAVCeleb_v1.2/RealVideo-RealAudio/Caucasian (American)/men/id00345/00243.mp4,../data/raw/FakeAVCeleb_v1.2/RealVideo-RealAudio/Caucasian (American)/men/id00345/00243.mp4
id00529,-,-,real,A,RealVideo-RealAudio,Caucasian (American),men,00409.mp4,FakeAVCeleb/RealVideo-RealAudio/Caucasian (American)/men/id00529,FakeAVCeleb_v1.2/RealVideo-RealAudio/Caucasian (American)/men/id00529/00409.mp4,../data/raw/FakeAVCeleb_v1.2/RealVideo-RealAudio/Caucasian (American)/men/id00529/00409.mp4
id00696,-,-,real,A,RealVideo-RealAudio,Caucasian (American),men,00005.mp4,FakeAVCeleb/RealVideo-RealAudio/Caucasian (American)/men/id00696,FakeAVCeleb_v1.2/RealVideo-RealAudio/Caucasian (American)/men/id00696/00005.mp4,../data/raw/FakeAVCeleb_v1.2/RealVideo-RealAudio/Caucasian (American)/men/id00696/00005.mp4
id00708,-,-,real,A,RealVideo-RealAudio,Caucasian (American),men,00043.mp4,FakeAVCeleb/RealVideo-RealAudio/Caucasian (American)/men/id00708,FakeAVCeleb_v1.2/RealVideo-RealAudio/Caucasian (American)/men/id00708/00043.mp4,../data/raw/FakeAVCeleb_v1.2/RealVideo-RealAudio/Caucasian (American)/men/id00708/00043.mp4
id00775,-,-,real,A,RealVideo-RealAudio,Caucasian (American),men,00092.mp4,FakeAVCeleb/RealVideo-RealAudio/Caucasian (American)/men/id00775,FakeAVCeleb_v1.2/RealVideo-RealAudio/Caucasian (American)/men/id00775/00092.mp4,../data/raw/FakeAVCeleb_v1.2/RealVideo-RealAudio/Caucasian (American)/men/id00775/00092.mp4
id00777,-,-,real,A,RealVideo-RealAudio,Caucasian (American),men,00160.mp4,FakeAVCeleb/RealVideo-RealAudio/Caucasian (American)/men/id00777,FakeAVCeleb_v1.2/RealVideo-RealAudio/Caucasian (American)/men/id00777/00160.mp4,../data/raw/FakeAVCeleb_v1.2/RealVideo-RealAudio/Caucasian (American)/men/id00777/00160.mp4
id00943,-,-,real,A,RealVideo-RealAudio,Caucasian (American),men,00304.mp4,FakeAVCeleb/RealVideo-RealAudio/Caucasian (American)/men/id00943,FakeAVCeleb_v1.2/RealVideo-RealAudio/Caucasian (American)/men/id00943/00304.mp4,../data/raw/FakeAVCeleb_v1.2/RealVideo-RealAudio/Caucasian (American)/men/id00943/00304.mp4
id00945,-,-,real,A,RealVideo-RealAudio,Caucasian (American),men,00107.mp4,FakeAVCeleb/RealVideo-RealAudio/Caucasian (American)/men/id00945,FakeAVCeleb_v1.2/RealVideo-RealAudio/Caucasian (American)/men/id00945/00107.mp4,../data/raw/FakeAVCeleb_v1.2/RealVideo-RealAudio/Caucasian (American)/men/id00945/00107.mp4
id00971,-,-,real,A,RealVideo-RealAudio,Caucasian (American),men,00253.mp4,FakeAVCeleb/RealVideo-RealAudio/Caucasian (American)/men/id00971,FakeAVCeleb_v1.2/RealVideo-RealAudio/Caucasian (American)/men/id00971/00253.mp4,../data/raw/FakeAVCeleb_v1.2/RealVideo-RealAudio/Caucasian (American)/men/id00971/00253.mp4
id01035,-,-,real,A,RealVideo-RealAudio,Caucasian (American),men,00012.mp4,FakeAVCeleb/RealVideo-RealAudio/Caucasian (American)/men/id01035,FakeAVCeleb_v1.2/RealVideo-RealAudio/Caucasian (American)/men/id01035/00012.mp4,../data/raw/FakeAVCeleb_v1.2/RealVideo-RealAudio/Caucasian (American)/men/id01035/00012.mp4
id01042,-,-,real,A,RealVideo-RealAudio,Caucasian (American),men,00154.mp4,FakeAVCeleb/RealVideo-RealAudio/Caucasian (American)/men/id01042,FakeAVCeleb_v1.2/RealVideo-RealAudio/Caucasian (American)/men/id01042/00154.mp4,../data/raw/FakeAVCeleb_v1.2/RealVideo-RealAudio/Caucasian (American)/men/id01042/00154.mp4
id01044,-,-,real,A,RealVideo-RealAudio,Caucasian (American),men,00336.mp4,FakeAVCeleb/RealVideo-RealAudio/Caucasian (American)/men/id01044,FakeAVCeleb_v1.2/RealVideo-RealAudio/Caucasian (American)/men/id01044/00336.mp4,../data/raw/FakeAVCeleb_v1.2/RealVideo-RealAudio/Caucasian (American)/men/id01044/00336.mp4
id01048,-,-,real,A,RealVideo-RealAudio,Caucasian (American),men,00160.mp4,FakeAVCeleb/RealVideo-RealAudio/Caucasian (American)/men/id01048,FakeAVCeleb_v1.2/RealVideo-RealAudio/Caucasian (American)/men/id01048/00160.mp4,../data/raw/FakeAVCeleb_v1.2/RealVideo-RealAudio/Caucasian (American)/men/id01048/00160.mp4
id01096,-,-,real,A,RealVideo-RealAudio,Caucasian (American),men,00037.mp4,FakeAVCeleb/RealVideo-RealAudio/Caucasian (American)/men/id01096,FakeAVCeleb_v1.2/RealVideo-RealAudio/Caucasian (American)/men/id01096/00037.mp4,../data/raw/FakeAVCeleb_v1.2/RealVideo-RealAudio/Caucasian (American)/men/id01096/00037.mp4
id01105,-,-,real,A,RealVideo-RealAudio,Caucasian (American),men,00083.mp4,FakeAVCeleb/RealVideo-RealAudio/Caucasian (American)/men/id01105,FakeAVCeleb_v1.2/RealVideo-RealAudio/Caucasian (American)/men/id01105/00083.mp4,../data/raw/FakeAVCeleb_v1.2/RealVideo-RealAudio/Caucasian (American)/men/id01105/00083.mp4
id01124,-,-,real,A,RealVideo-RealAudio,Caucasian (American),men,00063.mp4,FakeAVCeleb/RealVideo-RealAudio/Caucasian (American)/men/id01124,FakeAVCeleb_v1.2/RealVideo-RealAudio/Caucasian (American)/men/id01124/00063.mp4,../data/raw/FakeAVCeleb_v1.2/RealVideo-RealAudio/Caucasian (American)/men/id01124/00063.mp4
id01163,-,-,real,A,RealVideo-RealAudio,Caucasian (American),men,00195.mp4,FakeAVCeleb/RealVideo-RealAudio/Caucasian (American)/men/id01163,FakeAVCeleb_v1.2/RealVideo-RealAudio/Caucasian (American)/men/id01163/00195.mp4,../data/raw/FakeAVCeleb_v1.2/RealVideo-RealAudio/Caucasian (American)/men/id01163/00195.mp4
id01168,-,-,real,A,RealVideo-RealAudio,Caucasian (American),men,00028.mp4,FakeAVCeleb/RealVideo-RealAudio/Caucasian (American)/men/id01168,FakeAVCeleb_v1.2/RealVideo-RealAudio/Caucasian (American)/men/id01168/00028.mp4,../data/raw/FakeAVCeleb_v1.2/RealVideo-RealAudio/Caucasian (American)/men/id01168/00028.mp4
id01172,-,-,real,A,RealVideo-RealAudio,Caucasian (American),men,00015.mp4,FakeAVCeleb/RealVideo-RealAudio/Caucasian (American)/men/id01172,FakeAVCeleb_v1.2/RealVideo-RealAudio/Caucasian (American)/men/id01172/00015.mp4,../data/raw/FakeAVCeleb_v1.2/RealVideo-RealAudio/Caucasian (American)/men/id01172/00015.mp4
id01175,-,-,real,A,RealVideo-RealAudio,Caucasian (American),men,00025.mp4,FakeAVCeleb/RealVideo-RealAudio/Caucasian (American)/men/id01175,FakeAVCeleb_v1.2/RealVideo-RealAudio/Caucasian (American)/men/id01175/00025.mp4,../data/raw/FakeAVCeleb_v1.2/RealVideo-RealAudio/Caucasian (American)/men/id01175/00025.mp4
id01182,-,-,real,A,RealVideo-RealAudio,Caucasian (American),men,00167.mp4,FakeAVCeleb/RealVideo-RealAudio/Caucasian (American)/men/id01182,FakeAVCeleb_v1.2/RealVideo-RealAudio/Caucasian (American)/men/id01182/00167.mp4,../data/raw/FakeAVCeleb_v1.2/RealVideo-RealAudio/Caucasian (American)/men/id01182/00167.mp4
id01192,-,-,real,A,RealVideo-RealAudio,Caucasian (American),men,00217.mp4,FakeAVCeleb/RealVideo-RealAudio/Caucasian (American)/men/id01192,FakeAVCeleb_v1.2/RealVideo-RealAudio/Caucasian (American)/men/id01192/00217.mp4,../data/raw/FakeAVCeleb_v1.2/RealVideo-RealAudio/Caucasian (American)/men/id01192/00217.mp4
id01201,-,-,real,A,RealVideo-RealAudio,Caucasian (American),men,00028.mp4,FakeAVCeleb/RealVideo-RealAudio/Caucasian (American)/men/id01201,FakeAVCeleb_v1.2/RealVideo-RealAudio/Caucasian (American)/men/id01201/00028.mp4,../data/raw/FakeAVCeleb_v1.2/RealVideo-RealAudio/Caucasian (American)/men/id01201/00028.mp4
id01210,-,-,real,A,RealVideo-RealAudio,Caucasian (American),men,00283.mp4,FakeAVCeleb/RealVideo-RealAudio/Caucasian (American)/men/id01210,FakeAVCeleb_v1.2/RealVideo-RealAudio/Caucasian (American)/men/id01210/00283.mp4,../data/raw/FakeAVCeleb_v1.2/RealVideo-RealAudio/Caucasian (American)/men/id01210/00283.mp4
id01211,-,-,real,A,RealVideo-RealAudio,Caucasian (American),men,00023.mp4,FakeAVCeleb/RealVideo-RealAudio/Caucasian (American)/men/id01211,FakeAVCeleb_v1.2/RealVideo-RealAudio/Caucasian (American)/men/id01211/00023.mp4,../data/raw/FakeAVCeleb_v1.2/RealVideo-RealAudio/Caucasian (American)/men/id01211/00023.mp4
id01239,-,-,real,A,RealVideo-RealAudio,Caucasian (American),men,00280.mp4,FakeAVCeleb/RealVideo-RealAudio/Caucasian (American)/men/id01239,FakeAVCeleb_v1.2/RealVideo-RealAudio/Caucasian (American)/men/id01239/00280.mp4,../data/raw/FakeAVCeleb_v1.2/RealVideo-RealAudio/Caucasian (American)/men/id01239/00280.mp4
id03525,-,-,real,A,RealVideo-RealAudio,Caucasian (American),men,00048.mp4,FakeAVCeleb/RealVideo-RealAudio/Caucasian (American)/men/id03525,FakeAVCeleb_v1.2/RealVideo-RealAudio/Caucasian (American)/men/id03525/00048.mp4,../data/raw/FakeAVCeleb_v1.2/RealVideo-RealAudio/Caucasian (American)/men/id03525/00048.mp4
id03668,-,-,real,A,RealVideo-RealAudio,Caucasian (American),men,00143.mp4,FakeAVCeleb/RealVideo-RealAudio/Caucasian (American)/men/id03668,FakeAVCeleb_v1.2/RealVideo-RealAudio/Caucasian (American)/men/id03668/00143.mp4,../data/raw/FakeAVCeleb_v1.2/RealVideo-RealAudio/Caucasian (American)/men/id03668/00143.mp4
id03678,-,-,real,A,RealVideo-RealAudio,Caucasian (American),men,00078.mp4,FakeAVCeleb/RealVideo-RealAudio/Caucasian (American)/men/id03678,FakeAVCeleb_v1.2/RealVideo-RealAudio/Caucasian (American)/men/id03678/00078.mp4,../data/raw/FakeAVCeleb_v1.2/RealVideo-RealAudio/Caucasian (American)/men/id03678/00078.mp4
id03757,-,-,real,A,RealVideo-RealAudio,Caucasian (American),men,00149.mp4,FakeAVCeleb/RealVideo-RealAudio/Caucasian (American)/men/id03757,FakeAVCeleb_v1.2/RealVideo-RealAudio/Caucasian (American)/men/id03757/00149.mp4,../data/raw/FakeAVCeleb_v1.2/RealVideo-RealAudio/Caucasian (American)/men/id03757/00149.mp4
id04034,-,-,real,A,RealVideo-RealAudio,Caucasian (American),men,00009.mp4,FakeAVCeleb/RealVideo-RealAudio/Caucasian (American)/men/id04034,FakeAVCeleb_v1.2/RealVideo-RealAudio/Caucasian (American)/men/id04034/00009.mp4,../data/raw/FakeAVCeleb_v1.2/RealVideo-RealAudio/Caucasian (American)/men/id04034/00009.mp4
id04073,-,-,real,A,RealVideo-RealAudio,Caucasian (American),men,00021.mp4,FakeAVCeleb/RealVideo-RealAudio/Caucasian (American)/men/id04073,FakeAVCeleb_v1.2/RealVideo-RealAudio/Caucasian (American)/men/id04073/00021.mp4,../data/raw/FakeAVCeleb_v1.2/RealVideo-RealAudio/Caucasian (American)/men/id04073/00021.mp4
id04216,-,-,real,A,RealVideo-RealAudio,Caucasian (American),men,00470.mp4,FakeAVCeleb/RealVideo-RealAudio/Caucasian (American)/men/id04216,FakeAVCeleb_v1.2/RealVideo-RealAudio/Caucasian (American)/men/id04216/00470.mp4,../data/raw/FakeAVCeleb_v1.2/RealVideo-RealAudio/Caucasian (American)/men/id04216/00470.mp4
id04219,-,-,real,A,RealVideo-RealAudio,Caucasian (American),men,00130.mp4,FakeAVCeleb/RealVideo-RealAudio/Caucasian (American)/men/id04219,FakeAVCeleb_v1.2/RealVideo-RealAudio/Caucasian (American)/men/id04219/00130.mp4,../data/raw/FakeAVCeleb_v1.2/RealVideo-RealAudio/Caucasian (American)/men/id04219/00130.mp4
id04221,-,-,real,A,RealVideo-RealAudio,Caucasian (American),men,00053.mp4,FakeAVCeleb/RealVideo-RealAudio/Caucasian (American)/men/id04221,FakeAVCeleb_v1.2/RealVideo-RealAudio/Caucasian (American)/men/id04221/00053.mp4,../data/raw/FakeAVCeleb_v1.2/RealVideo-RealAudio/Caucasian (American)/men/id04221/00053.mp4
id00025,-,-,real,A,RealVideo-RealAudio,Caucasian (American),women,00025.mp4,FakeAVCeleb/RealVideo-RealAudio/Caucasian (American)/women/id00025,FakeAVCeleb_v1.2/RealVideo-RealAudio/Caucasian (American)/women/id00025/00025.mp4,../data/raw/FakeAVCeleb_v1.2/RealVideo-RealAudio/Caucasian (American)/women/id00025/00025.mp4
id00097,-,-,real,A,RealVideo-RealAudio,Caucasian (American),women,00162.mp4,FakeAVCeleb/RealVideo-RealAudio/Caucasian (American)/women/id00097,FakeAVCeleb_v1.2/RealVideo-RealAudio/Caucasian (American)/women/id00097/00162.mp4,../data/raw/FakeAVCeleb_v1.2/RealVideo-RealAudio/Caucasian (American)/women/id00097/00162.mp4
id00098,-,-,real,A,RealVideo-RealAudio,Caucasian (American),women,00004.mp4,FakeAVCeleb/RealVideo-RealAudio/Caucasian (American)/women/id00098,FakeAVCeleb_v1.2/RealVideo-RealAudio/Caucasian (American)/women/id00098/00004.mp4,../data/raw/FakeAVCeleb_v1.2/RealVideo-RealAudio/Caucasian (American)/women/id00098/00004.mp4
id00100,-,-,real,A,RealVideo-RealAudio,Caucasian (American),women,00028.mp4,FakeAVCeleb/RealVideo-RealAudio/Caucasian (American)/women/id00100,FakeAVCeleb_v1.2/RealVideo-RealAudio/Caucasian (American)/women/id00100/00028.mp4,../data/raw/FakeAVCeleb_v1.2/RealVideo-RealAudio/Caucasian (American)/women/id00100/00028.mp4
id00145,-,-,real,A,RealVideo-RealAudio,Caucasian (American),women,00043.mp4,FakeAVCeleb/RealVideo-RealAudio/Caucasian (American)/women/id00145,FakeAVCeleb_v1.2/RealVideo-RealAudio/Caucasian (American)/women/id00145/00043.mp4,../data/raw/FakeAVCeleb_v1.2/RealVideo-RealAudio/Caucasian (American)/women/id00145/00043.mp4
id00180,-,-,real,A,RealVideo-RealAudio,Caucasian (American),women,00206.mp4,FakeAVCeleb/RealVideo-RealAudio/Caucasian (American)/women/id00180,FakeAVCeleb_v1.2/RealVideo-RealAudio/Caucasian (American)/women/id00180/00206.mp4,../data/raw/FakeAVCeleb_v1.2/RealVideo-RealAudio/Caucasian (American)/women/id00180/00206.mp4
id00190,-,-,real,A,RealVideo-RealAudio,Caucasian (American),women,00072.mp4,FakeAVCeleb/RealVideo-RealAudio/Caucasian (American)/women/id00190,FakeAVCeleb_v1.2/RealVideo-RealAudio/Caucasian (American)/women/id00190/00072.mp4,../data/raw/FakeAVCeleb_v1.2/RealVideo-RealAudio/Caucasian (American)/women/id00190/00072.mp4
id00231,-,-,real,A,RealVideo-RealAudio,Caucasian (American),women,00037.mp4,FakeAVCeleb/RealVideo-RealAudio/Caucasian (American)/women/id00231,FakeAVCeleb_v1.2/RealVideo-RealAudio/Caucasian (American)/women/id00231/00037.mp4,../data/raw/FakeAVCeleb_v1.2/RealVideo-RealAudio/Caucasian (American)/women/id00231/00037.mp4
id00261,-,-,real,A,RealVideo-RealAudio,Caucasian (American),women,00048.mp4,FakeAVCeleb/RealVideo-RealAudio/Caucasian (American)/women/id00261,FakeAVCeleb_v1.2/RealVideo-RealAudio/Caucasian (American)/women/id00261/00048.mp4,../data/raw/FakeAVCeleb_v1.2/RealVideo-RealAudio/Caucasian (American)/women/id00261/00048.mp4
id00272,-,-,real,A,RealVideo-RealAudio,Caucasian (American),women,00195.mp4,FakeAVCeleb/RealVideo-RealAudio/Caucasian (American)/women/id00272,FakeAVCeleb_v1.2/RealVideo-RealAudio/Caucasian (American)/women/id00272/00195.mp4,../data/raw/FakeAVCeleb_v1.2/RealVideo-RealAudio/Caucasian (American)/women/id00272/00195.mp4
id00291,-,-,real,A,RealVideo-RealAudio,Caucasian (American),women,00052.mp4,FakeAVCeleb/RealVideo-RealAudio/Caucasian (American)/women/id00291,FakeAVCeleb_v1.2/RealVideo-RealAudio/Caucasian (American)/women/id00291/00052.mp4,../data/raw/FakeAVCeleb_v1.2/RealVideo-RealAudio/Caucasian (American)/women/id00291/00052.mp4
id00381,-,-,real,A,RealVideo-RealAudio,Caucasian (American),women,00030.mp4,FakeAVCeleb/RealVideo-RealAudio/Caucasian (American)/women/id00381,FakeAVCeleb_v1.2/RealVideo-RealAudio/Caucasian (American)/women/id00381/00030.mp4,../data/raw/FakeAVCeleb_v1.2/RealVideo-RealAudio/Caucasian (American)/women/id00381/00030.mp4
id00383,-,-,real,A,RealVideo-RealAudio,Caucasian (American),women,00171.mp4,FakeAVCeleb/RealVideo-RealAudio/Caucasian (American)/women/id00383,FakeAVCeleb_v1.2/RealVideo-RealAudio/Caucasian (American)/women/id00383/00171.mp4,../data/raw/FakeAVCeleb_v1.2/RealVideo-RealAudio/Caucasian (American)/women/id00383/00171.mp4
id00385,-,-,real,A,RealVideo-RealAudio,Caucasian (American),women,00439.mp4,FakeAVCeleb/RealVideo-RealAudio/Caucasian (American)/women/id00385,FakeAVCeleb_v1.2/RealVideo-RealAudio/Caucasian (American)/women/id00385/00439.mp4,../data/raw/FakeAVCeleb_v1.2/RealVideo-RealAudio/Caucasian (American)/women/id00385/00439.mp4
id00398,-,-,real,A,RealVideo-RealAudio,Caucasian (American),women,00016.mp4,FakeAVCeleb/RealVideo-RealAudio/Caucasian (American)/women/id00398,FakeAVCeleb_v1.2/RealVideo-RealAudio/Caucasian (American)/women/id00398/00016.mp4,../data/raw/FakeAVCeleb_v1.2/RealVideo-RealAudio/Caucasian (American)/women/id00398/00016.mp4
id00418,-,-,real,A,RealVideo-RealAudio,Caucasian (American),women,00052.mp4,FakeAVCeleb/RealVideo-RealAudio/Caucasian (American)/women/id00418,FakeAVCeleb_v1.2/RealVideo-RealAudio/Caucasian (American)/women/id00418/00052.mp4,../data/raw/FakeAVCeleb_v1.2/RealVideo-RealAudio/Caucasian (American)/women/id00418/00052.mp4
id00428,-,-,real,A,RealVideo-RealAudio,Caucasian (American),women,00017.mp4,FakeAVCeleb/RealVideo-RealAudio/Caucasian (American)/women/id00428,FakeAVCeleb_v1.2/RealVideo-RealAudio/Caucasian (American)/women/id00428/00017.mp4,../data/raw/FakeAVCeleb_v1.2/RealVideo-RealAudio/Caucasian (American)/women/id00428/00017.mp4
id00431,-,-,real,A,RealVideo-RealAudio,Caucasian (American),women,00039.mp4,FakeAVCeleb/RealVideo-RealAudio/Caucasian (American)/women/id00431,FakeAVCeleb_v1.2/RealVideo-RealAudio/Caucasian (American)/women/id00431/00039.mp4,../data/raw/FakeAVCeleb_v1.2/RealVideo-RealAudio/Caucasian (American)/women/id00431/00039.mp4
id00458,-,-,real,A,RealVideo-RealAudio,Caucasian (American),women,00072.mp4,FakeAVCeleb/RealVideo-RealAudio/Caucasian (American)/women/id00458,FakeAVCeleb_v1.2/RealVideo-RealAudio/Caucasian (American)/women/id00458/00072.mp4,../data/raw/FakeAVCeleb_v1.2/RealVideo-RealAudio/Caucasian (American)/women/id00458/00072.mp4
id00462,-,-,real,A,RealVideo-RealAudio,Caucasian (American),women,00143.mp4,FakeAVCeleb/RealVideo-RealAudio/Caucasian (American)/women/id00462,FakeAVCeleb_v1.2/RealVideo-RealAudio/Caucasian (American)/women/id00462/00143.mp4,../data/raw/FakeAVCeleb_v1.2/RealVideo-RealAudio/Caucasian (American)/women/id00462/00143.mp4
id00555,-,-,real,A,RealVideo-RealAudio,Caucasian (American),women,00005.mp4,FakeAVCeleb/RealVideo-RealAudio/Caucasian (American)/women/id00555,FakeAVCeleb_v1.2/RealVideo-RealAudio/Caucasian (American)/women/id00555/00005.mp4,../data/raw/FakeAVCeleb_v1.2/RealVideo-RealAudio/Caucasian (American)/women/id00555/00005.mp4
id00575,-,-,real,A,RealVideo-RealAudio,Caucasian (American),women,00092.mp4,FakeAVCeleb/RealVideo-RealAudio/Caucasian (American)/women/id00575,FakeAVCeleb_v1.2/RealVideo-RealAudio/Caucasian (American)/women/id00575/00092.mp4,../data/raw/FakeAVCeleb_v1.2/RealVideo-RealAudio/Caucasian (American)/women/id00575/00092.mp4
id00616,-,-,real,A,RealVideo-RealAudio,Caucasian (American),women,00305.mp4,FakeAVCeleb/RealVideo-RealAudio/Caucasian (American)/women/id00616,FakeAVCeleb_v1.2/RealVideo-RealAudio/Caucasian (American)/women/id00616/00305.mp4,../data/raw/FakeAVCeleb_v1.2/RealVideo-RealAudio/Caucasian (American)/women/id00616/00305.mp4
id00618,-,-,real,A,RealVideo-RealAudio,Caucasian (American),women,00195.mp4,FakeAVCeleb/RealVideo-RealAudio/Caucasian (American)/women/id00618,FakeAVCeleb_v1.2/RealVideo-RealAudio/Caucasian (American)/women/id00618/00195.mp4,../data/raw/FakeAVCeleb_v1.2/RealVideo-RealAudio/Caucasian (American)/women/id00618/00195.mp4
id00680,-,-,real,A,RealVideo-RealAudio,Caucasian (American),women,00110.mp4,FakeAVCeleb/RealVideo-RealAudio/Caucasian (American)/women/id00680,FakeAVCeleb_v1.2/RealVideo-RealAudio/Caucasian (American)/women/id00680/00110.mp4,../data/raw/FakeAVCeleb_v1.2/RealVideo-RealAudio/Caucasian (American)/women/id00680/00110.mp4
id00752,-,-,real,A,RealVideo-RealAudio,Caucasian (American),women,00340.mp4,FakeAVCeleb/RealVideo-RealAudio/Caucasian (American)/women/id00752,FakeAVCeleb_v1.2/RealVideo-RealAudio/Caucasian (American)/women/id00752/00340.mp4,../data/raw/FakeAVCeleb_v1.2/RealVideo-RealAudio/Caucasian (American)/women/id00752/00340.mp4
id00835,-,-,real,A,RealVideo-RealAudio,Caucasian (American),women,00195.mp4,FakeAVCeleb/RealVideo-RealAudio/Caucasian (American)/women/id00835,FakeAVCeleb_v1.2/RealVideo-RealAudio/Caucasian (American)/women/id00835/00195.mp4,../data/raw/FakeAVCeleb_v1.2/RealVideo-RealAudio/Caucasian (American)/women/id00835/00195.mp4
id00841,-,-,real,A,RealVideo-RealAudio,Caucasian (American),women,00078.mp4,FakeAVCeleb/RealVideo-RealAudio/Caucasian (American)/women/id00841,FakeAVCeleb_v1.2/RealVideo-RealAudio/Caucasian (American)/women/id00841/00078.mp4,../data/raw/FakeAVCeleb_v1.2/RealVideo-RealAudio/Caucasian (American)/women/id00841/00078.mp4
id00842,-,-,real,A,RealVideo-RealAudio,Caucasian (American),women,00043.mp4,FakeAVCeleb/RealVideo-RealAudio/Caucasian (American)/women/id00842,FakeAVCeleb_v1.2/RealVideo-RealAudio/Caucasian (American)/women/id00842/00043.mp4,../data/raw/FakeAVCeleb_v1.2/RealVideo-RealAudio/Caucasian (American)/women/id00842/00043.mp4
id00848,-,-,real,A,RealVideo-RealAudio,Caucasian (American),women,00028.mp4,FakeAVCeleb/RealVideo-RealAudio/Caucasian (American)/women/id00848,FakeAVCeleb_v1.2/RealVideo-RealAudio/Caucasian (American)/women/id00848/00028.mp4,../data/raw/FakeAVCeleb_v1.2/RealVideo-RealAudio/Caucasian (American)/women/id00848/00028.mp4
id01004,-,-,real,A,RealVideo-RealAudio,Caucasian (American),women,00028.mp4,FakeAVCeleb/RealVideo-RealAudio/Caucasian (American)/women/id01004,FakeAVCeleb_v1.2/RealVideo-RealAudio/Caucasian (American)/women/id01004/00028.mp4,../data/raw/FakeAVCeleb_v1.2/RealVideo-RealAudio/Caucasian (American)/women/id01004/00028.mp4
id01005,-,-,real,A,RealVideo-RealAudio,Caucasian (American),women,00028.mp4,FakeAVCeleb/RealVideo-RealAudio/Caucasian (American)/women/id01005,FakeAVCeleb_v1.2/RealVideo-RealAudio/Caucasian (American)/women/id01005/00028.mp4,../data/raw/FakeAVCeleb_v1.2/RealVideo-RealAudio/Caucasian (American)/women/id01005/00028.mp4
id01075,-,-,real,A,RealVideo-RealAudio,Caucasian (American),women,00160.mp4,FakeAVCeleb/RealVideo-RealAudio/Caucasian (American)/women/id01075,FakeAVCeleb_v1.2/RealVideo-RealAudio/Caucasian (American)/women/id01075/00160.mp4,../data/raw/FakeAVCeleb_v1.2/RealVideo-RealAudio/Caucasian (American)/women/id01075/00160.mp4
id01091,-,-,real,A,RealVideo-RealAudio,Caucasian (American),women,00236.mp4,FakeAVCeleb/RealVideo-RealAudio/Caucasian (American)/women/id01091,FakeAVCeleb_v1.2/RealVideo-RealAudio/Caucasian (American)/women/id01091/00236.mp4,../data/raw/FakeAVCeleb_v1.2/RealVideo-RealAudio/Caucasian (American)/women/id01091/00236.mp4
id01216,-,-,real,A,RealVideo-RealAudio,Caucasian (American),women,00025.mp4,FakeAVCeleb/RealVideo-RealAudio/Caucasian (American)/women/id01216,FakeAVCeleb_v1.2/RealVideo-RealAudio/Caucasian (American)/women/id01216/00025.mp4,../data/raw/FakeAVCeleb_v1.2/RealVideo-RealAudio/Caucasian (American)/women/id01216/00025.mp4
id01217,-,-,real,A,RealVideo-RealAudio,Caucasian (American),women,00005.mp4,FakeAVCeleb/RealVideo-RealAudio/Caucasian (American)/women/id01217,FakeAVCeleb_v1.2/RealVideo-RealAudio/Caucasian (American)/women/id01217/00005.mp4,../data/raw/FakeAVCeleb_v1.2/RealVideo-RealAudio/Caucasian (American)/women/id01217/00005.mp4
id01223,-,-,real,A,RealVideo-RealAudio,Caucasian (American),women,00255.mp4,FakeAVCeleb/RealVideo-RealAudio/Caucasian (American)/women/id01223,FakeAVCeleb_v1.2/RealVideo-RealAudio/Caucasian (American)/women/id01223/00255.mp4,../data/raw/FakeAVCeleb_v1.2/RealVideo-RealAudio/Caucasian (American)/women/id01223/00255.mp4
id01225,-,-,real,A,RealVideo-RealAudio,Caucasian (American),women,00300.mp4,FakeAVCeleb/RealVideo-RealAudio/Caucasian (American)/women/id01225,FakeAVCeleb_v1.2/RealVideo-RealAudio/Caucasian (American)/women/id01225/00300.mp4,../data/raw/FakeAVCeleb_v1.2/RealVideo-RealAudio/Caucasian (American)/women/id01225/00300.mp4
id01227,-,-,real,A,RealVideo-RealAudio,Caucasian (American),women,00052.mp4,FakeAVCeleb/RealVideo-RealAudio/Caucasian (American)/women/id01227,FakeAVCeleb_v1.2/RealVideo-RealAudio/Caucasian (American)/women/id01227/00052.mp4,../data/raw/FakeAVCeleb_v1.2/RealVideo-RealAudio/Caucasian (American)/women/id01227/00052.mp4
id01231,-,-,real,A,RealVideo-RealAudio,Caucasian (American),women,00015.mp4,FakeAVCeleb/RealVideo-RealAudio/Caucasian (American)/women/id01231,FakeAVCeleb_v1.2/RealVideo-RealAudio/Caucasian (American)/women/id01231/00015.mp4,../data/raw/FakeAVCeleb_v1.2/RealVideo-RealAudio/Caucasian (American)/women/id01231/00015.mp4
id01238,-,-,real,A,RealVideo-RealAudio,Caucasian (American),women,00037.mp4,FakeAVCeleb/RealVideo-RealAudio/Caucasian (American)/women/id01238,FakeAVCeleb_v1.2/RealVideo-RealAudio/Caucasian (American)/women/id01238/00037.mp4,../data/raw/FakeAVCeleb_v1.2/RealVideo-RealAudio/Caucasian (American)/women/id01238/00037.mp4
id01245,-,-,real,A,RealVideo-RealAudio,Caucasian (American),women,00028.mp4,FakeAVCeleb/RealVideo-RealAudio/Caucasian (American)/women/id01245,FakeAVCeleb_v1.2/RealVideo-RealAudio/Caucasian (American)/women/id01245/00028.mp4,../data/raw/FakeAVCeleb_v1.2/RealVideo-RealAudio/Caucasian (American)/women/id01245/00028.mp4
id01248,-,-,real,A,RealVideo-RealAudio,Caucasian (American),women,00005.mp4,FakeAVCeleb/RealVideo-RealAudio/Caucasian (American)/women/id01248,FakeAVCeleb_v1.2/RealVideo-RealAudio/Caucasian (American)/women/id01248/00005.mp4,../data/raw/FakeAVCeleb_v1.2/RealVideo-RealAudio/Caucasian (American)/women/id01248/00005.mp4
id02464,-,-,real,A,RealVideo-RealAudio,Caucasian (American),women,00002.mp4,FakeAVCeleb/RealVideo-RealAudio/Caucasian (American)/women/id02464,FakeAVCeleb_v1.2/RealVideo-RealAudio/Caucasian (American)/women/id02464/00002.mp4,../data/raw/FakeAVCeleb_v1.2/RealVideo-RealAudio/Caucasian (American)/women/id02464/00002.mp4
id02466,-,-,real,A,RealVideo-RealAudio,Caucasian (American),women,00136.mp4,FakeAVCeleb/RealVideo-RealAudio/Caucasian (American)/women/id02466,FakeAVCeleb_v1.2/RealVideo-RealAudio/Caucasian (American)/women/id02466/00136.mp4,../data/raw/FakeAVCeleb_v1.2/RealVideo-RealAudio/Caucasian (American)/women/id02466/00136.mp4
id03556,-,-,real,A,RealVideo-RealAudio,Caucasian (American),women,00043.mp4,FakeAVCeleb/RealVideo-RealAudio/Caucasian (American)/women/id03556,FakeAVCeleb_v1.2/RealVideo-RealAudio/Caucasian (American)/women/id03556/00043.mp4,../data/raw/FakeAVCeleb_v1.2/RealVideo-RealAudio/Caucasian (American)/women/id03556/00043.mp4
id03605,-,-,real,A,RealVideo-RealAudio,Caucasian (American),women,00048.mp4,FakeAVCeleb/RealVideo-RealAudio/Caucasian (American)/women/id03605,FakeAVCeleb_v1.2/RealVideo-RealAudio/Caucasian (American)/women/id03605/00048.mp4,../data/raw/FakeAVCeleb_v1.2/RealVideo-RealAudio/Caucasian (American)/women/id03605/00048.mp4
id03696,-,-,real,A,RealVideo-RealAudio,Caucasian (American),women,00160.mp4,FakeAVCeleb/RealVideo-RealAudio/Caucasian (American)/women/id03696,FakeAVCeleb_v1.2/RealVideo-RealAudio/Caucasian (American)/women/id03696/00160.mp4,../data/raw/FakeAVCeleb_v1.2/RealVideo-RealAudio/Caucasian (American)/women/id03696/00160.mp4
id03707,-,-,real,A,RealVideo-RealAudio,Caucasian (American),women,00055.mp4,FakeAVCeleb/RealVideo-RealAudio/Caucasian (American)/women/id03707,FakeAVCeleb_v1.2/RealVideo-RealAudio/Caucasian (American)/women/id03707/00055.mp4,../data/raw/FakeAVCeleb_v1.2/RealVideo-RealAudio/Caucasian (American)/women/id03707/00055.mp4
id03781,-,-,real,A,RealVideo-RealAudio,Caucasian (American),women,00113.mp4,FakeAVCeleb/RealVideo-RealAudio/Caucasian (American)/women/id03781,FakeAVCeleb_v1.2/RealVideo-RealAudio/Caucasian (American)/women/id03781/00113.mp4,../data/raw/FakeAVCeleb_v1.2/RealVideo-RealAudio/Caucasian (American)/women/id03781/00113.mp4
id00056,-,-,real,A,RealVideo-RealAudio,Asian (East),men,00028.mp4,FakeAVCeleb/RealVideo-RealAudio/Asian (East)/men/id00056,FakeAVCeleb_v1.2/RealVideo-RealAudio/Asian (East)/men/id00056/00028.mp4,../data/raw/FakeAVCeleb_v1.2/RealVideo-RealAudio/Asian (East)/men/id00056/00028.mp4
id00126,-,-,real,A,RealVideo-RealAudio,Asian (East),men,00173.mp4,FakeAVCeleb/RealVideo-RealAudio/Asian (East)/men/id00126,FakeAVCeleb_v1.2/RealVideo-RealAudio/Asian (East)/men/id00126/00173.mp4,../data/raw/FakeAVCeleb_v1.2/RealVideo-RealAudio/Asian (East)/men/id00126/00173.mp4
id00560,-,-,real,A,RealVideo-RealAudio,Asian (East),men,00041.mp4,FakeAVCeleb/RealVideo-RealAudio/Asian (East)/men/id00560,FakeAVCeleb_v1.2/RealVideo-RealAudio/Asian (East)/men/id00560/00041.mp4,../data/raw/FakeAVCeleb_v1.2/RealVideo-RealAudio/Asian (East)/men/id00560/00041.mp4
id00597,-,-,real,A,RealVideo-RealAudio,Asian (East),men,00019.mp4,FakeAVCeleb/RealVideo-RealAudio/Asian (East)/men/id00597,FakeAVCeleb_v1.2/RealVideo-RealAudio/Asian (East)/men/id00597/00019.mp4,../data/raw/FakeAVCeleb_v1.2/RealVideo-RealAudio/Asian (East)/men/id00597/00019.mp4
id00740,-,-,real,A,RealVideo-RealAudio,Asian (East),men,00015.mp4,FakeAVCeleb/RealVideo-RealAudio/Asian (East)/men/id00740,FakeAVCeleb_v1.2/RealVideo-RealAudio/Asian (East)/men/id00740/00015.mp4,../data/raw/FakeAVCeleb_v1.2/RealVideo-RealAudio/Asian (East)/men/id00740/00015.mp4
id00863,-,-,real,A,RealVideo-RealAudio,Asian (East),men,00069.mp4,FakeAVCeleb/RealVideo-RealAudio/Asian (East)/men/id00863,FakeAVCeleb_v1.2/RealVideo-RealAudio/Asian (East)/men/id00863/00069.mp4,../data/raw/FakeAVCeleb_v1.2/RealVideo-RealAudio/Asian (East)/men/id00863/00069.mp4
id01204,-,-,real,A,RealVideo-RealAudio,Asian (East),men,00092.mp4,FakeAVCeleb/RealVideo-RealAudio/Asian (East)/men/id01204,FakeAVCeleb_v1.2/RealVideo-RealAudio/Asian (East)/men/id01204/00092.mp4,../data/raw/FakeAVCeleb_v1.2/RealVideo-RealAudio/Asian (East)/men/id01204/00092.mp4
id01212,-,-,real,A,RealVideo-RealAudio,Asian (East),men,00183.mp4,FakeAVCeleb/RealVideo-RealAudio/Asian (East)/men/id01212,FakeAVCeleb_v1.2/RealVideo-RealAudio/Asian (East)/men/id01212/00183.mp4,../data/raw/FakeAVCeleb_v1.2/RealVideo-RealAudio/Asian (East)/men/id01212/00183.mp4
id01215,-,-,real,A,RealVideo-RealAudio,Asian (East),men,00001.mp4,FakeAVCeleb/RealVideo-RealAudio/Asian (East)/men/id01215,FakeAVCeleb_v1.2/RealVideo-RealAudio/Asian (East)/men/id01215/00001.mp4,../data/raw/FakeAVCeleb_v1.2/RealVideo-RealAudio/Asian (East)/men/id01215/00001.mp4
id01589,-,-,real,A,RealVideo-RealAudio,Asian (East),men,00017.mp4,FakeAVCeleb/RealVideo-RealAudio/Asian (East)/men/id01589,FakeAVCeleb_v1.2/RealVideo-RealAudio/Asian (East)/men/id01589/00017.mp4,../data/raw/FakeAVCeleb_v1.2/RealVideo-RealAudio/Asian (East)/men/id01589/00017.mp4
id01683,-,-,real,A,RealVideo-RealAudio,Asian (East),men,00052.mp4,FakeAVCeleb/RealVideo-RealAudio/Asian (East)/men/id01683,FakeAVCeleb_v1.2/RealVideo-RealAudio/Asian (East)/men/id01683/00052.mp4,../data/raw/FakeAVCeleb_v1.2/RealVideo-RealAudio/Asian (East)/men/id01683/00052.mp4
id02332,-,-,real,A,RealVideo-RealAudio,Asian (East),men,00055.mp4,FakeAVCeleb/RealVideo-RealAudio/Asian (East)/men/id02332,FakeAVCeleb_v1.2/RealVideo-RealAudio/Asian (East)/men/id02332/00055.mp4,../data/raw/FakeAVCeleb_v1.2/RealVideo-RealAudio/Asian (East)/men/id02332/00055.mp4
id02365,-,-,real,A,RealVideo-RealAudio,Asian (East),men,00028.mp4,FakeAVCeleb/RealVideo-RealAudio/Asian (East)/men/id02365,FakeAVCeleb_v1.2/RealVideo-RealAudio/Asian (East)/men/id02365/00028.mp4,../data/raw/FakeAVCeleb_v1.2/RealVideo-RealAudio/Asian (East)/men/id02365/00028.mp4
id02493,-,-,real,A,RealVideo-RealAudio,Asian (East),men,00073.mp4,FakeAVCeleb/RealVideo-RealAudio/Asian (East)/men/id02493,FakeAVCeleb_v1.2/RealVideo-RealAudio/Asian (East)/men/id02493/00073.mp4,../data/raw/FakeAVCeleb_v1.2/RealVideo-RealAudio/Asian (East)/men/id02493/00073.mp4
id02553,-,-,real,A,RealVideo-RealAudio,Asian (East),men,00043.mp4,FakeAVCeleb/RealVideo-RealAudio/Asian (East)/men/id02553,FakeAVCeleb_v1.2/RealVideo-RealAudio/Asian (East)/men/id02553/00043.mp4,../data/raw/FakeAVCeleb_v1.2/RealVideo-RealAudio/Asian (East)/men/id02553/00043.mp4
id02561,-,-,real,A,RealVideo-RealAudio,Asian (East),men,02561.mp4,FakeAVCeleb/RealVideo-RealAudio/Asian (East)/men/id02561,FakeAVCeleb_v1.2/RealVideo-RealAudio/Asian (East)/men/id02561/02561.mp4,../data/raw/FakeAVCeleb_v1.2/RealVideo-RealAudio/Asian (East)/men/id02561/02561.mp4
id03028,-,-,real,A,RealVideo-RealAudio,Asian (East),men,00466.mp4,FakeAVCeleb/RealVideo-RealAudio/Asian (East)/men/id03028,FakeAVCeleb_v1.2/RealVideo-RealAudio/Asian (East)/men/id03028/00466.mp4,../data/raw/FakeAVCeleb_v1.2/RealVideo-RealAudio/Asian (East)/men/id03028/00466.mp4
id03168,-,-,real,A,RealVideo-RealAudio,Asian (East),men,03168.mp4,FakeAVCeleb/RealVideo-RealAudio/Asian (East)/men/id03168,FakeAVCeleb_v1.2/RealVideo-RealAudio/Asian (East)/men/id03168/03168.mp4,../data/raw/FakeAVCeleb_v1.2/RealVideo-RealAudio/Asian (East)/men/id03168/03168.mp4
id03889,-,-,real,A,RealVideo-RealAudio,Asian (East),men,00052.mp4,FakeAVCeleb/RealVideo-RealAudio/Asian (East)/men/id03889,FakeAVCeleb_v1.2/RealVideo-RealAudio/Asian (East)/men/id03889/00052.mp4,../data/raw/FakeAVCeleb_v1.2/RealVideo-RealAudio/Asian (East)/men/id03889/00052.mp4
id03965,-,-,real,A,RealVideo-RealAudio,Asian (East),men,00051.mp4,FakeAVCeleb/RealVideo-RealAudio/Asian (East)/men/id03965,FakeAVCeleb_v1.2/RealVideo-RealAudio/Asian (East)/men/id03965/00051.mp4,../data/raw/FakeAVCeleb_v1.2/RealVideo-RealAudio/Asian (East)/men/id03965/00051.mp4
id04111,-,-,real,A,RealVideo-RealAudio,Asian (East),men,00015.mp4,FakeAVCeleb/RealVideo-RealAudio/Asian (East)/men/id04111,FakeAVCeleb_v1.2/RealVideo-RealAudio/Asian (East)/men/id04111/00015.mp4,../data/raw/FakeAVCeleb_v1.2/RealVideo-RealAudio/Asian (East)/men/id04111/00015.mp4
id04222,-,-,real,A,RealVideo-RealAudio,Asian (East),men,00078.mp4,FakeAVCeleb/RealVideo-RealAudio/Asian (East)/men/id04222,FakeAVCeleb_v1.2/RealVideo-RealAudio/Asian (East)/men/id04222/00078.mp4,../data/raw/FakeAVCeleb_v1.2/RealVideo-RealAudio/Asian (East)/men/id04222/00078.mp4
id04687,-,-,real,A,RealVideo-RealAudio,Asian (East),men,00066.mp4,FakeAVCeleb/RealVideo-RealAudio/Asian (East)/men/id04687,FakeAVCeleb_v1.2/RealVideo-RealAudio/Asian (East)/men/id04687/00066.mp4,../data/raw/FakeAVCeleb_v1.2/RealVideo-RealAudio/Asian (East)/men/id04687/00066.mp4
id04691,-,-,real,A,RealVideo-RealAudio,Asian (East),men,1.mp4,FakeAVCeleb/RealVideo-RealAudio/Asian (East)/men/id04691,FakeAVCeleb_v1.2/RealVideo-RealAudio/Asian (East)/men/id04691/1.mp4,../data/raw/FakeAVCeleb_v1.2/RealVideo-RealAudio/Asian (East)/men/id04691/1.mp4
id04726,-,-,real,A,RealVideo-RealAudio,Asian (East),men,00245.mp4,FakeAVCeleb/RealVideo-RealAudio/Asian (East)/men/id04726,FakeAVCeleb_v1.2/RealVideo-RealAudio/Asian (East)/men/id04726/00245.mp4,../data/raw/FakeAVCeleb_v1.2/RealVideo-RealAudio/Asian (East)/men/id04726/00245.mp4
id04774,-,-,real,A,RealVideo-RealAudio,Asian (East),men,00032.mp4,FakeAVCeleb/RealVideo-RealAudio/Asian (East)/men/id04774,FakeAVCeleb_v1.2/RealVideo-RealAudio/Asian (East)/men/id04774/00032.mp4,../data/raw/FakeAVCeleb_v1.2/RealVideo-RealAudio/Asian (East)/men/id04774/00032.mp4
id04789,-,-,real,A,RealVideo-RealAudio,Asian (East),men,002121.mp4,FakeAVCeleb/RealVideo-RealAudio/Asian (East)/men/id04789,FakeAVCeleb_v1.2/RealVideo-RealAudio/Asian (East)/men/id04789/002121.mp4,../data/raw/FakeAVCeleb_v1.2/RealVideo-RealAudio/Asian (East)/men/id04789/002121.mp4
id04884,-,-,real,A,RealVideo-RealAudio,Asian (East),men,00028.mp4,FakeAVCeleb/RealVideo-RealAudio/Asian (East)/men/id04884,FakeAVCeleb_v1.2/RealVideo-RealAudio/Asian (East)/men/id04884/00028.mp4,../data/raw/FakeAVCeleb_v1.2/RealVideo-RealAudio/Asian (East)/men/id04884/00028.mp4
id05268,-,-,real,A,RealVideo-RealAudio,Asian (East),men,00010.mp4,FakeAVCeleb/RealVideo-RealAudio/Asian (East)/men/id05268,FakeAVCeleb_v1.2/RealVideo-RealAudio/Asian (East)/men/id05268/00010.mp4,../data/raw/FakeAVCeleb_v1.2/RealVideo-RealAudio/Asian (East)/men/id05268/00010.mp4
id05332,-,-,real,A,RealVideo-RealAudio,Asian (East),men,00065.mp4,FakeAVCeleb/RealVideo-RealAudio/Asian (East)/men/id05332,FakeAVCeleb_v1.2/RealVideo-RealAudio/Asian (East)/men/id05332/00065.mp4,../data/raw/FakeAVCeleb_v1.2/RealVideo-RealAudio/Asian (East)/men/id05332/00065.mp4
id05383,-,-,real,A,RealVideo-RealAudio,Asian (East),men,00015.mp4,FakeAVCeleb/RealVideo-RealAudio/Asian (East)/men/id05383,FakeAVCeleb_v1.2/RealVideo-RealAudio/Asian (East)/men/id05383/00015.mp4,../data/raw/FakeAVCeleb_v1.2/RealVideo-RealAudio/Asian (East)/men/id05383/00015.mp4
id05479,-,-,real,A,RealVideo-RealAudio,Asian (East),men,05479.mp4,FakeAVCeleb/RealVideo-RealAudio/Asian (East)/men/id05479,FakeAVCeleb_v1.2/RealVideo-RealAudio/Asian (East)/men/id05479/05479.mp4,../data/raw/FakeAVCeleb_v1.2/RealVideo-RealAudio/Asian (East)/men/id05479/05479.mp4
id05743,-,-,real,A,RealVideo-RealAudio,Asian (East),men,00015.mp4,FakeAVCeleb/RealVideo-RealAudio/Asian (East)/men/id05743,FakeAVCeleb_v1.2/RealVideo-RealAudio/Asian (East)/men/id05743/00015.mp4,../data/raw/FakeAVCeleb_v1.2/RealVideo-RealAudio/Asian (East)/men/id05743/00015.mp4
id06152,-,-,real,A,RealVideo-RealAudio,Asian (East),men,06152.mp4,FakeAVCeleb/RealVideo-RealAudio/Asian (East)/men/id06152,FakeAVCeleb_v1.2/RealVideo-RealAudio/Asian (East)/men/id06152/06152.mp4,../data/raw/FakeAVCeleb_v1.2/RealVideo-RealAudio/Asian (East)/men/id06152/06152.mp4
id06269,-,-,real,A,RealVideo-RealAudio,Asian (East),men,00005.mp4,FakeAVCeleb/RealVideo-RealAudio/Asian (East)/men/id06269,FakeAVCeleb_v1.2/RealVideo-RealAudio/Asian (East)/men/id06269/00005.mp4,../data/raw/FakeAVCeleb_v1.2/RealVideo-RealAudio/Asian (East)/men/id06269/00005.mp4
id06467,-,-,real,A,RealVideo-RealAudio,Asian (East),men,00010.mp4,FakeAVCeleb/RealVideo-RealAudio/Asian (East)/men/id06467,FakeAVCeleb_v1.2/RealVideo-RealAudio/Asian (East)/men/id06467/00010.mp4,../data/raw/FakeAVCeleb_v1.2/RealVideo-RealAudio/Asian (East)/men/id06467/00010.mp4
id06470,-,-,real,A,RealVideo-RealAudio,Asian (East),men,00052.mp4,FakeAVCeleb/RealVideo-RealAudio/Asian (East)/men/id06470,FakeAVCeleb_v1.2/RealVideo-RealAudio/Asian (East)/men/id06470/00052.mp4,../data/raw/FakeAVCeleb_v1.2/RealVideo-RealAudio/Asian (East)/men/id06470/00052.mp4
id06535,-,-,real,A,RealVideo-RealAudio,Asian (East),men,00183.mp4,FakeAVCeleb/RealVideo-RealAudio/Asian (East)/men/id06535,FakeAVCeleb_v1.2/RealVideo-RealAudio/Asian (East)/men/id06535/00183.mp4,../data/raw/FakeAVCeleb_v1.2/RealVideo-RealAudio/Asian (East)/men/id06535/00183.mp4
id06591,-,-,real,A,RealVideo-RealAudio,Asian (East),men,00021.mp4,FakeAVCeleb/RealVideo-RealAudio/Asian (East)/men/id06591,FakeAVCeleb_v1.2/RealVideo-RealAudio/Asian (East)/men/id06591/00021.mp4,../data/raw/FakeAVCeleb_v1.2/RealVideo-RealAudio/Asian (East)/men/id06591/00021.mp4
id06594,-,-,real,A,RealVideo-RealAudio,Asian (East),men,00002.mp4,FakeAVCeleb/RealVideo-RealAudio/Asian (East)/men/id06594,FakeAVCeleb_v1.2/RealVideo-RealAudio/Asian (East)/men/id06594/00002.mp4,../data/raw/FakeAVCeleb_v1.2/RealVideo-RealAudio/Asian (East)/men/id06594/00002.mp4
id06776,-,-,real,A,RealVideo-RealAudio,Asian (East),men,00021.mp4,FakeAVCeleb/RealVideo-RealAudio/Asian (East)/men/id06776,FakeAVCeleb_v1.2/RealVideo-RealAudio/Asian (East)/men/id06776/00021.mp4,../data/raw/FakeAVCeleb_v1.2/RealVideo-RealAudio/Asian (East)/men/id06776/00021.mp4
id06807,-,-,real,A,RealVideo-RealAudio,Asian (East),men,00015.mp4,FakeAVCeleb/RealVideo-RealAudio/Asian (East)/men/id06807,FakeAVCeleb_v1.2/RealVideo-RealAudio/Asian (East)/men/id06807/00015.mp4,../data/raw/FakeAVCeleb_v1.2/RealVideo-RealAudio/Asian (East)/men/id06807/00015.mp4
id06878,-,-,real,A,RealVideo-RealAudio,Asian (East),men,00001.mp4,FakeAVCeleb/RealVideo-RealAudio/Asian (East)/men/id06878,FakeAVCeleb_v1.2/RealVideo-RealAudio/Asian (East)/men/id06878/00001.mp4,../data/raw/FakeAVCeleb_v1.2/RealVideo-RealAudio/Asian (East)/men/id06878/00001.mp4
id07102,-,-,real,A,RealVideo-RealAudio,Asian (East),men,00052.mp4,FakeAVCeleb/RealVideo-RealAudio/Asian (East)/men/id07102,FakeAVCeleb_v1.2/RealVideo-RealAudio/Asian (East)/men/id07102/00052.mp4,../data/raw/FakeAVCeleb_v1.2/RealVideo-RealAudio/Asian (East)/men/id07102/00052.mp4
id07338,-,-,real,A,RealVideo-RealAudio,Asian (East),men,00003.mp4,FakeAVCeleb/RealVideo-RealAudio/Asian (East)/men/id07338,FakeAVCeleb_v1.2/RealVideo-RealAudio/Asian (East)/men/id07338/00003.mp4,../data/raw/FakeAVCeleb_v1.2/RealVideo-RealAudio/Asian (East)/men/id07338/00003.mp4
id08299,-,-,real,A,RealVideo-RealAudio,Asian (East),men,00110.mp4,FakeAVCeleb/RealVideo-RealAudio/Asian (East)/men/id08299,FakeAVCeleb_v1.2/RealVideo-RealAudio/Asian (East)/men/id08299/00110.mp4,../data/raw/FakeAVCeleb_v1.2/RealVideo-RealAudio/Asian (East)/men/id08299/00110.mp4
id08613,-,-,real,A,RealVideo-RealAudio,Asian (East),men,00074.mp4,FakeAVCeleb/RealVideo-RealAudio/Asian (East)/men/id08613,FakeAVCeleb_v1.2/RealVideo-RealAudio/Asian (East)/men/id08613/00074.mp4,../data/raw/FakeAVCeleb_v1.2/RealVideo-RealAudio/Asian (East)/men/id08613/00074.mp4
id08652,-,-,real,A,RealVideo-RealAudio,Asian (East),men,00006.mp4,FakeAVCeleb/RealVideo-RealAudio/Asian (East)/men/id08652,FakeAVCeleb_v1.2/RealVideo-RealAudio/Asian (East)/men/id08652/00006.mp4,../data/raw/FakeAVCeleb_v1.2/RealVideo-RealAudio/Asian (East)/men/id08652/00006.mp4
id09053,-,-,real,A,RealVideo-RealAudio,Asian (East),men,00005.mp4,FakeAVCeleb/RealVideo-RealAudio/Asian (East)/men/id09053,FakeAVCeleb_v1.2/RealVideo-RealAudio/Asian (East)/men/id09053/00005.mp4,../data/raw/FakeAVCeleb_v1.2/RealVideo-RealAudio/Asian (East)/men/id09053/00005.mp4
id09143,-,-,real,A,RealVideo-RealAudio,Asian (East),men,00056.mp4,FakeAVCeleb/RealVideo-RealAudio/Asian (East)/men/id09143,FakeAVCeleb_v1.2/RealVideo-RealAudio/Asian (East)/men/id09143/00056.mp4,../data/raw/FakeAVCeleb_v1.2/RealVideo-RealAudio/Asian (East)/men/id09143/00056.mp4
id00137,-,-,real,A,RealVideo-RealAudio,Asian (East),women,00025.mp4,FakeAVCeleb/RealVideo-RealAudio/Asian (East)/women/id00137,FakeAVCeleb_v1.2/RealVideo-RealAudio/Asian (East)/women/id00137/00025.mp4,../data/raw/FakeAVCeleb_v1.2/RealVideo-RealAudio/Asian (East)/women/id00137/00025.mp4
id00363,-,-,real,A,RealVideo-RealAudio,Asian (East),women,00014.mp4,FakeAVCeleb/RealVideo-RealAudio/Asian (East)/women/id00363,FakeAVCeleb_v1.2/RealVideo-RealAudio/Asian (East)/women/id00363/00014.mp4,../data/raw/FakeAVCeleb_v1.2/RealVideo-RealAudio/Asian (East)/women/id00363/00014.mp4
id00430,-,-,real,A,RealVideo-RealAudio,Asian (East),women,00209.mp4,FakeAVCeleb/RealVideo-RealAudio/Asian (East)/women/id00430,FakeAVCeleb_v1.2/RealVideo-RealAudio/Asian (East)/women/id00430/00209.mp4,../data/raw/FakeAVCeleb_v1.2/RealVideo-RealAudio/Asian (East)/women/id00430/00209.mp4
id00566,-,-,real,A,RealVideo-RealAudio,Asian (East),women,00032.mp4,FakeAVCeleb/RealVideo-RealAudio/Asian (East)/women/id00566,FakeAVCeleb_v1.2/RealVideo-RealAudio/Asian (East)/women/id00566/00032.mp4,../data/raw/FakeAVCeleb_v1.2/RealVideo-RealAudio/Asian (East)/women/id00566/00032.mp4
id00579,-,-,real,A,RealVideo-RealAudio,Asian (East),women,00030.mp4,FakeAVCeleb/RealVideo-RealAudio/Asian (East)/women/id00579,FakeAVCeleb_v1.2/RealVideo-RealAudio/Asian (East)/women/id00579/00030.mp4,../data/raw/FakeAVCeleb_v1.2/RealVideo-RealAudio/Asian (East)/women/id00579/00030.mp4
id00582,-,-,real,A,RealVideo-RealAudio,Asian (East),women,00006.mp4,FakeAVCeleb/RealVideo-RealAudio/Asian (East)/women/id00582,FakeAVCeleb_v1.2/RealVideo-RealAudio/Asian (East)/women/id00582/00006.mp4,../data/raw/FakeAVCeleb_v1.2/RealVideo-RealAudio/Asian (East)/women/id00582/00006.mp4
id00763,-,-,real,A,RealVideo-RealAudio,Asian (East),women,00074.mp4,FakeAVCeleb/RealVideo-RealAudio/Asian (East)/women/id00763,FakeAVCeleb_v1.2/RealVideo-RealAudio/Asian (East)/women/id00763/00074.mp4,../data/raw/FakeAVCeleb_v1.2/RealVideo-RealAudio/Asian (East)/women/id00763/00074.mp4
id00935,-,-,real,A,RealVideo-RealAudio,Asian (East),women,00005.mp4,FakeAVCeleb/RealVideo-RealAudio/Asian (East)/women/id00935,FakeAVCeleb_v1.2/RealVideo-RealAudio/Asian (East)/women/id00935/00005.mp4,../data/raw/FakeAVCeleb_v1.2/RealVideo-RealAudio/Asian (East)/women/id00935/00005.mp4
id01281,-,-,real,A,RealVideo-RealAudio,Asian (East),women,00040.mp4,FakeAVCeleb/RealVideo-RealAudio/Asian (East)/women/id01281,FakeAVCeleb_v1.2/RealVideo-RealAudio/Asian (East)/women/id01281/00040.mp4,../data/raw/FakeAVCeleb_v1.2/RealVideo-RealAudio/Asian (East)/women/id01281/00040.mp4
id01451,-,-,real,A,RealVideo-RealAudio,Asian (East),women,00099.mp4,FakeAVCeleb/RealVideo-RealAudio/Asian (East)/women/id01451,FakeAVCeleb_v1.2/RealVideo-RealAudio/Asian (East)/women/id01451/00099.mp4,../data/raw/FakeAVCeleb_v1.2/RealVideo-RealAudio/Asian (East)/women/id01451/00099.mp4
id02587,-,-,real,A,RealVideo-RealAudio,Asian (East),women,00020.mp4,FakeAVCeleb/RealVideo-RealAudio/Asian (East)/women/id02587,FakeAVCeleb_v1.2/RealVideo-RealAudio/Asian (East)/women/id02587/00020.mp4,../data/raw/FakeAVCeleb_v1.2/RealVideo-RealAudio/Asian (East)/women/id02587/00020.mp4
id02807,-,-,real,A,RealVideo-RealAudio,Asian (East),women,00032.mp4,FakeAVCeleb/RealVideo-RealAudio/Asian (East)/women/id02807,FakeAVCeleb_v1.2/RealVideo-RealAudio/Asian (East)/women/id02807/00032.mp4,../data/raw/FakeAVCeleb_v1.2/RealVideo-RealAudio/Asian (East)/women/id02807/00032.mp4
id03211,-,-,real,A,RealVideo-RealAudio,Asian (East),women,00032.mp4,FakeAVCeleb/RealVideo-RealAudio/Asian (East)/women/id03211,FakeAVCeleb_v1.2/RealVideo-RealAudio/Asian (East)/women/id03211/00032.mp4,../data/raw/FakeAVCeleb_v1.2/RealVideo-RealAudio/Asian (East)/women/id03211/00032.mp4
id03379,-,-,real,A,RealVideo-RealAudio,Asian (East),women,00032.mp4,FakeAVCeleb/RealVideo-RealAudio/Asian (East)/women/id03379,FakeAVCeleb_v1.2/RealVideo-RealAudio/Asian (East)/women/id03379/00032.mp4,../data/raw/FakeAVCeleb_v1.2/RealVideo-RealAudio/Asian (East)/women/id03379/00032.mp4
id03940,-,-,real,A,RealVideo-RealAudio,Asian (East),women,00025.mp4,FakeAVCeleb/RealVideo-RealAudio/Asian (East)/women/id03940,FakeAVCeleb_v1.2/RealVideo-RealAudio/Asian (East)/women/id03940/00025.mp4,../data/raw/FakeAVCeleb_v1.2/RealVideo-RealAudio/Asian (East)/women/id03940/00025.mp4
id04057,-,-,real,A,RealVideo-RealAudio,Asian (East),women,00015.mp4,FakeAVCeleb/RealVideo-RealAudio/Asian (East)/women/id04057,FakeAVCeleb_v1.2/RealVideo-RealAudio/Asian (East)/women/id04057/00015.mp4,../data/raw/FakeAVCeleb_v1.2/RealVideo-RealAudio/Asian (East)/women/id04057/00015.mp4
id04066,-,-,real,A,RealVideo-RealAudio,Asian (East),women,00013.mp4,FakeAVCeleb/RealVideo-RealAudio/Asian (East)/women/id04066,FakeAVCeleb_v1.2/RealVideo-RealAudio/Asian (East)/women/id04066/00013.mp4,../data/raw/FakeAVCeleb_v1.2/RealVideo-RealAudio/Asian (East)/women/id04066/00013.mp4
id04144,-,-,real,A,RealVideo-RealAudio,Asian (East),women,00028.mp4,FakeAVCeleb/RealVideo-RealAudio/Asian (East)/women/id04144,FakeAVCeleb_v1.2/RealVideo-RealAudio/Asian (East)/women/id04144/00028.mp4,../data/raw/FakeAVCeleb_v1.2/RealVideo-RealAudio/Asian (East)/women/id04144/00028.mp4
id04414,-,-,real,A,RealVideo-RealAudio,Asian (East),women,00001.mp4,FakeAVCeleb/RealVideo-RealAudio/Asian (East)/women/id04414,FakeAVCeleb_v1.2/RealVideo-RealAudio/Asian (East)/women/id04414/00001.mp4,../data/raw/FakeAVCeleb_v1.2/RealVideo-RealAudio/Asian (East)/women/id04414/00001.mp4
id04701,-,-,real,A,RealVideo-RealAudio,Asian (East),women,00017.mp4,FakeAVCeleb/RealVideo-RealAudio/Asian (East)/women/id04701,FakeAVCeleb_v1.2/RealVideo-RealAudio/Asian (East)/women/id04701/00017.mp4,../data/raw/FakeAVCeleb_v1.2/RealVideo-RealAudio/Asian (East)/women/id04701/00017.mp4
id05576,-,-,real,A,RealVideo-RealAudio,Asian (East),women,00368.mp4,FakeAVCeleb/RealVideo-RealAudio/Asian (East)/women/id05576,FakeAVCeleb_v1.2/RealVideo-RealAudio/Asian (East)/women/id05576/00368.mp4,../data/raw/FakeAVCeleb_v1.2/RealVideo-RealAudio/Asian (East)/women/id05576/00368.mp4
id05620,-,-,real,A,RealVideo-RealAudio,Asian (East),women,00005.mp4,FakeAVCeleb/RealVideo-RealAudio/Asian (East)/women/id05620,FakeAVCeleb_v1.2/RealVideo-RealAudio/Asian (East)/women/id05620/00005.mp4,../data/raw/FakeAVCeleb_v1.2/RealVideo-RealAudio/Asian (East)/women/id05620/00005.mp4
id05631,-,-,real,A,RealVideo-RealAudio,Asian (East),women,00073.mp4,FakeAVCeleb/RealVideo-RealAudio/Asian (East)/women/id05631,FakeAVCeleb_v1.2/RealVideo-RealAudio/Asian (East)/women/id05631/00073.mp4,../data/raw/FakeAVCeleb_v1.2/RealVideo-RealAudio/Asian (East)/women/id05631/00073.mp4
id05844,-,-,real,A,RealVideo-RealAudio,Asian (East),women,00072.mp4,FakeAVCeleb/RealVideo-RealAudio/Asian (East)/women/id05844,FakeAVCeleb_v1.2/RealVideo-RealAudio/Asian (East)/women/id05844/00072.mp4,../data/raw/FakeAVCeleb_v1.2/RealVideo-RealAudio/Asian (East)/women/id05844/00072.mp4
id06054,-,-,real,A,RealVideo-RealAudio,Asian (East),women,00010.mp4,FakeAVCeleb/RealVideo-RealAudio/Asian (East)/women/id06054,FakeAVCeleb_v1.2/RealVideo-RealAudio/Asian (East)/women/id06054/00010.mp4,../data/raw/FakeAVCeleb_v1.2/RealVideo-RealAudio/Asian (East)/women/id06054/00010.mp4
id06060,-,-,real,A,RealVideo-RealAudio,Asian (East),women,00219.mp4,FakeAVCeleb/RealVideo-RealAudio/Asian (East)/women/id06060,FakeAVCeleb_v1.2/RealVideo-RealAudio/Asian (East)/women/id06060/00219.mp4,../data/raw/FakeAVCeleb_v1.2/RealVideo-RealAudio/Asian (East)/women/id06060/00219.mp4
id06061,-,-,real,A,RealVideo-RealAudio,Asian (East),women,00002.mp4,FakeAVCeleb/RealVideo-RealAudio/Asian (East)/women/id06061,FakeAVCeleb_v1.2/RealVideo-RealAudio/Asian (East)/women/id06061/00002.mp4,../data/raw/FakeAVCeleb_v1.2/RealVideo-RealAudio/Asian (East)/women/id06061/00002.mp4
id06065,-,-,real,A,RealVideo-RealAudio,Asian (East),women,00160.mp4,FakeAVCeleb/RealVideo-RealAudio/Asian (East)/women/id06065,FakeAVCeleb_v1.2/RealVideo-RealAudio/Asian (East)/women/id06065/00160.mp4,../data/raw/FakeAVCeleb_v1.2/RealVideo-RealAudio/Asian (East)/women/id06065/00160.mp4
id06066,-,-,real,A,RealVideo-RealAudio,Asian (East),women,00028.mp4,FakeAVCeleb/RealVideo-RealAudio/Asian (East)/women/id06066,FakeAVCeleb_v1.2/RealVideo-RealAudio/Asian (East)/women/id06066/00028.mp4,../data/raw/FakeAVCeleb_v1.2/RealVideo-RealAudio/Asian (East)/women/id06066/00028.mp4
id06158,-,-,real,A,RealVideo-RealAudio,Asian (East),women,00015.mp4,FakeAVCeleb/RealVideo-RealAudio/Asian (East)/women/id06158,FakeAVCeleb_v1.2/RealVideo-RealAudio/Asian (East)/women/id06158/00015.mp4,../data/raw/FakeAVCeleb_v1.2/RealVideo-RealAudio/Asian (East)/women/id06158/00015.mp4
id06225,-,-,real,A,RealVideo-RealAudio,Asian (East),women,00005.mp4,FakeAVCeleb/RealVideo-RealAudio/Asian (East)/women/id06225,FakeAVCeleb_v1.2/RealVideo-RealAudio/Asian (East)/women/id06225/00005.mp4,../data/raw/FakeAVCeleb_v1.2/RealVideo-RealAudio/Asian (East)/women/id06225/00005.mp4
id06388,-,-,real,A,RealVideo-RealAudio,Asian (East),women,00005.mp4,FakeAVCeleb/RealVideo-RealAudio/Asian (East)/women/id06388,FakeAVCeleb_v1.2/RealVideo-RealAudio/Asian (East)/women/id06388/00005.mp4,../data/raw/FakeAVCeleb_v1.2/RealVideo-RealAudio/Asian (East)/women/id06388/00005.mp4
id06427,-,-,real,A,RealVideo-RealAudio,Asian (East),women,00138.mp4,FakeAVCeleb/RealVideo-RealAudio/Asian (East)/women/id06427,FakeAVCeleb_v1.2/RealVideo-RealAudio/Asian (East)/women/id06427/00138.mp4,../data/raw/FakeAVCeleb_v1.2/RealVideo-RealAudio/Asian (East)/women/id06427/00138.mp4
id06443,-,-,real,A,RealVideo-RealAudio,Asian (East),women,00232.mp4,FakeAVCeleb/RealVideo-RealAudio/Asian (East)/women/id06443,FakeAVCeleb_v1.2/RealVideo-RealAudio/Asian (East)/women/id06443/00232.mp4,../data/raw/FakeAVCeleb_v1.2/RealVideo-RealAudio/Asian (East)/women/id06443/00232.mp4
id06462,-,-,real,A,RealVideo-RealAudio,Asian (East),women,00014.mp4,FakeAVCeleb/RealVideo-RealAudio/Asian (East)/women/id06462,FakeAVCeleb_v1.2/RealVideo-RealAudio/Asian (East)/women/id06462/00014.mp4,../data/raw/FakeAVCeleb_v1.2/RealVideo-RealAudio/Asian (East)/women/id06462/00014.mp4
id07039,-,-,real,A,RealVideo-RealAudio,Asian (East),women,00105.mp4,FakeAVCeleb/RealVideo-RealAudio/Asian (East)/women/id07039,FakeAVCeleb_v1.2/RealVideo-RealAudio/Asian (East)/women/id07039/00105.mp4,../data/raw/FakeAVCeleb_v1.2/RealVideo-RealAudio/Asian (East)/women/id07039/00105.mp4
id07383,-,-,real,A,RealVideo-RealAudio,Asian (East),women,00011.mp4,FakeAVCeleb/RealVideo-RealAudio/Asian (East)/women/id07383,FakeAVCeleb_v1.2/RealVideo-RealAudio/Asian (East)/women/id07383/00011.mp4,../data/raw/FakeAVCeleb_v1.2/RealVideo-RealAudio/Asian (East)/women/id07383/00011.mp4
id07739,-,-,real,A,RealVideo-RealAudio,Asian (East),women,00019.mp4,FakeAVCeleb/RealVideo-RealAudio/Asian (East)/women/id07739,FakeAVCeleb_v1.2/RealVideo-RealAudio/Asian (East)/women/id07739/00019.mp4,../data/raw/FakeAVCeleb_v1.2/RealVideo-RealAudio/Asian (East)/women/id07739/00019.mp4
id07799,-,-,real,A,RealVideo-RealAudio,Asian (East),women,00063.mp4,FakeAVCeleb/RealVideo-RealAudio/Asian (East)/women/id07799,FakeAVCeleb_v1.2/RealVideo-RealAudio/Asian (East)/women/id07799/00063.mp4,../data/raw/FakeAVCeleb_v1.2/RealVideo-RealAudio/Asian (East)/women/id07799/00063.mp4
id07901,-,-,real,A,RealVideo-RealAudio,Asian (East),women,00040.mp4,FakeAVCeleb/RealVideo-RealAudio/Asian (East)/women/id07901,FakeAVCeleb_v1.2/RealVideo-RealAudio/Asian (East)/women/id07901/00040.mp4,../data/raw/FakeAVCeleb_v1.2/RealVideo-RealAudio/Asian (East)/women/id07901/00040.mp4
id08139,-,-,real,A,RealVideo-RealAudio,Asian (East),women,00067.mp4,FakeAVCeleb/RealVideo-RealAudio/Asian (East)/women/id08139,FakeAVCeleb_v1.2/RealVideo-RealAudio/Asian (East)/women/id08139/00067.mp4,../data/raw/FakeAVCeleb_v1.2/RealVideo-RealAudio/Asian (East)/women/id08139/00067.mp4
id08397,-,-,real,A,RealVideo-RealAudio,Asian (East),women,00167.mp4,FakeAVCeleb/RealVideo-RealAudio/Asian (East)/women/id08397,FakeAVCeleb_v1.2/RealVideo-RealAudio/Asian (East)/women/id08397/00167.mp4,../data/raw/FakeAVCeleb_v1.2/RealVideo-RealAudio/Asian (East)/women/id08397/00167.mp4
id08402,-,-,real,A,RealVideo-RealAudio,Asian (East),women,00092.mp4,FakeAVCeleb/RealVideo-RealAudio/Asian (East)/women/id08402,FakeAVCeleb_v1.2/RealVideo-RealAudio/Asian (East)/women/id08402/00092.mp4,../data/raw/FakeAVCeleb_v1.2/RealVideo-RealAudio/Asian (East)/women/id08402/00092.mp4
id08819,-,-,real,A,RealVideo-RealAudio,Asian (East),women,00052.mp4,FakeAVCeleb/RealVideo-RealAudio/Asian (East)/women/id08819,FakeAVCeleb_v1.2/RealVideo-RealAudio/Asian (East)/women/id08819/00052.mp4,../data/raw/FakeAVCeleb_v1.2/RealVideo-RealAudio/Asian (East)/women/id08819/00052.mp4
id09116,-,-,real,A,RealVideo-RealAudio,Asian (East),women,00026.mp4,FakeAVCeleb/RealVideo-RealAudio/Asian (East)/women/id09116,FakeAVCeleb_v1.2/RealVideo-RealAudio/Asian (East)/women/id09116/00026.mp4,../data/raw/FakeAVCeleb_v1.2/RealVideo-RealAudio/Asian (East)/women/id09116/00026.mp4
id09125,-,-,real,A,RealVideo-RealAudio,Asian (East),women,00098.mp4,FakeAVCeleb/RealVideo-RealAudio/Asian (East)/women/id09125,FakeAVCeleb_v1.2/RealVideo-RealAudio/Asian (East)/women/id09125/00098.mp4,../data/raw/FakeAVCeleb_v1.2/RealVideo-RealAudio/Asian (East)/women/id09125/00098.mp4
id09171,-,-,real,A,RealVideo-RealAudio,Asian (East),women,00092.mp4,FakeAVCeleb/RealVideo-RealAudio/Asian (East)/women/id09171,FakeAVCeleb_v1.2/RealVideo-RealAudio/Asian (East)/women/id09171/00092.mp4,../data/raw/FakeAVCeleb_v1.2/RealVideo-RealAudio/Asian (East)/women/id09171/00092.mp4
id09174,-,-,real,A,RealVideo-RealAudio,Asian (East),women,00015.mp4,FakeAVCeleb/RealVideo-RealAudio/Asian (East)/women/id09174,FakeAVCeleb_v1.2/RealVideo-RealAudio/Asian (East)/women/id09174/00015.mp4,../data/raw/FakeAVCeleb_v1.2/RealVideo-RealAudio/Asian (East)/women/id09174/00015.mp4
id09175,-,-,real,A,RealVideo-RealAudio,Asian (East),women,00072.mp4,FakeAVCeleb/RealVideo-RealAudio/Asian (East)/women/id09175,FakeAVCeleb_v1.2/RealVideo-RealAudio/Asian (East)/women/id09175/00072.mp4,../data/raw/FakeAVCeleb_v1.2/RealVideo-RealAudio/Asian (East)/women/id09175/00072.mp4
id09181,-,-,real,A,RealVideo-RealAudio,Asian (East),women,00048.mp4,FakeAVCeleb/RealVideo-RealAudio/Asian (East)/women/id09181,FakeAVCeleb_v1.2/RealVideo-RealAudio/Asian (East)/women/id09181/00048.mp4,../data/raw/FakeAVCeleb_v1.2/RealVideo-RealAudio/Asian (East)/women/id09181/00048.mp4
id00055,-,-,real,A,RealVideo-RealAudio,Caucasian (European),men,00120.mp4,FakeAVCeleb/RealVideo-RealAudio/Caucasian (European)/men/id00055,FakeAVCeleb_v1.2/RealVideo-RealAudio/Caucasian (European)/men/id00055/00120.mp4,../data/raw/FakeAVCeleb_v1.2/RealVideo-RealAudio/Caucasian (European)/men/id00055/00120.mp4
id00063,-,-,real,A,RealVideo-RealAudio,Caucasian (European),men,00021.mp4,FakeAVCeleb/RealVideo-RealAudio/Caucasian (European)/men/id00063,FakeAVCeleb_v1.2/RealVideo-RealAudio/Caucasian (European)/men/id00063/00021.mp4,../data/raw/FakeAVCeleb_v1.2/RealVideo-RealAudio/Caucasian (European)/men/id00063/00021.mp4
id00171,-,-,real,A,RealVideo-RealAudio,Caucasian (European),men,00092.mp4,FakeAVCeleb/RealVideo-RealAudio/Caucasian (European)/men/id00171,FakeAVCeleb_v1.2/RealVideo-RealAudio/Caucasian (European)/men/id00171/00092.mp4,../data/raw/FakeAVCeleb_v1.2/RealVideo-RealAudio/Caucasian (European)/men/id00171/00092.mp4
id00183,-,-,real,A,RealVideo-RealAudio,Caucasian (European),men,00015.mp4,FakeAVCeleb/RealVideo-RealAudio/Caucasian (European)/men/id00183,FakeAVCeleb_v1.2/RealVideo-RealAudio/Caucasian (European)/men/id00183/00015.mp4,../data/raw/FakeAVCeleb_v1.2/RealVideo-RealAudio/Caucasian (European)/men/id00183/00015.mp4
id00185,-,-,real,A,RealVideo-RealAudio,Caucasian (European),men,00015.mp4,FakeAVCeleb/RealVideo-RealAudio/Caucasian (European)/men/id00185,FakeAVCeleb_v1.2/RealVideo-RealAudio/Caucasian (European)/men/id00185/00015.mp4,../data/raw/FakeAVCeleb_v1.2/RealVideo-RealAudio/Caucasian (European)/men/id00185/00015.mp4
id00186,-,-,real,A,RealVideo-RealAudio,Caucasian (European),men,00120.mp4,FakeAVCeleb/RealVideo-RealAudio/Caucasian (European)/men/id00186,FakeAVCeleb_v1.2/RealVideo-RealAudio/Caucasian (European)/men/id00186/00120.mp4,../data/raw/FakeAVCeleb_v1.2/RealVideo-RealAudio/Caucasian (European)/men/id00186/00120.mp4
id00187,-,-,real,A,RealVideo-RealAudio,Caucasian (European),men,00360.mp4,FakeAVCeleb/RealVideo-RealAudio/Caucasian (European)/men/id00187,FakeAVCeleb_v1.2/RealVideo-RealAudio/Caucasian (European)/men/id00187/00360.mp4,../data/raw/FakeAVCeleb_v1.2/RealVideo-RealAudio/Caucasian (European)/men/id00187/00360.mp4
id00192,-,-,real,A,RealVideo-RealAudio,Caucasian (European),men,00078.mp4,FakeAVCeleb/RealVideo-RealAudio/Caucasian (European)/men/id00192,FakeAVCeleb_v1.2/RealVideo-RealAudio/Caucasian (European)/men/id00192/00078.mp4,../data/raw/FakeAVCeleb_v1.2/RealVideo-RealAudio/Caucasian (European)/men/id00192/00078.mp4
id00225,-,-,real,A,RealVideo-RealAudio,Caucasian (European),men,00078.mp4,FakeAVCeleb/RealVideo-RealAudio/Caucasian (European)/men/id00225,FakeAVCeleb_v1.2/RealVideo-RealAudio/Caucasian (European)/men/id00225/00078.mp4,../data/raw/FakeAVCeleb_v1.2/RealVideo-RealAudio/Caucasian (European)/men/id00225/00078.mp4
id00241,-,-,real,A,RealVideo-RealAudio,Caucasian (European),men,00015.mp4,FakeAVCeleb/RealVideo-RealAudio/Caucasian (European)/men/id00241,FakeAVCeleb_v1.2/RealVideo-RealAudio/Caucasian (European)/men/id00241/00015.mp4,../data/raw/FakeAVCeleb_v1.2/RealVideo-RealAudio/Caucasian (European)/men/id00241/00015.mp4
id00253,-,-,real,A,RealVideo-RealAudio,Caucasian (European),men,00021.mp4,FakeAVCeleb/RealVideo-RealAudio/Caucasian (European)/men/id00253,FakeAVCeleb_v1.2/RealVideo-RealAudio/Caucasian (European)/men/id00253/00021.mp4,../data/raw/FakeAVCeleb_v1.2/RealVideo-RealAudio/Caucasian (European)/men/id00253/00021.mp4
id00265,-,-,real,A,RealVideo-RealAudio,Caucasian (European),men,00130.mp4,FakeAVCeleb/RealVideo-RealAudio/Caucasian (European)/men/id00265,FakeAVCeleb_v1.2/RealVideo-RealAudio/Caucasian (European)/men/id00265/00130.mp4,../data/raw/FakeAVCeleb_v1.2/RealVideo-RealAudio/Caucasian (European)/men/id00265/00130.mp4
id00266,-,-,real,A,RealVideo-RealAudio,Caucasian (European),men,00470.mp4,FakeAVCeleb/RealVideo-RealAudio/Caucasian (European)/men/id00266,FakeAVCeleb_v1.2/RealVideo-RealAudio/Caucasian (European)/men/id00266/00470.mp4,../data/raw/FakeAVCeleb_v1.2/RealVideo-RealAudio/Caucasian (European)/men/id00266/00470.mp4
id00282,-,-,real,A,RealVideo-RealAudio,Caucasian (European),men,00268.mp4,FakeAVCeleb/RealVideo-RealAudio/Caucasian (European)/men/id00282,FakeAVCeleb_v1.2/RealVideo-RealAudio/Caucasian (European)/men/id00282/00268.mp4,../data/raw/FakeAVCeleb_v1.2/RealVideo-RealAudio/Caucasian (European)/men/id00282/00268.mp4
id00292,-,-,real,A,RealVideo-RealAudio,Caucasian (European),men,00072.mp4,FakeAVCeleb/RealVideo-RealAudio/Caucasian (European)/men/id00292,FakeAVCeleb_v1.2/RealVideo-RealAudio/Caucasian (European)/men/id00292/00072.mp4,../data/raw/FakeAVCeleb_v1.2/RealVideo-RealAudio/Caucasian (European)/men/id00292/00072.mp4
id00305,-,-,real,A,RealVideo-RealAudio,Caucasian (European),men,00113.mp4,FakeAVCeleb/RealVideo-RealAudio/Caucasian (European)/men/id00305,FakeAVCeleb_v1.2/RealVideo-RealAudio/Caucasian (European)/men/id00305/00113.mp4,../data/raw/FakeAVCeleb_v1.2/RealVideo-RealAudio/Caucasian (European)/men/id00305/00113.mp4
id00306,-,-,real,A,RealVideo-RealAudio,Caucasian (European),men,00015.mp4,FakeAVCeleb/RealVideo-RealAudio/Caucasian (European)/men/id00306,FakeAVCeleb_v1.2/RealVideo-RealAudio/Caucasian (European)/men/id00306/00015.mp4,../data/raw/FakeAVCeleb_v1.2/RealVideo-RealAudio/Caucasian (European)/men/id00306/00015.mp4
id00358,-,-,real,A,RealVideo-RealAudio,Caucasian (European),men,00217.mp4,FakeAVCeleb/RealVideo-RealAudio/Caucasian (European)/men/id00358,FakeAVCeleb_v1.2/RealVideo-RealAudio/Caucasian (European)/men/id00358/00217.mp4,../data/raw/FakeAVCeleb_v1.2/RealVideo-RealAudio/Caucasian (European)/men/id00358/00217.mp4
id00368,-,-,real,A,RealVideo-RealAudio,Caucasian (European),men,00078.mp4,FakeAVCeleb/RealVideo-RealAudio/Caucasian (European)/men/id00368,FakeAVCeleb_v1.2/RealVideo-RealAudio/Caucasian (European)/men/id00368/00078.mp4,../data/raw/FakeAVCeleb_v1.2/RealVideo-RealAudio/Caucasian (European)/men/id00368/00078.mp4
id00415,-,-,real,A,RealVideo-RealAudio,Caucasian (European),men,00017.mp4,FakeAVCeleb/RealVideo-RealAudio/Caucasian (European)/men/id00415,FakeAVCeleb_v1.2/RealVideo-RealAudio/Caucasian (European)/men/id00415/00017.mp4,../data/raw/FakeAVCeleb_v1.2/RealVideo-RealAudio/Caucasian (European)/men/id00415/00017.mp4
id00498,-,-,real,A,RealVideo-RealAudio,Caucasian (European),men,00014.mp4,FakeAVCeleb/RealVideo-RealAudio/Caucasian (European)/men/id00498,FakeAVCeleb_v1.2/RealVideo-RealAudio/Caucasian (European)/men/id00498/00014.mp4,../data/raw/FakeAVCeleb_v1.2/RealVideo-RealAudio/Caucasian (European)/men/id00498/00014.mp4
id00519,-,-,real,A,RealVideo-RealAudio,Caucasian (European),men,00028.mp4,FakeAVCeleb/RealVideo-RealAudio/Caucasian (European)/men/id00519,FakeAVCeleb_v1.2/RealVideo-RealAudio/Caucasian (European)/men/id00519/00028.mp4,../data/raw/FakeAVCeleb_v1.2/RealVideo-RealAudio/Caucasian (European)/men/id00519/00028.mp4
id00520,-,-,real,A,RealVideo-RealAudio,Caucasian (European),men,00187.mp4,FakeAVCeleb/RealVideo-RealAudio/Caucasian (European)/men/id00520,FakeAVCeleb_v1.2/RealVideo-RealAudio/Caucasian (European)/men/id00520/00187.mp4,../data/raw/FakeAVCeleb_v1.2/RealVideo-RealAudio/Caucasian (European)/men/id00520/00187.mp4
id00535,-,-,real,A,RealVideo-RealAudio,Caucasian (European),men,00005.mp4,FakeAVCeleb/RealVideo-RealAudio/Caucasian (European)/men/id00535,FakeAVCeleb_v1.2/RealVideo-RealAudio/Caucasian (European)/men/id00535/00005.mp4,../data/raw/FakeAVCeleb_v1.2/RealVideo-RealAudio/Caucasian (European)/men/id00535/00005.mp4
id00548,-,-,real,A,RealVideo-RealAudio,Caucasian (European),men,00015.mp4,FakeAVCeleb/RealVideo-RealAudio/Caucasian (European)/men/id00548,FakeAVCeleb_v1.2/RealVideo-RealAudio/Caucasian (European)/men/id00548/00015.mp4,../data/raw/FakeAVCeleb_v1.2/RealVideo-RealAudio/Caucasian (European)/men/id00548/00015.mp4
id00554,-,-,real,A,RealVideo-RealAudio,Caucasian (European),men,00028.mp4,FakeAVCeleb/RealVideo-RealAudio/Caucasian (European)/men/id00554,FakeAVCeleb_v1.2/RealVideo-RealAudio/Caucasian (European)/men/id00554/00028.mp4,../data/raw/FakeAVCeleb_v1.2/RealVideo-RealAudio/Caucasian (European)/men/id00554/00028.mp4
id00559,-,-,real,A,RealVideo-RealAudio,Caucasian (European),men,00078.mp4,FakeAVCeleb/RealVideo-RealAudio/Caucasian (European)/men/id00559,FakeAVCeleb_v1.2/RealVideo-RealAudio/Caucasian (European)/men/id00559/00078.mp4,../data/raw/FakeAVCeleb_v1.2/RealVideo-RealAudio/Caucasian (European)/men/id00559/00078.mp4
id00594,-,-,real,A,RealVideo-RealAudio,Caucasian (European),men,00005.mp4,FakeAVCeleb/RealVideo-RealAudio/Caucasian (European)/men/id00594,FakeAVCeleb_v1.2/RealVideo-RealAudio/Caucasian (European)/men/id00594/00005.mp4,../data/raw/FakeAVCeleb_v1.2/RealVideo-RealAudio/Caucasian (European)/men/id00594/00005.mp4
id00694,-,-,real,A,RealVideo-RealAudio,Caucasian (European),men,00340.mp4,FakeAVCeleb/RealVideo-RealAudio/Caucasian (European)/men/id00694,FakeAVCeleb_v1.2/RealVideo-RealAudio/Caucasian (European)/men/id00694/00340.mp4,../data/raw/FakeAVCeleb_v1.2/RealVideo-RealAudio/Caucasian (European)/men/id00694/00340.mp4
id00709,-,-,real,A,RealVideo-RealAudio,Caucasian (European),men,00206.mp4,FakeAVCeleb/RealVideo-RealAudio/Caucasian (European)/men/id00709,FakeAVCeleb_v1.2/RealVideo-RealAudio/Caucasian (European)/men/id00709/00206.mp4,../data/raw/FakeAVCeleb_v1.2/RealVideo-RealAudio/Caucasian (European)/men/id00709/00206.mp4
id00909,-,-,real,A,RealVideo-RealAudio,Caucasian (European),men,00037.mp4,FakeAVCeleb/RealVideo-RealAudio/Caucasian (European)/men/id00909,FakeAVCeleb_v1.2/RealVideo-RealAudio/Caucasian (European)/men/id00909/00037.mp4,../data/raw/FakeAVCeleb_v1.2/RealVideo-RealAudio/Caucasian (European)/men/id00909/00037.mp4
id00919,-,-,real,A,RealVideo-RealAudio,Caucasian (European),men,00063.mp4,FakeAVCeleb/RealVideo-RealAudio/Caucasian (European)/men/id00919,FakeAVCeleb_v1.2/RealVideo-RealAudio/Caucasian (European)/men/id00919/00063.mp4,../data/raw/FakeAVCeleb_v1.2/RealVideo-RealAudio/Caucasian (European)/men/id00919/00063.mp4
id00946,-,-,real,A,RealVideo-RealAudio,Caucasian (European),men,00126.mp4,FakeAVCeleb/RealVideo-RealAudio/Caucasian (European)/men/id00946,FakeAVCeleb_v1.2/RealVideo-RealAudio/Caucasian (European)/men/id00946/00126.mp4,../data/raw/FakeAVCeleb_v1.2/RealVideo-RealAudio/Caucasian (European)/men/id00946/00126.mp4
id00963,-,-,real,A,RealVideo-RealAudio,Caucasian (European),men,00028.mp4,FakeAVCeleb/RealVideo-RealAudio/Caucasian (European)/men/id00963,FakeAVCeleb_v1.2/RealVideo-RealAudio/Caucasian (European)/men/id00963/00028.mp4,../data/raw/FakeAVCeleb_v1.2/RealVideo-RealAudio/Caucasian (European)/men/id00963/00028.mp4
id00981,-,-,real,A,RealVideo-RealAudio,Caucasian (European),men,00092.mp4,FakeAVCeleb/RealVideo-RealAudio/Caucasian (European)/men/id00981,FakeAVCeleb_v1.2/RealVideo-RealAudio/Caucasian (European)/men/id00981/00092.mp4,../data/raw/FakeAVCeleb_v1.2/RealVideo-RealAudio/Caucasian (European)/men/id00981/00092.mp4
id00990,-,-,real,A,RealVideo-RealAudio,Caucasian (European),men,00160.mp4,FakeAVCeleb/RealVideo-RealAudio/Caucasian (European)/men/id00990,FakeAVCeleb_v1.2/RealVideo-RealAudio/Caucasian (European)/men/id00990/00160.mp4,../data/raw/FakeAVCeleb_v1.2/RealVideo-RealAudio/Caucasian (European)/men/id00990/00160.mp4
id00999,-,-,real,A,RealVideo-RealAudio,Caucasian (European),men,00028.mp4,FakeAVCeleb/RealVideo-RealAudio/Caucasian (European)/men/id00999,FakeAVCeleb_v1.2/RealVideo-RealAudio/Caucasian (European)/men/id00999/00028.mp4,../data/raw/FakeAVCeleb_v1.2/RealVideo-RealAudio/Caucasian (European)/men/id00999/00028.mp4
id01051,-,-,real,A,RealVideo-RealAudio,Caucasian (European),men,00322.mp4,FakeAVCeleb/RealVideo-RealAudio/Caucasian (European)/men/id01051,FakeAVCeleb_v1.2/RealVideo-RealAudio/Caucasian (European)/men/id01051/00322.mp4,../data/raw/FakeAVCeleb_v1.2/RealVideo-RealAudio/Caucasian (European)/men/id01051/00322.mp4
id01052,-,-,real,A,RealVideo-RealAudio,Caucasian (European),men,00076.mp4,FakeAVCeleb/RealVideo-RealAudio/Caucasian (European)/men/id01052,FakeAVCeleb_v1.2/RealVideo-RealAudio/Caucasian (European)/men/id01052/00076.mp4,../data/raw/FakeAVCeleb_v1.2/RealVideo-RealAudio/Caucasian (European)/men/id01052/00076.mp4
id01058,-,-,real,A,RealVideo-RealAudio,Caucasian (European),men,00005.mp4,FakeAVCeleb/RealVideo-RealAudio/Caucasian (European)/men/id01058,FakeAVCeleb_v1.2/RealVideo-RealAudio/Caucasian (European)/men/id01058/00005.mp4,../data/raw/FakeAVCeleb_v1.2/RealVideo-RealAudio/Caucasian (European)/men/id01058/00005.mp4
id01098,-,-,real,A,RealVideo-RealAudio,Caucasian (European),men,00044.mp4,FakeAVCeleb/RealVideo-RealAudio/Caucasian (European)/men/id01098,FakeAVCeleb_v1.2/RealVideo-RealAudio/Caucasian (European)/men/id01098/00044.mp4,../data/raw/FakeAVCeleb_v1.2/RealVideo-RealAudio/Caucasian (European)/men/id01098/00044.mp4
id01099,-,-,real,A,RealVideo-RealAudio,Caucasian (European),men,00206.mp4,FakeAVCeleb/RealVideo-RealAudio/Caucasian (European)/men/id01099,FakeAVCeleb_v1.2/RealVideo-RealAudio/Caucasian (European)/men/id01099/00206.mp4,../data/raw/FakeAVCeleb_v1.2/RealVideo-RealAudio/Caucasian (European)/men/id01099/00206.mp4
id01102,-,-,real,A,RealVideo-RealAudio,Caucasian (European),men,00197.mp4,FakeAVCeleb/RealVideo-RealAudio/Caucasian (European)/men/id01102,FakeAVCeleb_v1.2/RealVideo-RealAudio/Caucasian (European)/men/id01102/00197.mp4,../data/raw/FakeAVCeleb_v1.2/RealVideo-RealAudio/Caucasian (European)/men/id01102/00197.mp4
id01123,-,-,real,A,RealVideo-RealAudio,Caucasian (European),men,00072.mp4,FakeAVCeleb/RealVideo-RealAudio/Caucasian (European)/men/id01123,FakeAVCeleb_v1.2/RealVideo-RealAudio/Caucasian (European)/men/id01123/00072.mp4,../data/raw/FakeAVCeleb_v1.2/RealVideo-RealAudio/Caucasian (European)/men/id01123/00072.mp4
id01126,-,-,real,A,RealVideo-RealAudio,Caucasian (European),men,00040.mp4,FakeAVCeleb/RealVideo-RealAudio/Caucasian (European)/men/id01126,FakeAVCeleb_v1.2/RealVideo-RealAudio/Caucasian (European)/men/id01126/00040.mp4,../data/raw/FakeAVCeleb_v1.2/RealVideo-RealAudio/Caucasian (European)/men/id01126/00040.mp4
id01154,-,-,real,A,RealVideo-RealAudio,Caucasian (European),men,00118.mp4,FakeAVCeleb/RealVideo-RealAudio/Caucasian (European)/men/id01154,FakeAVCeleb_v1.2/RealVideo-RealAudio/Caucasian (European)/men/id01154/00118.mp4,../data/raw/FakeAVCeleb_v1.2/RealVideo-RealAudio/Caucasian (European)/men/id01154/00118.mp4
id01156,-,-,real,A,RealVideo-RealAudio,Caucasian (European),men,00078.mp4,FakeAVCeleb/RealVideo-RealAudio/Caucasian (European)/men/id01156,FakeAVCeleb_v1.2/RealVideo-RealAudio/Caucasian (European)/men/id01156/00078.mp4,../data/raw/FakeAVCeleb_v1.2/RealVideo-RealAudio/Caucasian (European)/men/id01156/00078.mp4
id01157,-,-,real,A,RealVideo-RealAudio,Caucasian (European),men,00048.mp4,FakeAVCeleb/RealVideo-RealAudio/Caucasian (European)/men/id01157,FakeAVCeleb_v1.2/RealVideo-RealAudio/Caucasian (European)/men/id01157/00048.mp4,../data/raw/FakeAVCeleb_v1.2/RealVideo-RealAudio/Caucasian (European)/men/id01157/00048.mp4
id02567,-,-,real,A,RealVideo-RealAudio,Caucasian (European),men,00040.mp4,FakeAVCeleb/RealVideo-RealAudio/Caucasian (European)/men/id02567,FakeAVCeleb_v1.2/RealVideo-RealAudio/Caucasian (European)/men/id02567/00040.mp4,../data/raw/FakeAVCeleb_v1.2/RealVideo-RealAudio/Caucasian (European)/men/id02567/00040.mp4
id03205,-,-,real,A,RealVideo-RealAudio,Caucasian (European),men,00150.mp4,FakeAVCeleb/RealVideo-RealAudio/Caucasian (European)/men/id03205,FakeAVCeleb_v1.2/RealVideo-RealAudio/Caucasian (European)/men/id03205/00150.mp4,../data/raw/FakeAVCeleb_v1.2/RealVideo-RealAudio/Caucasian (European)/men/id03205/00150.mp4
id00042,-,-,real,A,RealVideo-RealAudio,Caucasian (European),women,00028.mp4,FakeAVCeleb/RealVideo-RealAudio/Caucasian (European)/women/id00042,FakeAVCeleb_v1.2/RealVideo-RealAudio/Caucasian (European)/women/id00042/00028.mp4,../data/raw/FakeAVCeleb_v1.2/RealVideo-RealAudio/Caucasian (European)/women/id00042/00028.mp4
id00068,-,-,real,A,RealVideo-RealAudio,Caucasian (European),women,00004.mp4,FakeAVCeleb/RealVideo-RealAudio/Caucasian (European)/women/id00068,FakeAVCeleb_v1.2/RealVideo-RealAudio/Caucasian (European)/women/id00068/00004.mp4,../data/raw/FakeAVCeleb_v1.2/RealVideo-RealAudio/Caucasian (European)/women/id00068/00004.mp4
id00071,-,-,real,A,RealVideo-RealAudio,Caucasian (European),women,00014.mp4,FakeAVCeleb/RealVideo-RealAudio/Caucasian (European)/women/id00071,FakeAVCeleb_v1.2/RealVideo-RealAudio/Caucasian (European)/women/id00071/00014.mp4,../data/raw/FakeAVCeleb_v1.2/RealVideo-RealAudio/Caucasian (European)/women/id00071/00014.mp4
id00188,-,-,real,A,RealVideo-RealAudio,Caucasian (European),women,00020.mp4,FakeAVCeleb/RealVideo-RealAudio/Caucasian (European)/women/id00188,FakeAVCeleb_v1.2/RealVideo-RealAudio/Caucasian (European)/women/id00188/00020.mp4,../data/raw/FakeAVCeleb_v1.2/RealVideo-RealAudio/Caucasian (European)/women/id00188/00020.mp4
id00232,-,-,real,A,RealVideo-RealAudio,Caucasian (European),women,00025.mp4,FakeAVCeleb/RealVideo-RealAudio/Caucasian (European)/women/id00232,FakeAVCeleb_v1.2/RealVideo-RealAudio/Caucasian (European)/women/id00232/00025.mp4,../data/raw/FakeAVCeleb_v1.2/RealVideo-RealAudio/Caucasian (European)/women/id00232/00025.mp4
id00234,-,-,real,A,RealVideo-RealAudio,Caucasian (European),women,00063.mp4,FakeAVCeleb/RealVideo-RealAudio/Caucasian (European)/women/id00234,FakeAVCeleb_v1.2/RealVideo-RealAudio/Caucasian (European)/women/id00234/00063.mp4,../data/raw/FakeAVCeleb_v1.2/RealVideo-RealAudio/Caucasian (European)/women/id00234/00063.mp4
id00262,-,-,real,A,RealVideo-RealAudio,Caucasian (European),women,00028.mp4,FakeAVCeleb/RealVideo-RealAudio/Caucasian (European)/women/id00262,FakeAVCeleb_v1.2/RealVideo-RealAudio/Caucasian (European)/women/id00262/00028.mp4,../data/raw/FakeAVCeleb_v1.2/RealVideo-RealAudio/Caucasian (European)/women/id00262/00028.mp4
id00270,-,-,real,A,RealVideo-RealAudio,Caucasian (European),women,00088.mp4,FakeAVCeleb/RealVideo-RealAudio/Caucasian (European)/women/id00270,FakeAVCeleb_v1.2/RealVideo-RealAudio/Caucasian (European)/women/id00270/00088.mp4,../data/raw/FakeAVCeleb_v1.2/RealVideo-RealAudio/Caucasian (European)/women/id00270/00088.mp4
id00271,-,-,real,A,RealVideo-RealAudio,Caucasian (European),women,00028.mp4,FakeAVCeleb/RealVideo-RealAudio/Caucasian (European)/women/id00271,FakeAVCeleb_v1.2/RealVideo-RealAudio/Caucasian (European)/women/id00271/00028.mp4,../data/raw/FakeAVCeleb_v1.2/RealVideo-RealAudio/Caucasian (European)/women/id00271/00028.mp4
id00287,-,-,real,A,RealVideo-RealAudio,Caucasian (European),women,00005.mp4,FakeAVCeleb/RealVideo-RealAudio/Caucasian (European)/women/id00287,FakeAVCeleb_v1.2/RealVideo-RealAudio/Caucasian (European)/women/id00287/00005.mp4,../data/raw/FakeAVCeleb_v1.2/RealVideo-RealAudio/Caucasian (European)/women/id00287/00005.mp4
id00325,-,-,real,A,RealVideo-RealAudio,Caucasian (European),women,00015.mp4,FakeAVCeleb/RealVideo-RealAudio/Caucasian (European)/women/id00325,FakeAVCeleb_v1.2/RealVideo-RealAudio/Caucasian (European)/women/id00325/00015.mp4,../data/raw/FakeAVCeleb_v1.2/RealVideo-RealAudio/Caucasian (European)/women/id00325/00015.mp4
id00328,-,-,real,A,RealVideo-RealAudio,Caucasian (European),women,00092.mp4,FakeAVCeleb/RealVideo-RealAudio/Caucasian (European)/women/id00328,FakeAVCeleb_v1.2/RealVideo-RealAudio/Caucasian (European)/women/id00328/00092.mp4,../data/raw/FakeAVCeleb_v1.2/RealVideo-RealAudio/Caucasian (European)/women/id00328/00092.mp4
id00330,-,-,real,A,RealVideo-RealAudio,Caucasian (European),women,00118.mp4,FakeAVCeleb/RealVideo-RealAudio/Caucasian (European)/women/id00330,FakeAVCeleb_v1.2/RealVideo-RealAudio/Caucasian (European)/women/id00330/00118.mp4,../data/raw/FakeAVCeleb_v1.2/RealVideo-RealAudio/Caucasian (European)/women/id00330/00118.mp4
id00332,-,-,real,A,RealVideo-RealAudio,Caucasian (European),women,00293.mp4,FakeAVCeleb/RealVideo-RealAudio/Caucasian (European)/women/id00332,FakeAVCeleb_v1.2/RealVideo-RealAudio/Caucasian (European)/women/id00332/00293.mp4,../data/raw/FakeAVCeleb_v1.2/RealVideo-RealAudio/Caucasian (European)/women/id00332/00293.mp4
id00365,-,-,real,A,RealVideo-RealAudio,Caucasian (European),women,00078.mp4,FakeAVCeleb/RealVideo-RealAudio/Caucasian (European)/women/id00365,FakeAVCeleb_v1.2/RealVideo-RealAudio/Caucasian (European)/women/id00365/00078.mp4,../data/raw/FakeAVCeleb_v1.2/RealVideo-RealAudio/Caucasian (European)/women/id00365/00078.mp4
id00373,-,-,real,A,RealVideo-RealAudio,Caucasian (European),women,00028.mp4,FakeAVCeleb/RealVideo-RealAudio/Caucasian (European)/women/id00373,FakeAVCeleb_v1.2/RealVideo-RealAudio/Caucasian (European)/women/id00373/00028.mp4,../data/raw/FakeAVCeleb_v1.2/RealVideo-RealAudio/Caucasian (European)/women/id00373/00028.mp4
id00374,-,-,real,A,RealVideo-RealAudio,Caucasian (European),women,00311.mp4,FakeAVCeleb/RealVideo-RealAudio/Caucasian (European)/women/id00374,FakeAVCeleb_v1.2/RealVideo-RealAudio/Caucasian (European)/women/id00374/00311.mp4,../data/raw/FakeAVCeleb_v1.2/RealVideo-RealAudio/Caucasian (European)/women/id00374/00311.mp4
id00379,-,-,real,A,RealVideo-RealAudio,Caucasian (European),women,00043.mp4,FakeAVCeleb/RealVideo-RealAudio/Caucasian (European)/women/id00379,FakeAVCeleb_v1.2/RealVideo-RealAudio/Caucasian (European)/women/id00379/00043.mp4,../data/raw/FakeAVCeleb_v1.2/RealVideo-RealAudio/Caucasian (European)/women/id00379/00043.mp4
id00395,-,-,real,A,RealVideo-RealAudio,Caucasian (European),women,00420.mp4,FakeAVCeleb/RealVideo-RealAudio/Caucasian (European)/women/id00395,FakeAVCeleb_v1.2/RealVideo-RealAudio/Caucasian (European)/women/id00395/00420.mp4,../data/raw/FakeAVCeleb_v1.2/RealVideo-RealAudio/Caucasian (European)/women/id00395/00420.mp4
id00403,-,-,real,A,RealVideo-RealAudio,Caucasian (European),women,00052.mp4,FakeAVCeleb/RealVideo-RealAudio/Caucasian (European)/women/id00403,FakeAVCeleb_v1.2/RealVideo-RealAudio/Caucasian (European)/women/id00403/00052.mp4,../data/raw/FakeAVCeleb_v1.2/RealVideo-RealAudio/Caucasian (European)/women/id00403/00052.mp4
id00434,-,-,real,A,RealVideo-RealAudio,Caucasian (European),women,00046.mp4,FakeAVCeleb/RealVideo-RealAudio/Caucasian (European)/women/id00434,FakeAVCeleb_v1.2/RealVideo-RealAudio/Caucasian (European)/women/id00434/00046.mp4,../data/raw/FakeAVCeleb_v1.2/RealVideo-RealAudio/Caucasian (European)/women/id00434/00046.mp4
id00484,-,-,real,A,RealVideo-RealAudio,Caucasian (European),women,00202.mp4,FakeAVCeleb/RealVideo-RealAudio/Caucasian (European)/women/id00484,FakeAVCeleb_v1.2/RealVideo-RealAudio/Caucasian (European)/women/id00484/00202.mp4,../data/raw/FakeAVCeleb_v1.2/RealVideo-RealAudio/Caucasian (European)/women/id00484/00202.mp4
id00491,-,-,real,A,RealVideo-RealAudio,Caucasian (European),women,00122.mp4,FakeAVCeleb/RealVideo-RealAudio/Caucasian (European)/women/id00491,FakeAVCeleb_v1.2/RealVideo-RealAudio/Caucasian (European)/women/id00491/00122.mp4,../data/raw/FakeAVCeleb_v1.2/RealVideo-RealAudio/Caucasian (European)/women/id00491/00122.mp4
id00495,-,-,real,A,RealVideo-RealAudio,Caucasian (European),women,00027.mp4,FakeAVCeleb/RealVideo-RealAudio/Caucasian (European)/women/id00495,FakeAVCeleb_v1.2/RealVideo-RealAudio/Caucasian (European)/women/id00495/00027.mp4,../data/raw/FakeAVCeleb_v1.2/RealVideo-RealAudio/Caucasian (European)/women/id00495/00027.mp4
id00496,-,-,real,A,RealVideo-RealAudio,Caucasian (European),women,00015.mp4,FakeAVCeleb/RealVideo-RealAudio/Caucasian (European)/women/id00496,FakeAVCeleb_v1.2/RealVideo-RealAudio/Caucasian (European)/women/id00496/00015.mp4,../data/raw/FakeAVCeleb_v1.2/RealVideo-RealAudio/Caucasian (European)/women/id00496/00015.mp4
id00569,-,-,real,A,RealVideo-RealAudio,Caucasian (European),women,00239.mp4,FakeAVCeleb/RealVideo-RealAudio/Caucasian (European)/women/id00569,FakeAVCeleb_v1.2/RealVideo-RealAudio/Caucasian (European)/women/id00569/00239.mp4,../data/raw/FakeAVCeleb_v1.2/RealVideo-RealAudio/Caucasian (European)/women/id00569/00239.mp4
id00581,-,-,real,A,RealVideo-RealAudio,Caucasian (European),women,00010.mp4,FakeAVCeleb/RealVideo-RealAudio/Caucasian (European)/women/id00581,FakeAVCeleb_v1.2/RealVideo-RealAudio/Caucasian (European)/women/id00581/00010.mp4,../data/raw/FakeAVCeleb_v1.2/RealVideo-RealAudio/Caucasian (European)/women/id00581/00010.mp4
id00589,-,-,real,A,RealVideo-RealAudio,Caucasian (European),women,00130.mp4,FakeAVCeleb/RealVideo-RealAudio/Caucasian (European)/women/id00589,FakeAVCeleb_v1.2/RealVideo-RealAudio/Caucasian (European)/women/id00589/00130.mp4,../data/raw/FakeAVCeleb_v1.2/RealVideo-RealAudio/Caucasian (European)/women/id00589/00130.mp4
id00591,-,-,real,A,RealVideo-RealAudio,Caucasian (European),women,00001.mp4,FakeAVCeleb/RealVideo-RealAudio/Caucasian (European)/women/id00591,FakeAVCeleb_v1.2/RealVideo-RealAudio/Caucasian (European)/women/id00591/00001.mp4,../data/raw/FakeAVCeleb_v1.2/RealVideo-RealAudio/Caucasian (European)/women/id00591/00001.mp4
id00633,-,-,real,A,RealVideo-RealAudio,Caucasian (European),women,00088.mp4,FakeAVCeleb/RealVideo-RealAudio/Caucasian (European)/women/id00633,FakeAVCeleb_v1.2/RealVideo-RealAudio/Caucasian (European)/women/id00633/00088.mp4,../data/raw/FakeAVCeleb_v1.2/RealVideo-RealAudio/Caucasian (European)/women/id00633/00088.mp4
id00634,-,-,real,A,RealVideo-RealAudio,Caucasian (European),women,00078.mp4,FakeAVCeleb/RealVideo-RealAudio/Caucasian (European)/women/id00634,FakeAVCeleb_v1.2/RealVideo-RealAudio/Caucasian (European)/women/id00634/00078.mp4,../data/raw/FakeAVCeleb_v1.2/RealVideo-RealAudio/Caucasian (European)/women/id00634/00078.mp4
id00735,-,-,real,A,RealVideo-RealAudio,Caucasian (European),women,00037.mp4,FakeAVCeleb/RealVideo-RealAudio/Caucasian (European)/women/id00735,FakeAVCeleb_v1.2/RealVideo-RealAudio/Caucasian (European)/women/id00735/00037.mp4,../data/raw/FakeAVCeleb_v1.2/RealVideo-RealAudio/Caucasian (European)/women/id00735/00037.mp4
id00806,-,-,real,A,RealVideo-RealAudio,Caucasian (European),women,00005.mp4,FakeAVCeleb/RealVideo-RealAudio/Caucasian (European)/women/id00806,FakeAVCeleb_v1.2/RealVideo-RealAudio/Caucasian (European)/women/id00806/00005.mp4,../data/raw/FakeAVCeleb_v1.2/RealVideo-RealAudio/Caucasian (European)/women/id00806/00005.mp4
id00813,-,-,real,A,RealVideo-RealAudio,Caucasian (European),women,00169.mp4,FakeAVCeleb/RealVideo-RealAudio/Caucasian (European)/women/id00813,FakeAVCeleb_v1.2/RealVideo-RealAudio/Caucasian (European)/women/id00813/00169.mp4,../data/raw/FakeAVCeleb_v1.2/RealVideo-RealAudio/Caucasian (European)/women/id00813/00169.mp4
id00823,-,-,real,A,RealVideo-RealAudio,Caucasian (European),women,00125.mp4,FakeAVCeleb/RealVideo-RealAudio/Caucasian (European)/women/id00823,FakeAVCeleb_v1.2/RealVideo-RealAudio/Caucasian (European)/women/id00823/00125.mp4,../data/raw/FakeAVCeleb_v1.2/RealVideo-RealAudio/Caucasian (European)/women/id00823/00125.mp4
id00826,-,-,real,A,RealVideo-RealAudio,Caucasian (European),women,00065.mp4,FakeAVCeleb/RealVideo-RealAudio/Caucasian (European)/women/id00826,FakeAVCeleb_v1.2/RealVideo-RealAudio/Caucasian (European)/women/id00826/00065.mp4,../data/raw/FakeAVCeleb_v1.2/RealVideo-RealAudio/Caucasian (European)/women/id00826/00065.mp4
id00897,-,-,real,A,RealVideo-RealAudio,Caucasian (European),women,00005.mp4,FakeAVCeleb/RealVideo-RealAudio/Caucasian (European)/women/id00897,FakeAVCeleb_v1.2/RealVideo-RealAudio/Caucasian (European)/women/id00897/00005.mp4,../data/raw/FakeAVCeleb_v1.2/RealVideo-RealAudio/Caucasian (European)/women/id00897/00005.mp4
id01001,-,-,real,A,RealVideo-RealAudio,Caucasian (European),women,00086.mp4,FakeAVCeleb/RealVideo-RealAudio/Caucasian (European)/women/id01001,FakeAVCeleb_v1.2/RealVideo-RealAudio/Caucasian (European)/women/id01001/00086.mp4,../data/raw/FakeAVCeleb_v1.2/RealVideo-RealAudio/Caucasian (European)/women/id01001/00086.mp4
id01002,-,-,real,A,RealVideo-RealAudio,Caucasian (European),women,00043.mp4,FakeAVCeleb/RealVideo-RealAudio/Caucasian (European)/women/id01002,FakeAVCeleb_v1.2/RealVideo-RealAudio/Caucasian (European)/women/id01002/00043.mp4,../data/raw/FakeAVCeleb_v1.2/RealVideo-RealAudio/Caucasian (European)/women/id01002/00043.mp4
id01018,-,-,real,A,RealVideo-RealAudio,Caucasian (European),women,00072.mp4,FakeAVCeleb/RealVideo-RealAudio/Caucasian (European)/women/id01018,FakeAVCeleb_v1.2/RealVideo-RealAudio/Caucasian (European)/women/id01018/00072.mp4,../data/raw/FakeAVCeleb_v1.2/RealVideo-RealAudio/Caucasian (European)/women/id01018/00072.mp4
id03371,-,-,real,A,RealVideo-RealAudio,Caucasian (European),women,00430.mp4,FakeAVCeleb/RealVideo-RealAudio/Caucasian (European)/women/id03371,FakeAVCeleb_v1.2/RealVideo-RealAudio/Caucasian (European)/women/id03371/00430.mp4,../data/raw/FakeAVCeleb_v1.2/RealVideo-RealAudio/Caucasian (European)/women/id03371/00430.mp4
id03589,-,-,real,A,RealVideo-RealAudio,Caucasian (European),women,00002.mp4,FakeAVCeleb/RealVideo-RealAudio/Caucasian (European)/women/id03589,FakeAVCeleb_v1.2/RealVideo-RealAudio/Caucasian (European)/women/id03589/00002.mp4,../data/raw/FakeAVCeleb_v1.2/RealVideo-RealAudio/Caucasian (European)/women/id03589/00002.mp4
id03620,-,-,real,A,RealVideo-RealAudio,Caucasian (European),women,00081.mp4,FakeAVCeleb/RealVideo-RealAudio/Caucasian (European)/women/id03620,FakeAVCeleb_v1.2/RealVideo-RealAudio/Caucasian (European)/women/id03620/00081.mp4,../data/raw/FakeAVCeleb_v1.2/RealVideo-RealAudio/Caucasian (European)/women/id03620/00081.mp4
id03649,-,-,real,A,RealVideo-RealAudio,Caucasian (European),women,00001.mp4,FakeAVCeleb/RealVideo-RealAudio/Caucasian (European)/women/id03649,FakeAVCeleb_v1.2/RealVideo-RealAudio/Caucasian (European)/women/id03649/00001.mp4,../data/raw/FakeAVCeleb_v1.2/RealVideo-RealAudio/Caucasian (European)/women/id03649/00001.mp4
id03651,-,-,real,A,RealVideo-RealAudio,Caucasian (European),women,00092.mp4,FakeAVCeleb/RealVideo-RealAudio/Caucasian (European)/women/id03651,FakeAVCeleb_v1.2/RealVideo-RealAudio/Caucasian (European)/women/id03651/00092.mp4,../data/raw/FakeAVCeleb_v1.2/RealVideo-RealAudio/Caucasian (European)/women/id03651/00092.mp4
id03716,-,-,real,A,RealVideo-RealAudio,Caucasian (European),women,00040.mp4,FakeAVCeleb/RealVideo-RealAudio/Caucasian (European)/women/id03716,FakeAVCeleb_v1.2/RealVideo-RealAudio/Caucasian (European)/women/id03716/00040.mp4,../data/raw/FakeAVCeleb_v1.2/RealVideo-RealAudio/Caucasian (European)/women/id03716/00040.mp4
id03816,-,-,real,A,RealVideo-RealAudio,Caucasian (European),women,00093.mp4,FakeAVCeleb/RealVideo-RealAudio/Caucasian (European)/women/id03816,FakeAVCeleb_v1.2/RealVideo-RealAudio/Caucasian (European)/women/id03816/00093.mp4,../data/raw/FakeAVCeleb_v1.2/RealVideo-RealAudio/Caucasian (European)/women/id03816/00093.mp4
id03844,-,-,real,A,RealVideo-RealAudio,Caucasian (European),women,00028.mp4,FakeAVCeleb/RealVideo-RealAudio/Caucasian (European)/women/id03844,FakeAVCeleb_v1.2/RealVideo-RealAudio/Caucasian (European)/women/id03844/00028.mp4,../data/raw/FakeAVCeleb_v1.2/RealVideo-RealAudio/Caucasian (European)/women/id03844/00028.mp4
id03858,-,-,real,A,RealVideo-RealAudio,Caucasian (European),women,00092.mp4,FakeAVCeleb/RealVideo-RealAudio/Caucasian (European)/women/id03858,FakeAVCeleb_v1.2/RealVideo-RealAudio/Caucasian (European)/women/id03858/00092.mp4,../data/raw/FakeAVCeleb_v1.2/RealVideo-RealAudio/Caucasian (European)/women/id03858/00092.mp4
id03941,-,-,real,A,RealVideo-RealAudio,Caucasian (European),women,00021.mp4,FakeAVCeleb/RealVideo-RealAudio/Caucasian (European)/women/id03941,FakeAVCeleb_v1.2/RealVideo-RealAudio/Caucasian (European)/women/id03941/00021.mp4,../data/raw/FakeAVCeleb_v1.2/RealVideo-RealAudio/Caucasian (European)/women/id03941/00021.mp4
id00032,-,-,real,A,RealVideo-RealAudio,Asian (South),men,00028.mp4,FakeAVCeleb/RealVideo-RealAudio/Asian (South)/men/id00032,FakeAVCeleb_v1.2/RealVideo-RealAudio/Asian (South)/men/id00032/00028.mp4,../data/raw/FakeAVCeleb_v1.2/RealVideo-RealAudio/Asian (South)/men/id00032/00028.mp4
id00033,-,-,real,A,RealVideo-RealAudio,Asian (South),men,00276.mp4,FakeAVCeleb/RealVideo-RealAudio/Asian (South)/men/id00033,FakeAVCeleb_v1.2/RealVideo-RealAudio/Asian (South)/men/id00033/00276.mp4,../data/raw/FakeAVCeleb_v1.2/RealVideo-RealAudio/Asian (South)/men/id00033/00276.mp4
id00078,-,-,real,A,RealVideo-RealAudio,Asian (South),men,00114.mp4,FakeAVCeleb/RealVideo-RealAudio/Asian (South)/men/id00078,FakeAVCeleb_v1.2/RealVideo-RealAudio/Asian (South)/men/id00078/00114.mp4,../data/raw/FakeAVCeleb_v1.2/RealVideo-RealAudio/Asian (South)/men/id00078/00114.mp4
id00082,-,-,real,A,RealVideo-RealAudio,Asian (South),men,00052.mp4,FakeAVCeleb/RealVideo-RealAudio/Asian (South)/men/id00082,FakeAVCeleb_v1.2/RealVideo-RealAudio/Asian (South)/men/id00082/00052.mp4,../data/raw/FakeAVCeleb_v1.2/RealVideo-RealAudio/Asian (South)/men/id00082/00052.mp4
id00103,-,-,real,A,RealVideo-RealAudio,Asian (South),men,00241.mp4,FakeAVCeleb/RealVideo-RealAudio/Asian (South)/men/id00103,FakeAVCeleb_v1.2/RealVideo-RealAudio/Asian (South)/men/id00103/00241.mp4,../data/raw/FakeAVCeleb_v1.2/RealVideo-RealAudio/Asian (South)/men/id00103/00241.mp4
id00350,-,-,real,A,RealVideo-RealAudio,Asian (South),men,00015.mp4,FakeAVCeleb/RealVideo-RealAudio/Asian (South)/men/id00350,FakeAVCeleb_v1.2/RealVideo-RealAudio/Asian (South)/men/id00350/00015.mp4,../data/raw/FakeAVCeleb_v1.2/RealVideo-RealAudio/Asian (South)/men/id00350/00015.mp4
id00414,-,-,real,A,RealVideo-RealAudio,Asian (South),men,00052.mp4,FakeAVCeleb/RealVideo-RealAudio/Asian (South)/men/id00414,FakeAVCeleb_v1.2/RealVideo-RealAudio/Asian (South)/men/id00414/00052.mp4,../data/raw/FakeAVCeleb_v1.2/RealVideo-RealAudio/Asian (South)/men/id00414/00052.mp4
id00459,-,-,real,A,RealVideo-RealAudio,Asian (South),men,00382.mp4,FakeAVCeleb/RealVideo-RealAudio/Asian (South)/men/id00459,FakeAVCeleb_v1.2/RealVideo-RealAudio/Asian (South)/men/id00459/00382.mp4,../data/raw/FakeAVCeleb_v1.2/RealVideo-RealAudio/Asian (South)/men/id00459/00382.mp4
id00685,-,-,real,A,RealVideo-RealAudio,Asian (South),men,00146.mp4,FakeAVCeleb/RealVideo-RealAudio/Asian (South)/men/id00685,FakeAVCeleb_v1.2/RealVideo-RealAudio/Asian (South)/men/id00685/00146.mp4,../data/raw/FakeAVCeleb_v1.2/RealVideo-RealAudio/Asian (South)/men/id00685/00146.mp4
id00732,-,-,real,A,RealVideo-RealAudio,Asian (South),men,00118.mp4,FakeAVCeleb/RealVideo-RealAudio/Asian (South)/men/id00732,FakeAVCeleb_v1.2/RealVideo-RealAudio/Asian (South)/men/id00732/00118.mp4,../data/raw/FakeAVCeleb_v1.2/RealVideo-RealAudio/Asian (South)/men/id00732/00118.mp4
id00745,-,-,real,A,RealVideo-RealAudio,Asian (South),men,00165.mp4,FakeAVCeleb/RealVideo-RealAudio/Asian (South)/men/id00745,FakeAVCeleb_v1.2/RealVideo-RealAudio/Asian (South)/men/id00745/00165.mp4,../data/raw/FakeAVCeleb_v1.2/RealVideo-RealAudio/Asian (South)/men/id00745/00165.mp4
id00769,-,-,real,A,RealVideo-RealAudio,Asian (South),men,00015.mp4,FakeAVCeleb/RealVideo-RealAudio/Asian (South)/men/id00769,FakeAVCeleb_v1.2/RealVideo-RealAudio/Asian (South)/men/id00769/00015.mp4,../data/raw/FakeAVCeleb_v1.2/RealVideo-RealAudio/Asian (South)/men/id00769/00015.mp4
id00773,-,-,real,A,RealVideo-RealAudio,Asian (South),men,00038.mp4,FakeAVCeleb/RealVideo-RealAudio/Asian (South)/men/id00773,FakeAVCeleb_v1.2/RealVideo-RealAudio/Asian (South)/men/id00773/00038.mp4,../data/raw/FakeAVCeleb_v1.2/RealVideo-RealAudio/Asian (South)/men/id00773/00038.mp4
id00816,-,-,real,A,RealVideo-RealAudio,Asian (South),men,00118.mp4,FakeAVCeleb/RealVideo-RealAudio/Asian (South)/men/id00816,FakeAVCeleb_v1.2/RealVideo-RealAudio/Asian (South)/men/id00816/00118.mp4,../data/raw/FakeAVCeleb_v1.2/RealVideo-RealAudio/Asian (South)/men/id00816/00118.mp4
id00857,-,-,real,A,RealVideo-RealAudio,Asian (South),men,00347.mp4,FakeAVCeleb/RealVideo-RealAudio/Asian (South)/men/id00857,FakeAVCeleb_v1.2/RealVideo-RealAudio/Asian (South)/men/id00857/00347.mp4,../data/raw/FakeAVCeleb_v1.2/RealVideo-RealAudio/Asian (South)/men/id00857/00347.mp4
id00860,-,-,real,A,RealVideo-RealAudio,Asian (South),men,00154.mp4,FakeAVCeleb/RealVideo-RealAudio/Asian (South)/men/id00860,FakeAVCeleb_v1.2/RealVideo-RealAudio/Asian (South)/men/id00860/00154.mp4,../data/raw/FakeAVCeleb_v1.2/RealVideo-RealAudio/Asian (South)/men/id00860/00154.mp4
id03180,-,-,real,A,RealVideo-RealAudio,Asian (South),men,00039.mp4,FakeAVCeleb/RealVideo-RealAudio/Asian (South)/men/id03180,FakeAVCeleb_v1.2/RealVideo-RealAudio/Asian (South)/men/id03180/00039.mp4,../data/raw/FakeAVCeleb_v1.2/RealVideo-RealAudio/Asian (South)/men/id03180/00039.mp4
id03344,-,-,real,A,RealVideo-RealAudio,Asian (South),men,00114.mp4,FakeAVCeleb/RealVideo-RealAudio/Asian (South)/men/id03344,FakeAVCeleb_v1.2/RealVideo-RealAudio/Asian (South)/men/id03344/00114.mp4,../data/raw/FakeAVCeleb_v1.2/RealVideo-RealAudio/Asian (South)/men/id03344/00114.mp4
id03599,-,-,real,A,RealVideo-RealAudio,Asian (South),men,00072.mp4,FakeAVCeleb/RealVideo-RealAudio/Asian (South)/men/id03599,FakeAVCeleb_v1.2/RealVideo-RealAudio/Asian (South)/men/id03599/00072.mp4,../data/raw/FakeAVCeleb_v1.2/RealVideo-RealAudio/Asian (South)/men/id03599/00072.mp4
id03945,-,-,real,A,RealVideo-RealAudio,Asian (South),men,00063.mp4,FakeAVCeleb/RealVideo-RealAudio/Asian (South)/men/id03945,FakeAVCeleb_v1.2/RealVideo-RealAudio/Asian (South)/men/id03945/00063.mp4,../data/raw/FakeAVCeleb_v1.2/RealVideo-RealAudio/Asian (South)/men/id03945/00063.mp4
id04526,-,-,real,A,RealVideo-RealAudio,Asian (South),men,00317.mp4,FakeAVCeleb/RealVideo-RealAudio/Asian (South)/men/id04526,FakeAVCeleb_v1.2/RealVideo-RealAudio/Asian (South)/men/id04526/00317.mp4,../data/raw/FakeAVCeleb_v1.2/RealVideo-RealAudio/Asian (South)/men/id04526/00317.mp4
id04537,-,-,real,A,RealVideo-RealAudio,Asian (South),men,00083.mp4,FakeAVCeleb/RealVideo-RealAudio/Asian (South)/men/id04537,FakeAVCeleb_v1.2/RealVideo-RealAudio/Asian (South)/men/id04537/00083.mp4,../data/raw/FakeAVCeleb_v1.2/RealVideo-RealAudio/Asian (South)/men/id04537/00083.mp4
id04554,-,-,real,A,RealVideo-RealAudio,Asian (South),men,00118.mp4,FakeAVCeleb/RealVideo-RealAudio/Asian (South)/men/id04554,FakeAVCeleb_v1.2/RealVideo-RealAudio/Asian (South)/men/id04554/00118.mp4,../data/raw/FakeAVCeleb_v1.2/RealVideo-RealAudio/Asian (South)/men/id04554/00118.mp4
id04560,-,-,real,A,RealVideo-RealAudio,Asian (South),men,00195.mp4,FakeAVCeleb/RealVideo-RealAudio/Asian (South)/men/id04560,FakeAVCeleb_v1.2/RealVideo-RealAudio/Asian (South)/men/id04560/00195.mp4,../data/raw/FakeAVCeleb_v1.2/RealVideo-RealAudio/Asian (South)/men/id04560/00195.mp4
id04561,-,-,real,A,RealVideo-RealAudio,Asian (South),men,00248.mp4,FakeAVCeleb/RealVideo-RealAudio/Asian (South)/men/id04561,FakeAVCeleb_v1.2/RealVideo-RealAudio/Asian (South)/men/id04561/00248.mp4,../data/raw/FakeAVCeleb_v1.2/RealVideo-RealAudio/Asian (South)/men/id04561/00248.mp4
id04562,-,-,real,A,RealVideo-RealAudio,Asian (South),men,00221.mp4,FakeAVCeleb/RealVideo-RealAudio/Asian (South)/men/id04562,FakeAVCeleb_v1.2/RealVideo-RealAudio/Asian (South)/men/id04562/00221.mp4,../data/raw/FakeAVCeleb_v1.2/RealVideo-RealAudio/Asian (South)/men/id04562/00221.mp4
id04599,-,-,real,A,RealVideo-RealAudio,Asian (South),men,00111.mp4,FakeAVCeleb/RealVideo-RealAudio/Asian (South)/men/id04599,FakeAVCeleb_v1.2/RealVideo-RealAudio/Asian (South)/men/id04599/00111.mp4,../data/raw/FakeAVCeleb_v1.2/RealVideo-RealAudio/Asian (South)/men/id04599/00111.mp4
id04601,-,-,real,A,RealVideo-RealAudio,Asian (South),men,00118.mp4,FakeAVCeleb/RealVideo-RealAudio/Asian (South)/men/id04601,FakeAVCeleb_v1.2/RealVideo-RealAudio/Asian (South)/men/id04601/00118.mp4,../data/raw/FakeAVCeleb_v1.2/RealVideo-RealAudio/Asian (South)/men/id04601/00118.mp4
id04928,-,-,real,A,RealVideo-RealAudio,Asian (South),men,00027.mp4,FakeAVCeleb/RealVideo-RealAudio/Asian (South)/men/id04928,FakeAVCeleb_v1.2/RealVideo-RealAudio/Asian (South)/men/id04928/00027.mp4,../data/raw/FakeAVCeleb_v1.2/RealVideo-RealAudio/Asian (South)/men/id04928/00027.mp4
id06334,-,-,real,A,RealVideo-RealAudio,Asian (South),men,00015.mp4,FakeAVCeleb/RealVideo-RealAudio/Asian (South)/men/id06334,FakeAVCeleb_v1.2/RealVideo-RealAudio/Asian (South)/men/id06334/00015.mp4,../data/raw/FakeAVCeleb_v1.2/RealVideo-RealAudio/Asian (South)/men/id06334/00015.mp4
id06354,-,-,real,A,RealVideo-RealAudio,Asian (South),men,00021.mp4,FakeAVCeleb/RealVideo-RealAudio/Asian (South)/men/id06354,FakeAVCeleb_v1.2/RealVideo-RealAudio/Asian (South)/men/id06354/00021.mp4,../data/raw/FakeAVCeleb_v1.2/RealVideo-RealAudio/Asian (South)/men/id06354/00021.mp4
id06355,-,-,real,A,RealVideo-RealAudio,Asian (South),men,00347.mp4,FakeAVCeleb/RealVideo-RealAudio/Asian (South)/men/id06355,FakeAVCeleb_v1.2/RealVideo-RealAudio/Asian (South)/men/id06355/00347.mp4,../data/raw/FakeAVCeleb_v1.2/RealVideo-RealAudio/Asian (South)/men/id06355/00347.mp4
id06753,-,-,real,A,RealVideo-RealAudio,Asian (South),men,00021.mp4,FakeAVCeleb/RealVideo-RealAudio/Asian (South)/men/id06753,FakeAVCeleb_v1.2/RealVideo-RealAudio/Asian (South)/men/id06753/00021.mp4,../data/raw/FakeAVCeleb_v1.2/RealVideo-RealAudio/Asian (South)/men/id06753/00021.mp4
id07058,-,-,real,A,RealVideo-RealAudio,Asian (South),men,00010.mp4,FakeAVCeleb/RealVideo-RealAudio/Asian (South)/men/id07058,FakeAVCeleb_v1.2/RealVideo-RealAudio/Asian (South)/men/id07058/00010.mp4,../data/raw/FakeAVCeleb_v1.2/RealVideo-RealAudio/Asian (South)/men/id07058/00010.mp4
id07108,-,-,real,A,RealVideo-RealAudio,Asian (South),men,00412.mp4,FakeAVCeleb/RealVideo-RealAudio/Asian (South)/men/id07108,FakeAVCeleb_v1.2/RealVideo-RealAudio/Asian (South)/men/id07108/00412.mp4,../data/raw/FakeAVCeleb_v1.2/RealVideo-RealAudio/Asian (South)/men/id07108/00412.mp4
id07161,-,-,real,A,RealVideo-RealAudio,Asian (South),men,00159.mp4,FakeAVCeleb/RealVideo-RealAudio/Asian (South)/men/id07161,FakeAVCeleb_v1.2/RealVideo-RealAudio/Asian (South)/men/id07161/00159.mp4,../data/raw/FakeAVCeleb_v1.2/RealVideo-RealAudio/Asian (South)/men/id07161/00159.mp4
id07163,-,-,real,A,RealVideo-RealAudio,Asian (South),men,00141.mp4,FakeAVCeleb/RealVideo-RealAudio/Asian (South)/men/id07163,FakeAVCeleb_v1.2/RealVideo-RealAudio/Asian (South)/men/id07163/00141.mp4,../data/raw/FakeAVCeleb_v1.2/RealVideo-RealAudio/Asian (South)/men/id07163/00141.mp4
id07165,-,-,real,A,RealVideo-RealAudio,Asian (South),men,00368.mp4,FakeAVCeleb/RealVideo-RealAudio/Asian (South)/men/id07165,FakeAVCeleb_v1.2/RealVideo-RealAudio/Asian (South)/men/id07165/00368.mp4,../data/raw/FakeAVCeleb_v1.2/RealVideo-RealAudio/Asian (South)/men/id07165/00368.mp4
id07179,-,-,real,A,RealVideo-RealAudio,Asian (South),men,00206.mp4,FakeAVCeleb/RealVideo-RealAudio/Asian (South)/men/id07179,FakeAVCeleb_v1.2/RealVideo-RealAudio/Asian (South)/men/id07179/00206.mp4,../data/raw/FakeAVCeleb_v1.2/RealVideo-RealAudio/Asian (South)/men/id07179/00206.mp4
id07182,-,-,real,A,RealVideo-RealAudio,Asian (South),men,00040.mp4,FakeAVCeleb/RealVideo-RealAudio/Asian (South)/men/id07182,FakeAVCeleb_v1.2/RealVideo-RealAudio/Asian (South)/men/id07182/00040.mp4,../data/raw/FakeAVCeleb_v1.2/RealVideo-RealAudio/Asian (South)/men/id07182/00040.mp4
id07194,-,-,real,A,RealVideo-RealAudio,Asian (South),men,00014.mp4,FakeAVCeleb/RealVideo-RealAudio/Asian (South)/men/id07194,FakeAVCeleb_v1.2/RealVideo-RealAudio/Asian (South)/men/id07194/00014.mp4,../data/raw/FakeAVCeleb_v1.2/RealVideo-RealAudio/Asian (South)/men/id07194/00014.mp4
id07195,-,-,real,A,RealVideo-RealAudio,Asian (South),men,00186.mp4,FakeAVCeleb/RealVideo-RealAudio/Asian (South)/men/id07195,FakeAVCeleb_v1.2/RealVideo-RealAudio/Asian (South)/men/id07195/00186.mp4,../data/raw/FakeAVCeleb_v1.2/RealVideo-RealAudio/Asian (South)/men/id07195/00186.mp4
id07200,-,-,real,A,RealVideo-RealAudio,Asian (South),men,00045.mp4,FakeAVCeleb/RealVideo-RealAudio/Asian (South)/men/id07200,FakeAVCeleb_v1.2/RealVideo-RealAudio/Asian (South)/men/id07200/00045.mp4,../data/raw/FakeAVCeleb_v1.2/RealVideo-RealAudio/Asian (South)/men/id07200/00045.mp4
id07210,-,-,real,A,RealVideo-RealAudio,Asian (South),men,00005.mp4,FakeAVCeleb/RealVideo-RealAudio/Asian (South)/men/id07210,FakeAVCeleb_v1.2/RealVideo-RealAudio/Asian (South)/men/id07210/00005.mp4,../data/raw/FakeAVCeleb_v1.2/RealVideo-RealAudio/Asian (South)/men/id07210/00005.mp4
id07233,-,-,real,A,RealVideo-RealAudio,Asian (South),men,00010.mp4,FakeAVCeleb/RealVideo-RealAudio/Asian (South)/men/id07233,FakeAVCeleb_v1.2/RealVideo-RealAudio/Asian (South)/men/id07233/00010.mp4,../data/raw/FakeAVCeleb_v1.2/RealVideo-RealAudio/Asian (South)/men/id07233/00010.mp4
id07463,-,-,real,A,RealVideo-RealAudio,Asian (South),men,00028.mp4,FakeAVCeleb/RealVideo-RealAudio/Asian (South)/men/id07463,FakeAVCeleb_v1.2/RealVideo-RealAudio/Asian (South)/men/id07463/00028.mp4,../data/raw/FakeAVCeleb_v1.2/RealVideo-RealAudio/Asian (South)/men/id07463/00028.mp4
id07768,-,-,real,A,RealVideo-RealAudio,Asian (South),men,00143.mp4,FakeAVCeleb/RealVideo-RealAudio/Asian (South)/men/id07768,FakeAVCeleb_v1.2/RealVideo-RealAudio/Asian (South)/men/id07768/00143.mp4,../data/raw/FakeAVCeleb_v1.2/RealVideo-RealAudio/Asian (South)/men/id07768/00143.mp4
id08313,-,-,real,A,RealVideo-RealAudio,Asian (South),men,00202.mp4,FakeAVCeleb/RealVideo-RealAudio/Asian (South)/men/id08313,FakeAVCeleb_v1.2/RealVideo-RealAudio/Asian (South)/men/id08313/00202.mp4,../data/raw/FakeAVCeleb_v1.2/RealVideo-RealAudio/Asian (South)/men/id08313/00202.mp4
id08314,-,-,real,A,RealVideo-RealAudio,Asian (South),men,00028.mp4,FakeAVCeleb/RealVideo-RealAudio/Asian (South)/men/id08314,FakeAVCeleb_v1.2/RealVideo-RealAudio/Asian (South)/men/id08314/00028.mp4,../data/raw/FakeAVCeleb_v1.2/RealVideo-RealAudio/Asian (South)/men/id08314/00028.mp4
id08457,-,-,real,A,RealVideo-RealAudio,Asian (South),men,00417.mp4,FakeAVCeleb/RealVideo-RealAudio/Asian (South)/men/id08457,FakeAVCeleb_v1.2/RealVideo-RealAudio/Asian (South)/men/id08457/00417.mp4,../data/raw/FakeAVCeleb_v1.2/RealVideo-RealAudio/Asian (South)/men/id08457/00417.mp4
id00043,-,-,real,A,RealVideo-RealAudio,Asian (South),women,00135.mp4,FakeAVCeleb/RealVideo-RealAudio/Asian (South)/women/id00043,FakeAVCeleb_v1.2/RealVideo-RealAudio/Asian (South)/women/id00043/00135.mp4,../data/raw/FakeAVCeleb_v1.2/RealVideo-RealAudio/Asian (South)/women/id00043/00135.mp4
id00080,-,-,real,A,RealVideo-RealAudio,Asian (South),women,00281.mp4,FakeAVCeleb/RealVideo-RealAudio/Asian (South)/women/id00080,FakeAVCeleb_v1.2/RealVideo-RealAudio/Asian (South)/women/id00080/00281.mp4,../data/raw/FakeAVCeleb_v1.2/RealVideo-RealAudio/Asian (South)/women/id00080/00281.mp4
id00149,-,-,real,A,RealVideo-RealAudio,Asian (South),women,00284.mp4,FakeAVCeleb/RealVideo-RealAudio/Asian (South)/women/id00149,FakeAVCeleb_v1.2/RealVideo-RealAudio/Asian (South)/women/id00149/00284.mp4,../data/raw/FakeAVCeleb_v1.2/RealVideo-RealAudio/Asian (South)/women/id00149/00284.mp4
id00235,-,-,real,A,RealVideo-RealAudio,Asian (South),women,00052.mp4,FakeAVCeleb/RealVideo-RealAudio/Asian (South)/women/id00235,FakeAVCeleb_v1.2/RealVideo-RealAudio/Asian (South)/women/id00235/00052.mp4,../data/raw/FakeAVCeleb_v1.2/RealVideo-RealAudio/Asian (South)/women/id00235/00052.mp4
id00417,-,-,real,A,RealVideo-RealAudio,Asian (South),women,00069.mp4,FakeAVCeleb/RealVideo-RealAudio/Asian (South)/women/id00417,FakeAVCeleb_v1.2/RealVideo-RealAudio/Asian (South)/women/id00417/00069.mp4,../data/raw/FakeAVCeleb_v1.2/RealVideo-RealAudio/Asian (South)/women/id00417/00069.mp4
id00461,-,-,real,A,RealVideo-RealAudio,Asian (South),women,00043.mp4,FakeAVCeleb/RealVideo-RealAudio/Asian (South)/women/id00461,FakeAVCeleb_v1.2/RealVideo-RealAudio/Asian (South)/women/id00461/00043.mp4,../data/raw/FakeAVCeleb_v1.2/RealVideo-RealAudio/Asian (South)/women/id00461/00043.mp4
id00488,-,-,real,A,RealVideo-RealAudio,Asian (South),women,00028.mp4,FakeAVCeleb/RealVideo-RealAudio/Asian (South)/women/id00488,FakeAVCeleb_v1.2/RealVideo-RealAudio/Asian (South)/women/id00488/00028.mp4,../data/raw/FakeAVCeleb_v1.2/RealVideo-RealAudio/Asian (South)/women/id00488/00028.mp4
id00739,-,-,real,A,RealVideo-RealAudio,Asian (South),women,00005.mp4,FakeAVCeleb/RealVideo-RealAudio/Asian (South)/women/id00739,FakeAVCeleb_v1.2/RealVideo-RealAudio/Asian (South)/women/id00739/00005.mp4,../data/raw/FakeAVCeleb_v1.2/RealVideo-RealAudio/Asian (South)/women/id00739/00005.mp4
id00747,-,-,real,A,RealVideo-RealAudio,Asian (South),women,00053.mp4,FakeAVCeleb/RealVideo-RealAudio/Asian (South)/women/id00747,FakeAVCeleb_v1.2/RealVideo-RealAudio/Asian (South)/women/id00747/00053.mp4,../data/raw/FakeAVCeleb_v1.2/RealVideo-RealAudio/Asian (South)/women/id00747/00053.mp4
id01026,-,-,real,A,RealVideo-RealAudio,Asian (South),women,00083.mp4,FakeAVCeleb/RealVideo-RealAudio/Asian (South)/women/id01026,FakeAVCeleb_v1.2/RealVideo-RealAudio/Asian (South)/women/id01026/00083.mp4,../data/raw/FakeAVCeleb_v1.2/RealVideo-RealAudio/Asian (South)/women/id01026/00083.mp4
id02089,-,-,real,A,RealVideo-RealAudio,Asian (South),women,00092.mp4,FakeAVCeleb/RealVideo-RealAudio/Asian (South)/women/id02089,FakeAVCeleb_v1.2/RealVideo-RealAudio/Asian (South)/women/id02089/00092.mp4,../data/raw/FakeAVCeleb_v1.2/RealVideo-RealAudio/Asian (South)/women/id02089/00092.mp4
id02310,-,-,real,A,RealVideo-RealAudio,Asian (South),women,00139.mp4,FakeAVCeleb/RealVideo-RealAudio/Asian (South)/women/id02310,FakeAVCeleb_v1.2/RealVideo-RealAudio/Asian (South)/women/id02310/00139.mp4,../data/raw/FakeAVCeleb_v1.2/RealVideo-RealAudio/Asian (South)/women/id02310/00139.mp4
id02619,-,-,real,A,RealVideo-RealAudio,Asian (South),women,00015.mp4,FakeAVCeleb/RealVideo-RealAudio/Asian (South)/women/id02619,FakeAVCeleb_v1.2/RealVideo-RealAudio/Asian (South)/women/id02619/00015.mp4,../data/raw/FakeAVCeleb_v1.2/RealVideo-RealAudio/Asian (South)/women/id02619/00015.mp4
id03559,-,-,real,A,RealVideo-RealAudio,Asian (South),women,00023.mp4,FakeAVCeleb/RealVideo-RealAudio/Asian (South)/women/id03559,FakeAVCeleb_v1.2/RealVideo-RealAudio/Asian (South)/women/id03559/00023.mp4,../data/raw/FakeAVCeleb_v1.2/RealVideo-RealAudio/Asian (South)/women/id03559/00023.mp4
id03815,-,-,real,A,RealVideo-RealAudio,Asian (South),women,00118.mp4,FakeAVCeleb/RealVideo-RealAudio/Asian (South)/women/id03815,FakeAVCeleb_v1.2/RealVideo-RealAudio/Asian (South)/women/id03815/00118.mp4,../data/raw/FakeAVCeleb_v1.2/RealVideo-RealAudio/Asian (South)/women/id03815/00118.mp4
id03897,-,-,real,A,RealVideo-RealAudio,Asian (South),women,00021.mp4,FakeAVCeleb/RealVideo-RealAudio/Asian (South)/women/id03897,FakeAVCeleb_v1.2/RealVideo-RealAudio/Asian (South)/women/id03897/00021.mp4,../data/raw/FakeAVCeleb_v1.2/RealVideo-RealAudio/Asian (South)/women/id03897/00021.mp4
id03985,-,-,real,A,RealVideo-RealAudio,Asian (South),women,00005.mp4,FakeAVCeleb/RealVideo-RealAudio/Asian (South)/women/id03985,FakeAVCeleb_v1.2/RealVideo-RealAudio/Asian (South)/women/id03985/00005.mp4,../data/raw/FakeAVCeleb_v1.2/RealVideo-RealAudio/Asian (South)/women/id03985/00005.mp4
id04070,-,-,real,A,RealVideo-RealAudio,Asian (South),women,00072.mp4,FakeAVCeleb/RealVideo-RealAudio/Asian (South)/women/id04070,FakeAVCeleb_v1.2/RealVideo-RealAudio/Asian (South)/women/id04070/00072.mp4,../data/raw/FakeAVCeleb_v1.2/RealVideo-RealAudio/Asian (South)/women/id04070/00072.mp4
id04490,-,-,real,A,RealVideo-RealAudio,Asian (South),women,00054.mp4,FakeAVCeleb/RealVideo-RealAudio/Asian (South)/women/id04490,FakeAVCeleb_v1.2/RealVideo-RealAudio/Asian (South)/women/id04490/00054.mp4,../data/raw/FakeAVCeleb_v1.2/RealVideo-RealAudio/Asian (South)/women/id04490/00054.mp4
id04529,-,-,real,A,RealVideo-RealAudio,Asian (South),women,00186.mp4,FakeAVCeleb/RealVideo-RealAudio/Asian (South)/women/id04529,FakeAVCeleb_v1.2/RealVideo-RealAudio/Asian (South)/women/id04529/00186.mp4,../data/raw/FakeAVCeleb_v1.2/RealVideo-RealAudio/Asian (South)/women/id04529/00186.mp4
id04530,-,-,real,A,RealVideo-RealAudio,Asian (South),women,00231.mp4,FakeAVCeleb/RealVideo-RealAudio/Asian (South)/women/id04530,FakeAVCeleb_v1.2/RealVideo-RealAudio/Asian (South)/women/id04530/00231.mp4,../data/raw/FakeAVCeleb_v1.2/RealVideo-RealAudio/Asian (South)/women/id04530/00231.mp4
id04564,-,-,real,A,RealVideo-RealAudio,Asian (South),women,00417.mp4,FakeAVCeleb/RealVideo-RealAudio/Asian (South)/women/id04564,FakeAVCeleb_v1.2/RealVideo-RealAudio/Asian (South)/women/id04564/00417.mp4,../data/raw/FakeAVCeleb_v1.2/RealVideo-RealAudio/Asian (South)/women/id04564/00417.mp4
id04582,-,-,real,A,RealVideo-RealAudio,Asian (South),women,00180.mp4,FakeAVCeleb/RealVideo-RealAudio/Asian (South)/women/id04582,FakeAVCeleb_v1.2/RealVideo-RealAudio/Asian (South)/women/id04582/00180.mp4,../data/raw/FakeAVCeleb_v1.2/RealVideo-RealAudio/Asian (South)/women/id04582/00180.mp4
id04583,-,-,real,A,RealVideo-RealAudio,Asian (South),women,00077.mp4,FakeAVCeleb/RealVideo-RealAudio/Asian (South)/women/id04583,FakeAVCeleb_v1.2/RealVideo-RealAudio/Asian (South)/women/id04583/00077.mp4,../data/raw/FakeAVCeleb_v1.2/RealVideo-RealAudio/Asian (South)/women/id04583/00077.mp4
id04927,-,-,real,A,RealVideo-RealAudio,Asian (South),women,00013.mp4,FakeAVCeleb/RealVideo-RealAudio/Asian (South)/women/id04927,FakeAVCeleb_v1.2/RealVideo-RealAudio/Asian (South)/women/id04927/00013.mp4,../data/raw/FakeAVCeleb_v1.2/RealVideo-RealAudio/Asian (South)/women/id04927/00013.mp4
id05434,-,-,real,A,RealVideo-RealAudio,Asian (South),women,00052.mp4,FakeAVCeleb/RealVideo-RealAudio/Asian (South)/women/id05434,FakeAVCeleb_v1.2/RealVideo-RealAudio/Asian (South)/women/id05434/00052.mp4,../data/raw/FakeAVCeleb_v1.2/RealVideo-RealAudio/Asian (South)/women/id05434/00052.mp4
id05435,-,-,real,A,RealVideo-RealAudio,Asian (South),women,00107.mp4,FakeAVCeleb/RealVideo-RealAudio/Asian (South)/women/id05435,FakeAVCeleb_v1.2/RealVideo-RealAudio/Asian (South)/women/id05435/00107.mp4,../data/raw/FakeAVCeleb_v1.2/RealVideo-RealAudio/Asian (South)/women/id05435/00107.mp4
id05478,-,-,real,A,RealVideo-RealAudio,Asian (South),women,00135.mp4,FakeAVCeleb/RealVideo-RealAudio/Asian (South)/women/id05478,FakeAVCeleb_v1.2/RealVideo-RealAudio/Asian (South)/women/id05478/00135.mp4,../data/raw/FakeAVCeleb_v1.2/RealVideo-RealAudio/Asian (South)/women/id05478/00135.mp4
id05845,-,-,real,A,RealVideo-RealAudio,Asian (South),women,00027.mp4,FakeAVCeleb/RealVideo-RealAudio/Asian (South)/women/id05845,FakeAVCeleb_v1.2/RealVideo-RealAudio/Asian (South)/women/id05845/00027.mp4,../data/raw/FakeAVCeleb_v1.2/RealVideo-RealAudio/Asian (South)/women/id05845/00027.mp4
id05920,-,-,real,A,RealVideo-RealAudio,Asian (South),women,00161.mp4,FakeAVCeleb/RealVideo-RealAudio/Asian (South)/women/id05920,FakeAVCeleb_v1.2/RealVideo-RealAudio/Asian (South)/women/id05920/00161.mp4,../data/raw/FakeAVCeleb_v1.2/RealVideo-RealAudio/Asian (South)/women/id05920/00161.mp4
id05931,-,-,real,A,RealVideo-RealAudio,Asian (South),women,00013.mp4,FakeAVCeleb/RealVideo-RealAudio/Asian (South)/women/id05931,FakeAVCeleb_v1.2/RealVideo-RealAudio/Asian (South)/women/id05931/00013.mp4,../data/raw/FakeAVCeleb_v1.2/RealVideo-RealAudio/Asian (South)/women/id05931/00013.mp4
id06232,-,-,real,A,RealVideo-RealAudio,Asian (South),women,00025.mp4,FakeAVCeleb/RealVideo-RealAudio/Asian (South)/women/id06232,FakeAVCeleb_v1.2/RealVideo-RealAudio/Asian (South)/women/id06232/00025.mp4,../data/raw/FakeAVCeleb_v1.2/RealVideo-RealAudio/Asian (South)/women/id06232/00025.mp4
id06254,-,-,real,A,RealVideo-RealAudio,Asian (South),women,00043.mp4,FakeAVCeleb/RealVideo-RealAudio/Asian (South)/women/id06254,FakeAVCeleb_v1.2/RealVideo-RealAudio/Asian (South)/women/id06254/00043.mp4,../data/raw/FakeAVCeleb_v1.2/RealVideo-RealAudio/Asian (South)/women/id06254/00043.mp4
id06268,-,-,real,A,RealVideo-RealAudio,Asian (South),women,00159.mp4,FakeAVCeleb/RealVideo-RealAudio/Asian (South)/women/id06268,FakeAVCeleb_v1.2/RealVideo-RealAudio/Asian (South)/women/id06268/00159.mp4,../data/raw/FakeAVCeleb_v1.2/RealVideo-RealAudio/Asian (South)/women/id06268/00159.mp4
id06343,-,-,real,A,RealVideo-RealAudio,Asian (South),women,00023.mp4,FakeAVCeleb/RealVideo-RealAudio/Asian (South)/women/id06343,FakeAVCeleb_v1.2/RealVideo-RealAudio/Asian (South)/women/id06343/00023.mp4,../data/raw/FakeAVCeleb_v1.2/RealVideo-RealAudio/Asian (South)/women/id06343/00023.mp4
id06428,-,-,real,A,RealVideo-RealAudio,Asian (South),women,00043.mp4,FakeAVCeleb/RealVideo-RealAudio/Asian (South)/women/id06428,FakeAVCeleb_v1.2/RealVideo-RealAudio/Asian (South)/women/id06428/00043.mp4,../data/raw/FakeAVCeleb_v1.2/RealVideo-RealAudio/Asian (South)/women/id06428/00043.mp4
id06437,-,-,real,A,RealVideo-RealAudio,Asian (South),women,00028.mp4,FakeAVCeleb/RealVideo-RealAudio/Asian (South)/women/id06437,FakeAVCeleb_v1.2/RealVideo-RealAudio/Asian (South)/women/id06437/00028.mp4,../data/raw/FakeAVCeleb_v1.2/RealVideo-RealAudio/Asian (South)/women/id06437/00028.mp4
id06438,-,-,real,A,RealVideo-RealAudio,Asian (South),women,00110.mp4,FakeAVCeleb/RealVideo-RealAudio/Asian (South)/women/id06438,FakeAVCeleb_v1.2/RealVideo-RealAudio/Asian (South)/women/id06438/00110.mp4,../data/raw/FakeAVCeleb_v1.2/RealVideo-RealAudio/Asian (South)/women/id06438/00110.mp4
id06439,-,-,real,A,RealVideo-RealAudio,Asian (South),women,00118.mp4,FakeAVCeleb/RealVideo-RealAudio/Asian (South)/women/id06439,FakeAVCeleb_v1.2/RealVideo-RealAudio/Asian (South)/women/id06439/00118.mp4,../data/raw/FakeAVCeleb_v1.2/RealVideo-RealAudio/Asian (South)/women/id06439/00118.mp4
id06445,-,-,real,A,RealVideo-RealAudio,Asian (South),women,00150.mp4,FakeAVCeleb/RealVideo-RealAudio/Asian (South)/women/id06445,FakeAVCeleb_v1.2/RealVideo-RealAudio/Asian (South)/women/id06445/00150.mp4,../data/raw/FakeAVCeleb_v1.2/RealVideo-RealAudio/Asian (South)/women/id06445/00150.mp4
id06752,-,-,real,A,RealVideo-RealAudio,Asian (South),women,00221.mp4,FakeAVCeleb/RealVideo-RealAudio/Asian (South)/women/id06752,FakeAVCeleb_v1.2/RealVideo-RealAudio/Asian (South)/women/id06752/00221.mp4,../data/raw/FakeAVCeleb_v1.2/RealVideo-RealAudio/Asian (South)/women/id06752/00221.mp4
id07008,-,-,real,A,RealVideo-RealAudio,Asian (South),women,00175.mp4,FakeAVCeleb/RealVideo-RealAudio/Asian (South)/women/id07008,FakeAVCeleb_v1.2/RealVideo-RealAudio/Asian (South)/women/id07008/00175.mp4,../data/raw/FakeAVCeleb_v1.2/RealVideo-RealAudio/Asian (South)/women/id07008/00175.mp4
id07049,-,-,real,A,RealVideo-RealAudio,Asian (South),women,00043.mp4,FakeAVCeleb/RealVideo-RealAudio/Asian (South)/women/id07049,FakeAVCeleb_v1.2/RealVideo-RealAudio/Asian (South)/women/id07049/00043.mp4,../data/raw/FakeAVCeleb_v1.2/RealVideo-RealAudio/Asian (South)/women/id07049/00043.mp4
id07051,-,-,real,A,RealVideo-RealAudio,Asian (South),women,00083.mp4,FakeAVCeleb/RealVideo-RealAudio/Asian (South)/women/id07051,FakeAVCeleb_v1.2/RealVideo-RealAudio/Asian (South)/women/id07051/00083.mp4,../data/raw/FakeAVCeleb_v1.2/RealVideo-RealAudio/Asian (South)/women/id07051/00083.mp4
id07078,-,-,real,A,RealVideo-RealAudio,Asian (South),women,00405.mp4,FakeAVCeleb/RealVideo-RealAudio/Asian (South)/women/id07078,FakeAVCeleb_v1.2/RealVideo-RealAudio/Asian (South)/women/id07078/00405.mp4,../data/raw/FakeAVCeleb_v1.2/RealVideo-RealAudio/Asian (South)/women/id07078/00405.mp4
id07136,-,-,real,A,RealVideo-RealAudio,Asian (South),women,00052.mp4,FakeAVCeleb/RealVideo-RealAudio/Asian (South)/women/id07136,FakeAVCeleb_v1.2/RealVideo-RealAudio/Asian (South)/women/id07136/00052.mp4,../data/raw/FakeAVCeleb_v1.2/RealVideo-RealAudio/Asian (South)/women/id07136/00052.mp4
id07236,-,-,real,A,RealVideo-RealAudio,Asian (South),women,00143.mp4,FakeAVCeleb/RealVideo-RealAudio/Asian (South)/women/id07236,FakeAVCeleb_v1.2/RealVideo-RealAudio/Asian (South)/women/id07236/00143.mp4,../data/raw/FakeAVCeleb_v1.2/RealVideo-RealAudio/Asian (South)/women/id07236/00143.mp4
id07377,-,-,real,A,RealVideo-RealAudio,Asian (South),women,00025.mp4,FakeAVCeleb/RealVideo-RealAudio/Asian (South)/women/id07377,FakeAVCeleb_v1.2/RealVideo-RealAudio/Asian (South)/women/id07377/00025.mp4,../data/raw/FakeAVCeleb_v1.2/RealVideo-RealAudio/Asian (South)/women/id07377/00025.mp4
id07686,-,-,real,A,RealVideo-RealAudio,Asian (South),women,00254.mp4,FakeAVCeleb/RealVideo-RealAudio/Asian (South)/women/id07686,FakeAVCeleb_v1.2/RealVideo-RealAudio/Asian (South)/women/id07686/00254.mp4,../data/raw/FakeAVCeleb_v1.2/RealVideo-RealAudio/Asian (South)/women/id07686/00254.mp4
id07689,-,-,real,A,RealVideo-RealAudio,Asian (South),women,00028.mp4,FakeAVCeleb/RealVideo-RealAudio/Asian (South)/women/id07689,FakeAVCeleb_v1.2/RealVideo-RealAudio/Asian (South)/women/id07689/00028.mp4,../data/raw/FakeAVCeleb_v1.2/RealVideo-RealAudio/Asian (South)/women/id07689/00028.mp4
id00076,fake.mp4,-,rtvc,B,RealVideo-FakeAudio,African,men,00109_fake.mp4,FakeAVCeleb/RealVideo-FakeAudio/African/men/id00076,FakeAVCeleb_v1.2/RealVideo-FakeAudio/African/men/id00076/00109_fake.mp4,../data/raw/FakeAVCeleb_v1.2/RealVideo-FakeAudio/African/men/id00076/00109_fake.mp4
id00166,fake.mp4,-,rtvc,B,RealVideo-FakeAudio,African,men,00010_fake.mp4,FakeAVCeleb/RealVideo-FakeAudio/African/men/id00166,FakeAVCeleb_v1.2/RealVideo-FakeAudio/African/men/id00166/00010_fake.mp4,../data/raw/FakeAVCeleb_v1.2/RealVideo-FakeAudio/African/men/id00166/00010_fake.mp4
id00173,fake.mp4,-,rtvc,B,RealVideo-FakeAudio,African,men,00118_fake.mp4,FakeAVCeleb/RealVideo-FakeAudio/African/men/id00173,FakeAVCeleb_v1.2/RealVideo-FakeAudio/African/men/id00173/00118_fake.mp4,../data/raw/FakeAVCeleb_v1.2/RealVideo-FakeAudio/African/men/id00173/00118_fake.mp4
id00366,fake.mp4,-,rtvc,B,RealVideo-FakeAudio,African,men,00118_fake.mp4,FakeAVCeleb/RealVideo-FakeAudio/African/men/id00366,FakeAVCeleb_v1.2/RealVideo-FakeAudio/African/men/id00366/00118_fake.mp4,../data/raw/FakeAVCeleb_v1.2/RealVideo-FakeAudio/African/men/id00366/00118_fake.mp4
id00391,fake.mp4,-,rtvc,B,RealVideo-FakeAudio,African,men,00052_fake.mp4,FakeAVCeleb/RealVideo-FakeAudio/African/men/id00391,FakeAVCeleb_v1.2/RealVideo-FakeAudio/African/men/id00391/00052_fake.mp4,../data/raw/FakeAVCeleb_v1.2/RealVideo-FakeAudio/African/men/id00391/00052_fake.mp4
id00475,fake.mp4,-,rtvc,B,RealVideo-FakeAudio,African,men,00099_fake.mp4,FakeAVCeleb/RealVideo-FakeAudio/African/men/id00475,FakeAVCeleb_v1.2/RealVideo-FakeAudio/African/men/id00475/00099_fake.mp4,../data/raw/FakeAVCeleb_v1.2/RealVideo-FakeAudio/African/men/id00475/00099_fake.mp4
id00476,fake.mp4,-,rtvc,B,RealVideo-FakeAudio,African,men,00109_fake.mp4,FakeAVCeleb/RealVideo-FakeAudio/African/men/id00476,FakeAVCeleb_v1.2/RealVideo-FakeAudio/African/men/id00476/00109_fake.mp4,../data/raw/FakeAVCeleb_v1.2/RealVideo-FakeAudio/African/men/id00476/00109_fake.mp4
id00478,fake.mp4,-,rtvc,B,RealVideo-FakeAudio,African,men,00206_fake.mp4,FakeAVCeleb/RealVideo-FakeAudio/African/men/id00478,FakeAVCeleb_v1.2/RealVideo-FakeAudio/African/men/id00478/00206_fake.mp4,../data/raw/FakeAVCeleb_v1.2/RealVideo-FakeAudio/African/men/id00478/00206_fake.mp4
id00518,fake.mp4,-,rtvc,B,RealVideo-FakeAudio,African,men,00031_fake.mp4,FakeAVCeleb/RealVideo-FakeAudio/African/men/id00518,FakeAVCeleb_v1.2/RealVideo-FakeAudio/African/men/id00518/00031_fake.mp4,../data/raw/FakeAVCeleb_v1.2/RealVideo-FakeAudio/African/men/id00518/00031_fake.mp4
id00701,fake.mp4,-,rtvc,B,RealVideo-FakeAudio,African,men,00092_fake.mp4,FakeAVCeleb/RealVideo-FakeAudio/African/men/id00701,FakeAVCeleb_v1.2/RealVideo-FakeAudio/African/men/id00701/00092_fake.mp4,../data/raw/FakeAVCeleb_v1.2/RealVideo-FakeAudio/African/men/id00701/00092_fake.mp4
id00761,fake.mp4,-,rtvc,B,RealVideo-FakeAudio,African,men,00072_fake.mp4,FakeAVCeleb/RealVideo-FakeAudio/African/men/id00761,FakeAVCeleb_v1.2/RealVideo-FakeAudio/African/men/id00761/00072_fake.mp4,../data/raw/FakeAVCeleb_v1.2/RealVideo-FakeAudio/African/men/id00761/00072_fake.mp4
id00781,fake.mp4,-,rtvc,B,RealVideo-FakeAudio,African,men,00092_fake.mp4,FakeAVCeleb/RealVideo-FakeAudio/African/men/id00781,FakeAVCeleb_v1.2/RealVideo-FakeAudio/African/men/id00781/00092_fake.mp4,../data/raw/FakeAVCeleb_v1.2/RealVideo-FakeAudio/African/men/id00781/00092_fake.mp4
id00830,fake.mp4,-,rtvc,B,RealVideo-FakeAudio,African,men,00143_fake.mp4,FakeAVCeleb/RealVideo-FakeAudio/African/men/id00830,FakeAVCeleb_v1.2/RealVideo-FakeAudio/African/men/id00830/00143_fake.mp4,../data/raw/FakeAVCeleb_v1.2/RealVideo-FakeAudio/African/men/id00830/00143_fake.mp4
id00944,fake.mp4,-,rtvc,B,RealVideo-FakeAudio,African,men,00135_fake.mp4,FakeAVCeleb/RealVideo-FakeAudio/African/men/id00944,FakeAVCeleb_v1.2/RealVideo-FakeAudio/African/men/id00944/00135_fake.mp4,../data/raw/FakeAVCeleb_v1.2/RealVideo-FakeAudio/African/men/id00944/00135_fake.mp4
id00987,fake.mp4,-,rtvc,B,RealVideo-FakeAudio,African,men,00160_fake.mp4,FakeAVCeleb/RealVideo-FakeAudio/African/men/id00987,FakeAVCeleb_v1.2/RealVideo-FakeAudio/African/men/id00987/00160_fake.mp4,../data/raw/FakeAVCeleb_v1.2/RealVideo-FakeAudio/African/men/id00987/00160_fake.mp4
id01036,fake.mp4,-,rtvc,B,RealVideo-FakeAudio,African,men,00010_fake.mp4,FakeAVCeleb/RealVideo-FakeAudio/African/men/id01036,FakeAVCeleb_v1.2/RealVideo-FakeAudio/African/men/id01036/00010_fake.mp4,../data/raw/FakeAVCeleb_v1.2/RealVideo-FakeAudio/African/men/id01036/00010_fake.mp4
id01076,fake.mp4,-,rtvc,B,RealVideo-FakeAudio,African,men,00005_fake.mp4,FakeAVCeleb/RealVideo-FakeAudio/African/men/id01076,FakeAVCeleb_v1.2/RealVideo-FakeAudio/African/men/id01076/00005_fake.mp4,../data/raw/FakeAVCeleb_v1.2/RealVideo-FakeAudio/African/men/id01076/00005_fake.mp4
id01170,fake.mp4,-,rtvc,B,RealVideo-FakeAudio,African,men,00021_fake.mp4,FakeAVCeleb/RealVideo-FakeAudio/African/men/id01170,FakeAVCeleb_v1.2/RealVideo-FakeAudio/African/men/id01170/00021_fake.mp4,../data/raw/FakeAVCeleb_v1.2/RealVideo-FakeAudio/African/men/id01170/00021_fake.mp4
id01171,fake.mp4,-,rtvc,B,RealVideo-FakeAudio,African,men,00053_fake.mp4,FakeAVCeleb/RealVideo-FakeAudio/African/men/id01171,FakeAVCeleb_v1.2/RealVideo-FakeAudio/African/men/id01171/00053_fake.mp4,../data/raw/FakeAVCeleb_v1.2/RealVideo-FakeAudio/African/men/id01171/00053_fake.mp4
id01179,fake.mp4,-,rtvc,B,RealVideo-FakeAudio,African,men,00160_fake.mp4,FakeAVCeleb/RealVideo-FakeAudio/African/men/id01179,FakeAVCeleb_v1.2/RealVideo-FakeAudio/African/men/id01179/00160_fake.mp4,../data/raw/FakeAVCeleb_v1.2/RealVideo-FakeAudio/African/men/id01179/00160_fake.mp4
id01207,fake.mp4,-,rtvc,B,RealVideo-FakeAudio,African,men,00320_fake.mp4,FakeAVCeleb/RealVideo-FakeAudio/African/men/id01207,FakeAVCeleb_v1.2/RealVideo-FakeAudio/African/men/id01207/00320_fake.mp4,../data/raw/FakeAVCeleb_v1.2/RealVideo-FakeAudio/African/men/id01207/00320_fake.mp4
id01236,fake.mp4,-,rtvc,B,RealVideo-FakeAudio,African,men,00005_fake.mp4,FakeAVCeleb/RealVideo-FakeAudio/African/men/id01236,FakeAVCeleb_v1.2/RealVideo-FakeAudio/African/men/id01236/00005_fake.mp4,../data/raw/FakeAVCeleb_v1.2/RealVideo-FakeAudio/African/men/id01236/00005_fake.mp4
id01392,fake.mp4,-,rtvc,B,RealVideo-FakeAudio,African,men,00167_fake.mp4,FakeAVCeleb/RealVideo-FakeAudio/African/men/id01392,FakeAVCeleb_v1.2/RealVideo-FakeAudio/African/men/id01392/00167_fake.mp4,../data/raw/FakeAVCeleb_v1.2/RealVideo-FakeAudio/African/men/id01392/00167_fake.mp4
id01452,fake.mp4,-,rtvc,B,RealVideo-FakeAudio,African,men,00001_fake.mp4,FakeAVCeleb/RealVideo-FakeAudio/African/men/id01452,FakeAVCeleb_v1.2/RealVideo-FakeAudio/African/men/id01452/00001_fake.mp4,../data/raw/FakeAVCeleb_v1.2/RealVideo-FakeAudio/African/men/id01452/00001_fake.mp4
id01521,fake.mp4,-,rtvc,B,RealVideo-FakeAudio,African,men,00109_fake.mp4,FakeAVCeleb/RealVideo-FakeAudio/African/men/id01521,FakeAVCeleb_v1.2/RealVideo-FakeAudio/African/men/id01521/00109_fake.mp4,../data/raw/FakeAVCeleb_v1.2/RealVideo-FakeAudio/African/men/id01521/00109_fake.mp4
id01528,fake.mp4,-,rtvc,B,RealVideo-FakeAudio,African,men,00017_fake.mp4,FakeAVCeleb/RealVideo-FakeAudio/African/men/id01528,FakeAVCeleb_v1.2/RealVideo-FakeAudio/African/men/id01528/00017_fake.mp4,../data/raw/FakeAVCeleb_v1.2/RealVideo-FakeAudio/African/men/id01528/00017_fake.mp4
id01530,fake.mp4,-,rtvc,B,RealVideo-FakeAudio,African,men,00002_fake.mp4,FakeAVCeleb/RealVideo-FakeAudio/African/men/id01530,FakeAVCeleb_v1.2/RealVideo-FakeAudio/African/men/id01530/00002_fake.mp4,../data/raw/FakeAVCeleb_v1.2/RealVideo-FakeAudio/African/men/id01530/00002_fake.mp4
id01544,fake.mp4,-,rtvc,B,RealVideo-FakeAudio,African,men,00044_fake.mp4,FakeAVCeleb/RealVideo-FakeAudio/African/men/id01544,FakeAVCeleb_v1.2/RealVideo-FakeAudio/African/men/id01544/00044_fake.mp4,../data/raw/FakeAVCeleb_v1.2/RealVideo-FakeAudio/African/men/id01544/00044_fake.mp4
id01597,fake.mp4,-,rtvc,B,RealVideo-FakeAudio,African,men,00005_fake.mp4,FakeAVCeleb/RealVideo-FakeAudio/African/men/id01597,FakeAVCeleb_v1.2/RealVideo-FakeAudio/African/men/id01597/00005_fake.mp4,../data/raw/FakeAVCeleb_v1.2/RealVideo-FakeAudio/African/men/id01597/00005_fake.mp4
id01598,fake.mp4,-,rtvc,B,RealVideo-FakeAudio,African,men,00044_fake.mp4,FakeAVCeleb/RealVideo-FakeAudio/African/men/id01598,FakeAVCeleb_v1.2/RealVideo-FakeAudio/African/men/id01598/00044_fake.mp4,../data/raw/FakeAVCeleb_v1.2/RealVideo-FakeAudio/African/men/id01598/00044_fake.mp4
id01610,fake.mp4,-,rtvc,B,RealVideo-FakeAudio,African,men,00090_fake.mp4,FakeAVCeleb/RealVideo-FakeAudio/African/men/id01610,FakeAVCeleb_v1.2/RealVideo-FakeAudio/African/men/id01610/00090_fake.mp4,../data/raw/FakeAVCeleb_v1.2/RealVideo-FakeAudio/African/men/id01610/00090_fake.mp4
id01637,fake.mp4,-,rtvc,B,RealVideo-FakeAudio,African,men,00002_fake.mp4,FakeAVCeleb/RealVideo-FakeAudio/African/men/id01637,FakeAVCeleb_v1.2/RealVideo-FakeAudio/African/men/id01637/00002_fake.mp4,../data/raw/FakeAVCeleb_v1.2/RealVideo-FakeAudio/African/men/id01637/00002_fake.mp4
id01691,fake.mp4,-,rtvc,B,RealVideo-FakeAudio,African,men,00045_fake.mp4,FakeAVCeleb/RealVideo-FakeAudio/African/men/id01691,FakeAVCeleb_v1.2/RealVideo-FakeAudio/African/men/id01691/00045_fake.mp4,../data/raw/FakeAVCeleb_v1.2/RealVideo-FakeAudio/African/men/id01691/00045_fake.mp4
id01717,fake.mp4,-,rtvc,B,RealVideo-FakeAudio,African,men,00005_fake.mp4,FakeAVCeleb/RealVideo-FakeAudio/African/men/id01717,FakeAVCeleb_v1.2/RealVideo-FakeAudio/African/men/id01717/00005_fake.mp4,../data/raw/FakeAVCeleb_v1.2/RealVideo-FakeAudio/African/men/id01717/00005_fake.mp4
id01779,fake.mp4,-,rtvc,B,RealVideo-FakeAudio,African,men,00010_fake.mp4,FakeAVCeleb/RealVideo-FakeAudio/African/men/id01779,FakeAVCeleb_v1.2/RealVideo-FakeAudio/African/men/id01779/00010_fake.mp4,../data/raw/FakeAVCeleb_v1.2/RealVideo-FakeAudio/African/men/id01779/00010_fake.mp4
id01835,fake.mp4,-,rtvc,B,RealVideo-FakeAudio,African,men,00130_fake.mp4,FakeAVCeleb/RealVideo-FakeAudio/African/men/id01835,FakeAVCeleb_v1.2/RealVideo-FakeAudio/African/men/id01835/00130_fake.mp4,../data/raw/FakeAVCeleb_v1.2/RealVideo-FakeAudio/African/men/id01835/00130_fake.mp4
id01856,fake.mp4,-,rtvc,B,RealVideo-FakeAudio,African,men,00006_fake.mp4,FakeAVCeleb/RealVideo-FakeAudio/African/men/id01856,FakeAVCeleb_v1.2/RealVideo-FakeAudio/African/men/id01856/00006_fake.mp4,../data/raw/FakeAVCeleb_v1.2/RealVideo-FakeAudio/African/men/id01856/00006_fake.mp4
id01920,fake.mp4,-,rtvc,B,RealVideo-FakeAudio,African,men,00099_fake.mp4,FakeAVCeleb/RealVideo-FakeAudio/African/men/id01920,FakeAVCeleb_v1.2/RealVideo-FakeAudio/African/men/id01920/00099_fake.mp4,../data/raw/FakeAVCeleb_v1.2/RealVideo-FakeAudio/African/men/id01920/00099_fake.mp4
id01933,fake.mp4,-,rtvc,B,RealVideo-FakeAudio,African,men,00028_fake.mp4,FakeAVCeleb/RealVideo-FakeAudio/African/men/id01933,FakeAVCeleb_v1.2/RealVideo-FakeAudio/African/men/id01933/00028_fake.mp4,../data/raw/FakeAVCeleb_v1.2/RealVideo-FakeAudio/African/men/id01933/00028_fake.mp4
id01972,fake.mp4,-,rtvc,B,RealVideo-FakeAudio,African,men,00078_fake.mp4,FakeAVCeleb/RealVideo-FakeAudio/African/men/id01972,FakeAVCeleb_v1.2/RealVideo-FakeAudio/African/men/id01972/00078_fake.mp4,../data/raw/FakeAVCeleb_v1.2/RealVideo-FakeAudio/African/men/id01972/00078_fake.mp4
id01995,fake.mp4,-,rtvc,B,RealVideo-FakeAudio,African,men,00071_fake.mp4,FakeAVCeleb/RealVideo-FakeAudio/African/men/id01995,FakeAVCeleb_v1.2/RealVideo-FakeAudio/African/men/id01995/00071_fake.mp4,../data/raw/FakeAVCeleb_v1.2/RealVideo-FakeAudio/African/men/id01995/00071_fake.mp4
id02005,fake.mp4,-,rtvc,B,RealVideo-FakeAudio,African,men,00052_fake.mp4,FakeAVCeleb/RealVideo-FakeAudio/African/men/id02005,FakeAVCeleb_v1.2/RealVideo-FakeAudio/African/men/id02005/00052_fake.mp4,../data/raw/FakeAVCeleb_v1.2/RealVideo-FakeAudio/African/men/id02005/00052_fake.mp4
id02040,fake.mp4,-,rtvc,B,RealVideo-FakeAudio,African,men,00476_fake.mp4,FakeAVCeleb/RealVideo-FakeAudio/African/men/id02040,FakeAVCeleb_v1.2/RealVideo-FakeAudio/African/men/id02040/00476_fake.mp4,../data/raw/FakeAVCeleb_v1.2/RealVideo-FakeAudio/African/men/id02040/00476_fake.mp4
id02051,fake.mp4,-,rtvc,B,RealVideo-FakeAudio,African,men,00015_fake.mp4,FakeAVCeleb/RealVideo-FakeAudio/African/men/id02051,FakeAVCeleb_v1.2/RealVideo-FakeAudio/African/men/id02051/00015_fake.mp4,../data/raw/FakeAVCeleb_v1.2/RealVideo-FakeAudio/African/men/id02051/00015_fake.mp4
id02268,fake.mp4,-,rtvc,B,RealVideo-FakeAudio,African,men,00036_fake.mp4,FakeAVCeleb/RealVideo-FakeAudio/African/men/id02268,FakeAVCeleb_v1.2/RealVideo-FakeAudio/African/men/id02268/00036_fake.mp4,../data/raw/FakeAVCeleb_v1.2/RealVideo-FakeAudio/African/men/id02268/00036_fake.mp4
id02296,fake.mp4,-,rtvc,B,RealVideo-FakeAudio,African,men,00019_fake.mp4,FakeAVCeleb/RealVideo-FakeAudio/African/men/id02296,FakeAVCeleb_v1.2/RealVideo-FakeAudio/African/men/id02296/00019_fake.mp4,../data/raw/FakeAVCeleb_v1.2/RealVideo-FakeAudio/African/men/id02296/00019_fake.mp4
id02316,fake.mp4,-,rtvc,B,RealVideo-FakeAudio,African,men,00094_fake.mp4,FakeAVCeleb/RealVideo-FakeAudio/African/men/id02316,FakeAVCeleb_v1.2/RealVideo-FakeAudio/African/men/id02316/00094_fake.mp4,../data/raw/FakeAVCeleb_v1.2/RealVideo-FakeAudio/African/men/id02316/00094_fake.mp4
id02342,fake.mp4,-,rtvc,B,RealVideo-FakeAudio,African,men,00191_fake.mp4,FakeAVCeleb/RealVideo-FakeAudio/African/men/id02342,FakeAVCeleb_v1.2/RealVideo-FakeAudio/African/men/id02342/00191_fake.mp4,../data/raw/FakeAVCeleb_v1.2/RealVideo-FakeAudio/African/men/id02342/00191_fake.mp4
id02494,fake.mp4,-,rtvc,B,RealVideo-FakeAudio,African,men,00050_fake.mp4,FakeAVCeleb/RealVideo-FakeAudio/African/men/id02494,FakeAVCeleb_v1.2/RealVideo-FakeAudio/African/men/id02494/00050_fake.mp4,../data/raw/FakeAVCeleb_v1.2/RealVideo-FakeAudio/African/men/id02494/00050_fake.mp4
id04727,fake.mp4,-,rtvc,B,RealVideo-FakeAudio,African,men,00007_fake.mp4,FakeAVCeleb/RealVideo-FakeAudio/African/men/id04727,FakeAVCeleb_v1.2/RealVideo-FakeAudio/African/men/id04727/00007_fake.mp4,../data/raw/FakeAVCeleb_v1.2/RealVideo-FakeAudio/African/men/id04727/00007_fake.mp4
id00220,fake.mp4,-,rtvc,B,RealVideo-FakeAudio,African,women,00027_fake.mp4,FakeAVCeleb/RealVideo-FakeAudio/African/women/id00220,FakeAVCeleb_v1.2/RealVideo-FakeAudio/African/women/id00220/00027_fake.mp4,../data/raw/FakeAVCeleb_v1.2/RealVideo-FakeAudio/African/women/id00220/00027_fake.mp4
id00359,fake.mp4,-,rtvc,B,RealVideo-FakeAudio,African,women,00053_fake.mp4,FakeAVCeleb/RealVideo-FakeAudio/African/women/id00359,FakeAVCeleb_v1.2/RealVideo-FakeAudio/African/women/id00359/00053_fake.mp4,../data/raw/FakeAVCeleb_v1.2/RealVideo-FakeAudio/African/women/id00359/00053_fake.mp4
id00371,fake.mp4,-,rtvc,B,RealVideo-FakeAudio,African,women,00099_fake.mp4,FakeAVCeleb/RealVideo-FakeAudio/African/women/id00371,FakeAVCeleb_v1.2/RealVideo-FakeAudio/African/women/id00371/00099_fake.mp4,../data/raw/FakeAVCeleb_v1.2/RealVideo-FakeAudio/African/women/id00371/00099_fake.mp4
id00460,fake.mp4,-,rtvc,B,RealVideo-FakeAudio,African,women,00005_fake.mp4,FakeAVCeleb/RealVideo-FakeAudio/African/women/id00460,FakeAVCeleb_v1.2/RealVideo-FakeAudio/African/women/id00460/00005_fake.mp4,../data/raw/FakeAVCeleb_v1.2/RealVideo-FakeAudio/African/women/id00460/00005_fake.mp4
id00568,fake.mp4,-,rtvc,B,RealVideo-FakeAudio,African,women,00384_fake.mp4,FakeAVCeleb/RealVideo-FakeAudio/African/women/id00568,FakeAVCeleb_v1.2/RealVideo-FakeAudio/African/women/id00568/00384_fake.mp4,../data/raw/FakeAVCeleb_v1.2/RealVideo-FakeAudio/African/women/id00568/00384_fake.mp4
id00577,fake.mp4,-,rtvc,B,RealVideo-FakeAudio,African,women,00010_fake.mp4,FakeAVCeleb/RealVideo-FakeAudio/African/women/id00577,FakeAVCeleb_v1.2/RealVideo-FakeAudio/African/women/id00577/00010_fake.mp4,../data/raw/FakeAVCeleb_v1.2/RealVideo-FakeAudio/African/women/id00577/00010_fake.mp4
id00592,fake.mp4,-,rtvc,B,RealVideo-FakeAudio,African,women,00017_fake.mp4,FakeAVCeleb/RealVideo-FakeAudio/African/women/id00592,FakeAVCeleb_v1.2/RealVideo-FakeAudio/African/women/id00592/00017_fake.mp4,../data/raw/FakeAVCeleb_v1.2/RealVideo-FakeAudio/African/women/id00592/00017_fake.mp4
id00707,fake.mp4,-,rtvc,B,RealVideo-FakeAudio,African,women,00052_fake.mp4,FakeAVCeleb/RealVideo-FakeAudio/African/women/id00707,FakeAVCeleb_v1.2/RealVideo-FakeAudio/African/women/id00707/00052_fake.mp4,../data/raw/FakeAVCeleb_v1.2/RealVideo-FakeAudio/African/women/id00707/00052_fake.mp4
id00829,fake.mp4,-,rtvc,B,RealVideo-FakeAudio,African,women,00271_fake.mp4,FakeAVCeleb/RealVideo-FakeAudio/African/women/id00829,FakeAVCeleb_v1.2/RealVideo-FakeAudio/African/women/id00829/00271_fake.mp4,../data/raw/FakeAVCeleb_v1.2/RealVideo-FakeAudio/African/women/id00829/00271_fake.mp4
id00832,fake.mp4,-,rtvc,B,RealVideo-FakeAudio,African,women,00078_fake.mp4,FakeAVCeleb/RealVideo-FakeAudio/African/women/id00832,FakeAVCeleb_v1.2/RealVideo-FakeAudio/African/women/id00832/00078_fake.mp4,../data/raw/FakeAVCeleb_v1.2/RealVideo-FakeAudio/African/women/id00832/00078_fake.mp4
id01178,fake.mp4,-,rtvc,B,RealVideo-FakeAudio,African,women,00028_fake.mp4,FakeAVCeleb/RealVideo-FakeAudio/African/women/id01178,FakeAVCeleb_v1.2/RealVideo-FakeAudio/African/women/id01178/00028_fake.mp4,../data/raw/FakeAVCeleb_v1.2/RealVideo-FakeAudio/African/women/id01178/00028_fake.mp4
id01532,fake.mp4,-,rtvc,B,RealVideo-FakeAudio,African,women,00065_fake.mp4,FakeAVCeleb/RealVideo-FakeAudio/African/women/id01532,FakeAVCeleb_v1.2/RealVideo-FakeAudio/African/women/id01532/00065_fake.mp4,../data/raw/FakeAVCeleb_v1.2/RealVideo-FakeAudio/African/women/id01532/00065_fake.mp4
id01661,fake.mp4,-,rtvc,B,RealVideo-FakeAudio,African,women,00059_fake.mp4,FakeAVCeleb/RealVideo-FakeAudio/African/women/id01661,FakeAVCeleb_v1.2/RealVideo-FakeAudio/African/women/id01661/00059_fake.mp4,../data/raw/FakeAVCeleb_v1.2/RealVideo-FakeAudio/African/women/id01661/00059_fake.mp4
id01783,fake.mp4,-,rtvc,B,RealVideo-FakeAudio,African,women,00015_fake.mp4,FakeAVCeleb/RealVideo-FakeAudio/African/women/id01783,FakeAVCeleb_v1.2/RealVideo-FakeAudio/African/women/id01783/00015_fake.mp4,../data/raw/FakeAVCeleb_v1.2/RealVideo-FakeAudio/African/women/id01783/00015_fake.mp4
id01838,fake.mp4,-,rtvc,B,RealVideo-FakeAudio,African,women,00126_fake.mp4,FakeAVCeleb/RealVideo-FakeAudio/African/women/id01838,FakeAVCeleb_v1.2/RealVideo-FakeAudio/African/women/id01838/00126_fake.mp4,../data/raw/FakeAVCeleb_v1.2/RealVideo-FakeAudio/African/women/id01838/00126_fake.mp4
id01907,fake.mp4,-,rtvc,B,RealVideo-FakeAudio,African,women,00148_fake.mp4,FakeAVCeleb/RealVideo-FakeAudio/African/women/id01907,FakeAVCeleb_v1.2/RealVideo-FakeAudio/African/women/id01907/00148_fake.mp4,../data/raw/FakeAVCeleb_v1.2/RealVideo-FakeAudio/African/women/id01907/00148_fake.mp4
id02071,fake.mp4,-,rtvc,B,RealVideo-FakeAudio,African,women,00195_fake.mp4,FakeAVCeleb/RealVideo-FakeAudio/African/women/id02071,FakeAVCeleb_v1.2/RealVideo-FakeAudio/African/women/id02071/00195_fake.mp4,../data/raw/FakeAVCeleb_v1.2/RealVideo-FakeAudio/African/women/id02071/00195_fake.mp4
id02301,fake.mp4,-,rtvc,B,RealVideo-FakeAudio,African,women,00092_fake.mp4,FakeAVCeleb/RealVideo-FakeAudio/African/women/id02301,FakeAVCeleb_v1.2/RealVideo-FakeAudio/African/women/id02301/00092_fake.mp4,../data/raw/FakeAVCeleb_v1.2/RealVideo-FakeAudio/African/women/id02301/00092_fake.mp4
id02508,fake.mp4,-,rtvc,B,RealVideo-FakeAudio,African,women,00083_fake.mp4,FakeAVCeleb/RealVideo-FakeAudio/African/women/id02508,FakeAVCeleb_v1.2/RealVideo-FakeAudio/African/women/id02508/00083_fake.mp4,../data/raw/FakeAVCeleb_v1.2/RealVideo-FakeAudio/African/women/id02508/00083_fake.mp4
id02586,fake.mp4,-,rtvc,B,RealVideo-FakeAudio,African,women,00042_fake.mp4,FakeAVCeleb/RealVideo-FakeAudio/African/women/id02586,FakeAVCeleb_v1.2/RealVideo-FakeAudio/African/women/id02586/00042_fake.mp4,../data/raw/FakeAVCeleb_v1.2/RealVideo-FakeAudio/African/women/id02586/00042_fake.mp4
id02617,fake.mp4,-,rtvc,B,RealVideo-FakeAudio,African,women,00028_fake.mp4,FakeAVCeleb/RealVideo-FakeAudio/African/women/id02617,FakeAVCeleb_v1.2/RealVideo-FakeAudio/African/women/id02617/00028_fake.mp4,../data/raw/FakeAVCeleb_v1.2/RealVideo-FakeAudio/African/women/id02617/00028_fake.mp4
id02721,fake.mp4,-,rtvc,B,RealVideo-FakeAudio,African,women,00424_fake.mp4,FakeAVCeleb/RealVideo-FakeAudio/African/women/id02721,FakeAVCeleb_v1.2/RealVideo-FakeAudio/African/women/id02721/00424_fake.mp4,../data/raw/FakeAVCeleb_v1.2/RealVideo-FakeAudio/African/women/id02721/00424_fake.mp4
id02808,fake.mp4,-,rtvc,B,RealVideo-FakeAudio,African,women,00056_fake.mp4,FakeAVCeleb/RealVideo-FakeAudio/African/women/id02808,FakeAVCeleb_v1.2/RealVideo-FakeAudio/African/women/id02808/00056_fake.mp4,../data/raw/FakeAVCeleb_v1.2/RealVideo-FakeAudio/African/women/id02808/00056_fake.mp4
id02824,fake.mp4,-,rtvc,B,RealVideo-FakeAudio,African,women,00130_fake.mp4,FakeAVCeleb/RealVideo-FakeAudio/African/women/id02824,FakeAVCeleb_v1.2/RealVideo-FakeAudio/African/women/id02824/00130_fake.mp4,../data/raw/FakeAVCeleb_v1.2/RealVideo-FakeAudio/African/women/id02824/00130_fake.mp4
id02838,fake.mp4,-,rtvc,B,RealVideo-FakeAudio,African,women,00080_fake.mp4,FakeAVCeleb/RealVideo-FakeAudio/African/women/id02838,FakeAVCeleb_v1.2/RealVideo-FakeAudio/African/women/id02838/00080_fake.mp4,../data/raw/FakeAVCeleb_v1.2/RealVideo-FakeAudio/African/women/id02838/00080_fake.mp4
id02948,fake.mp4,-,rtvc,B,RealVideo-FakeAudio,African,women,00298_fake.mp4,FakeAVCeleb/RealVideo-FakeAudio/African/women/id02948,FakeAVCeleb_v1.2/RealVideo-FakeAudio/African/women/id02948/00298_fake.mp4,../data/raw/FakeAVCeleb_v1.2/RealVideo-FakeAudio/African/women/id02948/00298_fake.mp4
id03103,fake.mp4,-,rtvc,B,RealVideo-FakeAudio,African,women,00130_fake.mp4,FakeAVCeleb/RealVideo-FakeAudio/African/women/id03103,FakeAVCeleb_v1.2/RealVideo-FakeAudio/African/women/id03103/00130_fake.mp4,../data/raw/FakeAVCeleb_v1.2/RealVideo-FakeAudio/African/women/id03103/00130_fake.mp4
id03569,fake.mp4,-,rtvc,B,RealVideo-FakeAudio,African,women,00065_fake.mp4,FakeAVCeleb/RealVideo-FakeAudio/African/women/id03569,FakeAVCeleb_v1.2/RealVideo-FakeAudio/African/women/id03569/00065_fake.mp4,../data/raw/FakeAVCeleb_v1.2/RealVideo-FakeAudio/African/women/id03569/00065_fake.mp4
id03656,fake.mp4,-,rtvc,B,RealVideo-FakeAudio,African,women,00052_fake.mp4,FakeAVCeleb/RealVideo-FakeAudio/African/women/id03656,FakeAVCeleb_v1.2/RealVideo-FakeAudio/African/women/id03656/00052_fake.mp4,../data/raw/FakeAVCeleb_v1.2/RealVideo-FakeAudio/African/women/id03656/00052_fake.mp4
id03658,fake.mp4,-,rtvc,B,RealVideo-FakeAudio,African,women,00077_fake.mp4,FakeAVCeleb/RealVideo-FakeAudio/African/women/id03658,FakeAVCeleb_v1.2/RealVideo-FakeAudio/African/women/id03658/00077_fake.mp4,../data/raw/FakeAVCeleb_v1.2/RealVideo-FakeAudio/African/women/id03658/00077_fake.mp4
id03713,fake.mp4,-,rtvc,B,RealVideo-FakeAudio,African,women,00249_fake.mp4,FakeAVCeleb/RealVideo-FakeAudio/African/women/id03713,FakeAVCeleb_v1.2/RealVideo-FakeAudio/African/women/id03713/00249_fake.mp4,../data/raw/FakeAVCeleb_v1.2/RealVideo-FakeAudio/African/women/id03713/00249_fake.mp4
id03747,fake.mp4,-,rtvc,B,RealVideo-FakeAudio,African,women,00273_fake.mp4,FakeAVCeleb/RealVideo-FakeAudio/African/women/id03747,FakeAVCeleb_v1.2/RealVideo-FakeAudio/African/women/id03747/00273_fake.mp4,../data/raw/FakeAVCeleb_v1.2/RealVideo-FakeAudio/African/women/id03747/00273_fake.mp4
id04055,fake.mp4,-,rtvc,B,RealVideo-FakeAudio,African,women,00001_fake.mp4,FakeAVCeleb/RealVideo-FakeAudio/African/women/id04055,FakeAVCeleb_v1.2/RealVideo-FakeAudio/African/women/id04055/00001_fake.mp4,../data/raw/FakeAVCeleb_v1.2/RealVideo-FakeAudio/African/women/id04055/00001_fake.mp4
id04245,fake.mp4,-,rtvc,B,RealVideo-FakeAudio,African,women,00072_fake.mp4,FakeAVCeleb/RealVideo-FakeAudio/African/women/id04245,FakeAVCeleb_v1.2/RealVideo-FakeAudio/African/women/id04245/00072_fake.mp4,../data/raw/FakeAVCeleb_v1.2/RealVideo-FakeAudio/African/women/id04245/00072_fake.mp4
id04374,fake.mp4,-,rtvc,B,RealVideo-FakeAudio,African,women,00032_fake.mp4,FakeAVCeleb/RealVideo-FakeAudio/African/women/id04374,FakeAVCeleb_v1.2/RealVideo-FakeAudio/African/women/id04374/00032_fake.mp4,../data/raw/FakeAVCeleb_v1.2/RealVideo-FakeAudio/African/women/id04374/00032_fake.mp4
id04376,fake.mp4,-,rtvc,B,RealVideo-FakeAudio,African,women,00181_fake.mp4,FakeAVCeleb/RealVideo-FakeAudio/African/women/id04376,FakeAVCeleb_v1.2/RealVideo-FakeAudio/African/women/id04376/00181_fake.mp4,../data/raw/FakeAVCeleb_v1.2/RealVideo-FakeAudio/African/women/id04376/00181_fake.mp4
id04437,fake.mp4,-,rtvc,B,RealVideo-FakeAudio,African,women,00002_fake.mp4,FakeAVCeleb/RealVideo-FakeAudio/African/women/id04437,FakeAVCeleb_v1.2/RealVideo-FakeAudio/African/women/id04437/00002_fake.mp4,../data/raw/FakeAVCeleb_v1.2/RealVideo-FakeAudio/African/women/id04437/00002_fake.mp4
id04540,fake.mp4,-,rtvc,B,RealVideo-FakeAudio,African,women,00078_fake.mp4,FakeAVCeleb/RealVideo-FakeAudio/African/women/id04540,FakeAVCeleb_v1.2/RealVideo-FakeAudio/African/women/id04540/00078_fake.mp4,../data/raw/FakeAVCeleb_v1.2/RealVideo-FakeAudio/African/women/id04540/00078_fake.mp4
id04547,fake.mp4,-,rtvc,B,RealVideo-FakeAudio,African,women,00052_fake.mp4,FakeAVCeleb/RealVideo-FakeAudio/African/women/id04547,FakeAVCeleb_v1.2/RealVideo-FakeAudio/African/women/id04547/00052_fake.mp4,../data/raw/FakeAVCeleb_v1.2/RealVideo-FakeAudio/African/women/id04547/00052_fake.mp4
id04689,fake.mp4,-,rtvc,B,RealVideo-FakeAudio,African,women,00005_fake.mp4,FakeAVCeleb/RealVideo-FakeAudio/African/women/id04689,FakeAVCeleb_v1.2/RealVideo-FakeAudio/African/women/id04689/00005_fake.mp4,../data/raw/FakeAVCeleb_v1.2/RealVideo-FakeAudio/African/women/id04689/00005_fake.mp4
id04705,fake.mp4,-,rtvc,B,RealVideo-FakeAudio,African,women,00408_fake.mp4,FakeAVCeleb/RealVideo-FakeAudio/African/women/id04705,FakeAVCeleb_v1.2/RealVideo-FakeAudio/African/women/id04705/00408_fake.mp4,../data/raw/FakeAVCeleb_v1.2/RealVideo-FakeAudio/African/women/id04705/00408_fake.mp4
id04736,fake.mp4,-,rtvc,B,RealVideo-FakeAudio,African,women,00083_fake.mp4,FakeAVCeleb/RealVideo-FakeAudio/African/women/id04736,FakeAVCeleb_v1.2/RealVideo-FakeAudio/African/women/id04736/00083_fake.mp4,../data/raw/FakeAVCeleb_v1.2/RealVideo-FakeAudio/African/women/id04736/00083_fake.mp4
id04820,fake.mp4,-,rtvc,B,RealVideo-FakeAudio,African,women,00015_fake.mp4,FakeAVCeleb/RealVideo-FakeAudio/African/women/id04820,FakeAVCeleb_v1.2/RealVideo-FakeAudio/African/women/id04820/00015_fake.mp4,../data/raw/FakeAVCeleb_v1.2/RealVideo-FakeAudio/African/women/id04820/00015_fake.mp4
id04939,fake.mp4,-,rtvc,B,RealVideo-FakeAudio,African,women,00174_fake.mp4,FakeAVCeleb/RealVideo-FakeAudio/African/women/id04939,FakeAVCeleb_v1.2/RealVideo-FakeAudio/African/women/id04939/00174_fake.mp4,../data/raw/FakeAVCeleb_v1.2/RealVideo-FakeAudio/African/women/id04939/00174_fake.mp4
id05106,fake.mp4,-,rtvc,B,RealVideo-FakeAudio,African,women,00078_fake.mp4,FakeAVCeleb/RealVideo-FakeAudio/African/women/id05106,FakeAVCeleb_v1.2/RealVideo-FakeAudio/African/women/id05106/00078_fake.mp4,../data/raw/FakeAVCeleb_v1.2/RealVideo-FakeAudio/African/women/id05106/00078_fake.mp4
id05231,fake.mp4,-,rtvc,B,RealVideo-FakeAudio,African,women,00149_fake.mp4,FakeAVCeleb/RealVideo-FakeAudio/African/women/id05231,FakeAVCeleb_v1.2/RealVideo-FakeAudio/African/women/id05231/00149_fake.mp4,../data/raw/FakeAVCeleb_v1.2/RealVideo-FakeAudio/African/women/id05231/00149_fake.mp4
id05235,fake.mp4,-,rtvc,B,RealVideo-FakeAudio,African,women,00052_fake.mp4,FakeAVCeleb/RealVideo-FakeAudio/African/women/id05235,FakeAVCeleb_v1.2/RealVideo-FakeAudio/African/women/id05235/00052_fake.mp4,../data/raw/FakeAVCeleb_v1.2/RealVideo-FakeAudio/African/women/id05235/00052_fake.mp4
id05251,fake.mp4,-,rtvc,B,RealVideo-FakeAudio,African,women,00033_fake.mp4,FakeAVCeleb/RealVideo-FakeAudio/African/women/id05251,FakeAVCeleb_v1.2/RealVideo-FakeAudio/African/women/id05251/00033_fake.mp4,../data/raw/FakeAVCeleb_v1.2/RealVideo-FakeAudio/African/women/id05251/00033_fake.mp4
id05252,fake.mp4,-,rtvc,B,RealVideo-FakeAudio,African,women,00052_fake.mp4,FakeAVCeleb/RealVideo-FakeAudio/African/women/id05252,FakeAVCeleb_v1.2/RealVideo-FakeAudio/African/women/id05252/00052_fake.mp4,../data/raw/FakeAVCeleb_v1.2/RealVideo-FakeAudio/African/women/id05252/00052_fake.mp4
id05980,fake.mp4,-,rtvc,B,RealVideo-FakeAudio,African,women,00143_fake.mp4,FakeAVCeleb/RealVideo-FakeAudio/African/women/id05980,FakeAVCeleb_v1.2/RealVideo-FakeAudio/African/women/id05980/00143_fake.mp4,../data/raw/FakeAVCeleb_v1.2/RealVideo-FakeAudio/African/women/id05980/00143_fake.mp4
id00018,fake.mp4,-,rtvc,B,RealVideo-FakeAudio,Caucasian (American),men,00181_fake.mp4,FakeAVCeleb/RealVideo-FakeAudio/Caucasian (American)/men/id00018,FakeAVCeleb_v1.2/RealVideo-FakeAudio/Caucasian (American)/men/id00018/00181_fake.mp4,../data/raw/FakeAVCeleb_v1.2/RealVideo-FakeAudio/Caucasian (American)/men/id00018/00181_fake.mp4
id00020,fake.mp4,-,rtvc,B,RealVideo-FakeAudio,Caucasian (American),men,00206_fake.mp4,FakeAVCeleb/RealVideo-FakeAudio/Caucasian (American)/men/id00020,FakeAVCeleb_v1.2/RealVideo-FakeAudio/Caucasian (American)/men/id00020/00206_fake.mp4,../data/raw/FakeAVCeleb_v1.2/RealVideo-FakeAudio/Caucasian (American)/men/id00020/00206_fake.mp4
id00021,fake.mp4,-,rtvc,B,RealVideo-FakeAudio,Caucasian (American),men,00010_fake.mp4,FakeAVCeleb/RealVideo-FakeAudio/Caucasian (American)/men/id00021,FakeAVCeleb_v1.2/RealVideo-FakeAudio/Caucasian (American)/men/id00021/00010_fake.mp4,../data/raw/FakeAVCeleb_v1.2/RealVideo-FakeAudio/Caucasian (American)/men/id00021/00010_fake.mp4
id00029,fake.mp4,-,rtvc,B,RealVideo-FakeAudio,Caucasian (American),men,00288_fake.mp4,FakeAVCeleb/RealVideo-FakeAudio/Caucasian (American)/men/id00029,FakeAVCeleb_v1.2/RealVideo-FakeAudio/Caucasian (American)/men/id00029/00288_fake.mp4,../data/raw/FakeAVCeleb_v1.2/RealVideo-FakeAudio/Caucasian (American)/men/id00029/00288_fake.mp4
id00049,fake.mp4,-,rtvc,B,RealVideo-FakeAudio,Caucasian (American),men,00118_fake.mp4,FakeAVCeleb/RealVideo-FakeAudio/Caucasian (American)/men/id00049,FakeAVCeleb_v1.2/RealVideo-FakeAudio/Caucasian (American)/men/id00049/00118_fake.mp4,../data/raw/FakeAVCeleb_v1.2/RealVideo-FakeAudio/Caucasian (American)/men/id00049/00118_fake.mp4
id00052,fake.mp4,-,rtvc,B,RealVideo-FakeAudio,Caucasian (American),men,00015_fake.mp4,FakeAVCeleb/RealVideo-FakeAudio/Caucasian (American)/men/id00052,FakeAVCeleb_v1.2/RealVideo-FakeAudio/Caucasian (American)/men/id00052/00015_fake.mp4,../data/raw/FakeAVCeleb_v1.2/RealVideo-FakeAudio/Caucasian (American)/men/id00052/00015_fake.mp4
id00060,fake.mp4,-,rtvc,B,RealVideo-FakeAudio,Caucasian (American),men,00307_fake.mp4,FakeAVCeleb/RealVideo-FakeAudio/Caucasian (American)/men/id00060,FakeAVCeleb_v1.2/RealVideo-FakeAudio/Caucasian (American)/men/id00060/00307_fake.mp4,../data/raw/FakeAVCeleb_v1.2/RealVideo-FakeAudio/Caucasian (American)/men/id00060/00307_fake.mp4
id00062,fake.mp4,-,rtvc,B,RealVideo-FakeAudio,Caucasian (American),men,00278_fake.mp4,FakeAVCeleb/RealVideo-FakeAudio/Caucasian (American)/men/id00062,FakeAVCeleb_v1.2/RealVideo-FakeAudio/Caucasian (American)/men/id00062/00278_fake.mp4,../data/raw/FakeAVCeleb_v1.2/RealVideo-FakeAudio/Caucasian (American)/men/id00062/00278_fake.mp4
id00087,fake.mp4,-,rtvc,B,RealVideo-FakeAudio,Caucasian (American),men,00002_fake.mp4,FakeAVCeleb/RealVideo-FakeAudio/Caucasian (American)/men/id00087,FakeAVCeleb_v1.2/RealVideo-FakeAudio/Caucasian (American)/men/id00087/00002_fake.mp4,../data/raw/FakeAVCeleb_v1.2/RealVideo-FakeAudio/Caucasian (American)/men/id00087/00002_fake.mp4
id00088,fake.mp4,-,rtvc,B,RealVideo-FakeAudio,Caucasian (American),men,00005_fake.mp4,FakeAVCeleb/RealVideo-FakeAudio/Caucasian (American)/men/id00088,FakeAVCeleb_v1.2/RealVideo-FakeAudio/Caucasian (American)/men/id00088/00005_fake.mp4,../data/raw/FakeAVCeleb_v1.2/RealVideo-FakeAudio/Caucasian (American)/men/id00088/00005_fake.mp4
id00169,fake.mp4,-,rtvc,B,RealVideo-FakeAudio,Caucasian (American),men,00021_fake.mp4,FakeAVCeleb/RealVideo-FakeAudio/Caucasian (American)/men/id00169,FakeAVCeleb_v1.2/RealVideo-FakeAudio/Caucasian (American)/men/id00169/00021_fake.mp4,../data/raw/FakeAVCeleb_v1.2/RealVideo-FakeAudio/Caucasian (American)/men/id00169/00021_fake.mp4
id00179,fake.mp4,-,rtvc,B,RealVideo-FakeAudio,Caucasian (American),men,00143_fake.mp4,FakeAVCeleb/RealVideo-FakeAudio/Caucasian (American)/men/id00179,FakeAVCeleb_v1.2/RealVideo-FakeAudio/Caucasian (American)/men/id00179/00143_fake.mp4,../data/raw/FakeAVCeleb_v1.2/RealVideo-FakeAudio/Caucasian (American)/men/id00179/00143_fake.mp4
id00184,fake.mp4,-,rtvc,B,RealVideo-FakeAudio,Caucasian (American),men,00241_fake.mp4,FakeAVCeleb/RealVideo-FakeAudio/Caucasian (American)/men/id00184,FakeAVCeleb_v1.2/RealVideo-FakeAudio/Caucasian (American)/men/id00184/00241_fake.mp4,../data/raw/FakeAVCeleb_v1.2/RealVideo-FakeAudio/Caucasian (American)/men/id00184/00241_fake.mp4
id00243,fake.mp4,-,rtvc,B,RealVideo-FakeAudio,Caucasian (American),men,00037_fake.mp4,FakeAVCeleb/RealVideo-FakeAudio/Caucasian (American)/men/id00243,FakeAVCeleb_v1.2/RealVideo-FakeAudio/Caucasian (American)/men/id00243/00037_fake.mp4,../data/raw/FakeAVCeleb_v1.2/RealVideo-FakeAudio/Caucasian (American)/men/id00243/00037_fake.mp4
id00264,fake.mp4,-,rtvc,B,RealVideo-FakeAudio,Caucasian (American),men,00257_fake.mp4,FakeAVCeleb/RealVideo-FakeAudio/Caucasian (American)/men/id00264,FakeAVCeleb_v1.2/RealVideo-FakeAudio/Caucasian (American)/men/id00264/00257_fake.mp4,../data/raw/FakeAVCeleb_v1.2/RealVideo-FakeAudio/Caucasian (American)/men/id00264/00257_fake.mp4
id00345,fake.mp4,-,rtvc,B,RealVideo-FakeAudio,Caucasian (American),men,00243_fake.mp4,FakeAVCeleb/RealVideo-FakeAudio/Caucasian (American)/men/id00345,FakeAVCeleb_v1.2/RealVideo-FakeAudio/Caucasian (American)/men/id00345/00243_fake.mp4,../data/raw/FakeAVCeleb_v1.2/RealVideo-FakeAudio/Caucasian (American)/men/id00345/00243_fake.mp4
id00529,fake.mp4,-,rtvc,B,RealVideo-FakeAudio,Caucasian (American),men,00409_fake.mp4,FakeAVCeleb/RealVideo-FakeAudio/Caucasian (American)/men/id00529,FakeAVCeleb_v1.2/RealVideo-FakeAudio/Caucasian (American)/men/id00529/00409_fake.mp4,../data/raw/FakeAVCeleb_v1.2/RealVideo-FakeAudio/Caucasian (American)/men/id00529/00409_fake.mp4
id00696,fake.mp4,-,rtvc,B,RealVideo-FakeAudio,Caucasian (American),men,00005_fake.mp4,FakeAVCeleb/RealVideo-FakeAudio/Caucasian (American)/men/id00696,FakeAVCeleb_v1.2/RealVideo-FakeAudio/Caucasian (American)/men/id00696/00005_fake.mp4,../data/raw/FakeAVCeleb_v1.2/RealVideo-FakeAudio/Caucasian (American)/men/id00696/00005_fake.mp4
id00708,fake.mp4,-,rtvc,B,RealVideo-FakeAudio,Caucasian (American),men,00043_fake.mp4,FakeAVCeleb/RealVideo-FakeAudio/Caucasian (American)/men/id00708,FakeAVCeleb_v1.2/RealVideo-FakeAudio/Caucasian (American)/men/id00708/00043_fake.mp4,../data/raw/FakeAVCeleb_v1.2/RealVideo-FakeAudio/Caucasian (American)/men/id00708/00043_fake.mp4
id00775,fake.mp4,-,rtvc,B,RealVideo-FakeAudio,Caucasian (American),men,00092_fake.mp4,FakeAVCeleb/RealVideo-FakeAudio/Caucasian (American)/men/id00775,FakeAVCeleb_v1.2/RealVideo-FakeAudio/Caucasian (American)/men/id00775/00092_fake.mp4,../data/raw/FakeAVCeleb_v1.2/RealVideo-FakeAudio/Caucasian (American)/men/id00775/00092_fake.mp4
id00777,fake.mp4,-,rtvc,B,RealVideo-FakeAudio,Caucasian (American),men,00160_fake.mp4,FakeAVCeleb/RealVideo-FakeAudio/Caucasian (American)/men/id00777,FakeAVCeleb_v1.2/RealVideo-FakeAudio/Caucasian (American)/men/id00777/00160_fake.mp4,../data/raw/FakeAVCeleb_v1.2/RealVideo-FakeAudio/Caucasian (American)/men/id00777/00160_fake.mp4
id00943,fake.mp4,-,rtvc,B,RealVideo-FakeAudio,Caucasian (American),men,00304_fake.mp4,FakeAVCeleb/RealVideo-FakeAudio/Caucasian (American)/men/id00943,FakeAVCeleb_v1.2/RealVideo-FakeAudio/Caucasian (American)/men/id00943/00304_fake.mp4,../data/raw/FakeAVCeleb_v1.2/RealVideo-FakeAudio/Caucasian (American)/men/id00943/00304_fake.mp4
id00945,fake.mp4,-,rtvc,B,RealVideo-FakeAudio,Caucasian (American),men,00107_fake.mp4,FakeAVCeleb/RealVideo-FakeAudio/Caucasian (American)/men/id00945,FakeAVCeleb_v1.2/RealVideo-FakeAudio/Caucasian (American)/men/id00945/00107_fake.mp4,../data/raw/FakeAVCeleb_v1.2/RealVideo-FakeAudio/Caucasian (American)/men/id00945/00107_fake.mp4
id00971,fake.mp4,-,rtvc,B,RealVideo-FakeAudio,Caucasian (American),men,00253_fake.mp4,FakeAVCeleb/RealVideo-FakeAudio/Caucasian (American)/men/id00971,FakeAVCeleb_v1.2/RealVideo-FakeAudio/Caucasian (American)/men/id00971/00253_fake.mp4,../data/raw/FakeAVCeleb_v1.2/RealVideo-FakeAudio/Caucasian (American)/men/id00971/00253_fake.mp4
id01035,fake.mp4,-,rtvc,B,RealVideo-FakeAudio,Caucasian (American),men,00012_fake.mp4,FakeAVCeleb/RealVideo-FakeAudio/Caucasian (American)/men/id01035,FakeAVCeleb_v1.2/RealVideo-FakeAudio/Caucasian (American)/men/id01035/00012_fake.mp4,../data/raw/FakeAVCeleb_v1.2/RealVideo-FakeAudio/Caucasian (American)/men/id01035/00012_fake.mp4
id01042,fake.mp4,-,rtvc,B,RealVideo-FakeAudio,Caucasian (American),men,00154_fake.mp4,FakeAVCeleb/RealVideo-FakeAudio/Caucasian (American)/men/id01042,FakeAVCeleb_v1.2/RealVideo-FakeAudio/Caucasian (American)/men/id01042/00154_fake.mp4,../data/raw/FakeAVCeleb_v1.2/RealVideo-FakeAudio/Caucasian (American)/men/id01042/00154_fake.mp4
id01044,fake.mp4,-,rtvc,B,RealVideo-FakeAudio,Caucasian (American),men,00336_fake.mp4,FakeAVCeleb/RealVideo-FakeAudio/Caucasian (American)/men/id01044,FakeAVCeleb_v1.2/RealVideo-FakeAudio/Caucasian (American)/men/id01044/00336_fake.mp4,../data/raw/FakeAVCeleb_v1.2/RealVideo-FakeAudio/Caucasian (American)/men/id01044/00336_fake.mp4
id01048,fake.mp4,-,rtvc,B,RealVideo-FakeAudio,Caucasian (American),men,00160_fake.mp4,FakeAVCeleb/RealVideo-FakeAudio/Caucasian (American)/men/id01048,FakeAVCeleb_v1.2/RealVideo-FakeAudio/Caucasian (American)/men/id01048/00160_fake.mp4,../data/raw/FakeAVCeleb_v1.2/RealVideo-FakeAudio/Caucasian (American)/men/id01048/00160_fake.mp4
id01096,fake.mp4,-,rtvc,B,RealVideo-FakeAudio,Caucasian (American),men,00037_fake.mp4,FakeAVCeleb/RealVideo-FakeAudio/Caucasian (American)/men/id01096,FakeAVCeleb_v1.2/RealVideo-FakeAudio/Caucasian (American)/men/id01096/00037_fake.mp4,../data/raw/FakeAVCeleb_v1.2/RealVideo-FakeAudio/Caucasian (American)/men/id01096/00037_fake.mp4
id01105,fake.mp4,-,rtvc,B,RealVideo-FakeAudio,Caucasian (American),men,00083_fake.mp4,FakeAVCeleb/RealVideo-FakeAudio/Caucasian (American)/men/id01105,FakeAVCeleb_v1.2/RealVideo-FakeAudio/Caucasian (American)/men/id01105/00083_fake.mp4,../data/raw/FakeAVCeleb_v1.2/RealVideo-FakeAudio/Caucasian (American)/men/id01105/00083_fake.mp4
id01124,fake.mp4,-,rtvc,B,RealVideo-FakeAudio,Caucasian (American),men,00063_fake.mp4,FakeAVCeleb/RealVideo-FakeAudio/Caucasian (American)/men/id01124,FakeAVCeleb_v1.2/RealVideo-FakeAudio/Caucasian (American)/men/id01124/00063_fake.mp4,../data/raw/FakeAVCeleb_v1.2/RealVideo-FakeAudio/Caucasian (American)/men/id01124/00063_fake.mp4
id01163,fake.mp4,-,rtvc,B,RealVideo-FakeAudio,Caucasian (American),men,00195_fake.mp4,FakeAVCeleb/RealVideo-FakeAudio/Caucasian (American)/men/id01163,FakeAVCeleb_v1.2/RealVideo-FakeAudio/Caucasian (American)/men/id01163/00195_fake.mp4,../data/raw/FakeAVCeleb_v1.2/RealVideo-FakeAudio/Caucasian (American)/men/id01163/00195_fake.mp4
id01168,fake.mp4,-,rtvc,B,RealVideo-FakeAudio,Caucasian (American),men,00028_fake.mp4,FakeAVCeleb/RealVideo-FakeAudio/Caucasian (American)/men/id01168,FakeAVCeleb_v1.2/RealVideo-FakeAudio/Caucasian (American)/men/id01168/00028_fake.mp4,../data/raw/FakeAVCeleb_v1.2/RealVideo-FakeAudio/Caucasian (American)/men/id01168/00028_fake.mp4
id01172,fake.mp4,-,rtvc,B,RealVideo-FakeAudio,Caucasian (American),men,00015_fake.mp4,FakeAVCeleb/RealVideo-FakeAudio/Caucasian (American)/men/id01172,FakeAVCeleb_v1.2/RealVideo-FakeAudio/Caucasian (American)/men/id01172/00015_fake.mp4,../data/raw/FakeAVCeleb_v1.2/RealVideo-FakeAudio/Caucasian (American)/men/id01172/00015_fake.mp4
id01175,fake.mp4,-,rtvc,B,RealVideo-FakeAudio,Caucasian (American),men,00025_fake.mp4,FakeAVCeleb/RealVideo-FakeAudio/Caucasian (American)/men/id01175,FakeAVCeleb_v1.2/RealVideo-FakeAudio/Caucasian (American)/men/id01175/00025_fake.mp4,../data/raw/FakeAVCeleb_v1.2/RealVideo-FakeAudio/Caucasian (American)/men/id01175/00025_fake.mp4
id01182,fake.mp4,-,rtvc,B,RealVideo-FakeAudio,Caucasian (American),men,00167_fake.mp4,FakeAVCeleb/RealVideo-FakeAudio/Caucasian (American)/men/id01182,FakeAVCeleb_v1.2/RealVideo-FakeAudio/Caucasian (American)/men/id01182/00167_fake.mp4,../data/raw/FakeAVCeleb_v1.2/RealVideo-FakeAudio/Caucasian (American)/men/id01182/00167_fake.mp4
id01192,fake.mp4,-,rtvc,B,RealVideo-FakeAudio,Caucasian (American),men,00217_fake.mp4,FakeAVCeleb/RealVideo-FakeAudio/Caucasian (American)/men/id01192,FakeAVCeleb_v1.2/RealVideo-FakeAudio/Caucasian (American)/men/id01192/00217_fake.mp4,../data/raw/FakeAVCeleb_v1.2/RealVideo-FakeAudio/Caucasian (American)/men/id01192/00217_fake.mp4
id01201,fake.mp4,-,rtvc,B,RealVideo-FakeAudio,Caucasian (American),men,00028_fake.mp4,FakeAVCeleb/RealVideo-FakeAudio/Caucasian (American)/men/id01201,FakeAVCeleb_v1.2/RealVideo-FakeAudio/Caucasian (American)/men/id01201/00028_fake.mp4,../data/raw/FakeAVCeleb_v1.2/RealVideo-FakeAudio/Caucasian (American)/men/id01201/00028_fake.mp4
id01210,fake.mp4,-,rtvc,B,RealVideo-FakeAudio,Caucasian (American),men,00283_fake.mp4,FakeAVCeleb/RealVideo-FakeAudio/Caucasian (American)/men/id01210,FakeAVCeleb_v1.2/RealVideo-FakeAudio/Caucasian (American)/men/id01210/00283_fake.mp4,../data/raw/FakeAVCeleb_v1.2/RealVideo-FakeAudio/Caucasian (American)/men/id01210/00283_fake.mp4
id01211,fake.mp4,-,rtvc,B,RealVideo-FakeAudio,Caucasian (American),men,00023_fake.mp4,FakeAVCeleb/RealVideo-FakeAudio/Caucasian (American)/men/id01211,FakeAVCeleb_v1.2/RealVideo-FakeAudio/Caucasian (American)/men/id01211/00023_fake.mp4,../data/raw/FakeAVCeleb_v1.2/RealVideo-FakeAudio/Caucasian (American)/men/id01211/00023_fake.mp4
id01239,fake.mp4,-,rtvc,B,RealVideo-FakeAudio,Caucasian (American),men,00280_fake.mp4,FakeAVCeleb/RealVideo-FakeAudio/Caucasian (American)/men/id01239,FakeAVCeleb_v1.2/RealVideo-FakeAudio/Caucasian (American)/men/id01239/00280_fake.mp4,../data/raw/FakeAVCeleb_v1.2/RealVideo-FakeAudio/Caucasian (American)/men/id01239/00280_fake.mp4
id03525,fake.mp4,-,rtvc,B,RealVideo-FakeAudio,Caucasian (American),men,00048_fake.mp4,FakeAVCeleb/RealVideo-FakeAudio/Caucasian (American)/men/id03525,FakeAVCeleb_v1.2/RealVideo-FakeAudio/Caucasian (American)/men/id03525/00048_fake.mp4,../data/raw/FakeAVCeleb_v1.2/RealVideo-FakeAudio/Caucasian (American)/men/id03525/00048_fake.mp4
id03668,fake.mp4,-,rtvc,B,RealVideo-FakeAudio,Caucasian (American),men,00143_fake.mp4,FakeAVCeleb/RealVideo-FakeAudio/Caucasian (American)/men/id03668,FakeAVCeleb_v1.2/RealVideo-FakeAudio/Caucasian (American)/men/id03668/00143_fake.mp4,../data/raw/FakeAVCeleb_v1.2/RealVideo-FakeAudio/Caucasian (American)/men/id03668/00143_fake.mp4
id03678,fake.mp4,-,rtvc,B,RealVideo-FakeAudio,Caucasian (American),men,00078_fake.mp4,FakeAVCeleb/RealVideo-FakeAudio/Caucasian (American)/men/id03678,FakeAVCeleb_v1.2/RealVideo-FakeAudio/Caucasian (American)/men/id03678/00078_fake.mp4,../data/raw/FakeAVCeleb_v1.2/RealVideo-FakeAudio/Caucasian (American)/men/id03678/00078_fake.mp4
id03757,fake.mp4,-,rtvc,B,RealVideo-FakeAudio,Caucasian (American),men,00149_fake.mp4,FakeAVCeleb/RealVideo-FakeAudio/Caucasian (American)/men/id03757,FakeAVCeleb_v1.2/RealVideo-FakeAudio/Caucasian (American)/men/id03757/00149_fake.mp4,../data/raw/FakeAVCeleb_v1.2/RealVideo-FakeAudio/Caucasian (American)/men/id03757/00149_fake.mp4
id04034,fake.mp4,-,rtvc,B,RealVideo-FakeAudio,Caucasian (American),men,00009_fake.mp4,FakeAVCeleb/RealVideo-FakeAudio/Caucasian (American)/men/id04034,FakeAVCeleb_v1.2/RealVideo-FakeAudio/Caucasian (American)/men/id04034/00009_fake.mp4,../data/raw/FakeAVCeleb_v1.2/RealVideo-FakeAudio/Caucasian (American)/men/id04034/00009_fake.mp4
id04073,fake.mp4,-,rtvc,B,RealVideo-FakeAudio,Caucasian (American),men,00021_fake.mp4,FakeAVCeleb/RealVideo-FakeAudio/Caucasian (American)/men/id04073,FakeAVCeleb_v1.2/RealVideo-FakeAudio/Caucasian (American)/men/id04073/00021_fake.mp4,../data/raw/FakeAVCeleb_v1.2/RealVideo-FakeAudio/Caucasian (American)/men/id04073/00021_fake.mp4
id04216,fake.mp4,-,rtvc,B,RealVideo-FakeAudio,Caucasian (American),men,00470_fake.mp4,FakeAVCeleb/RealVideo-FakeAudio/Caucasian (American)/men/id04216,FakeAVCeleb_v1.2/RealVideo-FakeAudio/Caucasian (American)/men/id04216/00470_fake.mp4,../data/raw/FakeAVCeleb_v1.2/RealVideo-FakeAudio/Caucasian (American)/men/id04216/00470_fake.mp4
id04219,fake.mp4,-,rtvc,B,RealVideo-FakeAudio,Caucasian (American),men,00130_fake.mp4,FakeAVCeleb/RealVideo-FakeAudio/Caucasian (American)/men/id04219,FakeAVCeleb_v1.2/RealVideo-FakeAudio/Caucasian (American)/men/id04219/00130_fake.mp4,../data/raw/FakeAVCeleb_v1.2/RealVideo-FakeAudio/Caucasian (American)/men/id04219/00130_fake.mp4
id04221,fake.mp4,-,rtvc,B,RealVideo-FakeAudio,Caucasian (American),men,00053_fake.mp4,FakeAVCeleb/RealVideo-FakeAudio/Caucasian (American)/men/id04221,FakeAVCeleb_v1.2/RealVideo-FakeAudio/Caucasian (American)/men/id04221/00053_fake.mp4,../data/raw/FakeAVCeleb_v1.2/RealVideo-FakeAudio/Caucasian (American)/men/id04221/00053_fake.mp4
id00025,fake.mp4,-,rtvc,B,RealVideo-FakeAudio,Caucasian (American),women,00025_fake.mp4,FakeAVCeleb/RealVideo-FakeAudio/Caucasian (American)/women/id00025,FakeAVCeleb_v1.2/RealVideo-FakeAudio/Caucasian (American)/women/id00025/00025_fake.mp4,../data/raw/FakeAVCeleb_v1.2/RealVideo-FakeAudio/Caucasian (American)/women/id00025/00025_fake.mp4
id00097,fake.mp4,-,rtvc,B,RealVideo-FakeAudio,Caucasian (American),women,00162_fake.mp4,FakeAVCeleb/RealVideo-FakeAudio/Caucasian (American)/women/id00097,FakeAVCeleb_v1.2/RealVideo-FakeAudio/Caucasian (American)/women/id00097/00162_fake.mp4,../data/raw/FakeAVCeleb_v1.2/RealVideo-FakeAudio/Caucasian (American)/women/id00097/00162_fake.mp4
id00098,fake.mp4,-,rtvc,B,RealVideo-FakeAudio,Caucasian (American),women,00004_fake.mp4,FakeAVCeleb/RealVideo-FakeAudio/Caucasian (American)/women/id00098,FakeAVCeleb_v1.2/RealVideo-FakeAudio/Caucasian (American)/women/id00098/00004_fake.mp4,../data/raw/FakeAVCeleb_v1.2/RealVideo-FakeAudio/Caucasian (American)/women/id00098/00004_fake.mp4
id00100,fake.mp4,-,rtvc,B,RealVideo-FakeAudio,Caucasian (American),women,00028_fake.mp4,FakeAVCeleb/RealVideo-FakeAudio/Caucasian (American)/women/id00100,FakeAVCeleb_v1.2/RealVideo-FakeAudio/Caucasian (American)/women/id00100/00028_fake.mp4,../data/raw/FakeAVCeleb_v1.2/RealVideo-FakeAudio/Caucasian (American)/women/id00100/00028_fake.mp4
id00145,fake.mp4,-,rtvc,B,RealVideo-FakeAudio,Caucasian (American),women,00043_fake.mp4,FakeAVCeleb/RealVideo-FakeAudio/Caucasian (American)/women/id00145,FakeAVCeleb_v1.2/RealVideo-FakeAudio/Caucasian (American)/women/id00145/00043_fake.mp4,../data/raw/FakeAVCeleb_v1.2/RealVideo-FakeAudio/Caucasian (American)/women/id00145/00043_fake.mp4
id00180,fake.mp4,-,rtvc,B,RealVideo-FakeAudio,Caucasian (American),women,00206_fake.mp4,FakeAVCeleb/RealVideo-FakeAudio/Caucasian (American)/women/id00180,FakeAVCeleb_v1.2/RealVideo-FakeAudio/Caucasian (American)/women/id00180/00206_fake.mp4,../data/raw/FakeAVCeleb_v1.2/RealVideo-FakeAudio/Caucasian (American)/women/id00180/00206_fake.mp4
id00190,fake.mp4,-,rtvc,B,RealVideo-FakeAudio,Caucasian (American),women,00072_fake.mp4,FakeAVCeleb/RealVideo-FakeAudio/Caucasian (American)/women/id00190,FakeAVCeleb_v1.2/RealVideo-FakeAudio/Caucasian (American)/women/id00190/00072_fake.mp4,../data/raw/FakeAVCeleb_v1.2/RealVideo-FakeAudio/Caucasian (American)/women/id00190/00072_fake.mp4
id00231,fake.mp4,-,rtvc,B,RealVideo-FakeAudio,Caucasian (American),women,00037_fake.mp4,FakeAVCeleb/RealVideo-FakeAudio/Caucasian (American)/women/id00231,FakeAVCeleb_v1.2/RealVideo-FakeAudio/Caucasian (American)/women/id00231/00037_fake.mp4,../data/raw/FakeAVCeleb_v1.2/RealVideo-FakeAudio/Caucasian (American)/women/id00231/00037_fake.mp4
id00261,fake.mp4,-,rtvc,B,RealVideo-FakeAudio,Caucasian (American),women,00048_fake.mp4,FakeAVCeleb/RealVideo-FakeAudio/Caucasian (American)/women/id00261,FakeAVCeleb_v1.2/RealVideo-FakeAudio/Caucasian (American)/women/id00261/00048_fake.mp4,../data/raw/FakeAVCeleb_v1.2/RealVideo-FakeAudio/Caucasian (American)/women/id00261/00048_fake.mp4
id00272,fake.mp4,-,rtvc,B,RealVideo-FakeAudio,Caucasian (American),women,00195_fake.mp4,FakeAVCeleb/RealVideo-FakeAudio/Caucasian (American)/women/id00272,FakeAVCeleb_v1.2/RealVideo-FakeAudio/Caucasian (American)/women/id00272/00195_fake.mp4,../data/raw/FakeAVCeleb_v1.2/RealVideo-FakeAudio/Caucasian (American)/women/id00272/00195_fake.mp4
id00291,fake.mp4,-,rtvc,B,RealVideo-FakeAudio,Caucasian (American),women,00052_fake.mp4,FakeAVCeleb/RealVideo-FakeAudio/Caucasian (American)/women/id00291,FakeAVCeleb_v1.2/RealVideo-FakeAudio/Caucasian (American)/women/id00291/00052_fake.mp4,../data/raw/FakeAVCeleb_v1.2/RealVideo-FakeAudio/Caucasian (American)/women/id00291/00052_fake.mp4
id00381,fake.mp4,-,rtvc,B,RealVideo-FakeAudio,Caucasian (American),women,00030_fake.mp4,FakeAVCeleb/RealVideo-FakeAudio/Caucasian (American)/women/id00381,FakeAVCeleb_v1.2/RealVideo-FakeAudio/Caucasian (American)/women/id00381/00030_fake.mp4,../data/raw/FakeAVCeleb_v1.2/RealVideo-FakeAudio/Caucasian (American)/women/id00381/00030_fake.mp4
id00383,fake.mp4,-,rtvc,B,RealVideo-FakeAudio,Caucasian (American),women,00171_fake.mp4,FakeAVCeleb/RealVideo-FakeAudio/Caucasian (American)/women/id00383,FakeAVCeleb_v1.2/RealVideo-FakeAudio/Caucasian (American)/women/id00383/00171_fake.mp4,../data/raw/FakeAVCeleb_v1.2/RealVideo-FakeAudio/Caucasian (American)/women/id00383/00171_fake.mp4
id00385,fake.mp4,-,rtvc,B,RealVideo-FakeAudio,Caucasian (American),women,00439_fake.mp4,FakeAVCeleb/RealVideo-FakeAudio/Caucasian (American)/women/id00385,FakeAVCeleb_v1.2/RealVideo-FakeAudio/Caucasian (American)/women/id00385/00439_fake.mp4,../data/raw/FakeAVCeleb_v1.2/RealVideo-FakeAudio/Caucasian (American)/women/id00385/00439_fake.mp4
id00398,fake.mp4,-,rtvc,B,RealVideo-FakeAudio,Caucasian (American),women,00016_fake.mp4,FakeAVCeleb/RealVideo-FakeAudio/Caucasian (American)/women/id00398,FakeAVCeleb_v1.2/RealVideo-FakeAudio/Caucasian (American)/women/id00398/00016_fake.mp4,../data/raw/FakeAVCeleb_v1.2/RealVideo-FakeAudio/Caucasian (American)/women/id00398/00016_fake.mp4
id00418,fake.mp4,-,rtvc,B,RealVideo-FakeAudio,Caucasian (American),women,00052_fake.mp4,FakeAVCeleb/RealVideo-FakeAudio/Caucasian (American)/women/id00418,FakeAVCeleb_v1.2/RealVideo-FakeAudio/Caucasian (American)/women/id00418/00052_fake.mp4,../data/raw/FakeAVCeleb_v1.2/RealVideo-FakeAudio/Caucasian (American)/women/id00418/00052_fake.mp4
id00428,fake.mp4,-,rtvc,B,RealVideo-FakeAudio,Caucasian (American),women,00017_fake.mp4,FakeAVCeleb/RealVideo-FakeAudio/Caucasian (American)/women/id00428,FakeAVCeleb_v1.2/RealVideo-FakeAudio/Caucasian (American)/women/id00428/00017_fake.mp4,../data/raw/FakeAVCeleb_v1.2/RealVideo-FakeAudio/Caucasian (American)/women/id00428/00017_fake.mp4
id00431,fake.mp4,-,rtvc,B,RealVideo-FakeAudio,Caucasian (American),women,00039_fake.mp4,FakeAVCeleb/RealVideo-FakeAudio/Caucasian (American)/women/id00431,FakeAVCeleb_v1.2/RealVideo-FakeAudio/Caucasian (American)/women/id00431/00039_fake.mp4,../data/raw/FakeAVCeleb_v1.2/RealVideo-FakeAudio/Caucasian (American)/women/id00431/00039_fake.mp4
id00458,fake.mp4,-,rtvc,B,RealVideo-FakeAudio,Caucasian (American),women,00072_fake.mp4,FakeAVCeleb/RealVideo-FakeAudio/Caucasian (American)/women/id00458,FakeAVCeleb_v1.2/RealVideo-FakeAudio/Caucasian (American)/women/id00458/00072_fake.mp4,../data/raw/FakeAVCeleb_v1.2/RealVideo-FakeAudio/Caucasian (American)/women/id00458/00072_fake.mp4
id00462,fake.mp4,-,rtvc,B,RealVideo-FakeAudio,Caucasian (American),women,00143_fake.mp4,FakeAVCeleb/RealVideo-FakeAudio/Caucasian (American)/women/id00462,FakeAVCeleb_v1.2/RealVideo-FakeAudio/Caucasian (American)/women/id00462/00143_fake.mp4,../data/raw/FakeAVCeleb_v1.2/RealVideo-FakeAudio/Caucasian (American)/women/id00462/00143_fake.mp4
id00555,fake.mp4,-,rtvc,B,RealVideo-FakeAudio,Caucasian (American),women,00005_fake.mp4,FakeAVCeleb/RealVideo-FakeAudio/Caucasian (American)/women/id00555,FakeAVCeleb_v1.2/RealVideo-FakeAudio/Caucasian (American)/women/id00555/00005_fake.mp4,../data/raw/FakeAVCeleb_v1.2/RealVideo-FakeAudio/Caucasian (American)/women/id00555/00005_fake.mp4
id00575,fake.mp4,-,rtvc,B,RealVideo-FakeAudio,Caucasian (American),women,00092_fake.mp4,FakeAVCeleb/RealVideo-FakeAudio/Caucasian (American)/women/id00575,FakeAVCeleb_v1.2/RealVideo-FakeAudio/Caucasian (American)/women/id00575/00092_fake.mp4,../data/raw/FakeAVCeleb_v1.2/RealVideo-FakeAudio/Caucasian (American)/women/id00575/00092_fake.mp4
id00616,fake.mp4,-,rtvc,B,RealVideo-FakeAudio,Caucasian (American),women,00305_fake.mp4,FakeAVCeleb/RealVideo-FakeAudio/Caucasian (American)/women/id00616,FakeAVCeleb_v1.2/RealVideo-FakeAudio/Caucasian (American)/women/id00616/00305_fake.mp4,../data/raw/FakeAVCeleb_v1.2/RealVideo-FakeAudio/Caucasian (American)/women/id00616/00305_fake.mp4
id00618,fake.mp4,-,rtvc,B,RealVideo-FakeAudio,Caucasian (American),women,00195_fake.mp4,FakeAVCeleb/RealVideo-FakeAudio/Caucasian (American)/women/id00618,FakeAVCeleb_v1.2/RealVideo-FakeAudio/Caucasian (American)/women/id00618/00195_fake.mp4,../data/raw/FakeAVCeleb_v1.2/RealVideo-FakeAudio/Caucasian (American)/women/id00618/00195_fake.mp4
id00680,fake.mp4,-,rtvc,B,RealVideo-FakeAudio,Caucasian (American),women,00110_fake.mp4,FakeAVCeleb/RealVideo-FakeAudio/Caucasian (American)/women/id00680,FakeAVCeleb_v1.2/RealVideo-FakeAudio/Caucasian (American)/women/id00680/00110_fake.mp4,../data/raw/FakeAVCeleb_v1.2/RealVideo-FakeAudio/Caucasian (American)/women/id00680/00110_fake.mp4
id00752,fake.mp4,-,rtvc,B,RealVideo-FakeAudio,Caucasian (American),women,00340_fake.mp4,FakeAVCeleb/RealVideo-FakeAudio/Caucasian (American)/women/id00752,FakeAVCeleb_v1.2/RealVideo-FakeAudio/Caucasian (American)/women/id00752/00340_fake.mp4,../data/raw/FakeAVCeleb_v1.2/RealVideo-FakeAudio/Caucasian (American)/women/id00752/00340_fake.mp4
id00835,fake.mp4,-,rtvc,B,RealVideo-FakeAudio,Caucasian (American),women,00195_fake.mp4,FakeAVCeleb/RealVideo-FakeAudio/Caucasian (American)/women/id00835,FakeAVCeleb_v1.2/RealVideo-FakeAudio/Caucasian (American)/women/id00835/00195_fake.mp4,../data/raw/FakeAVCeleb_v1.2/RealVideo-FakeAudio/Caucasian (American)/women/id00835/00195_fake.mp4
id00841,fake.mp4,-,rtvc,B,RealVideo-FakeAudio,Caucasian (American),women,00078_fake.mp4,FakeAVCeleb/RealVideo-FakeAudio/Caucasian (American)/women/id00841,FakeAVCeleb_v1.2/RealVideo-FakeAudio/Caucasian (American)/women/id00841/00078_fake.mp4,../data/raw/FakeAVCeleb_v1.2/RealVideo-FakeAudio/Caucasian (American)/women/id00841/00078_fake.mp4
id00842,fake.mp4,-,rtvc,B,RealVideo-FakeAudio,Caucasian (American),women,00043_fake.mp4,FakeAVCeleb/RealVideo-FakeAudio/Caucasian (American)/women/id00842,FakeAVCeleb_v1.2/RealVideo-FakeAudio/Caucasian (American)/women/id00842/00043_fake.mp4,../data/raw/FakeAVCeleb_v1.2/RealVideo-FakeAudio/Caucasian (American)/women/id00842/00043_fake.mp4
id00848,fake.mp4,-,rtvc,B,RealVideo-FakeAudio,Caucasian (American),women,00028_fake.mp4,FakeAVCeleb/RealVideo-FakeAudio/Caucasian (American)/women/id00848,FakeAVCeleb_v1.2/RealVideo-FakeAudio/Caucasian (American)/women/id00848/00028_fake.mp4,../data/raw/FakeAVCeleb_v1.2/RealVideo-FakeAudio/Caucasian (American)/women/id00848/00028_fake.mp4
id01004,fake.mp4,-,rtvc,B,RealVideo-FakeAudio,Caucasian (American),women,00028_fake.mp4,FakeAVCeleb/RealVideo-FakeAudio/Caucasian (American)/women/id01004,FakeAVCeleb_v1.2/RealVideo-FakeAudio/Caucasian (American)/women/id01004/00028_fake.mp4,../data/raw/FakeAVCeleb_v1.2/RealVideo-FakeAudio/Caucasian (American)/women/id01004/00028_fake.mp4
id01005,fake.mp4,-,rtvc,B,RealVideo-FakeAudio,Caucasian (American),women,00028_fake.mp4,FakeAVCeleb/RealVideo-FakeAudio/Caucasian (American)/women/id01005,FakeAVCeleb_v1.2/RealVideo-FakeAudio/Caucasian (American)/women/id01005/00028_fake.mp4,../data/raw/FakeAVCeleb_v1.2/RealVideo-FakeAudio/Caucasian (American)/women/id01005/00028_fake.mp4
id01075,fake.mp4,-,rtvc,B,RealVideo-FakeAudio,Caucasian (American),women,00160_fake.mp4,FakeAVCeleb/RealVideo-FakeAudio/Caucasian (American)/women/id01075,FakeAVCeleb_v1.2/RealVideo-FakeAudio/Caucasian (American)/women/id01075/00160_fake.mp4,../data/raw/FakeAVCeleb_v1.2/RealVideo-FakeAudio/Caucasian (American)/women/id01075/00160_fake.mp4
id01091,fake.mp4,-,rtvc,B,RealVideo-FakeAudio,Caucasian (American),women,00236_fake.mp4,FakeAVCeleb/RealVideo-FakeAudio/Caucasian (American)/women/id01091,FakeAVCeleb_v1.2/RealVideo-FakeAudio/Caucasian (American)/women/id01091/00236_fake.mp4,../data/raw/FakeAVCeleb_v1.2/RealVideo-FakeAudio/Caucasian (American)/women/id01091/00236_fake.mp4
id01216,fake.mp4,-,rtvc,B,RealVideo-FakeAudio,Caucasian (American),women,00025_fake.mp4,FakeAVCeleb/RealVideo-FakeAudio/Caucasian (American)/women/id01216,FakeAVCeleb_v1.2/RealVideo-FakeAudio/Caucasian (American)/women/id01216/00025_fake.mp4,../data/raw/FakeAVCeleb_v1.2/RealVideo-FakeAudio/Caucasian (American)/women/id01216/00025_fake.mp4
id01217,fake.mp4,-,rtvc,B,RealVideo-FakeAudio,Caucasian (American),women,00005_fake.mp4,FakeAVCeleb/RealVideo-FakeAudio/Caucasian (American)/women/id01217,FakeAVCeleb_v1.2/RealVideo-FakeAudio/Caucasian (American)/women/id01217/00005_fake.mp4,../data/raw/FakeAVCeleb_v1.2/RealVideo-FakeAudio/Caucasian (American)/women/id01217/00005_fake.mp4
id01223,fake.mp4,-,rtvc,B,RealVideo-FakeAudio,Caucasian (American),women,00255_fake.mp4,FakeAVCeleb/RealVideo-FakeAudio/Caucasian (American)/women/id01223,FakeAVCeleb_v1.2/RealVideo-FakeAudio/Caucasian (American)/women/id01223/00255_fake.mp4,../data/raw/FakeAVCeleb_v1.2/RealVideo-FakeAudio/Caucasian (American)/women/id01223/00255_fake.mp4
id01225,fake.mp4,-,rtvc,B,RealVideo-FakeAudio,Caucasian (American),women,00300_fake.mp4,FakeAVCeleb/RealVideo-FakeAudio/Caucasian (American)/women/id01225,FakeAVCeleb_v1.2/RealVideo-FakeAudio/Caucasian (American)/women/id01225/00300_fake.mp4,../data/raw/FakeAVCeleb_v1.2/RealVideo-FakeAudio/Caucasian (American)/women/id01225/00300_fake.mp4
id01227,fake.mp4,-,rtvc,B,RealVideo-FakeAudio,Caucasian (American),women,00052_fake.mp4,FakeAVCeleb/RealVideo-FakeAudio/Caucasian (American)/women/id01227,FakeAVCeleb_v1.2/RealVideo-FakeAudio/Caucasian (American)/women/id01227/00052_fake.mp4,../data/raw/FakeAVCeleb_v1.2/RealVideo-FakeAudio/Caucasian (American)/women/id01227/00052_fake.mp4
id01231,fake.mp4,-,rtvc,B,RealVideo-FakeAudio,Caucasian (American),women,00015_fake.mp4,FakeAVCeleb/RealVideo-FakeAudio/Caucasian (American)/women/id01231,FakeAVCeleb_v1.2/RealVideo-FakeAudio/Caucasian (American)/women/id01231/00015_fake.mp4,../data/raw/FakeAVCeleb_v1.2/RealVideo-FakeAudio/Caucasian (American)/women/id01231/00015_fake.mp4
id01238,fake.mp4,-,rtvc,B,RealVideo-FakeAudio,Caucasian (American),women,00037_fake.mp4,FakeAVCeleb/RealVideo-FakeAudio/Caucasian (American)/women/id01238,FakeAVCeleb_v1.2/RealVideo-FakeAudio/Caucasian (American)/women/id01238/00037_fake.mp4,../data/raw/FakeAVCeleb_v1.2/RealVideo-FakeAudio/Caucasian (American)/women/id01238/00037_fake.mp4
id01245,fake.mp4,-,rtvc,B,RealVideo-FakeAudio,Caucasian (American),women,00028_fake.mp4,FakeAVCeleb/RealVideo-FakeAudio/Caucasian (American)/women/id01245,FakeAVCeleb_v1.2/RealVideo-FakeAudio/Caucasian (American)/women/id01245/00028_fake.mp4,../data/raw/FakeAVCeleb_v1.2/RealVideo-FakeAudio/Caucasian (American)/women/id01245/00028_fake.mp4
id01248,fake.mp4,-,rtvc,B,RealVideo-FakeAudio,Caucasian (American),women,00005_fake.mp4,FakeAVCeleb/RealVideo-FakeAudio/Caucasian (American)/women/id01248,FakeAVCeleb_v1.2/RealVideo-FakeAudio/Caucasian (American)/women/id01248/00005_fake.mp4,../data/raw/FakeAVCeleb_v1.2/RealVideo-FakeAudio/Caucasian (American)/women/id01248/00005_fake.mp4
id02464,fake.mp4,-,rtvc,B,RealVideo-FakeAudio,Caucasian (American),women,00002_fake.mp4,FakeAVCeleb/RealVideo-FakeAudio/Caucasian (American)/women/id02464,FakeAVCeleb_v1.2/RealVideo-FakeAudio/Caucasian (American)/women/id02464/00002_fake.mp4,../data/raw/FakeAVCeleb_v1.2/RealVideo-FakeAudio/Caucasian (American)/women/id02464/00002_fake.mp4
id02466,fake.mp4,-,rtvc,B,RealVideo-FakeAudio,Caucasian (American),women,00136_fake.mp4,FakeAVCeleb/RealVideo-FakeAudio/Caucasian (American)/women/id02466,FakeAVCeleb_v1.2/RealVideo-FakeAudio/Caucasian (American)/women/id02466/00136_fake.mp4,../data/raw/FakeAVCeleb_v1.2/RealVideo-FakeAudio/Caucasian (American)/women/id02466/00136_fake.mp4
id03556,fake.mp4,-,rtvc,B,RealVideo-FakeAudio,Caucasian (American),women,00043_fake.mp4,FakeAVCeleb/RealVideo-FakeAudio/Caucasian (American)/women/id03556,FakeAVCeleb_v1.2/RealVideo-FakeAudio/Caucasian (American)/women/id03556/00043_fake.mp4,../data/raw/FakeAVCeleb_v1.2/RealVideo-FakeAudio/Caucasian (American)/women/id03556/00043_fake.mp4
id03605,fake.mp4,-,rtvc,B,RealVideo-FakeAudio,Caucasian (American),women,00048_fake.mp4,FakeAVCeleb/RealVideo-FakeAudio/Caucasian (American)/women/id03605,FakeAVCeleb_v1.2/RealVideo-FakeAudio/Caucasian (American)/women/id03605/00048_fake.mp4,../data/raw/FakeAVCeleb_v1.2/RealVideo-FakeAudio/Caucasian (American)/women/id03605/00048_fake.mp4
id03696,fake.mp4,-,rtvc,B,RealVideo-FakeAudio,Caucasian (American),women,00160_fake.mp4,FakeAVCeleb/RealVideo-FakeAudio/Caucasian (American)/women/id03696,FakeAVCeleb_v1.2/RealVideo-FakeAudio/Caucasian (American)/women/id03696/00160_fake.mp4,../data/raw/FakeAVCeleb_v1.2/RealVideo-FakeAudio/Caucasian (American)/women/id03696/00160_fake.mp4
id03707,fake.mp4,-,rtvc,B,RealVideo-FakeAudio,Caucasian (American),women,00055_fake.mp4,FakeAVCeleb/RealVideo-FakeAudio/Caucasian (American)/women/id03707,FakeAVCeleb_v1.2/RealVideo-FakeAudio/Caucasian (American)/women/id03707/00055_fake.mp4,../data/raw/FakeAVCeleb_v1.2/RealVideo-FakeAudio/Caucasian (American)/women/id03707/00055_fake.mp4
id03781,fake.mp4,-,rtvc,B,RealVideo-FakeAudio,Caucasian (American),women,00113_fake.mp4,FakeAVCeleb/RealVideo-FakeAudio/Caucasian (American)/women/id03781,FakeAVCeleb_v1.2/RealVideo-FakeAudio/Caucasian (American)/women/id03781/00113_fake.mp4,../data/raw/FakeAVCeleb_v1.2/RealVideo-FakeAudio/Caucasian (American)/women/id03781/00113_fake.mp4
id00056,fake.mp4,-,rtvc,B,RealVideo-FakeAudio,Asian (East),men,00028_fake.mp4,FakeAVCeleb/RealVideo-FakeAudio/Asian (East)/men/id00056,FakeAVCeleb_v1.2/RealVideo-FakeAudio/Asian (East)/men/id00056/00028_fake.mp4,../data/raw/FakeAVCeleb_v1.2/RealVideo-FakeAudio/Asian (East)/men/id00056/00028_fake.mp4
id00126,fake.mp4,-,rtvc,B,RealVideo-FakeAudio,Asian (East),men,00173_fake.mp4,FakeAVCeleb/RealVideo-FakeAudio/Asian (East)/men/id00126,FakeAVCeleb_v1.2/RealVideo-FakeAudio/Asian (East)/men/id00126/00173_fake.mp4,../data/raw/FakeAVCeleb_v1.2/RealVideo-FakeAudio/Asian (East)/men/id00126/00173_fake.mp4
id00560,fake.mp4,-,rtvc,B,RealVideo-FakeAudio,Asian (East),men,00041_fake.mp4,FakeAVCeleb/RealVideo-FakeAudio/Asian (East)/men/id00560,FakeAVCeleb_v1.2/RealVideo-FakeAudio/Asian (East)/men/id00560/00041_fake.mp4,../data/raw/FakeAVCeleb_v1.2/RealVideo-FakeAudio/Asian (East)/men/id00560/00041_fake.mp4
id00597,fake.mp4,-,rtvc,B,RealVideo-FakeAudio,Asian (East),men,00019_fake.mp4,FakeAVCeleb/RealVideo-FakeAudio/Asian (East)/men/id00597,FakeAVCeleb_v1.2/RealVideo-FakeAudio/Asian (East)/men/id00597/00019_fake.mp4,../data/raw/FakeAVCeleb_v1.2/RealVideo-FakeAudio/Asian (East)/men/id00597/00019_fake.mp4
id00740,fake.mp4,-,rtvc,B,RealVideo-FakeAudio,Asian (East),men,00015_fake.mp4,FakeAVCeleb/RealVideo-FakeAudio/Asian (East)/men/id00740,FakeAVCeleb_v1.2/RealVideo-FakeAudio/Asian (East)/men/id00740/00015_fake.mp4,../data/raw/FakeAVCeleb_v1.2/RealVideo-FakeAudio/Asian (East)/men/id00740/00015_fake.mp4
id00863,fake.mp4,-,rtvc,B,RealVideo-FakeAudio,Asian (East),men,00069_fake.mp4,FakeAVCeleb/RealVideo-FakeAudio/Asian (East)/men/id00863,FakeAVCeleb_v1.2/RealVideo-FakeAudio/Asian (East)/men/id00863/00069_fake.mp4,../data/raw/FakeAVCeleb_v1.2/RealVideo-FakeAudio/Asian (East)/men/id00863/00069_fake.mp4
id01204,fake.mp4,-,rtvc,B,RealVideo-FakeAudio,Asian (East),men,00092_fake.mp4,FakeAVCeleb/RealVideo-FakeAudio/Asian (East)/men/id01204,FakeAVCeleb_v1.2/RealVideo-FakeAudio/Asian (East)/men/id01204/00092_fake.mp4,../data/raw/FakeAVCeleb_v1.2/RealVideo-FakeAudio/Asian (East)/men/id01204/00092_fake.mp4
id01212,fake.mp4,-,rtvc,B,RealVideo-FakeAudio,Asian (East),men,00183_fake.mp4,FakeAVCeleb/RealVideo-FakeAudio/Asian (East)/men/id01212,FakeAVCeleb_v1.2/RealVideo-FakeAudio/Asian (East)/men/id01212/00183_fake.mp4,../data/raw/FakeAVCeleb_v1.2/RealVideo-FakeAudio/Asian (East)/men/id01212/00183_fake.mp4
id01215,fake.mp4,-,rtvc,B,RealVideo-FakeAudio,Asian (East),men,00001_fake.mp4,FakeAVCeleb/RealVideo-FakeAudio/Asian (East)/men/id01215,FakeAVCeleb_v1.2/RealVideo-FakeAudio/Asian (East)/men/id01215/00001_fake.mp4,../data/raw/FakeAVCeleb_v1.2/RealVideo-FakeAudio/Asian (East)/men/id01215/00001_fake.mp4
id01589,fake.mp4,-,rtvc,B,RealVideo-FakeAudio,Asian (East),men,00017_fake.mp4,FakeAVCeleb/RealVideo-FakeAudio/Asian (East)/men/id01589,FakeAVCeleb_v1.2/RealVideo-FakeAudio/Asian (East)/men/id01589/00017_fake.mp4,../data/raw/FakeAVCeleb_v1.2/RealVideo-FakeAudio/Asian (East)/men/id01589/00017_fake.mp4
id01683,fake.mp4,-,rtvc,B,RealVideo-FakeAudio,Asian (East),men,00052_fake.mp4,FakeAVCeleb/RealVideo-FakeAudio/Asian (East)/men/id01683,FakeAVCeleb_v1.2/RealVideo-FakeAudio/Asian (East)/men/id01683/00052_fake.mp4,../data/raw/FakeAVCeleb_v1.2/RealVideo-FakeAudio/Asian (East)/men/id01683/00052_fake.mp4
id02332,fake.mp4,-,rtvc,B,RealVideo-FakeAudio,Asian (East),men,00055_fake.mp4,FakeAVCeleb/RealVideo-FakeAudio/Asian (East)/men/id02332,FakeAVCeleb_v1.2/RealVideo-FakeAudio/Asian (East)/men/id02332/00055_fake.mp4,../data/raw/FakeAVCeleb_v1.2/RealVideo-FakeAudio/Asian (East)/men/id02332/00055_fake.mp4
id02365,fake.mp4,-,rtvc,B,RealVideo-FakeAudio,Asian (East),men,00028_fake.mp4,FakeAVCeleb/RealVideo-FakeAudio/Asian (East)/men/id02365,FakeAVCeleb_v1.2/RealVideo-FakeAudio/Asian (East)/men/id02365/00028_fake.mp4,../data/raw/FakeAVCeleb_v1.2/RealVideo-FakeAudio/Asian (East)/men/id02365/00028_fake.mp4
id02493,fake.mp4,-,rtvc,B,RealVideo-FakeAudio,Asian (East),men,00073_fake.mp4,FakeAVCeleb/RealVideo-FakeAudio/Asian (East)/men/id02493,FakeAVCeleb_v1.2/RealVideo-FakeAudio/Asian (East)/men/id02493/00073_fake.mp4,../data/raw/FakeAVCeleb_v1.2/RealVideo-FakeAudio/Asian (East)/men/id02493/00073_fake.mp4
id02553,fake.mp4,-,rtvc,B,RealVideo-FakeAudio,Asian (East),men,00043_fake.mp4,FakeAVCeleb/RealVideo-FakeAudio/Asian (East)/men/id02553,FakeAVCeleb_v1.2/RealVideo-FakeAudio/Asian (East)/men/id02553/00043_fake.mp4,../data/raw/FakeAVCeleb_v1.2/RealVideo-FakeAudio/Asian (East)/men/id02553/00043_fake.mp4
id02561,fake.mp4,-,rtvc,B,RealVideo-FakeAudio,Asian (East),men,02561_fake.mp4,FakeAVCeleb/RealVideo-FakeAudio/Asian (East)/men/id02561,FakeAVCeleb_v1.2/RealVideo-FakeAudio/Asian (East)/men/id02561/02561_fake.mp4,../data/raw/FakeAVCeleb_v1.2/RealVideo-FakeAudio/Asian (East)/men/id02561/02561_fake.mp4
id03028,fake.mp4,-,rtvc,B,RealVideo-FakeAudio,Asian (East),men,00466_fake.mp4,FakeAVCeleb/RealVideo-FakeAudio/Asian (East)/men/id03028,FakeAVCeleb_v1.2/RealVideo-FakeAudio/Asian (East)/men/id03028/00466_fake.mp4,../data/raw/FakeAVCeleb_v1.2/RealVideo-FakeAudio/Asian (East)/men/id03028/00466_fake.mp4
id03168,fake.mp4,-,rtvc,B,RealVideo-FakeAudio,Asian (East),men,03168_fake.mp4,FakeAVCeleb/RealVideo-FakeAudio/Asian (East)/men/id03168,FakeAVCeleb_v1.2/RealVideo-FakeAudio/Asian (East)/men/id03168/03168_fake.mp4,../data/raw/FakeAVCeleb_v1.2/RealVideo-FakeAudio/Asian (East)/men/id03168/03168_fake.mp4
id03889,fake.mp4,-,rtvc,B,RealVideo-FakeAudio,Asian (East),men,00052_fake.mp4,FakeAVCeleb/RealVideo-FakeAudio/Asian (East)/men/id03889,FakeAVCeleb_v1.2/RealVideo-FakeAudio/Asian (East)/men/id03889/00052_fake.mp4,../data/raw/FakeAVCeleb_v1.2/RealVideo-FakeAudio/Asian (East)/men/id03889/00052_fake.mp4
id03965,fake.mp4,-,rtvc,B,RealVideo-FakeAudio,Asian (East),men,00051_fake.mp4,FakeAVCeleb/RealVideo-FakeAudio/Asian (East)/men/id03965,FakeAVCeleb_v1.2/RealVideo-FakeAudio/Asian (East)/men/id03965/00051_fake.mp4,../data/raw/FakeAVCeleb_v1.2/RealVideo-FakeAudio/Asian (East)/men/id03965/00051_fake.mp4
id04111,fake.mp4,-,rtvc,B,RealVideo-FakeAudio,Asian (East),men,00015_fake.mp4,FakeAVCeleb/RealVideo-FakeAudio/Asian (East)/men/id04111,FakeAVCeleb_v1.2/RealVideo-FakeAudio/Asian (East)/men/id04111/00015_fake.mp4,../data/raw/FakeAVCeleb_v1.2/RealVideo-FakeAudio/Asian (East)/men/id04111/00015_fake.mp4
id04222,fake.mp4,-,rtvc,B,RealVideo-FakeAudio,Asian (East),men,00078_fake.mp4,FakeAVCeleb/RealVideo-FakeAudio/Asian (East)/men/id04222,FakeAVCeleb_v1.2/RealVideo-FakeAudio/Asian (East)/men/id04222/00078_fake.mp4,../data/raw/FakeAVCeleb_v1.2/RealVideo-FakeAudio/Asian (East)/men/id04222/00078_fake.mp4
id04687,fake.mp4,-,rtvc,B,RealVideo-FakeAudio,Asian (East),men,00066_fake.mp4,FakeAVCeleb/RealVideo-FakeAudio/Asian (East)/men/id04687,FakeAVCeleb_v1.2/RealVideo-FakeAudio/Asian (East)/men/id04687/00066_fake.mp4,../data/raw/FakeAVCeleb_v1.2/RealVideo-FakeAudio/Asian (East)/men/id04687/00066_fake.mp4
id04691,fake.mp4,-,rtvc,B,RealVideo-FakeAudio,Asian (East),men,1_fake.mp4,FakeAVCeleb/RealVideo-FakeAudio/Asian (East)/men/id04691,FakeAVCeleb_v1.2/RealVideo-FakeAudio/Asian (East)/men/id04691/1_fake.mp4,../data/raw/FakeAVCeleb_v1.2/RealVideo-FakeAudio/Asian (East)/men/id04691/1_fake.mp4
id04726,fake.mp4,-,rtvc,B,RealVideo-FakeAudio,Asian (East),men,00245_fake.mp4,FakeAVCeleb/RealVideo-FakeAudio/Asian (East)/men/id04726,FakeAVCeleb_v1.2/RealVideo-FakeAudio/Asian (East)/men/id04726/00245_fake.mp4,../data/raw/FakeAVCeleb_v1.2/RealVideo-FakeAudio/Asian (East)/men/id04726/00245_fake.mp4
id04774,fake.mp4,-,rtvc,B,RealVideo-FakeAudio,Asian (East),men,00032_fake.mp4,FakeAVCeleb/RealVideo-FakeAudio/Asian (East)/men/id04774,FakeAVCeleb_v1.2/RealVideo-FakeAudio/Asian (East)/men/id04774/00032_fake.mp4,../data/raw/FakeAVCeleb_v1.2/RealVideo-FakeAudio/Asian (East)/men/id04774/00032_fake.mp4
id04789,fake.mp4,-,rtvc,B,RealVideo-FakeAudio,Asian (East),men,002121_fake.mp4,FakeAVCeleb/RealVideo-FakeAudio/Asian (East)/men/id04789,FakeAVCeleb_v1.2/RealVideo-FakeAudio/Asian (East)/men/id04789/002121_fake.mp4,../data/raw/FakeAVCeleb_v1.2/RealVideo-FakeAudio/Asian (East)/men/id04789/002121_fake.mp4
id04884,fake.mp4,-,rtvc,B,RealVideo-FakeAudio,Asian (East),men,00028_fake.mp4,FakeAVCeleb/RealVideo-FakeAudio/Asian (East)/men/id04884,FakeAVCeleb_v1.2/RealVideo-FakeAudio/Asian (East)/men/id04884/00028_fake.mp4,../data/raw/FakeAVCeleb_v1.2/RealVideo-FakeAudio/Asian (East)/men/id04884/00028_fake.mp4
id05268,fake.mp4,-,rtvc,B,RealVideo-FakeAudio,Asian (East),men,00010_fake.mp4,FakeAVCeleb/RealVideo-FakeAudio/Asian (East)/men/id05268,FakeAVCeleb_v1.2/RealVideo-FakeAudio/Asian (East)/men/id05268/00010_fake.mp4,../data/raw/FakeAVCeleb_v1.2/RealVideo-FakeAudio/Asian (East)/men/id05268/00010_fake.mp4
id05332,fake.mp4,-,rtvc,B,RealVideo-FakeAudio,Asian (East),men,00065_fake.mp4,FakeAVCeleb/RealVideo-FakeAudio/Asian (East)/men/id05332,FakeAVCeleb_v1.2/RealVideo-FakeAudio/Asian (East)/men/id05332/00065_fake.mp4,../data/raw/FakeAVCeleb_v1.2/RealVideo-FakeAudio/Asian (East)/men/id05332/00065_fake.mp4
id05383,fake.mp4,-,rtvc,B,RealVideo-FakeAudio,Asian (East),men,00015_fake.mp4,FakeAVCeleb/RealVideo-FakeAudio/Asian (East)/men/id05383,FakeAVCeleb_v1.2/RealVideo-FakeAudio/Asian (East)/men/id05383/00015_fake.mp4,../data/raw/FakeAVCeleb_v1.2/RealVideo-FakeAudio/Asian (East)/men/id05383/00015_fake.mp4
id05479,fake.mp4,-,rtvc,B,RealVideo-FakeAudio,Asian (East),men,05479_fake.mp4,FakeAVCeleb/RealVideo-FakeAudio/Asian (East)/men/id05479,FakeAVCeleb_v1.2/RealVideo-FakeAudio/Asian (East)/men/id05479/05479_fake.mp4,../data/raw/FakeAVCeleb_v1.2/RealVideo-FakeAudio/Asian (East)/men/id05479/05479_fake.mp4
id05743,fake.mp4,-,rtvc,B,RealVideo-FakeAudio,Asian (East),men,00015_fake.mp4,FakeAVCeleb/RealVideo-FakeAudio/Asian (East)/men/id05743,FakeAVCeleb_v1.2/RealVideo-FakeAudio/Asian (East)/men/id05743/00015_fake.mp4,../data/raw/FakeAVCeleb_v1.2/RealVideo-FakeAudio/Asian (East)/men/id05743/00015_fake.mp4
id06152,fake.mp4,-,rtvc,B,RealVideo-FakeAudio,Asian (East),men,00302_fake.mp4,FakeAVCeleb/RealVideo-FakeAudio/Asian (East)/men/id06152,FakeAVCeleb_v1.2/RealVideo-FakeAudio/Asian (East)/men/id06152/00302_fake.mp4,../data/raw/FakeAVCeleb_v1.2/RealVideo-FakeAudio/Asian (East)/men/id06152/00302_fake.mp4
id06269,fake.mp4,-,rtvc,B,RealVideo-FakeAudio,Asian (East),men,00005_fake.mp4,FakeAVCeleb/RealVideo-FakeAudio/Asian (East)/men/id06269,FakeAVCeleb_v1.2/RealVideo-FakeAudio/Asian (East)/men/id06269/00005_fake.mp4,../data/raw/FakeAVCeleb_v1.2/RealVideo-FakeAudio/Asian (East)/men/id06269/00005_fake.mp4
id06467,fake.mp4,-,rtvc,B,RealVideo-FakeAudio,Asian (East),men,00010_fake.mp4,FakeAVCeleb/RealVideo-FakeAudio/Asian (East)/men/id06467,FakeAVCeleb_v1.2/RealVideo-FakeAudio/Asian (East)/men/id06467/00010_fake.mp4,../data/raw/FakeAVCeleb_v1.2/RealVideo-FakeAudio/Asian (East)/men/id06467/00010_fake.mp4
id06470,fake.mp4,-,rtvc,B,RealVideo-FakeAudio,Asian (East),men,00052_fake.mp4,FakeAVCeleb/RealVideo-FakeAudio/Asian (East)/men/id06470,FakeAVCeleb_v1.2/RealVideo-FakeAudio/Asian (East)/men/id06470/00052_fake.mp4,../data/raw/FakeAVCeleb_v1.2/RealVideo-FakeAudio/Asian (East)/men/id06470/00052_fake.mp4
id06535,fake.mp4,-,rtvc,B,RealVideo-FakeAudio,Asian (East),men,00183_fake.mp4,FakeAVCeleb/RealVideo-FakeAudio/Asian (East)/men/id06535,FakeAVCeleb_v1.2/RealVideo-FakeAudio/Asian (East)/men/id06535/00183_fake.mp4,../data/raw/FakeAVCeleb_v1.2/RealVideo-FakeAudio/Asian (East)/men/id06535/00183_fake.mp4
id06591,fake.mp4,-,rtvc,B,RealVideo-FakeAudio,Asian (East),men,00021_fake.mp4,FakeAVCeleb/RealVideo-FakeAudio/Asian (East)/men/id06591,FakeAVCeleb_v1.2/RealVideo-FakeAudio/Asian (East)/men/id06591/00021_fake.mp4,../data/raw/FakeAVCeleb_v1.2/RealVideo-FakeAudio/Asian (East)/men/id06591/00021_fake.mp4
id06594,fake.mp4,-,rtvc,B,RealVideo-FakeAudio,Asian (East),men,00002_fake.mp4,FakeAVCeleb/RealVideo-FakeAudio/Asian (East)/men/id06594,FakeAVCeleb_v1.2/RealVideo-FakeAudio/Asian (East)/men/id06594/00002_fake.mp4,../data/raw/FakeAVCeleb_v1.2/RealVideo-FakeAudio/Asian (East)/men/id06594/00002_fake.mp4
id06776,-,-,rtvc,B,RealVideo-FakeAudio,Asian (East),men,00021.mp4,FakeAVCeleb/RealVideo-FakeAudio/Asian (East)/men/id06776,FakeAVCeleb_v1.2/RealVideo-FakeAudio/Asian (East)/men/id06776/00021.mp4,../data/raw/FakeAVCeleb_v1.2/RealVideo-FakeAudio/Asian (East)/men/id06776/00021.mp4
id06807,fake.mp4,-,rtvc,B,RealVideo-FakeAudio,Asian (East),men,00015_fake.mp4,FakeAVCeleb/RealVideo-FakeAudio/Asian (East)/men/id06807,FakeAVCeleb_v1.2/RealVideo-FakeAudio/Asian (East)/men/id06807/00015_fake.mp4,../data/raw/FakeAVCeleb_v1.2/RealVideo-FakeAudio/Asian (East)/men/id06807/00015_fake.mp4
id06878,fake.mp4,-,rtvc,B,RealVideo-FakeAudio,Asian (East),men,00001_fake.mp4,FakeAVCeleb/RealVideo-FakeAudio/Asian (East)/men/id06878,FakeAVCeleb_v1.2/RealVideo-FakeAudio/Asian (East)/men/id06878/00001_fake.mp4,../data/raw/FakeAVCeleb_v1.2/RealVideo-FakeAudio/Asian (East)/men/id06878/00001_fake.mp4
id07102,fake.mp4,-,rtvc,B,RealVideo-FakeAudio,Asian (East),men,00052_fake.mp4,FakeAVCeleb/RealVideo-FakeAudio/Asian (East)/men/id07102,FakeAVCeleb_v1.2/RealVideo-FakeAudio/Asian (East)/men/id07102/00052_fake.mp4,../data/raw/FakeAVCeleb_v1.2/RealVideo-FakeAudio/Asian (East)/men/id07102/00052_fake.mp4
id07338,fake.mp4,-,rtvc,B,RealVideo-FakeAudio,Asian (East),men,00003_fake.mp4,FakeAVCeleb/RealVideo-FakeAudio/Asian (East)/men/id07338,FakeAVCeleb_v1.2/RealVideo-FakeAudio/Asian (East)/men/id07338/00003_fake.mp4,../data/raw/FakeAVCeleb_v1.2/RealVideo-FakeAudio/Asian (East)/men/id07338/00003_fake.mp4
id08299,fake.mp4,-,rtvc,B,RealVideo-FakeAudio,Asian (East),men,00110_fake.mp4,FakeAVCeleb/RealVideo-FakeAudio/Asian (East)/men/id08299,FakeAVCeleb_v1.2/RealVideo-FakeAudio/Asian (East)/men/id08299/00110_fake.mp4,../data/raw/FakeAVCeleb_v1.2/RealVideo-FakeAudio/Asian (East)/men/id08299/00110_fake.mp4
id08613,fake.mp4,-,rtvc,B,RealVideo-FakeAudio,Asian (East),men,00074_fake.mp4,FakeAVCeleb/RealVideo-FakeAudio/Asian (East)/men/id08613,FakeAVCeleb_v1.2/RealVideo-FakeAudio/Asian (East)/men/id08613/00074_fake.mp4,../data/raw/FakeAVCeleb_v1.2/RealVideo-FakeAudio/Asian (East)/men/id08613/00074_fake.mp4
id08652,fake.mp4,-,rtvc,B,RealVideo-FakeAudio,Asian (East),men,00006_fake.mp4,FakeAVCeleb/RealVideo-FakeAudio/Asian (East)/men/id08652,FakeAVCeleb_v1.2/RealVideo-FakeAudio/Asian (East)/men/id08652/00006_fake.mp4,../data/raw/FakeAVCeleb_v1.2/RealVideo-FakeAudio/Asian (East)/men/id08652/00006_fake.mp4
id09053,fake.mp4,-,rtvc,B,RealVideo-FakeAudio,Asian (East),men,00005_fake.mp4,FakeAVCeleb/RealVideo-FakeAudio/Asian (East)/men/id09053,FakeAVCeleb_v1.2/RealVideo-FakeAudio/Asian (East)/men/id09053/00005_fake.mp4,../data/raw/FakeAVCeleb_v1.2/RealVideo-FakeAudio/Asian (East)/men/id09053/00005_fake.mp4
id09143,fake.mp4,-,rtvc,B,RealVideo-FakeAudio,Asian (East),men,00056_fake.mp4,FakeAVCeleb/RealVideo-FakeAudio/Asian (East)/men/id09143,FakeAVCeleb_v1.2/RealVideo-FakeAudio/Asian (East)/men/id09143/00056_fake.mp4,../data/raw/FakeAVCeleb_v1.2/RealVideo-FakeAudio/Asian (East)/men/id09143/00056_fake.mp4
id00137,fake.mp4,-,rtvc,B,RealVideo-FakeAudio,Asian (East),women,00025_fake.mp4,FakeAVCeleb/RealVideo-FakeAudio/Asian (East)/women/id00137,FakeAVCeleb_v1.2/RealVideo-FakeAudio/Asian (East)/women/id00137/00025_fake.mp4,../data/raw/FakeAVCeleb_v1.2/RealVideo-FakeAudio/Asian (East)/women/id00137/00025_fake.mp4
id00363,fake.mp4,-,rtvc,B,RealVideo-FakeAudio,Asian (East),women,00014_fake.mp4,FakeAVCeleb/RealVideo-FakeAudio/Asian (East)/women/id00363,FakeAVCeleb_v1.2/RealVideo-FakeAudio/Asian (East)/women/id00363/00014_fake.mp4,../data/raw/FakeAVCeleb_v1.2/RealVideo-FakeAudio/Asian (East)/women/id00363/00014_fake.mp4
id00430,fake.mp4,-,rtvc,B,RealVideo-FakeAudio,Asian (East),women,00209_fake.mp4,FakeAVCeleb/RealVideo-FakeAudio/Asian (East)/women/id00430,FakeAVCeleb_v1.2/RealVideo-FakeAudio/Asian (East)/women/id00430/00209_fake.mp4,../data/raw/FakeAVCeleb_v1.2/RealVideo-FakeAudio/Asian (East)/women/id00430/00209_fake.mp4
id00566,fake.mp4,-,rtvc,B,RealVideo-FakeAudio,Asian (East),women,00032_fake.mp4,FakeAVCeleb/RealVideo-FakeAudio/Asian (East)/women/id00566,FakeAVCeleb_v1.2/RealVideo-FakeAudio/Asian (East)/women/id00566/00032_fake.mp4,../data/raw/FakeAVCeleb_v1.2/RealVideo-FakeAudio/Asian (East)/women/id00566/00032_fake.mp4
id00579,fake.mp4,-,rtvc,B,RealVideo-FakeAudio,Asian (East),women,00030_fake.mp4,FakeAVCeleb/RealVideo-FakeAudio/Asian (East)/women/id00579,FakeAVCeleb_v1.2/RealVideo-FakeAudio/Asian (East)/women/id00579/00030_fake.mp4,../data/raw/FakeAVCeleb_v1.2/RealVideo-FakeAudio/Asian (East)/women/id00579/00030_fake.mp4
id00582,fake.mp4,-,rtvc,B,RealVideo-FakeAudio,Asian (East),women,00006_fake.mp4,FakeAVCeleb/RealVideo-FakeAudio/Asian (East)/women/id00582,FakeAVCeleb_v1.2/RealVideo-FakeAudio/Asian (East)/women/id00582/00006_fake.mp4,../data/raw/FakeAVCeleb_v1.2/RealVideo-FakeAudio/Asian (East)/women/id00582/00006_fake.mp4
id00763,fake.mp4,-,rtvc,B,RealVideo-FakeAudio,Asian (East),women,00074_fake.mp4,FakeAVCeleb/RealVideo-FakeAudio/Asian (East)/women/id00763,FakeAVCeleb_v1.2/RealVideo-FakeAudio/Asian (East)/women/id00763/00074_fake.mp4,../data/raw/FakeAVCeleb_v1.2/RealVideo-FakeAudio/Asian (East)/women/id00763/00074_fake.mp4
id00935,fake.mp4,-,rtvc,B,RealVideo-FakeAudio,Asian (East),women,00005_fake.mp4,FakeAVCeleb/RealVideo-FakeAudio/Asian (East)/women/id00935,FakeAVCeleb_v1.2/RealVideo-FakeAudio/Asian (East)/women/id00935/00005_fake.mp4,../data/raw/FakeAVCeleb_v1.2/RealVideo-FakeAudio/Asian (East)/women/id00935/00005_fake.mp4
id01281,fake.mp4,-,rtvc,B,RealVideo-FakeAudio,Asian (East),women,00040_fake.mp4,FakeAVCeleb/RealVideo-FakeAudio/Asian (East)/women/id01281,FakeAVCeleb_v1.2/RealVideo-FakeAudio/Asian (East)/women/id01281/00040_fake.mp4,../data/raw/FakeAVCeleb_v1.2/RealVideo-FakeAudio/Asian (East)/women/id01281/00040_fake.mp4
id01451,fake.mp4,-,rtvc,B,RealVideo-FakeAudio,Asian (East),women,00099_fake.mp4,FakeAVCeleb/RealVideo-FakeAudio/Asian (East)/women/id01451,FakeAVCeleb_v1.2/RealVideo-FakeAudio/Asian (East)/women/id01451/00099_fake.mp4,../data/raw/FakeAVCeleb_v1.2/RealVideo-FakeAudio/Asian (East)/women/id01451/00099_fake.mp4
id02587,fake.mp4,-,rtvc,B,RealVideo-FakeAudio,Asian (East),women,00020_fake.mp4,FakeAVCeleb/RealVideo-FakeAudio/Asian (East)/women/id02587,FakeAVCeleb_v1.2/RealVideo-FakeAudio/Asian (East)/women/id02587/00020_fake.mp4,../data/raw/FakeAVCeleb_v1.2/RealVideo-FakeAudio/Asian (East)/women/id02587/00020_fake.mp4
id02807,fake.mp4,-,rtvc,B,RealVideo-FakeAudio,Asian (East),women,00032_fake.mp4,FakeAVCeleb/RealVideo-FakeAudio/Asian (East)/women/id02807,FakeAVCeleb_v1.2/RealVideo-FakeAudio/Asian (East)/women/id02807/00032_fake.mp4,../data/raw/FakeAVCeleb_v1.2/RealVideo-FakeAudio/Asian (East)/women/id02807/00032_fake.mp4
id03211,fake.mp4,-,rtvc,B,RealVideo-FakeAudio,Asian (East),women,00032_fake.mp4,FakeAVCeleb/RealVideo-FakeAudio/Asian (East)/women/id03211,FakeAVCeleb_v1.2/RealVideo-FakeAudio/Asian (East)/women/id03211/00032_fake.mp4,../data/raw/FakeAVCeleb_v1.2/RealVideo-FakeAudio/Asian (East)/women/id03211/00032_fake.mp4
id03379,fake.mp4,-,rtvc,B,RealVideo-FakeAudio,Asian (East),women,00032_fake.mp4,FakeAVCeleb/RealVideo-FakeAudio/Asian (East)/women/id03379,FakeAVCeleb_v1.2/RealVideo-FakeAudio/Asian (East)/women/id03379/00032_fake.mp4,../data/raw/FakeAVCeleb_v1.2/RealVideo-FakeAudio/Asian (East)/women/id03379/00032_fake.mp4
id03940,fake.mp4,-,rtvc,B,RealVideo-FakeAudio,Asian (East),women,00025_fake.mp4,FakeAVCeleb/RealVideo-FakeAudio/Asian (East)/women/id03940,FakeAVCeleb_v1.2/RealVideo-FakeAudio/Asian (East)/women/id03940/00025_fake.mp4,../data/raw/FakeAVCeleb_v1.2/RealVideo-FakeAudio/Asian (East)/women/id03940/00025_fake.mp4
id04057,fake.mp4,-,rtvc,B,RealVideo-FakeAudio,Asian (East),women,00015_fake.mp4,FakeAVCeleb/RealVideo-FakeAudio/Asian (East)/women/id04057,FakeAVCeleb_v1.2/RealVideo-FakeAudio/Asian (East)/women/id04057/00015_fake.mp4,../data/raw/FakeAVCeleb_v1.2/RealVideo-FakeAudio/Asian (East)/women/id04057/00015_fake.mp4
id04066,fake.mp4,-,rtvc,B,RealVideo-FakeAudio,Asian (East),women,00013_fake.mp4,FakeAVCeleb/RealVideo-FakeAudio/Asian (East)/women/id04066,FakeAVCeleb_v1.2/RealVideo-FakeAudio/Asian (East)/women/id04066/00013_fake.mp4,../data/raw/FakeAVCeleb_v1.2/RealVideo-FakeAudio/Asian (East)/women/id04066/00013_fake.mp4
id04144,fake.mp4,-,rtvc,B,RealVideo-FakeAudio,Asian (East),women,00028_fake.mp4,FakeAVCeleb/RealVideo-FakeAudio/Asian (East)/women/id04144,FakeAVCeleb_v1.2/RealVideo-FakeAudio/Asian (East)/women/id04144/00028_fake.mp4,../data/raw/FakeAVCeleb_v1.2/RealVideo-FakeAudio/Asian (East)/women/id04144/00028_fake.mp4
id04414,fake.mp4,-,rtvc,B,RealVideo-FakeAudio,Asian (East),women,00001_fake.mp4,FakeAVCeleb/RealVideo-FakeAudio/Asian (East)/women/id04414,FakeAVCeleb_v1.2/RealVideo-FakeAudio/Asian (East)/women/id04414/00001_fake.mp4,../data/raw/FakeAVCeleb_v1.2/RealVideo-FakeAudio/Asian (East)/women/id04414/00001_fake.mp4
id04701,fake.mp4,-,rtvc,B,RealVideo-FakeAudio,Asian (East),women,00017_fake.mp4,FakeAVCeleb/RealVideo-FakeAudio/Asian (East)/women/id04701,FakeAVCeleb_v1.2/RealVideo-FakeAudio/Asian (East)/women/id04701/00017_fake.mp4,../data/raw/FakeAVCeleb_v1.2/RealVideo-FakeAudio/Asian (East)/women/id04701/00017_fake.mp4
id05576,fake.mp4,-,rtvc,B,RealVideo-FakeAudio,Asian (East),women,00368_fake.mp4,FakeAVCeleb/RealVideo-FakeAudio/Asian (East)/women/id05576,FakeAVCeleb_v1.2/RealVideo-FakeAudio/Asian (East)/women/id05576/00368_fake.mp4,../data/raw/FakeAVCeleb_v1.2/RealVideo-FakeAudio/Asian (East)/women/id05576/00368_fake.mp4
id05620,fake.mp4,-,rtvc,B,RealVideo-FakeAudio,Asian (East),women,00005_fake.mp4,FakeAVCeleb/RealVideo-FakeAudio/Asian (East)/women/id05620,FakeAVCeleb_v1.2/RealVideo-FakeAudio/Asian (East)/women/id05620/00005_fake.mp4,../data/raw/FakeAVCeleb_v1.2/RealVideo-FakeAudio/Asian (East)/women/id05620/00005_fake.mp4
id05631,fake.mp4,-,rtvc,B,RealVideo-FakeAudio,Asian (East),women,00073_fake.mp4,FakeAVCeleb/RealVideo-FakeAudio/Asian (East)/women/id05631,FakeAVCeleb_v1.2/RealVideo-FakeAudio/Asian (East)/women/id05631/00073_fake.mp4,../data/raw/FakeAVCeleb_v1.2/RealVideo-FakeAudio/Asian (East)/women/id05631/00073_fake.mp4
id05844,fake.mp4,-,rtvc,B,RealVideo-FakeAudio,Asian (East),women,00072_fake.mp4,FakeAVCeleb/RealVideo-FakeAudio/Asian (East)/women/id05844,FakeAVCeleb_v1.2/RealVideo-FakeAudio/Asian (East)/women/id05844/00072_fake.mp4,../data/raw/FakeAVCeleb_v1.2/RealVideo-FakeAudio/Asian (East)/women/id05844/00072_fake.mp4
id06054,fake.mp4,-,rtvc,B,RealVideo-FakeAudio,Asian (East),women,00010_fake.mp4,FakeAVCeleb/RealVideo-FakeAudio/Asian (East)/women/id06054,FakeAVCeleb_v1.2/RealVideo-FakeAudio/Asian (East)/women/id06054/00010_fake.mp4,../data/raw/FakeAVCeleb_v1.2/RealVideo-FakeAudio/Asian (East)/women/id06054/00010_fake.mp4
id06060,fake.mp4,-,rtvc,B,RealVideo-FakeAudio,Asian (East),women,00219_fake.mp4,FakeAVCeleb/RealVideo-FakeAudio/Asian (East)/women/id06060,FakeAVCeleb_v1.2/RealVideo-FakeAudio/Asian (East)/women/id06060/00219_fake.mp4,../data/raw/FakeAVCeleb_v1.2/RealVideo-FakeAudio/Asian (East)/women/id06060/00219_fake.mp4
id06061,fake.mp4,-,rtvc,B,RealVideo-FakeAudio,Asian (East),women,00002_fake.mp4,FakeAVCeleb/RealVideo-FakeAudio/Asian (East)/women/id06061,FakeAVCeleb_v1.2/RealVideo-FakeAudio/Asian (East)/women/id06061/00002_fake.mp4,../data/raw/FakeAVCeleb_v1.2/RealVideo-FakeAudio/Asian (East)/women/id06061/00002_fake.mp4
id06065,fake.mp4,-,rtvc,B,RealVideo-FakeAudio,Asian (East),women,00160_fake.mp4,FakeAVCeleb/RealVideo-FakeAudio/Asian (East)/women/id06065,FakeAVCeleb_v1.2/RealVideo-FakeAudio/Asian (East)/women/id06065/00160_fake.mp4,../data/raw/FakeAVCeleb_v1.2/RealVideo-FakeAudio/Asian (East)/women/id06065/00160_fake.mp4
id06066,fake.mp4,-,rtvc,B,RealVideo-FakeAudio,Asian (East),women,00028_fake.mp4,FakeAVCeleb/RealVideo-FakeAudio/Asian (East)/women/id06066,FakeAVCeleb_v1.2/RealVideo-FakeAudio/Asian (East)/women/id06066/00028_fake.mp4,../data/raw/FakeAVCeleb_v1.2/RealVideo-FakeAudio/Asian (East)/women/id06066/00028_fake.mp4
id06158,fake.mp4,-,rtvc,B,RealVideo-FakeAudio,Asian (East),women,00015_fake.mp4,FakeAVCeleb/RealVideo-FakeAudio/Asian (East)/women/id06158,FakeAVCeleb_v1.2/RealVideo-FakeAudio/Asian (East)/women/id06158/00015_fake.mp4,../data/raw/FakeAVCeleb_v1.2/RealVideo-FakeAudio/Asian (East)/women/id06158/00015_fake.mp4
id06225,fake.mp4,-,rtvc,B,RealVideo-FakeAudio,Asian (East),women,00005_fake.mp4,FakeAVCeleb/RealVideo-FakeAudio/Asian (East)/women/id06225,FakeAVCeleb_v1.2/RealVideo-FakeAudio/Asian (East)/women/id06225/00005_fake.mp4,../data/raw/FakeAVCeleb_v1.2/RealVideo-FakeAudio/Asian (East)/women/id06225/00005_fake.mp4
id06388,fake.mp4,-,rtvc,B,RealVideo-FakeAudio,Asian (East),women,00005_fake.mp4,FakeAVCeleb/RealVideo-FakeAudio/Asian (East)/women/id06388,FakeAVCeleb_v1.2/RealVideo-FakeAudio/Asian (East)/women/id06388/00005_fake.mp4,../data/raw/FakeAVCeleb_v1.2/RealVideo-FakeAudio/Asian (East)/women/id06388/00005_fake.mp4
id06427,fake.mp4,-,rtvc,B,RealVideo-FakeAudio,Asian (East),women,00138_fake.mp4,FakeAVCeleb/RealVideo-FakeAudio/Asian (East)/women/id06427,FakeAVCeleb_v1.2/RealVideo-FakeAudio/Asian (East)/women/id06427/00138_fake.mp4,../data/raw/FakeAVCeleb_v1.2/RealVideo-FakeAudio/Asian (East)/women/id06427/00138_fake.mp4
id06443,fake.mp4,-,rtvc,B,RealVideo-FakeAudio,Asian (East),women,00232_fake.mp4,FakeAVCeleb/RealVideo-FakeAudio/Asian (East)/women/id06443,FakeAVCeleb_v1.2/RealVideo-FakeAudio/Asian (East)/women/id06443/00232_fake.mp4,../data/raw/FakeAVCeleb_v1.2/RealVideo-FakeAudio/Asian (East)/women/id06443/00232_fake.mp4
id06462,fake.mp4,-,rtvc,B,RealVideo-FakeAudio,Asian (East),women,00014_fake.mp4,FakeAVCeleb/RealVideo-FakeAudio/Asian (East)/women/id06462,FakeAVCeleb_v1.2/RealVideo-FakeAudio/Asian (East)/women/id06462/00014_fake.mp4,../data/raw/FakeAVCeleb_v1.2/RealVideo-FakeAudio/Asian (East)/women/id06462/00014_fake.mp4
id07039,fake.mp4,-,rtvc,B,RealVideo-FakeAudio,Asian (East),women,00105_fake.mp4,FakeAVCeleb/RealVideo-FakeAudio/Asian (East)/women/id07039,FakeAVCeleb_v1.2/RealVideo-FakeAudio/Asian (East)/women/id07039/00105_fake.mp4,../data/raw/FakeAVCeleb_v1.2/RealVideo-FakeAudio/Asian (East)/women/id07039/00105_fake.mp4
id07383,fake.mp4,-,rtvc,B,RealVideo-FakeAudio,Asian (East),women,00011_fake.mp4,FakeAVCeleb/RealVideo-FakeAudio/Asian (East)/women/id07383,FakeAVCeleb_v1.2/RealVideo-FakeAudio/Asian (East)/women/id07383/00011_fake.mp4,../data/raw/FakeAVCeleb_v1.2/RealVideo-FakeAudio/Asian (East)/women/id07383/00011_fake.mp4
id07739,fake.mp4,-,rtvc,B,RealVideo-FakeAudio,Asian (East),women,00019_fake.mp4,FakeAVCeleb/RealVideo-FakeAudio/Asian (East)/women/id07739,FakeAVCeleb_v1.2/RealVideo-FakeAudio/Asian (East)/women/id07739/00019_fake.mp4,../data/raw/FakeAVCeleb_v1.2/RealVideo-FakeAudio/Asian (East)/women/id07739/00019_fake.mp4
id07799,fake.mp4,-,rtvc,B,RealVideo-FakeAudio,Asian (East),women,00063_fake.mp4,FakeAVCeleb/RealVideo-FakeAudio/Asian (East)/women/id07799,FakeAVCeleb_v1.2/RealVideo-FakeAudio/Asian (East)/women/id07799/00063_fake.mp4,../data/raw/FakeAVCeleb_v1.2/RealVideo-FakeAudio/Asian (East)/women/id07799/00063_fake.mp4
id07901,fake.mp4,-,rtvc,B,RealVideo-FakeAudio,Asian (East),women,00040_fake.mp4,FakeAVCeleb/RealVideo-FakeAudio/Asian (East)/women/id07901,FakeAVCeleb_v1.2/RealVideo-FakeAudio/Asian (East)/women/id07901/00040_fake.mp4,../data/raw/FakeAVCeleb_v1.2/RealVideo-FakeAudio/Asian (East)/women/id07901/00040_fake.mp4
id08139,fake.mp4,-,rtvc,B,RealVideo-FakeAudio,Asian (East),women,00067_fake.mp4,FakeAVCeleb/RealVideo-FakeAudio/Asian (East)/women/id08139,FakeAVCeleb_v1.2/RealVideo-FakeAudio/Asian (East)/women/id08139/00067_fake.mp4,../data/raw/FakeAVCeleb_v1.2/RealVideo-FakeAudio/Asian (East)/women/id08139/00067_fake.mp4
id08397,fake.mp4,-,rtvc,B,RealVideo-FakeAudio,Asian (East),women,00167_fake.mp4,FakeAVCeleb/RealVideo-FakeAudio/Asian (East)/women/id08397,FakeAVCeleb_v1.2/RealVideo-FakeAudio/Asian (East)/women/id08397/00167_fake.mp4,../data/raw/FakeAVCeleb_v1.2/RealVideo-FakeAudio/Asian (East)/women/id08397/00167_fake.mp4
id08402,fake.mp4,-,rtvc,B,RealVideo-FakeAudio,Asian (East),women,00092_fake.mp4,FakeAVCeleb/RealVideo-FakeAudio/Asian (East)/women/id08402,FakeAVCeleb_v1.2/RealVideo-FakeAudio/Asian (East)/women/id08402/00092_fake.mp4,../data/raw/FakeAVCeleb_v1.2/RealVideo-FakeAudio/Asian (East)/women/id08402/00092_fake.mp4
id08819,fake.mp4,-,rtvc,B,RealVideo-FakeAudio,Asian (East),women,00052_fake.mp4,FakeAVCeleb/RealVideo-FakeAudio/Asian (East)/women/id08819,FakeAVCeleb_v1.2/RealVideo-FakeAudio/Asian (East)/women/id08819/00052_fake.mp4,../data/raw/FakeAVCeleb_v1.2/RealVideo-FakeAudio/Asian (East)/women/id08819/00052_fake.mp4
id09116,fake.mp4,-,rtvc,B,RealVideo-FakeAudio,Asian (East),women,00026_fake.mp4,FakeAVCeleb/RealVideo-FakeAudio/Asian (East)/women/id09116,FakeAVCeleb_v1.2/RealVideo-FakeAudio/Asian (East)/women/id09116/00026_fake.mp4,../data/raw/FakeAVCeleb_v1.2/RealVideo-FakeAudio/Asian (East)/women/id09116/00026_fake.mp4
id09125,fake.mp4,-,rtvc,B,RealVideo-FakeAudio,Asian (East),women,00098_fake.mp4,FakeAVCeleb/RealVideo-FakeAudio/Asian (East)/women/id09125,FakeAVCeleb_v1.2/RealVideo-FakeAudio/Asian (East)/women/id09125/00098_fake.mp4,../data/raw/FakeAVCeleb_v1.2/RealVideo-FakeAudio/Asian (East)/women/id09125/00098_fake.mp4
id09171,fake.mp4,-,rtvc,B,RealVideo-FakeAudio,Asian (East),women,00092_fake.mp4,FakeAVCeleb/RealVideo-FakeAudio/Asian (East)/women/id09171,FakeAVCeleb_v1.2/RealVideo-FakeAudio/Asian (East)/women/id09171/00092_fake.mp4,../data/raw/FakeAVCeleb_v1.2/RealVideo-FakeAudio/Asian (East)/women/id09171/00092_fake.mp4
id09174,fake.mp4,-,rtvc,B,RealVideo-FakeAudio,Asian (East),women,00015_fake.mp4,FakeAVCeleb/RealVideo-FakeAudio/Asian (East)/women/id09174,FakeAVCeleb_v1.2/RealVideo-FakeAudio/Asian (East)/women/id09174/00015_fake.mp4,../data/raw/FakeAVCeleb_v1.2/RealVideo-FakeAudio/Asian (East)/women/id09174/00015_fake.mp4
id09175,fake.mp4,-,rtvc,B,RealVideo-FakeAudio,Asian (East),women,00072_fake.mp4,FakeAVCeleb/RealVideo-FakeAudio/Asian (East)/women/id09175,FakeAVCeleb_v1.2/RealVideo-FakeAudio/Asian (East)/women/id09175/00072_fake.mp4,../data/raw/FakeAVCeleb_v1.2/RealVideo-FakeAudio/Asian (East)/women/id09175/00072_fake.mp4
id09181,fake.mp4,-,rtvc,B,RealVideo-FakeAudio,Asian (East),women,00048_fake.mp4,FakeAVCeleb/RealVideo-FakeAudio/Asian (East)/women/id09181,FakeAVCeleb_v1.2/RealVideo-FakeAudio/Asian (East)/women/id09181/00048_fake.mp4,../data/raw/FakeAVCeleb_v1.2/RealVideo-FakeAudio/Asian (East)/women/id09181/00048_fake.mp4
id00055,fake.mp4,-,rtvc,B,RealVideo-FakeAudio,Caucasian (European),men,00120_fake.mp4,FakeAVCeleb/RealVideo-FakeAudio/Caucasian (European)/men/id00055,FakeAVCeleb_v1.2/RealVideo-FakeAudio/Caucasian (European)/men/id00055/00120_fake.mp4,../data/raw/FakeAVCeleb_v1.2/RealVideo-FakeAudio/Caucasian (European)/men/id00055/00120_fake.mp4
id00063,fake.mp4,-,rtvc,B,RealVideo-FakeAudio,Caucasian (European),men,00021_fake.mp4,FakeAVCeleb/RealVideo-FakeAudio/Caucasian (European)/men/id00063,FakeAVCeleb_v1.2/RealVideo-FakeAudio/Caucasian (European)/men/id00063/00021_fake.mp4,../data/raw/FakeAVCeleb_v1.2/RealVideo-FakeAudio/Caucasian (European)/men/id00063/00021_fake.mp4
id00171,fake.mp4,-,rtvc,B,RealVideo-FakeAudio,Caucasian (European),men,00092_fake.mp4,FakeAVCeleb/RealVideo-FakeAudio/Caucasian (European)/men/id00171,FakeAVCeleb_v1.2/RealVideo-FakeAudio/Caucasian (European)/men/id00171/00092_fake.mp4,../data/raw/FakeAVCeleb_v1.2/RealVideo-FakeAudio/Caucasian (European)/men/id00171/00092_fake.mp4
id00183,fake.mp4,-,rtvc,B,RealVideo-FakeAudio,Caucasian (European),men,00015_fake.mp4,FakeAVCeleb/RealVideo-FakeAudio/Caucasian (European)/men/id00183,FakeAVCeleb_v1.2/RealVideo-FakeAudio/Caucasian (European)/men/id00183/00015_fake.mp4,../data/raw/FakeAVCeleb_v1.2/RealVideo-FakeAudio/Caucasian (European)/men/id00183/00015_fake.mp4
id00185,fake.mp4,-,rtvc,B,RealVideo-FakeAudio,Caucasian (European),men,00015_fake.mp4,FakeAVCeleb/RealVideo-FakeAudio/Caucasian (European)/men/id00185,FakeAVCeleb_v1.2/RealVideo-FakeAudio/Caucasian (European)/men/id00185/00015_fake.mp4,../data/raw/FakeAVCeleb_v1.2/RealVideo-FakeAudio/Caucasian (European)/men/id00185/00015_fake.mp4
id00186,fake.mp4,-,rtvc,B,RealVideo-FakeAudio,Caucasian (European),men,00120_fake.mp4,FakeAVCeleb/RealVideo-FakeAudio/Caucasian (European)/men/id00186,FakeAVCeleb_v1.2/RealVideo-FakeAudio/Caucasian (European)/men/id00186/00120_fake.mp4,../data/raw/FakeAVCeleb_v1.2/RealVideo-FakeAudio/Caucasian (European)/men/id00186/00120_fake.mp4
id00187,fake.mp4,-,rtvc,B,RealVideo-FakeAudio,Caucasian (European),men,00360_fake.mp4,FakeAVCeleb/RealVideo-FakeAudio/Caucasian (European)/men/id00187,FakeAVCeleb_v1.2/RealVideo-FakeAudio/Caucasian (European)/men/id00187/00360_fake.mp4,../data/raw/FakeAVCeleb_v1.2/RealVideo-FakeAudio/Caucasian (European)/men/id00187/00360_fake.mp4
id00192,fake.mp4,-,rtvc,B,RealVideo-FakeAudio,Caucasian (European),men,00078_fake.mp4,FakeAVCeleb/RealVideo-FakeAudio/Caucasian (European)/men/id00192,FakeAVCeleb_v1.2/RealVideo-FakeAudio/Caucasian (European)/men/id00192/00078_fake.mp4,../data/raw/FakeAVCeleb_v1.2/RealVideo-FakeAudio/Caucasian (European)/men/id00192/00078_fake.mp4
id00225,fake.mp4,-,rtvc,B,RealVideo-FakeAudio,Caucasian (European),men,00078_fake.mp4,FakeAVCeleb/RealVideo-FakeAudio/Caucasian (European)/men/id00225,FakeAVCeleb_v1.2/RealVideo-FakeAudio/Caucasian (European)/men/id00225/00078_fake.mp4,../data/raw/FakeAVCeleb_v1.2/RealVideo-FakeAudio/Caucasian (European)/men/id00225/00078_fake.mp4
id00241,fake.mp4,-,rtvc,B,RealVideo-FakeAudio,Caucasian (European),men,00015_fake.mp4,FakeAVCeleb/RealVideo-FakeAudio/Caucasian (European)/men/id00241,FakeAVCeleb_v1.2/RealVideo-FakeAudio/Caucasian (European)/men/id00241/00015_fake.mp4,../data/raw/FakeAVCeleb_v1.2/RealVideo-FakeAudio/Caucasian (European)/men/id00241/00015_fake.mp4
id00253,fake.mp4,-,rtvc,B,RealVideo-FakeAudio,Caucasian (European),men,00021_fake.mp4,FakeAVCeleb/RealVideo-FakeAudio/Caucasian (European)/men/id00253,FakeAVCeleb_v1.2/RealVideo-FakeAudio/Caucasian (European)/men/id00253/00021_fake.mp4,../data/raw/FakeAVCeleb_v1.2/RealVideo-FakeAudio/Caucasian (European)/men/id00253/00021_fake.mp4
id00265,fake.mp4,-,rtvc,B,RealVideo-FakeAudio,Caucasian (European),men,00130_fake.mp4,FakeAVCeleb/RealVideo-FakeAudio/Caucasian (European)/men/id00265,FakeAVCeleb_v1.2/RealVideo-FakeAudio/Caucasian (European)/men/id00265/00130_fake.mp4,../data/raw/FakeAVCeleb_v1.2/RealVideo-FakeAudio/Caucasian (European)/men/id00265/00130_fake.mp4
id00266,fake.mp4,-,rtvc,B,RealVideo-FakeAudio,Caucasian (European),men,00470_fake.mp4,FakeAVCeleb/RealVideo-FakeAudio/Caucasian (European)/men/id00266,FakeAVCeleb_v1.2/RealVideo-FakeAudio/Caucasian (European)/men/id00266/00470_fake.mp4,../data/raw/FakeAVCeleb_v1.2/RealVideo-FakeAudio/Caucasian (European)/men/id00266/00470_fake.mp4
id00282,fake.mp4,-,rtvc,B,RealVideo-FakeAudio,Caucasian (European),men,00268_fake.mp4,FakeAVCeleb/RealVideo-FakeAudio/Caucasian (European)/men/id00282,FakeAVCeleb_v1.2/RealVideo-FakeAudio/Caucasian (European)/men/id00282/00268_fake.mp4,../data/raw/FakeAVCeleb_v1.2/RealVideo-FakeAudio/Caucasian (European)/men/id00282/00268_fake.mp4
id00292,fake.mp4,-,rtvc,B,RealVideo-FakeAudio,Caucasian (European),men,00072_fake.mp4,FakeAVCeleb/RealVideo-FakeAudio/Caucasian (European)/men/id00292,FakeAVCeleb_v1.2/RealVideo-FakeAudio/Caucasian (European)/men/id00292/00072_fake.mp4,../data/raw/FakeAVCeleb_v1.2/RealVideo-FakeAudio/Caucasian (European)/men/id00292/00072_fake.mp4
id00305,fake.mp4,-,rtvc,B,RealVideo-FakeAudio,Caucasian (European),men,00113_fake.mp4,FakeAVCeleb/RealVideo-FakeAudio/Caucasian (European)/men/id00305,FakeAVCeleb_v1.2/RealVideo-FakeAudio/Caucasian (European)/men/id00305/00113_fake.mp4,../data/raw/FakeAVCeleb_v1.2/RealVideo-FakeAudio/Caucasian (European)/men/id00305/00113_fake.mp4
id00306,fake.mp4,-,rtvc,B,RealVideo-FakeAudio,Caucasian (European),men,00015_fake.mp4,FakeAVCeleb/RealVideo-FakeAudio/Caucasian (European)/men/id00306,FakeAVCeleb_v1.2/RealVideo-FakeAudio/Caucasian (European)/men/id00306/00015_fake.mp4,../data/raw/FakeAVCeleb_v1.2/RealVideo-FakeAudio/Caucasian (European)/men/id00306/00015_fake.mp4
id00358,fake.mp4,-,rtvc,B,RealVideo-FakeAudio,Caucasian (European),men,00217_fake.mp4,FakeAVCeleb/RealVideo-FakeAudio/Caucasian (European)/men/id00358,FakeAVCeleb_v1.2/RealVideo-FakeAudio/Caucasian (European)/men/id00358/00217_fake.mp4,../data/raw/FakeAVCeleb_v1.2/RealVideo-FakeAudio/Caucasian (European)/men/id00358/00217_fake.mp4
id00368,fake.mp4,-,rtvc,B,RealVideo-FakeAudio,Caucasian (European),men,00078_fake.mp4,FakeAVCeleb/RealVideo-FakeAudio/Caucasian (European)/men/id00368,FakeAVCeleb_v1.2/RealVideo-FakeAudio/Caucasian (European)/men/id00368/00078_fake.mp4,../data/raw/FakeAVCeleb_v1.2/RealVideo-FakeAudio/Caucasian (European)/men/id00368/00078_fake.mp4
id00415,fake.mp4,-,rtvc,B,RealVideo-FakeAudio,Caucasian (European),men,00017_fake.mp4,FakeAVCeleb/RealVideo-FakeAudio/Caucasian (European)/men/id00415,FakeAVCeleb_v1.2/RealVideo-FakeAudio/Caucasian (European)/men/id00415/00017_fake.mp4,../data/raw/FakeAVCeleb_v1.2/RealVideo-FakeAudio/Caucasian (European)/men/id00415/00017_fake.mp4
id00498,fake.mp4,-,rtvc,B,RealVideo-FakeAudio,Caucasian (European),men,00014_fake.mp4,FakeAVCeleb/RealVideo-FakeAudio/Caucasian (European)/men/id00498,FakeAVCeleb_v1.2/RealVideo-FakeAudio/Caucasian (European)/men/id00498/00014_fake.mp4,../data/raw/FakeAVCeleb_v1.2/RealVideo-FakeAudio/Caucasian (European)/men/id00498/00014_fake.mp4
id00519,fake.mp4,-,rtvc,B,RealVideo-FakeAudio,Caucasian (European),men,00028_fake.mp4,FakeAVCeleb/RealVideo-FakeAudio/Caucasian (European)/men/id00519,FakeAVCeleb_v1.2/RealVideo-FakeAudio/Caucasian (European)/men/id00519/00028_fake.mp4,../data/raw/FakeAVCeleb_v1.2/RealVideo-FakeAudio/Caucasian (European)/men/id00519/00028_fake.mp4
id00520,fake.mp4,-,rtvc,B,RealVideo-FakeAudio,Caucasian (European),men,00187_fake.mp4,FakeAVCeleb/RealVideo-FakeAudio/Caucasian (European)/men/id00520,FakeAVCeleb_v1.2/RealVideo-FakeAudio/Caucasian (European)/men/id00520/00187_fake.mp4,../data/raw/FakeAVCeleb_v1.2/RealVideo-FakeAudio/Caucasian (European)/men/id00520/00187_fake.mp4
id00535,fake.mp4,-,rtvc,B,RealVideo-FakeAudio,Caucasian (European),men,00005_fake.mp4,FakeAVCeleb/RealVideo-FakeAudio/Caucasian (European)/men/id00535,FakeAVCeleb_v1.2/RealVideo-FakeAudio/Caucasian (European)/men/id00535/00005_fake.mp4,../data/raw/FakeAVCeleb_v1.2/RealVideo-FakeAudio/Caucasian (European)/men/id00535/00005_fake.mp4
id00548,fake.mp4,-,rtvc,B,RealVideo-FakeAudio,Caucasian (European),men,00015_fake.mp4,FakeAVCeleb/RealVideo-FakeAudio/Caucasian (European)/men/id00548,FakeAVCeleb_v1.2/RealVideo-FakeAudio/Caucasian (European)/men/id00548/00015_fake.mp4,../data/raw/FakeAVCeleb_v1.2/RealVideo-FakeAudio/Caucasian (European)/men/id00548/00015_fake.mp4
id00554,fake.mp4,-,rtvc,B,RealVideo-FakeAudio,Caucasian (European),men,00028_fake.mp4,FakeAVCeleb/RealVideo-FakeAudio/Caucasian (European)/men/id00554,FakeAVCeleb_v1.2/RealVideo-FakeAudio/Caucasian (European)/men/id00554/00028_fake.mp4,../data/raw/FakeAVCeleb_v1.2/RealVideo-FakeAudio/Caucasian (European)/men/id00554/00028_fake.mp4
id00559,fake.mp4,-,rtvc,B,RealVideo-FakeAudio,Caucasian (European),men,00078_fake.mp4,FakeAVCeleb/RealVideo-FakeAudio/Caucasian (European)/men/id00559,FakeAVCeleb_v1.2/RealVideo-FakeAudio/Caucasian (European)/men/id00559/00078_fake.mp4,../data/raw/FakeAVCeleb_v1.2/RealVideo-FakeAudio/Caucasian (European)/men/id00559/00078_fake.mp4
id00594,fake.mp4,-,rtvc,B,RealVideo-FakeAudio,Caucasian (European),men,00005_fake.mp4,FakeAVCeleb/RealVideo-FakeAudio/Caucasian (European)/men/id00594,FakeAVCeleb_v1.2/RealVideo-FakeAudio/Caucasian (European)/men/id00594/00005_fake.mp4,../data/raw/FakeAVCeleb_v1.2/RealVideo-FakeAudio/Caucasian (European)/men/id00594/00005_fake.mp4
id00694,fake.mp4,-,rtvc,B,RealVideo-FakeAudio,Caucasian (European),men,00340_fake.mp4,FakeAVCeleb/RealVideo-FakeAudio/Caucasian (European)/men/id00694,FakeAVCeleb_v1.2/RealVideo-FakeAudio/Caucasian (European)/men/id00694/00340_fake.mp4,../data/raw/FakeAVCeleb_v1.2/RealVideo-FakeAudio/Caucasian (European)/men/id00694/00340_fake.mp4
id00709,fake.mp4,-,rtvc,B,RealVideo-FakeAudio,Caucasian (European),men,00206_fake.mp4,FakeAVCeleb/RealVideo-FakeAudio/Caucasian (European)/men/id00709,FakeAVCeleb_v1.2/RealVideo-FakeAudio/Caucasian (European)/men/id00709/00206_fake.mp4,../data/raw/FakeAVCeleb_v1.2/RealVideo-FakeAudio/Caucasian (European)/men/id00709/00206_fake.mp4
id00909,fake.mp4,-,rtvc,B,RealVideo-FakeAudio,Caucasian (European),men,00037_fake.mp4,FakeAVCeleb/RealVideo-FakeAudio/Caucasian (European)/men/id00909,FakeAVCeleb_v1.2/RealVideo-FakeAudio/Caucasian (European)/men/id00909/00037_fake.mp4,../data/raw/FakeAVCeleb_v1.2/RealVideo-FakeAudio/Caucasian (European)/men/id00909/00037_fake.mp4
id00919,fake.mp4,-,rtvc,B,RealVideo-FakeAudio,Caucasian (European),men,00063_fake.mp4,FakeAVCeleb/RealVideo-FakeAudio/Caucasian (European)/men/id00919,FakeAVCeleb_v1.2/RealVideo-FakeAudio/Caucasian (European)/men/id00919/00063_fake.mp4,../data/raw/FakeAVCeleb_v1.2/RealVideo-FakeAudio/Caucasian (European)/men/id00919/00063_fake.mp4
id00946,fake.mp4,-,rtvc,B,RealVideo-FakeAudio,Caucasian (European),men,00126_fake.mp4,FakeAVCeleb/RealVideo-FakeAudio/Caucasian (European)/men/id00946,FakeAVCeleb_v1.2/RealVideo-FakeAudio/Caucasian (European)/men/id00946/00126_fake.mp4,../data/raw/FakeAVCeleb_v1.2/RealVideo-FakeAudio/Caucasian (European)/men/id00946/00126_fake.mp4
id00963,fake.mp4,-,rtvc,B,RealVideo-FakeAudio,Caucasian (European),men,00028_fake.mp4,FakeAVCeleb/RealVideo-FakeAudio/Caucasian (European)/men/id00963,FakeAVCeleb_v1.2/RealVideo-FakeAudio/Caucasian (European)/men/id00963/00028_fake.mp4,../data/raw/FakeAVCeleb_v1.2/RealVideo-FakeAudio/Caucasian (European)/men/id00963/00028_fake.mp4
id00981,fake.mp4,-,rtvc,B,RealVideo-FakeAudio,Caucasian (European),men,00092_fake.mp4,FakeAVCeleb/RealVideo-FakeAudio/Caucasian (European)/men/id00981,FakeAVCeleb_v1.2/RealVideo-FakeAudio/Caucasian (European)/men/id00981/00092_fake.mp4,../data/raw/FakeAVCeleb_v1.2/RealVideo-FakeAudio/Caucasian (European)/men/id00981/00092_fake.mp4
id00990,fake.mp4,-,rtvc,B,RealVideo-FakeAudio,Caucasian (European),men,00160_fake.mp4,FakeAVCeleb/RealVideo-FakeAudio/Caucasian (European)/men/id00990,FakeAVCeleb_v1.2/RealVideo-FakeAudio/Caucasian (European)/men/id00990/00160_fake.mp4,../data/raw/FakeAVCeleb_v1.2/RealVideo-FakeAudio/Caucasian (European)/men/id00990/00160_fake.mp4
id00999,fake.mp4,-,rtvc,B,RealVideo-FakeAudio,Caucasian (European),men,00028_fake.mp4,FakeAVCeleb/RealVideo-FakeAudio/Caucasian (European)/men/id00999,FakeAVCeleb_v1.2/RealVideo-FakeAudio/Caucasian (European)/men/id00999/00028_fake.mp4,../data/raw/FakeAVCeleb_v1.2/RealVideo-FakeAudio/Caucasian (European)/men/id00999/00028_fake.mp4
id01051,fake.mp4,-,rtvc,B,RealVideo-FakeAudio,Caucasian (European),men,00322_fake.mp4,FakeAVCeleb/RealVideo-FakeAudio/Caucasian (European)/men/id01051,FakeAVCeleb_v1.2/RealVideo-FakeAudio/Caucasian (European)/men/id01051/00322_fake.mp4,../data/raw/FakeAVCeleb_v1.2/RealVideo-FakeAudio/Caucasian (European)/men/id01051/00322_fake.mp4
id01052,fake.mp4,-,rtvc,B,RealVideo-FakeAudio,Caucasian (European),men,00076_fake.mp4,FakeAVCeleb/RealVideo-FakeAudio/Caucasian (European)/men/id01052,FakeAVCeleb_v1.2/RealVideo-FakeAudio/Caucasian (European)/men/id01052/00076_fake.mp4,../data/raw/FakeAVCeleb_v1.2/RealVideo-FakeAudio/Caucasian (European)/men/id01052/00076_fake.mp4
id01058,fake.mp4,-,rtvc,B,RealVideo-FakeAudio,Caucasian (European),men,00005_fake.mp4,FakeAVCeleb/RealVideo-FakeAudio/Caucasian (European)/men/id01058,FakeAVCeleb_v1.2/RealVideo-FakeAudio/Caucasian (European)/men/id01058/00005_fake.mp4,../data/raw/FakeAVCeleb_v1.2/RealVideo-FakeAudio/Caucasian (European)/men/id01058/00005_fake.mp4
id01098,fake.mp4,-,rtvc,B,RealVideo-FakeAudio,Caucasian (European),men,00044_fake.mp4,FakeAVCeleb/RealVideo-FakeAudio/Caucasian (European)/men/id01098,FakeAVCeleb_v1.2/RealVideo-FakeAudio/Caucasian (European)/men/id01098/00044_fake.mp4,../data/raw/FakeAVCeleb_v1.2/RealVideo-FakeAudio/Caucasian (European)/men/id01098/00044_fake.mp4
id01099,fake.mp4,-,rtvc,B,RealVideo-FakeAudio,Caucasian (European),men,00206_fake.mp4,FakeAVCeleb/RealVideo-FakeAudio/Caucasian (European)/men/id01099,FakeAVCeleb_v1.2/RealVideo-FakeAudio/Caucasian (European)/men/id01099/00206_fake.mp4,../data/raw/FakeAVCeleb_v1.2/RealVideo-FakeAudio/Caucasian (European)/men/id01099/00206_fake.mp4
id01102,fake.mp4,-,rtvc,B,RealVideo-FakeAudio,Caucasian (European),men,00197_fake.mp4,FakeAVCeleb/RealVideo-FakeAudio/Caucasian (European)/men/id01102,FakeAVCeleb_v1.2/RealVideo-FakeAudio/Caucasian (European)/men/id01102/00197_fake.mp4,../data/raw/FakeAVCeleb_v1.2/RealVideo-FakeAudio/Caucasian (European)/men/id01102/00197_fake.mp4
id01123,fake.mp4,-,rtvc,B,RealVideo-FakeAudio,Caucasian (European),men,00072_fake.mp4,FakeAVCeleb/RealVideo-FakeAudio/Caucasian (European)/men/id01123,FakeAVCeleb_v1.2/RealVideo-FakeAudio/Caucasian (European)/men/id01123/00072_fake.mp4,../data/raw/FakeAVCeleb_v1.2/RealVideo-FakeAudio/Caucasian (European)/men/id01123/00072_fake.mp4
id01126,fake.mp4,-,rtvc,B,RealVideo-FakeAudio,Caucasian (European),men,00040_fake.mp4,FakeAVCeleb/RealVideo-FakeAudio/Caucasian (European)/men/id01126,FakeAVCeleb_v1.2/RealVideo-FakeAudio/Caucasian (European)/men/id01126/00040_fake.mp4,../data/raw/FakeAVCeleb_v1.2/RealVideo-FakeAudio/Caucasian (European)/men/id01126/00040_fake.mp4
id01154,fake.mp4,-,rtvc,B,RealVideo-FakeAudio,Caucasian (European),men,00118_fake.mp4,FakeAVCeleb/RealVideo-FakeAudio/Caucasian (European)/men/id01154,FakeAVCeleb_v1.2/RealVideo-FakeAudio/Caucasian (European)/men/id01154/00118_fake.mp4,../data/raw/FakeAVCeleb_v1.2/RealVideo-FakeAudio/Caucasian (European)/men/id01154/00118_fake.mp4
id01156,fake.mp4,-,rtvc,B,RealVideo-FakeAudio,Caucasian (European),men,00078_fake.mp4,FakeAVCeleb/RealVideo-FakeAudio/Caucasian (European)/men/id01156,FakeAVCeleb_v1.2/RealVideo-FakeAudio/Caucasian (European)/men/id01156/00078_fake.mp4,../data/raw/FakeAVCeleb_v1.2/RealVideo-FakeAudio/Caucasian (European)/men/id01156/00078_fake.mp4
id01157,fake.mp4,-,rtvc,B,RealVideo-FakeAudio,Caucasian (European),men,00048_fake.mp4,FakeAVCeleb/RealVideo-FakeAudio/Caucasian (European)/men/id01157,FakeAVCeleb_v1.2/RealVideo-FakeAudio/Caucasian (European)/men/id01157/00048_fake.mp4,../data/raw/FakeAVCeleb_v1.2/RealVideo-FakeAudio/Caucasian (European)/men/id01157/00048_fake.mp4
id02567,fake.mp4,-,rtvc,B,RealVideo-FakeAudio,Caucasian (European),men,00040_fake.mp4,FakeAVCeleb/RealVideo-FakeAudio/Caucasian (European)/men/id02567,FakeAVCeleb_v1.2/RealVideo-FakeAudio/Caucasian (European)/men/id02567/00040_fake.mp4,../data/raw/FakeAVCeleb_v1.2/RealVideo-FakeAudio/Caucasian (European)/men/id02567/00040_fake.mp4
id03205,fake.mp4,-,rtvc,B,RealVideo-FakeAudio,Caucasian (European),men,00150_fake.mp4,FakeAVCeleb/RealVideo-FakeAudio/Caucasian (European)/men/id03205,FakeAVCeleb_v1.2/RealVideo-FakeAudio/Caucasian (European)/men/id03205/00150_fake.mp4,../data/raw/FakeAVCeleb_v1.2/RealVideo-FakeAudio/Caucasian (European)/men/id03205/00150_fake.mp4
id00042,fake.mp4,-,rtvc,B,RealVideo-FakeAudio,Caucasian (European),women,00028_fake.mp4,FakeAVCeleb/RealVideo-FakeAudio/Caucasian (European)/women/id00042,FakeAVCeleb_v1.2/RealVideo-FakeAudio/Caucasian (European)/women/id00042/00028_fake.mp4,../data/raw/FakeAVCeleb_v1.2/RealVideo-FakeAudio/Caucasian (European)/women/id00042/00028_fake.mp4
id00068,fake.mp4,-,rtvc,B,RealVideo-FakeAudio,Caucasian (European),women,00004_fake.mp4,FakeAVCeleb/RealVideo-FakeAudio/Caucasian (European)/women/id00068,FakeAVCeleb_v1.2/RealVideo-FakeAudio/Caucasian (European)/women/id00068/00004_fake.mp4,../data/raw/FakeAVCeleb_v1.2/RealVideo-FakeAudio/Caucasian (European)/women/id00068/00004_fake.mp4
id00071,fake.mp4,-,rtvc,B,RealVideo-FakeAudio,Caucasian (European),women,00014_fake.mp4,FakeAVCeleb/RealVideo-FakeAudio/Caucasian (European)/women/id00071,FakeAVCeleb_v1.2/RealVideo-FakeAudio/Caucasian (European)/women/id00071/00014_fake.mp4,../data/raw/FakeAVCeleb_v1.2/RealVideo-FakeAudio/Caucasian (European)/women/id00071/00014_fake.mp4
id00188,fake.mp4,-,rtvc,B,RealVideo-FakeAudio,Caucasian (European),women,00020_fake.mp4,FakeAVCeleb/RealVideo-FakeAudio/Caucasian (European)/women/id00188,FakeAVCeleb_v1.2/RealVideo-FakeAudio/Caucasian (European)/women/id00188/00020_fake.mp4,../data/raw/FakeAVCeleb_v1.2/RealVideo-FakeAudio/Caucasian (European)/women/id00188/00020_fake.mp4
id00232,fake.mp4,-,rtvc,B,RealVideo-FakeAudio,Caucasian (European),women,00025_fake.mp4,FakeAVCeleb/RealVideo-FakeAudio/Caucasian (European)/women/id00232,FakeAVCeleb_v1.2/RealVideo-FakeAudio/Caucasian (European)/women/id00232/00025_fake.mp4,../data/raw/FakeAVCeleb_v1.2/RealVideo-FakeAudio/Caucasian (European)/women/id00232/00025_fake.mp4
id00234,fake.mp4,-,rtvc,B,RealVideo-FakeAudio,Caucasian (European),women,00063_fake.mp4,FakeAVCeleb/RealVideo-FakeAudio/Caucasian (European)/women/id00234,FakeAVCeleb_v1.2/RealVideo-FakeAudio/Caucasian (European)/women/id00234/00063_fake.mp4,../data/raw/FakeAVCeleb_v1.2/RealVideo-FakeAudio/Caucasian (European)/women/id00234/00063_fake.mp4
id00262,fake.mp4,-,rtvc,B,RealVideo-FakeAudio,Caucasian (European),women,00028_fake.mp4,FakeAVCeleb/RealVideo-FakeAudio/Caucasian (European)/women/id00262,FakeAVCeleb_v1.2/RealVideo-FakeAudio/Caucasian (European)/women/id00262/00028_fake.mp4,../data/raw/FakeAVCeleb_v1.2/RealVideo-FakeAudio/Caucasian (European)/women/id00262/00028_fake.mp4
id00270,fake.mp4,-,rtvc,B,RealVideo-FakeAudio,Caucasian (European),women,00088_fake.mp4,FakeAVCeleb/RealVideo-FakeAudio/Caucasian (European)/women/id00270,FakeAVCeleb_v1.2/RealVideo-FakeAudio/Caucasian (European)/women/id00270/00088_fake.mp4,../data/raw/FakeAVCeleb_v1.2/RealVideo-FakeAudio/Caucasian (European)/women/id00270/00088_fake.mp4
id00271,fake.mp4,-,rtvc,B,RealVideo-FakeAudio,Caucasian (European),women,00028_fake.mp4,FakeAVCeleb/RealVideo-FakeAudio/Caucasian (European)/women/id00271,FakeAVCeleb_v1.2/RealVideo-FakeAudio/Caucasian (European)/women/id00271/00028_fake.mp4,../data/raw/FakeAVCeleb_v1.2/RealVideo-FakeAudio/Caucasian (European)/women/id00271/00028_fake.mp4
id00287,fake.mp4,-,rtvc,B,RealVideo-FakeAudio,Caucasian (European),women,00005_fake.mp4,FakeAVCeleb/RealVideo-FakeAudio/Caucasian (European)/women/id00287,FakeAVCeleb_v1.2/RealVideo-FakeAudio/Caucasian (European)/women/id00287/00005_fake.mp4,../data/raw/FakeAVCeleb_v1.2/RealVideo-FakeAudio/Caucasian (European)/women/id00287/00005_fake.mp4
id00325,fake.mp4,-,rtvc,B,RealVideo-FakeAudio,Caucasian (European),women,00015_fake.mp4,FakeAVCeleb/RealVideo-FakeAudio/Caucasian (European)/women/id00325,FakeAVCeleb_v1.2/RealVideo-FakeAudio/Caucasian (European)/women/id00325/00015_fake.mp4,../data/raw/FakeAVCeleb_v1.2/RealVideo-FakeAudio/Caucasian (European)/women/id00325/00015_fake.mp4
id00328,fake.mp4,-,rtvc,B,RealVideo-FakeAudio,Caucasian (European),women,00092_fake.mp4,FakeAVCeleb/RealVideo-FakeAudio/Caucasian (European)/women/id00328,FakeAVCeleb_v1.2/RealVideo-FakeAudio/Caucasian (European)/women/id00328/00092_fake.mp4,../data/raw/FakeAVCeleb_v1.2/RealVideo-FakeAudio/Caucasian (European)/women/id00328/00092_fake.mp4
id00330,fake.mp4,-,rtvc,B,RealVideo-FakeAudio,Caucasian (European),women,00118_fake.mp4,FakeAVCeleb/RealVideo-FakeAudio/Caucasian (European)/women/id00330,FakeAVCeleb_v1.2/RealVideo-FakeAudio/Caucasian (European)/women/id00330/00118_fake.mp4,../data/raw/FakeAVCeleb_v1.2/RealVideo-FakeAudio/Caucasian (European)/women/id00330/00118_fake.mp4
id00332,fake.mp4,-,rtvc,B,RealVideo-FakeAudio,Caucasian (European),women,00293_fake.mp4,FakeAVCeleb/RealVideo-FakeAudio/Caucasian (European)/women/id00332,FakeAVCeleb_v1.2/RealVideo-FakeAudio/Caucasian (European)/women/id00332/00293_fake.mp4,../data/raw/FakeAVCeleb_v1.2/RealVideo-FakeAudio/Caucasian (European)/women/id00332/00293_fake.mp4
id00365,fake.mp4,-,rtvc,B,RealVideo-FakeAudio,Caucasian (European),women,00078_fake.mp4,FakeAVCeleb/RealVideo-FakeAudio/Caucasian (European)/women/id00365,FakeAVCeleb_v1.2/RealVideo-FakeAudio/Caucasian (European)/women/id00365/00078_fake.mp4,../data/raw/FakeAVCeleb_v1.2/RealVideo-FakeAudio/Caucasian (European)/women/id00365/00078_fake.mp4
id00373,fake.mp4,-,rtvc,B,RealVideo-FakeAudio,Caucasian (European),women,00028_fake.mp4,FakeAVCeleb/RealVideo-FakeAudio/Caucasian (European)/women/id00373,FakeAVCeleb_v1.2/RealVideo-FakeAudio/Caucasian (European)/women/id00373/00028_fake.mp4,../data/raw/FakeAVCeleb_v1.2/RealVideo-FakeAudio/Caucasian (European)/women/id00373/00028_fake.mp4
id00374,fake.mp4,-,rtvc,B,RealVideo-FakeAudio,Caucasian (European),women,00311_fake.mp4,FakeAVCeleb/RealVideo-FakeAudio/Caucasian (European)/women/id00374,FakeAVCeleb_v1.2/RealVideo-FakeAudio/Caucasian (European)/women/id00374/00311_fake.mp4,../data/raw/FakeAVCeleb_v1.2/RealVideo-FakeAudio/Caucasian (European)/women/id00374/00311_fake.mp4
id00379,fake.mp4,-,rtvc,B,RealVideo-FakeAudio,Caucasian (European),women,00043_fake.mp4,FakeAVCeleb/RealVideo-FakeAudio/Caucasian (European)/women/id00379,FakeAVCeleb_v1.2/RealVideo-FakeAudio/Caucasian (European)/women/id00379/00043_fake.mp4,../data/raw/FakeAVCeleb_v1.2/RealVideo-FakeAudio/Caucasian (European)/women/id00379/00043_fake.mp4
id00395,fake.mp4,-,rtvc,B,RealVideo-FakeAudio,Caucasian (European),women,00420_fake.mp4,FakeAVCeleb/RealVideo-FakeAudio/Caucasian (European)/women/id00395,FakeAVCeleb_v1.2/RealVideo-FakeAudio/Caucasian (European)/women/id00395/00420_fake.mp4,../data/raw/FakeAVCeleb_v1.2/RealVideo-FakeAudio/Caucasian (European)/women/id00395/00420_fake.mp4
id00403,fake.mp4,-,rtvc,B,RealVideo-FakeAudio,Caucasian (European),women,00052_fake.mp4,FakeAVCeleb/RealVideo-FakeAudio/Caucasian (European)/women/id00403,FakeAVCeleb_v1.2/RealVideo-FakeAudio/Caucasian (European)/women/id00403/00052_fake.mp4,../data/raw/FakeAVCeleb_v1.2/RealVideo-FakeAudio/Caucasian (European)/women/id00403/00052_fake.mp4
id00434,fake.mp4,-,rtvc,B,RealVideo-FakeAudio,Caucasian (European),women,00046_fake.mp4,FakeAVCeleb/RealVideo-FakeAudio/Caucasian (European)/women/id00434,FakeAVCeleb_v1.2/RealVideo-FakeAudio/Caucasian (European)/women/id00434/00046_fake.mp4,../data/raw/FakeAVCeleb_v1.2/RealVideo-FakeAudio/Caucasian (European)/women/id00434/00046_fake.mp4
id00484,fake.mp4,-,rtvc,B,RealVideo-FakeAudio,Caucasian (European),women,00202_fake.mp4,FakeAVCeleb/RealVideo-FakeAudio/Caucasian (European)/women/id00484,FakeAVCeleb_v1.2/RealVideo-FakeAudio/Caucasian (European)/women/id00484/00202_fake.mp4,../data/raw/FakeAVCeleb_v1.2/RealVideo-FakeAudio/Caucasian (European)/women/id00484/00202_fake.mp4
id00491,fake.mp4,-,rtvc,B,RealVideo-FakeAudio,Caucasian (European),women,00122_fake.mp4,FakeAVCeleb/RealVideo-FakeAudio/Caucasian (European)/women/id00491,FakeAVCeleb_v1.2/RealVideo-FakeAudio/Caucasian (European)/women/id00491/00122_fake.mp4,../data/raw/FakeAVCeleb_v1.2/RealVideo-FakeAudio/Caucasian (European)/women/id00491/00122_fake.mp4
id00495,fake.mp4,-,rtvc,B,RealVideo-FakeAudio,Caucasian (European),women,00027_fake.mp4,FakeAVCeleb/RealVideo-FakeAudio/Caucasian (European)/women/id00495,FakeAVCeleb_v1.2/RealVideo-FakeAudio/Caucasian (European)/women/id00495/00027_fake.mp4,../data/raw/FakeAVCeleb_v1.2/RealVideo-FakeAudio/Caucasian (European)/women/id00495/00027_fake.mp4
id00496,fake.mp4,-,rtvc,B,RealVideo-FakeAudio,Caucasian (European),women,00015_fake.mp4,FakeAVCeleb/RealVideo-FakeAudio/Caucasian (European)/women/id00496,FakeAVCeleb_v1.2/RealVideo-FakeAudio/Caucasian (European)/women/id00496/00015_fake.mp4,../data/raw/FakeAVCeleb_v1.2/RealVideo-FakeAudio/Caucasian (European)/women/id00496/00015_fake.mp4
id00569,fake.mp4,-,rtvc,B,RealVideo-FakeAudio,Caucasian (European),women,00239_fake.mp4,FakeAVCeleb/RealVideo-FakeAudio/Caucasian (European)/women/id00569,FakeAVCeleb_v1.2/RealVideo-FakeAudio/Caucasian (European)/women/id00569/00239_fake.mp4,../data/raw/FakeAVCeleb_v1.2/RealVideo-FakeAudio/Caucasian (European)/women/id00569/00239_fake.mp4
id00581,fake.mp4,-,rtvc,B,RealVideo-FakeAudio,Caucasian (European),women,00010_fake.mp4,FakeAVCeleb/RealVideo-FakeAudio/Caucasian (European)/women/id00581,FakeAVCeleb_v1.2/RealVideo-FakeAudio/Caucasian (European)/women/id00581/00010_fake.mp4,../data/raw/FakeAVCeleb_v1.2/RealVideo-FakeAudio/Caucasian (European)/women/id00581/00010_fake.mp4
id00589,fake.mp4,-,rtvc,B,RealVideo-FakeAudio,Caucasian (European),women,00130_fake.mp4,FakeAVCeleb/RealVideo-FakeAudio/Caucasian (European)/women/id00589,FakeAVCeleb_v1.2/RealVideo-FakeAudio/Caucasian (European)/women/id00589/00130_fake.mp4,../data/raw/FakeAVCeleb_v1.2/RealVideo-FakeAudio/Caucasian (European)/women/id00589/00130_fake.mp4
id00591,fake.mp4,-,rtvc,B,RealVideo-FakeAudio,Caucasian (European),women,00001_fake.mp4,FakeAVCeleb/RealVideo-FakeAudio/Caucasian (European)/women/id00591,FakeAVCeleb_v1.2/RealVideo-FakeAudio/Caucasian (European)/women/id00591/00001_fake.mp4,../data/raw/FakeAVCeleb_v1.2/RealVideo-FakeAudio/Caucasian (European)/women/id00591/00001_fake.mp4
id00633,fake.mp4,-,rtvc,B,RealVideo-FakeAudio,Caucasian (European),women,00088_fake.mp4,FakeAVCeleb/RealVideo-FakeAudio/Caucasian (European)/women/id00633,FakeAVCeleb_v1.2/RealVideo-FakeAudio/Caucasian (European)/women/id00633/00088_fake.mp4,../data/raw/FakeAVCeleb_v1.2/RealVideo-FakeAudio/Caucasian (European)/women/id00633/00088_fake.mp4
id00634,fake.mp4,-,rtvc,B,RealVideo-FakeAudio,Caucasian (European),women,00078_fake.mp4,FakeAVCeleb/RealVideo-FakeAudio/Caucasian (European)/women/id00634,FakeAVCeleb_v1.2/RealVideo-FakeAudio/Caucasian (European)/women/id00634/00078_fake.mp4,../data/raw/FakeAVCeleb_v1.2/RealVideo-FakeAudio/Caucasian (European)/women/id00634/00078_fake.mp4
id00735,fake.mp4,-,rtvc,B,RealVideo-FakeAudio,Caucasian (European),women,00037_fake.mp4,FakeAVCeleb/RealVideo-FakeAudio/Caucasian (European)/women/id00735,FakeAVCeleb_v1.2/RealVideo-FakeAudio/Caucasian (European)/women/id00735/00037_fake.mp4,../data/raw/FakeAVCeleb_v1.2/RealVideo-FakeAudio/Caucasian (European)/women/id00735/00037_fake.mp4
id00806,fake.mp4,-,rtvc,B,RealVideo-FakeAudio,Caucasian (European),women,00005_fake.mp4,FakeAVCeleb/RealVideo-FakeAudio/Caucasian (European)/women/id00806,FakeAVCeleb_v1.2/RealVideo-FakeAudio/Caucasian (European)/women/id00806/00005_fake.mp4,../data/raw/FakeAVCeleb_v1.2/RealVideo-FakeAudio/Caucasian (European)/women/id00806/00005_fake.mp4
id00813,fake.mp4,-,rtvc,B,RealVideo-FakeAudio,Caucasian (European),women,00169_fake.mp4,FakeAVCeleb/RealVideo-FakeAudio/Caucasian (European)/women/id00813,FakeAVCeleb_v1.2/RealVideo-FakeAudio/Caucasian (European)/women/id00813/00169_fake.mp4,../data/raw/FakeAVCeleb_v1.2/RealVideo-FakeAudio/Caucasian (European)/women/id00813/00169_fake.mp4
id00823,fake.mp4,-,rtvc,B,RealVideo-FakeAudio,Caucasian (European),women,00125_fake.mp4,FakeAVCeleb/RealVideo-FakeAudio/Caucasian (European)/women/id00823,FakeAVCeleb_v1.2/RealVideo-FakeAudio/Caucasian (European)/women/id00823/00125_fake.mp4,../data/raw/FakeAVCeleb_v1.2/RealVideo-FakeAudio/Caucasian (European)/women/id00823/00125_fake.mp4
id00826,fake.mp4,-,rtvc,B,RealVideo-FakeAudio,Caucasian (European),women,00065_fake.mp4,FakeAVCeleb/RealVideo-FakeAudio/Caucasian (European)/women/id00826,FakeAVCeleb_v1.2/RealVideo-FakeAudio/Caucasian (European)/women/id00826/00065_fake.mp4,../data/raw/FakeAVCeleb_v1.2/RealVideo-FakeAudio/Caucasian (European)/women/id00826/00065_fake.mp4
id00897,fake.mp4,-,rtvc,B,RealVideo-FakeAudio,Caucasian (European),women,00005_fake.mp4,FakeAVCeleb/RealVideo-FakeAudio/Caucasian (European)/women/id00897,FakeAVCeleb_v1.2/RealVideo-FakeAudio/Caucasian (European)/women/id00897/00005_fake.mp4,../data/raw/FakeAVCeleb_v1.2/RealVideo-FakeAudio/Caucasian (European)/women/id00897/00005_fake.mp4
id01001,fake.mp4,-,rtvc,B,RealVideo-FakeAudio,Caucasian (European),women,00086_fake.mp4,FakeAVCeleb/RealVideo-FakeAudio/Caucasian (European)/women/id01001,FakeAVCeleb_v1.2/RealVideo-FakeAudio/Caucasian (European)/women/id01001/00086_fake.mp4,../data/raw/FakeAVCeleb_v1.2/RealVideo-FakeAudio/Caucasian (European)/women/id01001/00086_fake.mp4
id01002,fake.mp4,-,rtvc,B,RealVideo-FakeAudio,Caucasian (European),women,00043_fake.mp4,FakeAVCeleb/RealVideo-FakeAudio/Caucasian (European)/women/id01002,FakeAVCeleb_v1.2/RealVideo-FakeAudio/Caucasian (European)/women/id01002/00043_fake.mp4,../data/raw/FakeAVCeleb_v1.2/RealVideo-FakeAudio/Caucasian (European)/women/id01002/00043_fake.mp4
id01018,fake.mp4,-,rtvc,B,RealVideo-FakeAudio,Caucasian (European),women,00072_fake.mp4,FakeAVCeleb/RealVideo-FakeAudio/Caucasian (European)/women/id01018,FakeAVCeleb_v1.2/RealVideo-FakeAudio/Caucasian (European)/women/id01018/00072_fake.mp4,../data/raw/FakeAVCeleb_v1.2/RealVideo-FakeAudio/Caucasian (European)/women/id01018/00072_fake.mp4
id03371,fake.mp4,-,rtvc,B,RealVideo-FakeAudio,Caucasian (European),women,00430_fake.mp4,FakeAVCeleb/RealVideo-FakeAudio/Caucasian (European)/women/id03371,FakeAVCeleb_v1.2/RealVideo-FakeAudio/Caucasian (European)/women/id03371/00430_fake.mp4,../data/raw/FakeAVCeleb_v1.2/RealVideo-FakeAudio/Caucasian (European)/women/id03371/00430_fake.mp4
id03589,fake.mp4,-,rtvc,B,RealVideo-FakeAudio,Caucasian (European),women,00002_fake.mp4,FakeAVCeleb/RealVideo-FakeAudio/Caucasian (European)/women/id03589,FakeAVCeleb_v1.2/RealVideo-FakeAudio/Caucasian (European)/women/id03589/00002_fake.mp4,../data/raw/FakeAVCeleb_v1.2/RealVideo-FakeAudio/Caucasian (European)/women/id03589/00002_fake.mp4
id03620,fake.mp4,-,rtvc,B,RealVideo-FakeAudio,Caucasian (European),women,00081_fake.mp4,FakeAVCeleb/RealVideo-FakeAudio/Caucasian (European)/women/id03620,FakeAVCeleb_v1.2/RealVideo-FakeAudio/Caucasian (European)/women/id03620/00081_fake.mp4,../data/raw/FakeAVCeleb_v1.2/RealVideo-FakeAudio/Caucasian (European)/women/id03620/00081_fake.mp4
id03649,fake.mp4,-,rtvc,B,RealVideo-FakeAudio,Caucasian (European),women,00001_fake.mp4,FakeAVCeleb/RealVideo-FakeAudio/Caucasian (European)/women/id03649,FakeAVCeleb_v1.2/RealVideo-FakeAudio/Caucasian (European)/women/id03649/00001_fake.mp4,../data/raw/FakeAVCeleb_v1.2/RealVideo-FakeAudio/Caucasian (European)/women/id03649/00001_fake.mp4
id03651,fake.mp4,-,rtvc,B,RealVideo-FakeAudio,Caucasian (European),women,00092_fake.mp4,FakeAVCeleb/RealVideo-FakeAudio/Caucasian (European)/women/id03651,FakeAVCeleb_v1.2/RealVideo-FakeAudio/Caucasian (European)/women/id03651/00092_fake.mp4,../data/raw/FakeAVCeleb_v1.2/RealVideo-FakeAudio/Caucasian (European)/women/id03651/00092_fake.mp4
id03716,fake.mp4,-,rtvc,B,RealVideo-FakeAudio,Caucasian (European),women,00040_fake.mp4,FakeAVCeleb/RealVideo-FakeAudio/Caucasian (European)/women/id03716,FakeAVCeleb_v1.2/RealVideo-FakeAudio/Caucasian (European)/women/id03716/00040_fake.mp4,../data/raw/FakeAVCeleb_v1.2/RealVideo-FakeAudio/Caucasian (European)/women/id03716/00040_fake.mp4
id03816,fake.mp4,-,rtvc,B,RealVideo-FakeAudio,Caucasian (European),women,00093_fake.mp4,FakeAVCeleb/RealVideo-FakeAudio/Caucasian (European)/women/id03816,FakeAVCeleb_v1.2/RealVideo-FakeAudio/Caucasian (European)/women/id03816/00093_fake.mp4,../data/raw/FakeAVCeleb_v1.2/RealVideo-FakeAudio/Caucasian (European)/women/id03816/00093_fake.mp4
id03844,fake.mp4,-,rtvc,B,RealVideo-FakeAudio,Caucasian (European),women,00028_fake.mp4,FakeAVCeleb/RealVideo-FakeAudio/Caucasian (European)/women/id03844,FakeAVCeleb_v1.2/RealVideo-FakeAudio/Caucasian (European)/women/id03844/00028_fake.mp4,../data/raw/FakeAVCeleb_v1.2/RealVideo-FakeAudio/Caucasian (European)/women/id03844/00028_fake.mp4
id03858,fake.mp4,-,rtvc,B,RealVideo-FakeAudio,Caucasian (European),women,00092_fake.mp4,FakeAVCeleb/RealVideo-FakeAudio/Caucasian (European)/women/id03858,FakeAVCeleb_v1.2/RealVideo-FakeAudio/Caucasian (European)/women/id03858/00092_fake.mp4,../data/raw/FakeAVCeleb_v1.2/RealVideo-FakeAudio/Caucasian (European)/women/id03858/00092_fake.mp4
id03941,fake.mp4,-,rtvc,B,RealVideo-FakeAudio,Caucasian (European),women,00021_fake.mp4,FakeAVCeleb/RealVideo-FakeAudio/Caucasian (European)/women/id03941,FakeAVCeleb_v1.2/RealVideo-FakeAudio/Caucasian (European)/women/id03941/00021_fake.mp4,../data/raw/FakeAVCeleb_v1.2/RealVideo-FakeAudio/Caucasian (European)/women/id03941/00021_fake.mp4
id00032,fake.mp4,-,rtvc,B,RealVideo-FakeAudio,Asian (South),men,00028_fake.mp4,FakeAVCeleb/RealVideo-FakeAudio/Asian (South)/men/id00032,FakeAVCeleb_v1.2/RealVideo-FakeAudio/Asian (South)/men/id00032/00028_fake.mp4,../data/raw/FakeAVCeleb_v1.2/RealVideo-FakeAudio/Asian (South)/men/id00032/00028_fake.mp4
id00033,fake.mp4,-,rtvc,B,RealVideo-FakeAudio,Asian (South),men,00276_fake.mp4,FakeAVCeleb/RealVideo-FakeAudio/Asian (South)/men/id00033,FakeAVCeleb_v1.2/RealVideo-FakeAudio/Asian (South)/men/id00033/00276_fake.mp4,../data/raw/FakeAVCeleb_v1.2/RealVideo-FakeAudio/Asian (South)/men/id00033/00276_fake.mp4
id00078,fake.mp4,-,rtvc,B,RealVideo-FakeAudio,Asian (South),men,00114_fake.mp4,FakeAVCeleb/RealVideo-FakeAudio/Asian (South)/men/id00078,FakeAVCeleb_v1.2/RealVideo-FakeAudio/Asian (South)/men/id00078/00114_fake.mp4,../data/raw/FakeAVCeleb_v1.2/RealVideo-FakeAudio/Asian (South)/men/id00078/00114_fake.mp4
id00082,fake.mp4,-,rtvc,B,RealVideo-FakeAudio,Asian (South),men,00052_fake.mp4,FakeAVCeleb/RealVideo-FakeAudio/Asian (South)/men/id00082,FakeAVCeleb_v1.2/RealVideo-FakeAudio/Asian (South)/men/id00082/00052_fake.mp4,../data/raw/FakeAVCeleb_v1.2/RealVideo-FakeAudio/Asian (South)/men/id00082/00052_fake.mp4
id00103,fake.mp4,-,rtvc,B,RealVideo-FakeAudio,Asian (South),men,00241_fake.mp4,FakeAVCeleb/RealVideo-FakeAudio/Asian (South)/men/id00103,FakeAVCeleb_v1.2/RealVideo-FakeAudio/Asian (South)/men/id00103/00241_fake.mp4,../data/raw/FakeAVCeleb_v1.2/RealVideo-FakeAudio/Asian (South)/men/id00103/00241_fake.mp4
id00350,fake.mp4,-,rtvc,B,RealVideo-FakeAudio,Asian (South),men,00015_fake.mp4,FakeAVCeleb/RealVideo-FakeAudio/Asian (South)/men/id00350,FakeAVCeleb_v1.2/RealVideo-FakeAudio/Asian (South)/men/id00350/00015_fake.mp4,../data/raw/FakeAVCeleb_v1.2/RealVideo-FakeAudio/Asian (South)/men/id00350/00015_fake.mp4
id00414,fake.mp4,-,rtvc,B,RealVideo-FakeAudio,Asian (South),men,00052_fake.mp4,FakeAVCeleb/RealVideo-FakeAudio/Asian (South)/men/id00414,FakeAVCeleb_v1.2/RealVideo-FakeAudio/Asian (South)/men/id00414/00052_fake.mp4,../data/raw/FakeAVCeleb_v1.2/RealVideo-FakeAudio/Asian (South)/men/id00414/00052_fake.mp4
id00459,fake.mp4,-,rtvc,B,RealVideo-FakeAudio,Asian (South),men,00382_fake.mp4,FakeAVCeleb/RealVideo-FakeAudio/Asian (South)/men/id00459,FakeAVCeleb_v1.2/RealVideo-FakeAudio/Asian (South)/men/id00459/00382_fake.mp4,../data/raw/FakeAVCeleb_v1.2/RealVideo-FakeAudio/Asian (South)/men/id00459/00382_fake.mp4
id00685,fake.mp4,-,rtvc,B,RealVideo-FakeAudio,Asian (South),men,00146_fake.mp4,FakeAVCeleb/RealVideo-FakeAudio/Asian (South)/men/id00685,FakeAVCeleb_v1.2/RealVideo-FakeAudio/Asian (South)/men/id00685/00146_fake.mp4,../data/raw/FakeAVCeleb_v1.2/RealVideo-FakeAudio/Asian (South)/men/id00685/00146_fake.mp4
id00732,fake.mp4,-,rtvc,B,RealVideo-FakeAudio,Asian (South),men,00118_fake.mp4,FakeAVCeleb/RealVideo-FakeAudio/Asian (South)/men/id00732,FakeAVCeleb_v1.2/RealVideo-FakeAudio/Asian (South)/men/id00732/00118_fake.mp4,../data/raw/FakeAVCeleb_v1.2/RealVideo-FakeAudio/Asian (South)/men/id00732/00118_fake.mp4
id00745,fake.mp4,-,rtvc,B,RealVideo-FakeAudio,Asian (South),men,00165_fake.mp4,FakeAVCeleb/RealVideo-FakeAudio/Asian (South)/men/id00745,FakeAVCeleb_v1.2/RealVideo-FakeAudio/Asian (South)/men/id00745/00165_fake.mp4,../data/raw/FakeAVCeleb_v1.2/RealVideo-FakeAudio/Asian (South)/men/id00745/00165_fake.mp4
id00769,fake.mp4,-,rtvc,B,RealVideo-FakeAudio,Asian (South),men,00015_fake.mp4,FakeAVCeleb/RealVideo-FakeAudio/Asian (South)/men/id00769,FakeAVCeleb_v1.2/RealVideo-FakeAudio/Asian (South)/men/id00769/00015_fake.mp4,../data/raw/FakeAVCeleb_v1.2/RealVideo-FakeAudio/Asian (South)/men/id00769/00015_fake.mp4
id00773,fake.mp4,-,rtvc,B,RealVideo-FakeAudio,Asian (South),men,00038_fake.mp4,FakeAVCeleb/RealVideo-FakeAudio/Asian (South)/men/id00773,FakeAVCeleb_v1.2/RealVideo-FakeAudio/Asian (South)/men/id00773/00038_fake.mp4,../data/raw/FakeAVCeleb_v1.2/RealVideo-FakeAudio/Asian (South)/men/id00773/00038_fake.mp4
id00816,fake.mp4,-,rtvc,B,RealVideo-FakeAudio,Asian (South),men,00118_fake.mp4,FakeAVCeleb/RealVideo-FakeAudio/Asian (South)/men/id00816,FakeAVCeleb_v1.2/RealVideo-FakeAudio/Asian (South)/men/id00816/00118_fake.mp4,../data/raw/FakeAVCeleb_v1.2/RealVideo-FakeAudio/Asian (South)/men/id00816/00118_fake.mp4
id00857,fake.mp4,-,rtvc,B,RealVideo-FakeAudio,Asian (South),men,00347_fake.mp4,FakeAVCeleb/RealVideo-FakeAudio/Asian (South)/men/id00857,FakeAVCeleb_v1.2/RealVideo-FakeAudio/Asian (South)/men/id00857/00347_fake.mp4,../data/raw/FakeAVCeleb_v1.2/RealVideo-FakeAudio/Asian (South)/men/id00857/00347_fake.mp4
id00860,fake.mp4,-,rtvc,B,RealVideo-FakeAudio,Asian (South),men,00154_fake.mp4,FakeAVCeleb/RealVideo-FakeAudio/Asian (South)/men/id00860,FakeAVCeleb_v1.2/RealVideo-FakeAudio/Asian (South)/men/id00860/00154_fake.mp4,../data/raw/FakeAVCeleb_v1.2/RealVideo-FakeAudio/Asian (South)/men/id00860/00154_fake.mp4
id03180,fake.mp4,-,rtvc,B,RealVideo-FakeAudio,Asian (South),men,00039_fake.mp4,FakeAVCeleb/RealVideo-FakeAudio/Asian (South)/men/id03180,FakeAVCeleb_v1.2/RealVideo-FakeAudio/Asian (South)/men/id03180/00039_fake.mp4,../data/raw/FakeAVCeleb_v1.2/RealVideo-FakeAudio/Asian (South)/men/id03180/00039_fake.mp4
id03344,fake.mp4,-,rtvc,B,RealVideo-FakeAudio,Asian (South),men,00114_fake.mp4,FakeAVCeleb/RealVideo-FakeAudio/Asian (South)/men/id03344,FakeAVCeleb_v1.2/RealVideo-FakeAudio/Asian (South)/men/id03344/00114_fake.mp4,../data/raw/FakeAVCeleb_v1.2/RealVideo-FakeAudio/Asian (South)/men/id03344/00114_fake.mp4
id03599,fake.mp4,-,rtvc,B,RealVideo-FakeAudio,Asian (South),men,00072_fake.mp4,FakeAVCeleb/RealVideo-FakeAudio/Asian (South)/men/id03599,FakeAVCeleb_v1.2/RealVideo-FakeAudio/Asian (South)/men/id03599/00072_fake.mp4,../data/raw/FakeAVCeleb_v1.2/RealVideo-FakeAudio/Asian (South)/men/id03599/00072_fake.mp4
id03945,fake.mp4,-,rtvc,B,RealVideo-FakeAudio,Asian (South),men,00063_fake.mp4,FakeAVCeleb/RealVideo-FakeAudio/Asian (South)/men/id03945,FakeAVCeleb_v1.2/RealVideo-FakeAudio/Asian (South)/men/id03945/00063_fake.mp4,../data/raw/FakeAVCeleb_v1.2/RealVideo-FakeAudio/Asian (South)/men/id03945/00063_fake.mp4
id04526,fake.mp4,-,rtvc,B,RealVideo-FakeAudio,Asian (South),men,00317_fake.mp4,FakeAVCeleb/RealVideo-FakeAudio/Asian (South)/men/id04526,FakeAVCeleb_v1.2/RealVideo-FakeAudio/Asian (South)/men/id04526/00317_fake.mp4,../data/raw/FakeAVCeleb_v1.2/RealVideo-FakeAudio/Asian (South)/men/id04526/00317_fake.mp4
id04537,fake.mp4,-,rtvc,B,RealVideo-FakeAudio,Asian (South),men,00083_fake.mp4,FakeAVCeleb/RealVideo-FakeAudio/Asian (South)/men/id04537,FakeAVCeleb_v1.2/RealVideo-FakeAudio/Asian (South)/men/id04537/00083_fake.mp4,../data/raw/FakeAVCeleb_v1.2/RealVideo-FakeAudio/Asian (South)/men/id04537/00083_fake.mp4
id04554,fake.mp4,-,rtvc,B,RealVideo-FakeAudio,Asian (South),men,00118_fake.mp4,FakeAVCeleb/RealVideo-FakeAudio/Asian (South)/men/id04554,FakeAVCeleb_v1.2/RealVideo-FakeAudio/Asian (South)/men/id04554/00118_fake.mp4,../data/raw/FakeAVCeleb_v1.2/RealVideo-FakeAudio/Asian (South)/men/id04554/00118_fake.mp4
id04560,fake.mp4,-,rtvc,B,RealVideo-FakeAudio,Asian (South),men,00195_fake.mp4,FakeAVCeleb/RealVideo-FakeAudio/Asian (South)/men/id04560,FakeAVCeleb_v1.2/RealVideo-FakeAudio/Asian (South)/men/id04560/00195_fake.mp4,../data/raw/FakeAVCeleb_v1.2/RealVideo-FakeAudio/Asian (South)/men/id04560/00195_fake.mp4
id04561,fake.mp4,-,rtvc,B,RealVideo-FakeAudio,Asian (South),men,00248_fake.mp4,FakeAVCeleb/RealVideo-FakeAudio/Asian (South)/men/id04561,FakeAVCeleb_v1.2/RealVideo-FakeAudio/Asian (South)/men/id04561/00248_fake.mp4,../data/raw/FakeAVCeleb_v1.2/RealVideo-FakeAudio/Asian (South)/men/id04561/00248_fake.mp4
id04562,fake.mp4,-,rtvc,B,RealVideo-FakeAudio,Asian (South),men,00221_fake.mp4,FakeAVCeleb/RealVideo-FakeAudio/Asian (South)/men/id04562,FakeAVCeleb_v1.2/RealVideo-FakeAudio/Asian (South)/men/id04562/00221_fake.mp4,../data/raw/FakeAVCeleb_v1.2/RealVideo-FakeAudio/Asian (South)/men/id04562/00221_fake.mp4
id04599,fake.mp4,-,rtvc,B,RealVideo-FakeAudio,Asian (South),men,00111_fake.mp4,FakeAVCeleb/RealVideo-FakeAudio/Asian (South)/men/id04599,FakeAVCeleb_v1.2/RealVideo-FakeAudio/Asian (South)/men/id04599/00111_fake.mp4,../data/raw/FakeAVCeleb_v1.2/RealVideo-FakeAudio/Asian (South)/men/id04599/00111_fake.mp4
id04601,fake.mp4,-,rtvc,B,RealVideo-FakeAudio,Asian (South),men,00118_fake.mp4,FakeAVCeleb/RealVideo-FakeAudio/Asian (South)/men/id04601,FakeAVCeleb_v1.2/RealVideo-FakeAudio/Asian (South)/men/id04601/00118_fake.mp4,../data/raw/FakeAVCeleb_v1.2/RealVideo-FakeAudio/Asian (South)/men/id04601/00118_fake.mp4
id04928,fake.mp4,-,rtvc,B,RealVideo-FakeAudio,Asian (South),men,00027_fake.mp4,FakeAVCeleb/RealVideo-FakeAudio/Asian (South)/men/id04928,FakeAVCeleb_v1.2/RealVideo-FakeAudio/Asian (South)/men/id04928/00027_fake.mp4,../data/raw/FakeAVCeleb_v1.2/RealVideo-FakeAudio/Asian (South)/men/id04928/00027_fake.mp4
id06334,fake.mp4,-,rtvc,B,RealVideo-FakeAudio,Asian (South),men,00015_fake.mp4,FakeAVCeleb/RealVideo-FakeAudio/Asian (South)/men/id06334,FakeAVCeleb_v1.2/RealVideo-FakeAudio/Asian (South)/men/id06334/00015_fake.mp4,../data/raw/FakeAVCeleb_v1.2/RealVideo-FakeAudio/Asian (South)/men/id06334/00015_fake.mp4
id06354,fake.mp4,-,rtvc,B,RealVideo-FakeAudio,Asian (South),men,00021_fake.mp4,FakeAVCeleb/RealVideo-FakeAudio/Asian (South)/men/id06354,FakeAVCeleb_v1.2/RealVideo-FakeAudio/Asian (South)/men/id06354/00021_fake.mp4,../data/raw/FakeAVCeleb_v1.2/RealVideo-FakeAudio/Asian (South)/men/id06354/00021_fake.mp4
id06355,fake.mp4,-,rtvc,B,RealVideo-FakeAudio,Asian (South),men,00347_fake.mp4,FakeAVCeleb/RealVideo-FakeAudio/Asian (South)/men/id06355,FakeAVCeleb_v1.2/RealVideo-FakeAudio/Asian (South)/men/id06355/00347_fake.mp4,../data/raw/FakeAVCeleb_v1.2/RealVideo-FakeAudio/Asian (South)/men/id06355/00347_fake.mp4
id06753,fake.mp4,-,rtvc,B,RealVideo-FakeAudio,Asian (South),men,00021_fake.mp4,FakeAVCeleb/RealVideo-FakeAudio/Asian (South)/men/id06753,FakeAVCeleb_v1.2/RealVideo-FakeAudio/Asian (South)/men/id06753/00021_fake.mp4,../data/raw/FakeAVCeleb_v1.2/RealVideo-FakeAudio/Asian (South)/men/id06753/00021_fake.mp4
id07058,fake.mp4,-,rtvc,B,RealVideo-FakeAudio,Asian (South),men,00010_fake.mp4,FakeAVCeleb/RealVideo-FakeAudio/Asian (South)/men/id07058,FakeAVCeleb_v1.2/RealVideo-FakeAudio/Asian (South)/men/id07058/00010_fake.mp4,../data/raw/FakeAVCeleb_v1.2/RealVideo-FakeAudio/Asian (South)/men/id07058/00010_fake.mp4
id07108,fake.mp4,-,rtvc,B,RealVideo-FakeAudio,Asian (South),men,00412_fake.mp4,FakeAVCeleb/RealVideo-FakeAudio/Asian (South)/men/id07108,FakeAVCeleb_v1.2/RealVideo-FakeAudio/Asian (South)/men/id07108/00412_fake.mp4,../data/raw/FakeAVCeleb_v1.2/RealVideo-FakeAudio/Asian (South)/men/id07108/00412_fake.mp4
id07161,fake.mp4,-,rtvc,B,RealVideo-FakeAudio,Asian (South),men,00159_fake.mp4,FakeAVCeleb/RealVideo-FakeAudio/Asian (South)/men/id07161,FakeAVCeleb_v1.2/RealVideo-FakeAudio/Asian (South)/men/id07161/00159_fake.mp4,../data/raw/FakeAVCeleb_v1.2/RealVideo-FakeAudio/Asian (South)/men/id07161/00159_fake.mp4
id07163,fake.mp4,-,rtvc,B,RealVideo-FakeAudio,Asian (South),men,00141_fake.mp4,FakeAVCeleb/RealVideo-FakeAudio/Asian (South)/men/id07163,FakeAVCeleb_v1.2/RealVideo-FakeAudio/Asian (South)/men/id07163/00141_fake.mp4,../data/raw/FakeAVCeleb_v1.2/RealVideo-FakeAudio/Asian (South)/men/id07163/00141_fake.mp4
id07165,fake.mp4,-,rtvc,B,RealVideo-FakeAudio,Asian (South),men,00368_fake.mp4,FakeAVCeleb/RealVideo-FakeAudio/Asian (South)/men/id07165,FakeAVCeleb_v1.2/RealVideo-FakeAudio/Asian (South)/men/id07165/00368_fake.mp4,../data/raw/FakeAVCeleb_v1.2/RealVideo-FakeAudio/Asian (South)/men/id07165/00368_fake.mp4
id07179,fake.mp4,-,rtvc,B,RealVideo-FakeAudio,Asian (South),men,00206_fake.mp4,FakeAVCeleb/RealVideo-FakeAudio/Asian (South)/men/id07179,FakeAVCeleb_v1.2/RealVideo-FakeAudio/Asian (South)/men/id07179/00206_fake.mp4,../data/raw/FakeAVCeleb_v1.2/RealVideo-FakeAudio/Asian (South)/men/id07179/00206_fake.mp4
id07182,fake.mp4,-,rtvc,B,RealVideo-FakeAudio,Asian (South),men,00040_fake.mp4,FakeAVCeleb/RealVideo-FakeAudio/Asian (South)/men/id07182,FakeAVCeleb_v1.2/RealVideo-FakeAudio/Asian (South)/men/id07182/00040_fake.mp4,../data/raw/FakeAVCeleb_v1.2/RealVideo-FakeAudio/Asian (South)/men/id07182/00040_fake.mp4
id07194,fake.mp4,-,rtvc,B,RealVideo-FakeAudio,Asian (South),men,00014_fake.mp4,FakeAVCeleb/RealVideo-FakeAudio/Asian (South)/men/id07194,FakeAVCeleb_v1.2/RealVideo-FakeAudio/Asian (South)/men/id07194/00014_fake.mp4,../data/raw/FakeAVCeleb_v1.2/RealVideo-FakeAudio/Asian (South)/men/id07194/00014_fake.mp4
id07195,fake.mp4,-,rtvc,B,RealVideo-FakeAudio,Asian (South),men,00186_fake.mp4,FakeAVCeleb/RealVideo-FakeAudio/Asian (South)/men/id07195,FakeAVCeleb_v1.2/RealVideo-FakeAudio/Asian (South)/men/id07195/00186_fake.mp4,../data/raw/FakeAVCeleb_v1.2/RealVideo-FakeAudio/Asian (South)/men/id07195/00186_fake.mp4
id07200,fake.mp4,-,rtvc,B,RealVideo-FakeAudio,Asian (South),men,00045_fake.mp4,FakeAVCeleb/RealVideo-FakeAudio/Asian (South)/men/id07200,FakeAVCeleb_v1.2/RealVideo-FakeAudio/Asian (South)/men/id07200/00045_fake.mp4,../data/raw/FakeAVCeleb_v1.2/RealVideo-FakeAudio/Asian (South)/men/id07200/00045_fake.mp4
id07210,fake.mp4,-,rtvc,B,RealVideo-FakeAudio,Asian (South),men,00005_fake.mp4,FakeAVCeleb/RealVideo-FakeAudio/Asian (South)/men/id07210,FakeAVCeleb_v1.2/RealVideo-FakeAudio/Asian (South)/men/id07210/00005_fake.mp4,../data/raw/FakeAVCeleb_v1.2/RealVideo-FakeAudio/Asian (South)/men/id07210/00005_fake.mp4
id07233,fake.mp4,-,rtvc,B,RealVideo-FakeAudio,Asian (South),men,00010_fake.mp4,FakeAVCeleb/RealVideo-FakeAudio/Asian (South)/men/id07233,FakeAVCeleb_v1.2/RealVideo-FakeAudio/Asian (South)/men/id07233/00010_fake.mp4,../data/raw/FakeAVCeleb_v1.2/RealVideo-FakeAudio/Asian (South)/men/id07233/00010_fake.mp4
id07463,fake.mp4,-,rtvc,B,RealVideo-FakeAudio,Asian (South),men,00028_fake.mp4,FakeAVCeleb/RealVideo-FakeAudio/Asian (South)/men/id07463,FakeAVCeleb_v1.2/RealVideo-FakeAudio/Asian (South)/men/id07463/00028_fake.mp4,../data/raw/FakeAVCeleb_v1.2/RealVideo-FakeAudio/Asian (South)/men/id07463/00028_fake.mp4
id07768,fake.mp4,-,rtvc,B,RealVideo-FakeAudio,Asian (South),men,00143_fake.mp4,FakeAVCeleb/RealVideo-FakeAudio/Asian (South)/men/id07768,FakeAVCeleb_v1.2/RealVideo-FakeAudio/Asian (South)/men/id07768/00143_fake.mp4,../data/raw/FakeAVCeleb_v1.2/RealVideo-FakeAudio/Asian (South)/men/id07768/00143_fake.mp4
id08313,fake.mp4,-,rtvc,B,RealVideo-FakeAudio,Asian (South),men,00202_fake.mp4,FakeAVCeleb/RealVideo-FakeAudio/Asian (South)/men/id08313,FakeAVCeleb_v1.2/RealVideo-FakeAudio/Asian (South)/men/id08313/00202_fake.mp4,../data/raw/FakeAVCeleb_v1.2/RealVideo-FakeAudio/Asian (South)/men/id08313/00202_fake.mp4
id08314,fake.mp4,-,rtvc,B,RealVideo-FakeAudio,Asian (South),men,00028_fake.mp4,FakeAVCeleb/RealVideo-FakeAudio/Asian (South)/men/id08314,FakeAVCeleb_v1.2/RealVideo-FakeAudio/Asian (South)/men/id08314/00028_fake.mp4,../data/raw/FakeAVCeleb_v1.2/RealVideo-FakeAudio/Asian (South)/men/id08314/00028_fake.mp4
id08457,fake.mp4,-,rtvc,B,RealVideo-FakeAudio,Asian (South),men,00417_fake.mp4,FakeAVCeleb/RealVideo-FakeAudio/Asian (South)/men/id08457,FakeAVCeleb_v1.2/RealVideo-FakeAudio/Asian (South)/men/id08457/00417_fake.mp4,../data/raw/FakeAVCeleb_v1.2/RealVideo-FakeAudio/Asian (South)/men/id08457/00417_fake.mp4
id00043,fake.mp4,-,rtvc,B,RealVideo-FakeAudio,Asian (South),women,00135_fake.mp4,FakeAVCeleb/RealVideo-FakeAudio/Asian (South)/women/id00043,FakeAVCeleb_v1.2/RealVideo-FakeAudio/Asian (South)/women/id00043/00135_fake.mp4,../data/raw/FakeAVCeleb_v1.2/RealVideo-FakeAudio/Asian (South)/women/id00043/00135_fake.mp4
id00080,fake.mp4,-,rtvc,B,RealVideo-FakeAudio,Asian (South),women,00281_fake.mp4,FakeAVCeleb/RealVideo-FakeAudio/Asian (South)/women/id00080,FakeAVCeleb_v1.2/RealVideo-FakeAudio/Asian (South)/women/id00080/00281_fake.mp4,../data/raw/FakeAVCeleb_v1.2/RealVideo-FakeAudio/Asian (South)/women/id00080/00281_fake.mp4
id00149,fake.mp4,-,rtvc,B,RealVideo-FakeAudio,Asian (South),women,00284_fake.mp4,FakeAVCeleb/RealVideo-FakeAudio/Asian (South)/women/id00149,FakeAVCeleb_v1.2/RealVideo-FakeAudio/Asian (South)/women/id00149/00284_fake.mp4,../data/raw/FakeAVCeleb_v1.2/RealVideo-FakeAudio/Asian (South)/women/id00149/00284_fake.mp4
id00235,fake.mp4,-,rtvc,B,RealVideo-FakeAudio,Asian (South),women,00052_fake.mp4,FakeAVCeleb/RealVideo-FakeAudio/Asian (South)/women/id00235,FakeAVCeleb_v1.2/RealVideo-FakeAudio/Asian (South)/women/id00235/00052_fake.mp4,../data/raw/FakeAVCeleb_v1.2/RealVideo-FakeAudio/Asian (South)/women/id00235/00052_fake.mp4
id00417,fake.mp4,-,rtvc,B,RealVideo-FakeAudio,Asian (South),women,00069_fake.mp4,FakeAVCeleb/RealVideo-FakeAudio/Asian (South)/women/id00417,FakeAVCeleb_v1.2/RealVideo-FakeAudio/Asian (South)/women/id00417/00069_fake.mp4,../data/raw/FakeAVCeleb_v1.2/RealVideo-FakeAudio/Asian (South)/women/id00417/00069_fake.mp4
id00461,fake.mp4,-,rtvc,B,RealVideo-FakeAudio,Asian (South),women,00043_fake.mp4,FakeAVCeleb/RealVideo-FakeAudio/Asian (South)/women/id00461,FakeAVCeleb_v1.2/RealVideo-FakeAudio/Asian (South)/women/id00461/00043_fake.mp4,../data/raw/FakeAVCeleb_v1.2/RealVideo-FakeAudio/Asian (South)/women/id00461/00043_fake.mp4
id00488,fake.mp4,-,rtvc,B,RealVideo-FakeAudio,Asian (South),women,00028_fake.mp4,FakeAVCeleb/RealVideo-FakeAudio/Asian (South)/women/id00488,FakeAVCeleb_v1.2/RealVideo-FakeAudio/Asian (South)/women/id00488/00028_fake.mp4,../data/raw/FakeAVCeleb_v1.2/RealVideo-FakeAudio/Asian (South)/women/id00488/00028_fake.mp4
id00739,fake.mp4,-,rtvc,B,RealVideo-FakeAudio,Asian (South),women,00005_fake.mp4,FakeAVCeleb/RealVideo-FakeAudio/Asian (South)/women/id00739,FakeAVCeleb_v1.2/RealVideo-FakeAudio/Asian (South)/women/id00739/00005_fake.mp4,../data/raw/FakeAVCeleb_v1.2/RealVideo-FakeAudio/Asian (South)/women/id00739/00005_fake.mp4
id00747,fake.mp4,-,rtvc,B,RealVideo-FakeAudio,Asian (South),women,00053_fake.mp4,FakeAVCeleb/RealVideo-FakeAudio/Asian (South)/women/id00747,FakeAVCeleb_v1.2/RealVideo-FakeAudio/Asian (South)/women/id00747/00053_fake.mp4,../data/raw/FakeAVCeleb_v1.2/RealVideo-FakeAudio/Asian (South)/women/id00747/00053_fake.mp4
id01026,fake.mp4,-,rtvc,B,RealVideo-FakeAudio,Asian (South),women,00083_fake.mp4,FakeAVCeleb/RealVideo-FakeAudio/Asian (South)/women/id01026,FakeAVCeleb_v1.2/RealVideo-FakeAudio/Asian (South)/women/id01026/00083_fake.mp4,../data/raw/FakeAVCeleb_v1.2/RealVideo-FakeAudio/Asian (South)/women/id01026/00083_fake.mp4
id02089,fake.mp4,-,rtvc,B,RealVideo-FakeAudio,Asian (South),women,00092_fake.mp4,FakeAVCeleb/RealVideo-FakeAudio/Asian (South)/women/id02089,FakeAVCeleb_v1.2/RealVideo-FakeAudio/Asian (South)/women/id02089/00092_fake.mp4,../data/raw/FakeAVCeleb_v1.2/RealVideo-FakeAudio/Asian (South)/women/id02089/00092_fake.mp4
id02310,fake.mp4,-,rtvc,B,RealVideo-FakeAudio,Asian (South),women,00139_fake.mp4,FakeAVCeleb/RealVideo-FakeAudio/Asian (South)/women/id02310,FakeAVCeleb_v1.2/RealVideo-FakeAudio/Asian (South)/women/id02310/00139_fake.mp4,../data/raw/FakeAVCeleb_v1.2/RealVideo-FakeAudio/Asian (South)/women/id02310/00139_fake.mp4
id02619,fake.mp4,-,rtvc,B,RealVideo-FakeAudio,Asian (South),women,00015_fake.mp4,FakeAVCeleb/RealVideo-FakeAudio/Asian (South)/women/id02619,FakeAVCeleb_v1.2/RealVideo-FakeAudio/Asian (South)/women/id02619/00015_fake.mp4,../data/raw/FakeAVCeleb_v1.2/RealVideo-FakeAudio/Asian (South)/women/id02619/00015_fake.mp4
id03559,fake.mp4,-,rtvc,B,RealVideo-FakeAudio,Asian (South),women,00023_fake.mp4,FakeAVCeleb/RealVideo-FakeAudio/Asian (South)/women/id03559,FakeAVCeleb_v1.2/RealVideo-FakeAudio/Asian (South)/women/id03559/00023_fake.mp4,../data/raw/FakeAVCeleb_v1.2/RealVideo-FakeAudio/Asian (South)/women/id03559/00023_fake.mp4
id03815,fake.mp4,-,rtvc,B,RealVideo-FakeAudio,Asian (South),women,00118_fake.mp4,FakeAVCeleb/RealVideo-FakeAudio/Asian (South)/women/id03815,FakeAVCeleb_v1.2/RealVideo-FakeAudio/Asian (South)/women/id03815/00118_fake.mp4,../data/raw/FakeAVCeleb_v1.2/RealVideo-FakeAudio/Asian (South)/women/id03815/00118_fake.mp4
id03897,fake.mp4,-,rtvc,B,RealVideo-FakeAudio,Asian (South),women,00021_fake.mp4,FakeAVCeleb/RealVideo-FakeAudio/Asian (South)/women/id03897,FakeAVCeleb_v1.2/RealVideo-FakeAudio/Asian (South)/women/id03897/00021_fake.mp4,../data/raw/FakeAVCeleb_v1.2/RealVideo-FakeAudio/Asian (South)/women/id03897/00021_fake.mp4
id03985,fake.mp4,-,rtvc,B,RealVideo-FakeAudio,Asian (South),women,00005_fake.mp4,FakeAVCeleb/RealVideo-FakeAudio/Asian (South)/women/id03985,FakeAVCeleb_v1.2/RealVideo-FakeAudio/Asian (South)/women/id03985/00005_fake.mp4,../data/raw/FakeAVCeleb_v1.2/RealVideo-FakeAudio/Asian (South)/women/id03985/00005_fake.mp4
id04070,fake.mp4,-,rtvc,B,RealVideo-FakeAudio,Asian (South),women,00072_fake.mp4,FakeAVCeleb/RealVideo-FakeAudio/Asian (South)/women/id04070,FakeAVCeleb_v1.2/RealVideo-FakeAudio/Asian (South)/women/id04070/00072_fake.mp4,../data/raw/FakeAVCeleb_v1.2/RealVideo-FakeAudio/Asian (South)/women/id04070/00072_fake.mp4
id04490,fake.mp4,-,rtvc,B,RealVideo-FakeAudio,Asian (South),women,00054_fake.mp4,FakeAVCeleb/RealVideo-FakeAudio/Asian (South)/women/id04490,FakeAVCeleb_v1.2/RealVideo-FakeAudio/Asian (South)/women/id04490/00054_fake.mp4,../data/raw/FakeAVCeleb_v1.2/RealVideo-FakeAudio/Asian (South)/women/id04490/00054_fake.mp4
id04529,fake.mp4,-,rtvc,B,RealVideo-FakeAudio,Asian (South),women,00186_fake.mp4,FakeAVCeleb/RealVideo-FakeAudio/Asian (South)/women/id04529,FakeAVCeleb_v1.2/RealVideo-FakeAudio/Asian (South)/women/id04529/00186_fake.mp4,../data/raw/FakeAVCeleb_v1.2/RealVideo-FakeAudio/Asian (South)/women/id04529/00186_fake.mp4
id04530,fake.mp4,-,rtvc,B,RealVideo-FakeAudio,Asian (South),women,00231_fake.mp4,FakeAVCeleb/RealVideo-FakeAudio/Asian (South)/women/id04530,FakeAVCeleb_v1.2/RealVideo-FakeAudio/Asian (South)/women/id04530/00231_fake.mp4,../data/raw/FakeAVCeleb_v1.2/RealVideo-FakeAudio/Asian (South)/women/id04530/00231_fake.mp4
id04564,fake.mp4,-,rtvc,B,RealVideo-FakeAudio,Asian (South),women,00417_fake.mp4,FakeAVCeleb/RealVideo-FakeAudio/Asian (South)/women/id04564,FakeAVCeleb_v1.2/RealVideo-FakeAudio/Asian (South)/women/id04564/00417_fake.mp4,../data/raw/FakeAVCeleb_v1.2/RealVideo-FakeAudio/Asian (South)/women/id04564/00417_fake.mp4
id04582,fake.mp4,-,rtvc,B,RealVideo-FakeAudio,Asian (South),women,00180_fake.mp4,FakeAVCeleb/RealVideo-FakeAudio/Asian (South)/women/id04582,FakeAVCeleb_v1.2/RealVideo-FakeAudio/Asian (South)/women/id04582/00180_fake.mp4,../data/raw/FakeAVCeleb_v1.2/RealVideo-FakeAudio/Asian (South)/women/id04582/00180_fake.mp4
id04583,fake.mp4,-,rtvc,B,RealVideo-FakeAudio,Asian (South),women,00077_fake.mp4,FakeAVCeleb/RealVideo-FakeAudio/Asian (South)/women/id04583,FakeAVCeleb_v1.2/RealVideo-FakeAudio/Asian (South)/women/id04583/00077_fake.mp4,../data/raw/FakeAVCeleb_v1.2/RealVideo-FakeAudio/Asian (South)/women/id04583/00077_fake.mp4
id04927,fake.mp4,-,rtvc,B,RealVideo-FakeAudio,Asian (South),women,00013_fake.mp4,FakeAVCeleb/RealVideo-FakeAudio/Asian (South)/women/id04927,FakeAVCeleb_v1.2/RealVideo-FakeAudio/Asian (South)/women/id04927/00013_fake.mp4,../data/raw/FakeAVCeleb_v1.2/RealVideo-FakeAudio/Asian (South)/women/id04927/00013_fake.mp4
id05434,fake.mp4,-,rtvc,B,RealVideo-FakeAudio,Asian (South),women,00052_fake.mp4,FakeAVCeleb/RealVideo-FakeAudio/Asian (South)/women/id05434,FakeAVCeleb_v1.2/RealVideo-FakeAudio/Asian (South)/women/id05434/00052_fake.mp4,../data/raw/FakeAVCeleb_v1.2/RealVideo-FakeAudio/Asian (South)/women/id05434/00052_fake.mp4
id05435,fake.mp4,-,rtvc,B,RealVideo-FakeAudio,Asian (South),women,00107_fake.mp4,FakeAVCeleb/RealVideo-FakeAudio/Asian (South)/women/id05435,FakeAVCeleb_v1.2/RealVideo-FakeAudio/Asian (South)/women/id05435/00107_fake.mp4,../data/raw/FakeAVCeleb_v1.2/RealVideo-FakeAudio/Asian (South)/women/id05435/00107_fake.mp4
id05478,fake.mp4,-,rtvc,B,RealVideo-FakeAudio,Asian (South),women,00135_fake.mp4,FakeAVCeleb/RealVideo-FakeAudio/Asian (South)/women/id05478,FakeAVCeleb_v1.2/RealVideo-FakeAudio/Asian (South)/women/id05478/00135_fake.mp4,../data/raw/FakeAVCeleb_v1.2/RealVideo-FakeAudio/Asian (South)/women/id05478/00135_fake.mp4
id05845,fake.mp4,-,rtvc,B,RealVideo-FakeAudio,Asian (South),women,00027_fake.mp4,FakeAVCeleb/RealVideo-FakeAudio/Asian (South)/women/id05845,FakeAVCeleb_v1.2/RealVideo-FakeAudio/Asian (South)/women/id05845/00027_fake.mp4,../data/raw/FakeAVCeleb_v1.2/RealVideo-FakeAudio/Asian (South)/women/id05845/00027_fake.mp4
id05920,fake.mp4,-,rtvc,B,RealVideo-FakeAudio,Asian (South),women,00161_fake.mp4,FakeAVCeleb/RealVideo-FakeAudio/Asian (South)/women/id05920,FakeAVCeleb_v1.2/RealVideo-FakeAudio/Asian (South)/women/id05920/00161_fake.mp4,../data/raw/FakeAVCeleb_v1.2/RealVideo-FakeAudio/Asian (South)/women/id05920/00161_fake.mp4
id05931,fake.mp4,-,rtvc,B,RealVideo-FakeAudio,Asian (South),women,00013_fake.mp4,FakeAVCeleb/RealVideo-FakeAudio/Asian (South)/women/id05931,FakeAVCeleb_v1.2/RealVideo-FakeAudio/Asian (South)/women/id05931/00013_fake.mp4,../data/raw/FakeAVCeleb_v1.2/RealVideo-FakeAudio/Asian (South)/women/id05931/00013_fake.mp4
id06232,fake.mp4,-,rtvc,B,RealVideo-FakeAudio,Asian (South),women,00025_fake.mp4,FakeAVCeleb/RealVideo-FakeAudio/Asian (South)/women/id06232,FakeAVCeleb_v1.2/RealVideo-FakeAudio/Asian (South)/women/id06232/00025_fake.mp4,../data/raw/FakeAVCeleb_v1.2/RealVideo-FakeAudio/Asian (South)/women/id06232/00025_fake.mp4
id06254,fake.mp4,-,rtvc,B,RealVideo-FakeAudio,Asian (South),women,00043_fake.mp4,FakeAVCeleb/RealVideo-FakeAudio/Asian (South)/women/id06254,FakeAVCeleb_v1.2/RealVideo-FakeAudio/Asian (South)/women/id06254/00043_fake.mp4,../data/raw/FakeAVCeleb_v1.2/RealVideo-FakeAudio/Asian (South)/women/id06254/00043_fake.mp4
id06268,fake.mp4,-,rtvc,B,RealVideo-FakeAudio,Asian (South),women,00159_fake.mp4,FakeAVCeleb/RealVideo-FakeAudio/Asian (South)/women/id06268,FakeAVCeleb_v1.2/RealVideo-FakeAudio/Asian (South)/women/id06268/00159_fake.mp4,../data/raw/FakeAVCeleb_v1.2/RealVideo-FakeAudio/Asian (South)/women/id06268/00159_fake.mp4
id06343,fake.mp4,-,rtvc,B,RealVideo-FakeAudio,Asian (South),women,00023_fake.mp4,FakeAVCeleb/RealVideo-FakeAudio/Asian (South)/women/id06343,FakeAVCeleb_v1.2/RealVideo-FakeAudio/Asian (South)/women/id06343/00023_fake.mp4,../data/raw/FakeAVCeleb_v1.2/RealVideo-FakeAudio/Asian (South)/women/id06343/00023_fake.mp4
id06428,fake.mp4,-,rtvc,B,RealVideo-FakeAudio,Asian (South),women,00043_fake.mp4,FakeAVCeleb/RealVideo-FakeAudio/Asian (South)/women/id06428,FakeAVCeleb_v1.2/RealVideo-FakeAudio/Asian (South)/women/id06428/00043_fake.mp4,../data/raw/FakeAVCeleb_v1.2/RealVideo-FakeAudio/Asian (South)/women/id06428/00043_fake.mp4
id06437,fake.mp4,-,rtvc,B,RealVideo-FakeAudio,Asian (South),women,00028_fake.mp4,FakeAVCeleb/RealVideo-FakeAudio/Asian (South)/women/id06437,FakeAVCeleb_v1.2/RealVideo-FakeAudio/Asian (South)/women/id06437/00028_fake.mp4,../data/raw/FakeAVCeleb_v1.2/RealVideo-FakeAudio/Asian (South)/women/id06437/00028_fake.mp4
id06438,fake.mp4,-,rtvc,B,RealVideo-FakeAudio,Asian (South),women,00110_fake.mp4,FakeAVCeleb/RealVideo-FakeAudio/Asian (South)/women/id06438,FakeAVCeleb_v1.2/RealVideo-FakeAudio/Asian (South)/women/id06438/00110_fake.mp4,../data/raw/FakeAVCeleb_v1.2/RealVideo-FakeAudio/Asian (South)/women/id06438/00110_fake.mp4
id06439,fake.mp4,-,rtvc,B,RealVideo-FakeAudio,Asian (South),women,00118_fake.mp4,FakeAVCeleb/RealVideo-FakeAudio/Asian (South)/women/id06439,FakeAVCeleb_v1.2/RealVideo-FakeAudio/Asian (South)/women/id06439/00118_fake.mp4,../data/raw/FakeAVCeleb_v1.2/RealVideo-FakeAudio/Asian (South)/women/id06439/00118_fake.mp4
id06445,fake.mp4,-,rtvc,B,RealVideo-FakeAudio,Asian (South),women,00150_fake.mp4,FakeAVCeleb/RealVideo-FakeAudio/Asian (South)/women/id06445,FakeAVCeleb_v1.2/RealVideo-FakeAudio/Asian (South)/women/id06445/00150_fake.mp4,../data/raw/FakeAVCeleb_v1.2/RealVideo-FakeAudio/Asian (South)/women/id06445/00150_fake.mp4
id06752,fake.mp4,-,rtvc,B,RealVideo-FakeAudio,Asian (South),women,00221_fake.mp4,FakeAVCeleb/RealVideo-FakeAudio/Asian (South)/women/id06752,FakeAVCeleb_v1.2/RealVideo-FakeAudio/Asian (South)/women/id06752/00221_fake.mp4,../data/raw/FakeAVCeleb_v1.2/RealVideo-FakeAudio/Asian (South)/women/id06752/00221_fake.mp4
id07008,fake.mp4,-,rtvc,B,RealVideo-FakeAudio,Asian (South),women,00175_fake.mp4,FakeAVCeleb/RealVideo-FakeAudio/Asian (South)/women/id07008,FakeAVCeleb_v1.2/RealVideo-FakeAudio/Asian (South)/women/id07008/00175_fake.mp4,../data/raw/FakeAVCeleb_v1.2/RealVideo-FakeAudio/Asian (South)/women/id07008/00175_fake.mp4
id07049,fake.mp4,-,rtvc,B,RealVideo-FakeAudio,Asian (South),women,00043_fake.mp4,FakeAVCeleb/RealVideo-FakeAudio/Asian (South)/women/id07049,FakeAVCeleb_v1.2/RealVideo-FakeAudio/Asian (South)/women/id07049/00043_fake.mp4,../data/raw/FakeAVCeleb_v1.2/RealVideo-FakeAudio/Asian (South)/women/id07049/00043_fake.mp4
id07051,fake.mp4,-,rtvc,B,RealVideo-FakeAudio,Asian (South),women,00083_fake.mp4,FakeAVCeleb/RealVideo-FakeAudio/Asian (South)/women/id07051,FakeAVCeleb_v1.2/RealVideo-FakeAudio/Asian (South)/women/id07051/00083_fake.mp4,../data/raw/FakeAVCeleb_v1.2/RealVideo-FakeAudio/Asian (South)/women/id07051/00083_fake.mp4
id07078,fake.mp4,-,rtvc,B,RealVideo-FakeAudio,Asian (South),women,00405_fake.mp4,FakeAVCeleb/RealVideo-FakeAudio/Asian (South)/women/id07078,FakeAVCeleb_v1.2/RealVideo-FakeAudio/Asian (South)/women/id07078/00405_fake.mp4,../data/raw/FakeAVCeleb_v1.2/RealVideo-FakeAudio/Asian (South)/women/id07078/00405_fake.mp4
id07136,fake.mp4,-,rtvc,B,RealVideo-FakeAudio,Asian (South),women,00052_fake.mp4,FakeAVCeleb/RealVideo-FakeAudio/Asian (South)/women/id07136,FakeAVCeleb_v1.2/RealVideo-FakeAudio/Asian (South)/women/id07136/00052_fake.mp4,../data/raw/FakeAVCeleb_v1.2/RealVideo-FakeAudio/Asian (South)/women/id07136/00052_fake.mp4
id07236,fake.mp4,-,rtvc,B,RealVideo-FakeAudio,Asian (South),women,00143_fake.mp4,FakeAVCeleb/RealVideo-FakeAudio/Asian (South)/women/id07236,FakeAVCeleb_v1.2/RealVideo-FakeAudio/Asian (South)/women/id07236/00143_fake.mp4,../data/raw/FakeAVCeleb_v1.2/RealVideo-FakeAudio/Asian (South)/women/id07236/00143_fake.mp4
id07377,fake.mp4,-,rtvc,B,RealVideo-FakeAudio,Asian (South),women,00025_fake.mp4,FakeAVCeleb/RealVideo-FakeAudio/Asian (South)/women/id07377,FakeAVCeleb_v1.2/RealVideo-FakeAudio/Asian (South)/women/id07377/00025_fake.mp4,../data/raw/FakeAVCeleb_v1.2/RealVideo-FakeAudio/Asian (South)/women/id07377/00025_fake.mp4
id07686,fake.mp4,-,rtvc,B,RealVideo-FakeAudio,Asian (South),women,00254_fake.mp4,FakeAVCeleb/RealVideo-FakeAudio/Asian (South)/women/id07686,FakeAVCeleb_v1.2/RealVideo-FakeAudio/Asian (South)/women/id07686/00254_fake.mp4,../data/raw/FakeAVCeleb_v1.2/RealVideo-FakeAudio/Asian (South)/women/id07686/00254_fake.mp4
id07689,fake.mp4,-,rtvc,B,RealVideo-FakeAudio,Asian (South),women,00028_fake.mp4,FakeAVCeleb/RealVideo-FakeAudio/Asian (South)/women/id07689,FakeAVCeleb_v1.2/RealVideo-FakeAudio/Asian (South)/women/id07689/00028_fake.mp4,../data/raw/FakeAVCeleb_v1.2/RealVideo-FakeAudio/Asian (South)/women/id07689/00028_fake.mp4
id07739,id06060,-,wav2lip,C,FakeVideo-RealAudio,Asian (East),women,00019_id06060_wavtolip.mp4,FakeAVCeleb/FakeVideo-RealAudio/Asian (East)/women/id07739,FakeAVCeleb_v1.2/FakeVideo-RealAudio/Asian (East)/women/id07739/00019_id06060_wavtolip.mp4,../data/raw/FakeAVCeleb_v1.2/FakeVideo-RealAudio/Asian (East)/women/id07739/00019_id06060_wavtolip.mp4
id00597,id05268,-,wav2lip,C,FakeVideo-RealAudio,Asian (East),men,00019_id05268_wavtolip.mp4,FakeAVCeleb/FakeVideo-RealAudio/Asian (East)/men/id00597,FakeAVCeleb_v1.2/FakeVideo-RealAudio/Asian (East)/men/id00597/00019_id05268_wavtolip.mp4,../data/raw/FakeAVCeleb_v1.2/FakeVideo-RealAudio/Asian (East)/men/id00597/00019_id05268_wavtolip.mp4
id00459,id00769,-,wav2lip,C,FakeVideo-RealAudio,Asian (South),men,00382_id00769_wavtolip.mp4,FakeAVCeleb/FakeVideo-RealAudio/Asian (South)/men/id00459,FakeAVCeleb_v1.2/FakeVideo-RealAudio/Asian (South)/men/id00459/00382_id00769_wavtolip.mp4,../data/raw/FakeAVCeleb_v1.2/FakeVideo-RealAudio/Asian (South)/men/id00459/00382_id00769_wavtolip.mp4
id07136,id03815,-,fsgan,C,FakeVideo-RealAudio,Asian (South),women,00052_id03815_hw41YlLps4w.mp4,FakeAVCeleb/FakeVideo-RealAudio/Asian (South)/women/id07136,FakeAVCeleb_v1.2/FakeVideo-RealAudio/Asian (South)/women/id07136/00052_id03815_hw41YlLps4w.mp4,../data/raw/FakeAVCeleb_v1.2/FakeVideo-RealAudio/Asian (South)/women/id07136/00052_id03815_hw41YlLps4w.mp4
id00025,id00848,-,fsgan,C,FakeVideo-RealAudio,Caucasian (American),women,00025_id00848_o1_9Cu3YMN0.mp4,FakeAVCeleb/FakeVideo-RealAudio/Caucasian (American)/women/id00025,FakeAVCeleb_v1.2/FakeVideo-RealAudio/Caucasian (American)/women/id00025/00025_id00848_o1_9Cu3YMN0.mp4,../data/raw/FakeAVCeleb_v1.2/FakeVideo-RealAudio/Caucasian (American)/women/id00025/00025_id00848_o1_9Cu3YMN0.mp4
id06066,id05631,-,wav2lip,C,FakeVideo-RealAudio,Asian (East),women,00028_id05631_wavtolip.mp4,FakeAVCeleb/FakeVideo-RealAudio/Asian (East)/women/id06066,FakeAVCeleb_v1.2/FakeVideo-RealAudio/Asian (East)/women/id06066/00028_id05631_wavtolip.mp4,../data/raw/FakeAVCeleb_v1.2/FakeVideo-RealAudio/Asian (East)/women/id06066/00028_id05631_wavtolip.mp4
id01018,id03649,-,wav2lip,C,FakeVideo-RealAudio,Caucasian (European),women,00072_id03649_wavtolip.mp4,FakeAVCeleb/FakeVideo-RealAudio/Caucasian (European)/women/id01018,FakeAVCeleb_v1.2/FakeVideo-RealAudio/Caucasian (European)/women/id01018/00072_id03649_wavtolip.mp4,../data/raw/FakeAVCeleb_v1.2/FakeVideo-RealAudio/Caucasian (European)/women/id01018/00072_id03649_wavtolip.mp4
id00179,id00049,-,wav2lip,C,FakeVideo-RealAudio,Caucasian (American),men,00143_id00049_wavtolip.mp4,FakeAVCeleb/FakeVideo-RealAudio/Caucasian (American)/men/id00179,FakeAVCeleb_v1.2/FakeVideo-RealAudio/Caucasian (American)/men/id00179/00143_id00049_wavtolip.mp4,../data/raw/FakeAVCeleb_v1.2/FakeVideo-RealAudio/Caucasian (American)/men/id00179/00143_id00049_wavtolip.mp4
id01838,id05235,-,fsgan,C,FakeVideo-RealAudio,African,women,00126_id05235_ASy8lP3SRtw.mp4,FakeAVCeleb/FakeVideo-RealAudio/African/women/id01838,FakeAVCeleb_v1.2/FakeVideo-RealAudio/African/women/id01838/00126_id05235_ASy8lP3SRtw.mp4,../data/raw/FakeAVCeleb_v1.2/FakeVideo-RealAudio/African/women/id01838/00126_id05235_ASy8lP3SRtw.mp4
id00981,id00358,-,fsgan,C,FakeVideo-RealAudio,Caucasian (European),men,00092_id00358_vsVwGKy79kM.mp4,FakeAVCeleb/FakeVideo-RealAudio/Caucasian (European)/men/id00981,FakeAVCeleb_v1.2/FakeVideo-RealAudio/Caucasian (European)/men/id00981/00092_id00358_vsVwGKy79kM.mp4,../data/raw/FakeAVCeleb_v1.2/FakeVideo-RealAudio/Caucasian (European)/men/id00981/00092_id00358_vsVwGKy79kM.mp4
id06427,id06060,-,wav2lip,C,FakeVideo-RealAudio,Asian (East),women,00138_id06060_wavtolip.mp4,FakeAVCeleb/FakeVideo-RealAudio/Asian (East)/women/id06427,FakeAVCeleb_v1.2/FakeVideo-RealAudio/Asian (East)/women/id06427/00138_id06060_wavtolip.mp4,../data/raw/FakeAVCeleb_v1.2/FakeVideo-RealAudio/Asian (East)/women/id06427/00138_id06060_wavtolip.mp4
id03103,id00460,-,fsgan,C,FakeVideo-RealAudio,African,women,00130_id00460_9sVM1Crx1FA.mp4,FakeAVCeleb/FakeVideo-RealAudio/African/women/id03103,FakeAVCeleb_v1.2/FakeVideo-RealAudio/African/women/id03103/00130_id00460_9sVM1Crx1FA.mp4,../data/raw/FakeAVCeleb_v1.2/FakeVideo-RealAudio/African/women/id03103/00130_id00460_9sVM1Crx1FA.mp4
id07210,id00685,-,wav2lip,C,FakeVideo-RealAudio,Asian (South),men,00005_id00685_wavtolip.mp4,FakeAVCeleb/FakeVideo-RealAudio/Asian (South)/men/id07210,FakeAVCeleb_v1.2/FakeVideo-RealAudio/Asian (South)/men/id07210/00005_id00685_wavtolip.mp4,../data/raw/FakeAVCeleb_v1.2/FakeVideo-RealAudio/Asian (South)/men/id07210/00005_id00685_wavtolip.mp4
id07165,id03599,-,wav2lip,C,FakeVideo-RealAudio,Asian (South),men,00368_id03599_wavtolip.mp4,FakeAVCeleb/FakeVideo-RealAudio/Asian (South)/men/id07165,FakeAVCeleb_v1.2/FakeVideo-RealAudio/Asian (South)/men/id07165/00368_id03599_wavtolip.mp4,../data/raw/FakeAVCeleb_v1.2/FakeVideo-RealAudio/Asian (South)/men/id07165/00368_id03599_wavtolip.mp4
id00763,id07901,-,wav2lip,C,FakeVideo-RealAudio,Asian (East),women,00074_id07901_wavtolip.mp4,FakeAVCeleb/FakeVideo-RealAudio/Asian (East)/women/id00763,FakeAVCeleb_v1.2/FakeVideo-RealAudio/Asian (East)/women/id00763/00074_id07901_wavtolip.mp4,../data/raw/FakeAVCeleb_v1.2/FakeVideo-RealAudio/Asian (East)/women/id00763/00074_id07901_wavtolip.mp4
id03599,id06753,-,fsgan,C,FakeVideo-RealAudio,Asian (South),men,00072_id06753_BRg5r4jHC3I.mp4,FakeAVCeleb/FakeVideo-RealAudio/Asian (South)/men/id03599,FakeAVCeleb_v1.2/FakeVideo-RealAudio/Asian (South)/men/id03599/00072_id06753_BRg5r4jHC3I.mp4,../data/raw/FakeAVCeleb_v1.2/FakeVideo-RealAudio/Asian (South)/men/id03599/00072_id06753_BRg5r4jHC3I.mp4
id06268,id04564,-,wav2lip,C,FakeVideo-RealAudio,Asian (South),women,00159_id04564_wavtolip.mp4,FakeAVCeleb/FakeVideo-RealAudio/Asian (South)/women/id06268,FakeAVCeleb_v1.2/FakeVideo-RealAudio/Asian (South)/women/id06268/00159_id04564_wavtolip.mp4,../data/raw/FakeAVCeleb_v1.2/FakeVideo-RealAudio/Asian (South)/women/id06268/00159_id04564_wavtolip.mp4
id00761,id01179,-,wav2lip,C,FakeVideo-RealAudio,African,men,00072_id01179_wavtolip.mp4,FakeAVCeleb/FakeVideo-RealAudio/African/men/id00761,FakeAVCeleb_v1.2/FakeVideo-RealAudio/African/men/id00761/00072_id01179_wavtolip.mp4,../data/raw/FakeAVCeleb_v1.2/FakeVideo-RealAudio/African/men/id00761/00072_id01179_wavtolip.mp4
id08314,id04537,-,wav2lip,C,FakeVideo-RealAudio,Asian (South),men,00028_id04537_wavtolip.mp4,FakeAVCeleb/FakeVideo-RealAudio/Asian (South)/men/id08314,FakeAVCeleb_v1.2/FakeVideo-RealAudio/Asian (South)/men/id08314/00028_id04537_wavtolip.mp4,../data/raw/FakeAVCeleb_v1.2/FakeVideo-RealAudio/Asian (South)/men/id08314/00028_id04537_wavtolip.mp4
id00897,id00589,-,wav2lip,C,FakeVideo-RealAudio,Caucasian (European),women,00005_id00589_wavtolip.mp4,FakeAVCeleb/FakeVideo-RealAudio/Caucasian (European)/women/id00897,FakeAVCeleb_v1.2/FakeVideo-RealAudio/Caucasian (European)/women/id00897/00005_id00589_wavtolip.mp4,../data/raw/FakeAVCeleb_v1.2/FakeVideo-RealAudio/Caucasian (European)/women/id00897/00005_id00589_wavtolip.mp4
id00366,id01972,-,wav2lip,C,FakeVideo-RealAudio,African,men,00118_id01972_wavtolip.mp4,FakeAVCeleb/FakeVideo-RealAudio/African/men/id00366,FakeAVCeleb_v1.2/FakeVideo-RealAudio/African/men/id00366/00118_id01972_wavtolip.mp4,../data/raw/FakeAVCeleb_v1.2/FakeVideo-RealAudio/African/men/id00366/00118_id01972_wavtolip.mp4
id03589,id00234,-,wav2lip,C,FakeVideo-RealAudio,Caucasian (European),women,00002_id00234_wavtolip.mp4,FakeAVCeleb/FakeVideo-RealAudio/Caucasian (European)/women/id03589,FakeAVCeleb_v1.2/FakeVideo-RealAudio/Caucasian (European)/women/id03589/00002_id00234_wavtolip.mp4,../data/raw/FakeAVCeleb_v1.2/FakeVideo-RealAudio/Caucasian (European)/women/id03589/00002_id00234_wavtolip.mp4
id06066,id00763,-,fsgan,C,FakeVideo-RealAudio,Asian (East),women,00028_id00763_lI1GEn3Ima0.mp4,FakeAVCeleb/FakeVideo-RealAudio/Asian (East)/women/id06066,FakeAVCeleb_v1.2/FakeVideo-RealAudio/Asian (East)/women/id06066/00028_id00763_lI1GEn3Ima0.mp4,../data/raw/FakeAVCeleb_v1.2/FakeVideo-RealAudio/Asian (East)/women/id06066/00028_id00763_lI1GEn3Ima0.mp4
id07195,id07108,-,faceswap,C,FakeVideo-RealAudio,Asian (South),men,00186_id07108_qwfQPcvjGRY_faceswap.mp4,FakeAVCeleb/FakeVideo-RealAudio/Asian (South)/men/id07195,FakeAVCeleb_v1.2/FakeVideo-RealAudio/Asian (South)/men/id07195/00186_id07108_qwfQPcvjGRY_faceswap.mp4,../data/raw/FakeAVCeleb_v1.2/FakeVideo-RealAudio/Asian (South)/men/id07195/00186_id07108_qwfQPcvjGRY_faceswap.mp4
id00385,id00848,-,wav2lip,C,FakeVideo-RealAudio,Caucasian (American),women,00439_id00848_wavtolip.mp4,FakeAVCeleb/FakeVideo-RealAudio/Caucasian (American)/women/id00385,FakeAVCeleb_v1.2/FakeVideo-RealAudio/Caucasian (American)/women/id00385/00439_id00848_wavtolip.mp4,../data/raw/FakeAVCeleb_v1.2/FakeVideo-RealAudio/Caucasian (American)/women/id00385/00439_id00848_wavtolip.mp4
id04066,id00763,-,wav2lip,C,FakeVideo-RealAudio,Asian (East),women,00013_id00763_wavtolip.mp4,FakeAVCeleb/FakeVideo-RealAudio/Asian (East)/women/id04066,FakeAVCeleb_v1.2/FakeVideo-RealAudio/Asian (East)/women/id04066/00013_id00763_wavtolip.mp4,../data/raw/FakeAVCeleb_v1.2/FakeVideo-RealAudio/Asian (East)/women/id04066/00013_id00763_wavtolip.mp4
id02301,id05106,-,wav2lip,C,FakeVideo-RealAudio,African,women,00092_id05106_wavtolip.mp4,FakeAVCeleb/FakeVideo-RealAudio/African/women/id02301,FakeAVCeleb_v1.2/FakeVideo-RealAudio/African/women/id02301/00092_id05106_wavtolip.mp4,../data/raw/FakeAVCeleb_v1.2/FakeVideo-RealAudio/African/women/id02301/00092_id05106_wavtolip.mp4
id07768,id04599,-,wav2lip,C,FakeVideo-RealAudio,Asian (South),men,00143_id04599_wavtolip.mp4,FakeAVCeleb/FakeVideo-RealAudio/Asian (South)/men/id07768,FakeAVCeleb_v1.2/FakeVideo-RealAudio/Asian (South)/men/id07768/00143_id04599_wavtolip.mp4,../data/raw/FakeAVCeleb_v1.2/FakeVideo-RealAudio/Asian (South)/men/id07768/00143_id04599_wavtolip.mp4
id00366,id00781,-,fsgan,C,FakeVideo-RealAudio,African,men,00118_id00781_fvsSae9yc0A.mp4,FakeAVCeleb/FakeVideo-RealAudio/African/men/id00366,FakeAVCeleb_v1.2/FakeVideo-RealAudio/African/men/id00366/00118_id00781_fvsSae9yc0A.mp4,../data/raw/FakeAVCeleb_v1.2/FakeVideo-RealAudio/African/men/id00366/00118_id00781_fvsSae9yc0A.mp4
id02301,id00359,-,wav2lip,C,FakeVideo-RealAudio,African,women,00092_id00359_wavtolip.mp4,FakeAVCeleb/FakeVideo-RealAudio/African/women/id02301,FakeAVCeleb_v1.2/FakeVideo-RealAudio/African/women/id02301/00092_id00359_wavtolip.mp4,../data/raw/FakeAVCeleb_v1.2/FakeVideo-RealAudio/African/women/id02301/00092_id00359_wavtolip.mp4
id05931,id00235,-,wav2lip,C,FakeVideo-RealAudio,Asian (South),women,00013_id00235_wavtolip.mp4,FakeAVCeleb/FakeVideo-RealAudio/Asian (South)/women/id05931,FakeAVCeleb_v1.2/FakeVideo-RealAudio/Asian (South)/women/id05931/00013_id00235_wavtolip.mp4,../data/raw/FakeAVCeleb_v1.2/FakeVideo-RealAudio/Asian (South)/women/id05931/00013_id00235_wavtolip.mp4
id00707,id00592,-,wav2lip,C,FakeVideo-RealAudio,African,women,00052_id00592_wavtolip.mp4,FakeAVCeleb/FakeVideo-RealAudio/African/women/id00707,FakeAVCeleb_v1.2/FakeVideo-RealAudio/African/women/id00707/00052_id00592_wavtolip.mp4,../data/raw/FakeAVCeleb_v1.2/FakeVideo-RealAudio/African/women/id00707/00052_id00592_wavtolip.mp4
id00062,id00169,-,wav2lip,C,FakeVideo-RealAudio,Caucasian (American),men,00278_id00169_wavtolip.mp4,FakeAVCeleb/FakeVideo-RealAudio/Caucasian (American)/men/id00062,FakeAVCeleb_v1.2/FakeVideo-RealAudio/Caucasian (American)/men/id00062/00278_id00169_wavtolip.mp4,../data/raw/FakeAVCeleb_v1.2/FakeVideo-RealAudio/Caucasian (American)/men/id00062/00278_id00169_wavtolip.mp4
id00495,id00403,-,wav2lip,C,FakeVideo-RealAudio,Caucasian (European),women,00027_id00403_wavtolip.mp4,FakeAVCeleb/FakeVideo-RealAudio/Caucasian (European)/women/id00495,FakeAVCeleb_v1.2/FakeVideo-RealAudio/Caucasian (European)/women/id00495/00027_id00403_wavtolip.mp4,../data/raw/FakeAVCeleb_v1.2/FakeVideo-RealAudio/Caucasian (European)/women/id00495/00027_id00403_wavtolip.mp4
id00264,id01201,-,fsgan,C,FakeVideo-RealAudio,Caucasian (American),men,00257_id01201_Q8XWfmNiWYA.mp4,FakeAVCeleb/FakeVideo-RealAudio/Caucasian (American)/men/id00264,FakeAVCeleb_v1.2/FakeVideo-RealAudio/Caucasian (American)/men/id00264/00257_id01201_Q8XWfmNiWYA.mp4,../data/raw/FakeAVCeleb_v1.2/FakeVideo-RealAudio/Caucasian (American)/men/id00264/00257_id01201_Q8XWfmNiWYA.mp4
id00103,id07210,-,fsgan,C,FakeVideo-RealAudio,Asian (South),men,00241_id07210_0160kET2rUM.mp4,FakeAVCeleb/FakeVideo-RealAudio/Asian (South)/men/id00103,FakeAVCeleb_v1.2/FakeVideo-RealAudio/Asian (South)/men/id00103/00241_id07210_0160kET2rUM.mp4,../data/raw/FakeAVCeleb_v1.2/FakeVideo-RealAudio/Asian (South)/men/id00103/00241_id07210_0160kET2rUM.mp4
id04564,id06268,-,wav2lip,C,FakeVideo-RealAudio,Asian (South),women,00417_id06268_wavtolip.mp4,FakeAVCeleb/FakeVideo-RealAudio/Asian (South)/women/id04564,FakeAVCeleb_v1.2/FakeVideo-RealAudio/Asian (South)/women/id04564/00417_id06268_wavtolip.mp4,../data/raw/FakeAVCeleb_v1.2/FakeVideo-RealAudio/Asian (South)/women/id04564/00417_id06268_wavtolip.mp4
id07165,id00082,-,wav2lip,C,FakeVideo-RealAudio,Asian (South),men,00368_id00082_wavtolip.mp4,FakeAVCeleb/FakeVideo-RealAudio/Asian (South)/men/id07165,FakeAVCeleb_v1.2/FakeVideo-RealAudio/Asian (South)/men/id07165/00368_id00082_wavtolip.mp4,../data/raw/FakeAVCeleb_v1.2/FakeVideo-RealAudio/Asian (South)/men/id07165/00368_id00082_wavtolip.mp4
id01001,id01018,-,wav2lip,C,FakeVideo-RealAudio,Caucasian (European),women,00086_id01018_wavtolip.mp4,FakeAVCeleb/FakeVideo-RealAudio/Caucasian (European)/women/id01001,FakeAVCeleb_v1.2/FakeVideo-RealAudio/Caucasian (European)/women/id01001/00086_id01018_wavtolip.mp4,../data/raw/FakeAVCeleb_v1.2/FakeVideo-RealAudio/Caucasian (European)/women/id01001/00086_id01018_wavtolip.mp4
id01225,id00180,-,wav2lip,C,FakeVideo-RealAudio,Caucasian (American),women,00300_id00180_wavtolip.mp4,FakeAVCeleb/FakeVideo-RealAudio/Caucasian (American)/women/id01225,FakeAVCeleb_v1.2/FakeVideo-RealAudio/Caucasian (American)/women/id01225/00300_id00180_wavtolip.mp4,../data/raw/FakeAVCeleb_v1.2/FakeVideo-RealAudio/Caucasian (American)/women/id01225/00300_id00180_wavtolip.mp4
id03815,id06438,-,wav2lip,C,FakeVideo-RealAudio,Asian (South),women,00118_id06438_wavtolip.mp4,FakeAVCeleb/FakeVideo-RealAudio/Asian (South)/women/id03815,FakeAVCeleb_v1.2/FakeVideo-RealAudio/Asian (South)/women/id03815/00118_id06438_wavtolip.mp4,../data/raw/FakeAVCeleb_v1.2/FakeVideo-RealAudio/Asian (South)/women/id03815/00118_id06438_wavtolip.mp4
id05434,0.mp4,-,faceswap,C,FakeVideo-RealAudio,Asian (South),women,00052_0.mp4,FakeAVCeleb/FakeVideo-RealAudio/Asian (South)/women/id05434,FakeAVCeleb_v1.2/FakeVideo-RealAudio/Asian (South)/women/id05434/00052_0.mp4,../data/raw/FakeAVCeleb_v1.2/FakeVideo-RealAudio/Asian (South)/women/id05434/00052_0.mp4
id00777,id01239,-,fsgan,C,FakeVideo-RealAudio,Caucasian (American),men,00160_id01239_gJvquKo7kbA.mp4,FakeAVCeleb/FakeVideo-RealAudio/Caucasian (American)/men/id00777,FakeAVCeleb_v1.2/FakeVideo-RealAudio/Caucasian (American)/men/id00777/00160_id01239_gJvquKo7kbA.mp4,../data/raw/FakeAVCeleb_v1.2/FakeVideo-RealAudio/Caucasian (American)/men/id00777/00160_id01239_gJvquKo7kbA.mp4
id07165,id00745,-,fsgan,C,FakeVideo-RealAudio,Asian (South),men,00368_id00745_eODND1ul7vE.mp4,FakeAVCeleb/FakeVideo-RealAudio/Asian (South)/men/id07165,FakeAVCeleb_v1.2/FakeVideo-RealAudio/Asian (South)/men/id07165/00368_id00745_eODND1ul7vE.mp4,../data/raw/FakeAVCeleb_v1.2/FakeVideo-RealAudio/Asian (South)/men/id07165/00368_id00745_eODND1ul7vE.mp4
id00971,id01210,-,wav2lip,C,FakeVideo-RealAudio,Caucasian (American),men,00253_id01210_wavtolip.mp4,FakeAVCeleb/FakeVideo-RealAudio/Caucasian (American)/men/id00971,FakeAVCeleb_v1.2/FakeVideo-RealAudio/Caucasian (American)/men/id00971/00253_id01210_wavtolip.mp4,../data/raw/FakeAVCeleb_v1.2/FakeVideo-RealAudio/Caucasian (American)/men/id00971/00253_id01210_wavtolip.mp4
id00391,id01597,-,wav2lip,C,FakeVideo-RealAudio,African,men,00052_id01597_wavtolip.mp4,FakeAVCeleb/FakeVideo-RealAudio/African/men/id00391,FakeAVCeleb_v1.2/FakeVideo-RealAudio/African/men/id00391/00052_id01597_wavtolip.mp4,../data/raw/FakeAVCeleb_v1.2/FakeVideo-RealAudio/African/men/id00391/00052_id01597_wavtolip.mp4
id00232,id00332,-,wav2lip,C,FakeVideo-RealAudio,Caucasian (European),women,00025_id00332_wavtolip.mp4,FakeAVCeleb/FakeVideo-RealAudio/Caucasian (European)/women/id00232,FakeAVCeleb_v1.2/FakeVideo-RealAudio/Caucasian (European)/women/id00232/00025_id00332_wavtolip.mp4,../data/raw/FakeAVCeleb_v1.2/FakeVideo-RealAudio/Caucasian (European)/women/id00232/00025_id00332_wavtolip.mp4
id05435,id04530,-,fsgan,C,FakeVideo-RealAudio,Asian (South),women,00107_id04530_W5-PTTL9HzU.mp4,FakeAVCeleb/FakeVideo-RealAudio/Asian (South)/women/id05435,FakeAVCeleb_v1.2/FakeVideo-RealAudio/Asian (South)/women/id05435/00107_id04530_W5-PTTL9HzU.mp4,../data/raw/FakeAVCeleb_v1.2/FakeVideo-RealAudio/Asian (South)/women/id05435/00107_id04530_W5-PTTL9HzU.mp4
id01002,id00042,-,wav2lip,C,FakeVideo-RealAudio,Caucasian (European),women,00043_id00042_wavtolip.mp4,FakeAVCeleb/FakeVideo-RealAudio/Caucasian (European)/women/id01002,FakeAVCeleb_v1.2/FakeVideo-RealAudio/Caucasian (European)/women/id01002/00043_id00042_wavtolip.mp4,../data/raw/FakeAVCeleb_v1.2/FakeVideo-RealAudio/Caucasian (European)/women/id01002/00043_id00042_wavtolip.mp4
id03747,0.mp4,-,faceswap,C,FakeVideo-RealAudio,African,women,00273_0.mp4,FakeAVCeleb/FakeVideo-RealAudio/African/women/id03747,FakeAVCeleb_v1.2/FakeVideo-RealAudio/African/women/id03747/00273_0.mp4,../data/raw/FakeAVCeleb_v1.2/FakeVideo-RealAudio/African/women/id03747/00273_0.mp4
id04216,id01210,-,wav2lip,C,FakeVideo-RealAudio,Caucasian (American),men,00470_id01210_wavtolip.mp4,FakeAVCeleb/FakeVideo-RealAudio/Caucasian (American)/men/id04216,FakeAVCeleb_v1.2/FakeVideo-RealAudio/Caucasian (American)/men/id04216/00470_id01210_wavtolip.mp4,../data/raw/FakeAVCeleb_v1.2/FakeVideo-RealAudio/Caucasian (American)/men/id04216/00470_id01210_wavtolip.mp4
id00616,0.mp4,-,faceswap,C,FakeVideo-RealAudio,Caucasian (American),women,00305_0.mp4,FakeAVCeleb/FakeVideo-RealAudio/Caucasian (American)/women/id00616,FakeAVCeleb_v1.2/FakeVideo-RealAudio/Caucasian (American)/women/id00616/00305_0.mp4,../data/raw/FakeAVCeleb_v1.2/FakeVideo-RealAudio/Caucasian (American)/women/id00616/00305_0.mp4
id04564,id07051,-,fsgan,C,FakeVideo-RealAudio,Asian (South),women,00417_id07051_d1c0Pl2aP_4.mp4,FakeAVCeleb/FakeVideo-RealAudio/Asian (South)/women/id04564,FakeAVCeleb_v1.2/FakeVideo-RealAudio/Asian (South)/women/id04564/00417_id07051_d1c0Pl2aP_4.mp4,../data/raw/FakeAVCeleb_v1.2/FakeVideo-RealAudio/Asian (South)/women/id04564/00417_id07051_d1c0Pl2aP_4.mp4
id00414,id00857,-,wav2lip,C,FakeVideo-RealAudio,Asian (South),men,00052_id00857_wavtolip.mp4,FakeAVCeleb/FakeVideo-RealAudio/Asian (South)/men/id00414,FakeAVCeleb_v1.2/FakeVideo-RealAudio/Asian (South)/men/id00414/00052_id00857_wavtolip.mp4,../data/raw/FakeAVCeleb_v1.2/FakeVideo-RealAudio/Asian (South)/men/id00414/00052_id00857_wavtolip.mp4
id05383,-,-,faceswap,C,FakeVideo-RealAudio,Asian (East),men,00015.mp4,FakeAVCeleb/FakeVideo-RealAudio/Asian (East)/men/id05383,FakeAVCeleb_v1.2/FakeVideo-RealAudio/Asian (East)/men/id05383/00015.mp4,../data/raw/FakeAVCeleb_v1.2/FakeVideo-RealAudio/Asian (East)/men/id05383/00015.mp4
id01236,id01610,iaDJJA,faceswap,C,FakeVideo-RealAudio,African,men,00005_id01610_l8zb_iaDJJA_faceswap.mp4,FakeAVCeleb/FakeVideo-RealAudio/African/men/id01236,FakeAVCeleb_v1.2/FakeVideo-RealAudio/African/men/id01236/00005_id01610_l8zb_iaDJJA_faceswap.mp4,../data/raw/FakeAVCeleb_v1.2/FakeVideo-RealAudio/African/men/id01236/00005_id01610_l8zb_iaDJJA_faceswap.mp4
id00325,id01002,-,fsgan,C,FakeVideo-RealAudio,Caucasian (European),women,00015_id01002_eQTviHjyISo.mp4,FakeAVCeleb/FakeVideo-RealAudio/Caucasian (European)/women/id00325,FakeAVCeleb_v1.2/FakeVideo-RealAudio/Caucasian (European)/women/id00325/00015_id01002_eQTviHjyISo.mp4,../data/raw/FakeAVCeleb_v1.2/FakeVideo-RealAudio/Caucasian (European)/women/id00325/00015_id01002_eQTviHjyISo.mp4
id04691,id00560,-,wav2lip,C,FakeVideo-RealAudio,Asian (East),men,1_id00560_wavtolip.mp4,FakeAVCeleb/FakeVideo-RealAudio/Asian (East)/men/id04691,FakeAVCeleb_v1.2/FakeVideo-RealAudio/Asian (East)/men/id04691/1_id00560_wavtolip.mp4,../data/raw/FakeAVCeleb_v1.2/FakeVideo-RealAudio/Asian (East)/men/id04691/1_id00560_wavtolip.mp4
id01661,-,-,faceswap,C,FakeVideo-RealAudio,African,women,00059.mp4,FakeAVCeleb/FakeVideo-RealAudio/African/women/id01661,FakeAVCeleb_v1.2/FakeVideo-RealAudio/African/women/id01661/00059.mp4,../data/raw/FakeAVCeleb_v1.2/FakeVideo-RealAudio/African/women/id01661/00059.mp4
id00568,id02301,-,fsgan,C,FakeVideo-RealAudio,African,women,00384_id02301_WdVa7Mp3brI.mp4,FakeAVCeleb/FakeVideo-RealAudio/African/women/id00568,FakeAVCeleb_v1.2/FakeVideo-RealAudio/African/women/id00568/00384_id02301_WdVa7Mp3brI.mp4,../data/raw/FakeAVCeleb_v1.2/FakeVideo-RealAudio/African/women/id00568/00384_id02301_WdVa7Mp3brI.mp4
id00496,id00287,-,fsgan,C,FakeVideo-RealAudio,Caucasian (European),women,00015_id00287_2NpfYjyMsPM.mp4,FakeAVCeleb/FakeVideo-RealAudio/Caucasian (European)/women/id00496,FakeAVCeleb_v1.2/FakeVideo-RealAudio/Caucasian (European)/women/id00496/00015_id00287_2NpfYjyMsPM.mp4,../data/raw/FakeAVCeleb_v1.2/FakeVideo-RealAudio/Caucasian (European)/women/id00496/00015_id00287_2NpfYjyMsPM.mp4
id01281,id00363,-,fsgan,C,FakeVideo-RealAudio,Asian (East),women,00040_id00363_XNRwEZtddRk.mp4,FakeAVCeleb/FakeVideo-RealAudio/Asian (East)/women/id01281,FakeAVCeleb_v1.2/FakeVideo-RealAudio/Asian (East)/women/id01281/00040_id00363_XNRwEZtddRk.mp4,../data/raw/FakeAVCeleb_v1.2/FakeVideo-RealAudio/Asian (East)/women/id01281/00040_id00363_XNRwEZtddRk.mp4
id05931,id04927,-,fsgan,C,FakeVideo-RealAudio,Asian (South),women,00013_id04927_8MD618FRyfA.mp4,FakeAVCeleb/FakeVideo-RealAudio/Asian (South)/women/id05931,FakeAVCeleb_v1.2/FakeVideo-RealAudio/Asian (South)/women/id05931/00013_id04927_8MD618FRyfA.mp4,../data/raw/FakeAVCeleb_v1.2/FakeVideo-RealAudio/Asian (South)/women/id05931/00013_id04927_8MD618FRyfA.mp4
id00082,id04601,-,wav2lip,C,FakeVideo-RealAudio,Asian (South),men,00052_id04601_wavtolip.mp4,FakeAVCeleb/FakeVideo-RealAudio/Asian (South)/men/id00082,FakeAVCeleb_v1.2/FakeVideo-RealAudio/Asian (South)/men/id00082/00052_id04601_wavtolip.mp4,../data/raw/FakeAVCeleb_v1.2/FakeVideo-RealAudio/Asian (South)/men/id00082/00052_id04601_wavtolip.mp4
id00476,id01995,-,fsgan,C,FakeVideo-RealAudio,African,men,00109_id01995_YUR9wTypwIo.mp4,FakeAVCeleb/FakeVideo-RealAudio/African/men/id00476,FakeAVCeleb_v1.2/FakeVideo-RealAudio/African/men/id00476/00109_id01995_YUR9wTypwIo.mp4,../data/raw/FakeAVCeleb_v1.2/FakeVideo-RealAudio/African/men/id00476/00109_id01995_YUR9wTypwIo.mp4
id05268,id01204,-,wav2lip,C,FakeVideo-RealAudio,Asian (East),men,00010_id01204_wavtolip.mp4,FakeAVCeleb/FakeVideo-RealAudio/Asian (East)/men/id05268,FakeAVCeleb_v1.2/FakeVideo-RealAudio/Asian (East)/men/id05268/00010_id01204_wavtolip.mp4,../data/raw/FakeAVCeleb_v1.2/FakeVideo-RealAudio/Asian (East)/men/id05268/00010_id01204_wavtolip.mp4
id02587,id07739,-,wav2lip,C,FakeVideo-RealAudio,Asian (East),women,00020_id07739_wavtolip.mp4,FakeAVCeleb/FakeVideo-RealAudio/Asian (East)/women/id02587,FakeAVCeleb_v1.2/FakeVideo-RealAudio/Asian (East)/women/id02587/00020_id07739_wavtolip.mp4,../data/raw/FakeAVCeleb_v1.2/FakeVideo-RealAudio/Asian (East)/women/id02587/00020_id07739_wavtolip.mp4
id01004,id00025,-,fsgan,C,FakeVideo-RealAudio,Caucasian (American),women,00028_id00025_PjSeVtbvSjA.mp4,FakeAVCeleb/FakeVideo-RealAudio/Caucasian (American)/women/id01004,FakeAVCeleb_v1.2/FakeVideo-RealAudio/Caucasian (American)/women/id01004/00028_id00025_PjSeVtbvSjA.mp4,../data/raw/FakeAVCeleb_v1.2/FakeVideo-RealAudio/Caucasian (American)/women/id01004/00028_id00025_PjSeVtbvSjA.mp4
id07039,id06061,-,wav2lip,C,FakeVideo-RealAudio,Asian (East),women,00105_id06061_wavtolip.mp4,FakeAVCeleb/FakeVideo-RealAudio/Asian (East)/women/id07039,FakeAVCeleb_v1.2/FakeVideo-RealAudio/Asian (East)/women/id07039/00105_id06061_wavtolip.mp4,../data/raw/FakeAVCeleb_v1.2/FakeVideo-RealAudio/Asian (East)/women/id07039/00105_id06061_wavtolip.mp4
id09116,id07039,-,fsgan,C,FakeVideo-RealAudio,Asian (East),women,00026_id07039_fZEATu9fyTk.mp4,FakeAVCeleb/FakeVideo-RealAudio/Asian (East)/women/id09116,FakeAVCeleb_v1.2/FakeVideo-RealAudio/Asian (East)/women/id09116/00026_id07039_fZEATu9fyTk.mp4,../data/raw/FakeAVCeleb_v1.2/FakeVideo-RealAudio/Asian (East)/women/id09116/00026_id07039_fZEATu9fyTk.mp4
id04530,id03897,-,wav2lip,C,FakeVideo-RealAudio,Asian (South),women,00231_id03897_wavtolip.mp4,FakeAVCeleb/FakeVideo-RealAudio/Asian (South)/women/id04530,FakeAVCeleb_v1.2/FakeVideo-RealAudio/Asian (South)/women/id04530/00231_id03897_wavtolip.mp4,../data/raw/FakeAVCeleb_v1.2/FakeVideo-RealAudio/Asian (South)/women/id04530/00231_id03897_wavtolip.mp4
id00747,id07236,-,fsgan,C,FakeVideo-RealAudio,Asian (South),women,00053_id07236_Fe0sdHw3sc4.mp4,FakeAVCeleb/FakeVideo-RealAudio/Asian (South)/women/id00747,FakeAVCeleb_v1.2/FakeVideo-RealAudio/Asian (South)/women/id00747/00053_id07236_Fe0sdHw3sc4.mp4,../data/raw/FakeAVCeleb_v1.2/FakeVideo-RealAudio/Asian (South)/women/id00747/00053_id07236_Fe0sdHw3sc4.mp4
id01225,id00458,-,wav2lip,C,FakeVideo-RealAudio,Caucasian (American),women,00300_id00458_wavtolip.mp4,FakeAVCeleb/FakeVideo-RealAudio/Caucasian (American)/women/id01225,FakeAVCeleb_v1.2/FakeVideo-RealAudio/Caucasian (American)/women/id01225/00300_id00458_wavtolip.mp4,../data/raw/FakeAVCeleb_v1.2/FakeVideo-RealAudio/Caucasian (American)/women/id01225/00300_id00458_wavtolip.mp4
id01211,id00088,-,fsgan,C,FakeVideo-RealAudio,Caucasian (American),men,00023_id00088_6WIDWxr8vuU.mp4,FakeAVCeleb/FakeVideo-RealAudio/Caucasian (American)/men/id01211,FakeAVCeleb_v1.2/FakeVideo-RealAudio/Caucasian (American)/men/id01211/00023_id00088_6WIDWxr8vuU.mp4,../data/raw/FakeAVCeleb_v1.2/FakeVideo-RealAudio/Caucasian (American)/men/id01211/00023_id00088_6WIDWxr8vuU.mp4
id00225,id00171,-,fsgan,C,FakeVideo-RealAudio,Caucasian (European),men,00078_id00171_PWU6n0qrv4c.mp4,FakeAVCeleb/FakeVideo-RealAudio/Caucasian (European)/men/id00225,FakeAVCeleb_v1.2/FakeVideo-RealAudio/Caucasian (European)/men/id00225/00078_id00171_PWU6n0qrv4c.mp4,../data/raw/FakeAVCeleb_v1.2/FakeVideo-RealAudio/Caucasian (European)/men/id00225/00078_id00171_PWU6n0qrv4c.mp4
id06066,id07739,-,wav2lip,C,FakeVideo-RealAudio,Asian (East),women,00028_id07739_wavtolip.mp4,FakeAVCeleb/FakeVideo-RealAudio/Asian (East)/women/id06066,FakeAVCeleb_v1.2/FakeVideo-RealAudio/Asian (East)/women/id06066/00028_id07739_wavtolip.mp4,../data/raw/FakeAVCeleb_v1.2/FakeVideo-RealAudio/Asian (East)/women/id06066/00028_id07739_wavtolip.mp4
id00835,id01227,-,wav2lip,C,FakeVideo-RealAudio,Caucasian (American),women,00195_id01227_wavtolip.mp4,FakeAVCeleb/FakeVideo-RealAudio/Caucasian (American)/women/id00835,FakeAVCeleb_v1.2/FakeVideo-RealAudio/Caucasian (American)/women/id00835/00195_id01227_wavtolip.mp4,../data/raw/FakeAVCeleb_v1.2/FakeVideo-RealAudio/Caucasian (American)/women/id00835/00195_id01227_wavtolip.mp4
id04583,id00149,-,wav2lip,C,FakeVideo-RealAudio,Asian (South),women,00077_id00149_wavtolip.mp4,FakeAVCeleb/FakeVideo-RealAudio/Asian (South)/women/id04583,FakeAVCeleb_v1.2/FakeVideo-RealAudio/Asian (South)/women/id04583/00077_id00149_wavtolip.mp4,../data/raw/FakeAVCeleb_v1.2/FakeVideo-RealAudio/Asian (South)/women/id04583/00077_id00149_wavtolip.mp4
id06268,id06437,-,fsgan,C,FakeVideo-RealAudio,Asian (South),women,00159_id06437_3BZvvzBhj8s.mp4,FakeAVCeleb/FakeVideo-RealAudio/Asian (South)/women/id06268,FakeAVCeleb_v1.2/FakeVideo-RealAudio/Asian (South)/women/id06268/00159_id06437_3BZvvzBhj8s.mp4,../data/raw/FakeAVCeleb_v1.2/FakeVideo-RealAudio/Asian (South)/women/id06268/00159_id06437_3BZvvzBhj8s.mp4
id09116,id08402,-,wav2lip,C,FakeVideo-RealAudio,Asian (East),women,00026_id08402_wavtolip.mp4,FakeAVCeleb/FakeVideo-RealAudio/Asian (East)/women/id09116,FakeAVCeleb_v1.2/FakeVideo-RealAudio/Asian (East)/women/id09116/00026_id08402_wavtolip.mp4,../data/raw/FakeAVCeleb_v1.2/FakeVideo-RealAudio/Asian (East)/women/id09116/00026_id08402_wavtolip.mp4
id00020,id00018,-,wav2lip,C,FakeVideo-RealAudio,Caucasian (American),men,00206_id00018_wavtolip.mp4,FakeAVCeleb/FakeVideo-RealAudio/Caucasian (American)/men/id00020,FakeAVCeleb_v1.2/FakeVideo-RealAudio/Caucasian (American)/men/id00020/00206_id00018_wavtolip.mp4,../data/raw/FakeAVCeleb_v1.2/FakeVideo-RealAudio/Caucasian (American)/men/id00020/00206_id00018_wavtolip.mp4
id07049,id02089,-,wav2lip,C,FakeVideo-RealAudio,Asian (South),women,00043_id02089_wavtolip.mp4,FakeAVCeleb/FakeVideo-RealAudio/Asian (South)/women/id07049,FakeAVCeleb_v1.2/FakeVideo-RealAudio/Asian (South)/women/id07049/00043_id02089_wavtolip.mp4,../data/raw/FakeAVCeleb_v1.2/FakeVideo-RealAudio/Asian (South)/women/id07049/00043_id02089_wavtolip.mp4
id00597,id05332,-,wav2lip,C,FakeVideo-RealAudio,Asian (East),men,00019_id05332_wavtolip.mp4,FakeAVCeleb/FakeVideo-RealAudio/Asian (East)/men/id00597,FakeAVCeleb_v1.2/FakeVideo-RealAudio/Asian (East)/men/id00597/00019_id05332_wavtolip.mp4,../data/raw/FakeAVCeleb_v1.2/FakeVideo-RealAudio/Asian (East)/men/id00597/00019_id05332_wavtolip.mp4
id09053,id03889,-,wav2lip,C,FakeVideo-RealAudio,Asian (East),men,00005_id03889_wavtolip.mp4,FakeAVCeleb/FakeVideo-RealAudio/Asian (East)/men/id09053,FakeAVCeleb_v1.2/FakeVideo-RealAudio/Asian (East)/men/id09053/00005_id03889_wavtolip.mp4,../data/raw/FakeAVCeleb_v1.2/FakeVideo-RealAudio/Asian (East)/men/id09053/00005_id03889_wavtolip.mp4
id05252,id04374,-,wav2lip,C,FakeVideo-RealAudio,African,women,00052_id04374_wavtolip.mp4,FakeAVCeleb/FakeVideo-RealAudio/African/women/id05252,FakeAVCeleb_v1.2/FakeVideo-RealAudio/African/women/id05252/00052_id04374_wavtolip.mp4,../data/raw/FakeAVCeleb_v1.2/FakeVideo-RealAudio/African/women/id05252/00052_id04374_wavtolip.mp4
id05251,id01178,-,fsgan,C,FakeVideo-RealAudio,African,women,00033_id01178_6XpgYMiKxhc.mp4,FakeAVCeleb/FakeVideo-RealAudio/African/women/id05251,FakeAVCeleb_v1.2/FakeVideo-RealAudio/African/women/id05251/00033_id01178_6XpgYMiKxhc.mp4,../data/raw/FakeAVCeleb_v1.2/FakeVideo-RealAudio/African/women/id05251/00033_id01178_6XpgYMiKxhc.mp4
id06535,id06591,-,wav2lip,C,FakeVideo-RealAudio,Asian (East),men,00183_id06591_wavtolip.mp4,FakeAVCeleb/FakeVideo-RealAudio/Asian (East)/men/id06535,FakeAVCeleb_v1.2/FakeVideo-RealAudio/Asian (East)/men/id06535/00183_id06591_wavtolip.mp4,../data/raw/FakeAVCeleb_v1.2/FakeVideo-RealAudio/Asian (East)/men/id06535/00183_id06591_wavtolip.mp4
id00358,id00063,-,faceswap,C,FakeVideo-RealAudio,Caucasian (European),men,00217_id00063_cVZBXC2rjPM_faceswap.mp4,FakeAVCeleb/FakeVideo-RealAudio/Caucasian (European)/men/id00358,FakeAVCeleb_v1.2/FakeVideo-RealAudio/Caucasian (European)/men/id00358/00217_id00063_cVZBXC2rjPM_faceswap.mp4,../data/raw/FakeAVCeleb_v1.2/FakeVideo-RealAudio/Caucasian (European)/men/id00358/00217_id00063_cVZBXC2rjPM_faceswap.mp4
id07161,id07210,-,wav2lip,C,FakeVideo-RealAudio,Asian (South),men,00159_id07210_wavtolip.mp4,FakeAVCeleb/FakeVideo-RealAudio/Asian (South)/men/id07161,FakeAVCeleb_v1.2/FakeVideo-RealAudio/Asian (South)/men/id07161/00159_id07210_wavtolip.mp4,../data/raw/FakeAVCeleb_v1.2/FakeVideo-RealAudio/Asian (South)/men/id07161/00159_id07210_wavtolip.mp4
id01048,id01042,-,fsgan,C,FakeVideo-RealAudio,Caucasian (American),men,00160_id01042_afqWPqWwJIY.mp4,FakeAVCeleb/FakeVideo-RealAudio/Caucasian (American)/men/id01048,FakeAVCeleb_v1.2/FakeVideo-RealAudio/Caucasian (American)/men/id01048/00160_id01042_afqWPqWwJIY.mp4,../data/raw/FakeAVCeleb_v1.2/FakeVideo-RealAudio/Caucasian (American)/men/id01048/00160_id01042_afqWPqWwJIY.mp4
id06334,id04601,-,wav2lip,C,FakeVideo-RealAudio,Asian (South),men,00015_id04601_wavtolip.mp4,FakeAVCeleb/FakeVideo-RealAudio/Asian (South)/men/id06334,FakeAVCeleb_v1.2/FakeVideo-RealAudio/Asian (South)/men/id06334/00015_id04601_wavtolip.mp4,../data/raw/FakeAVCeleb_v1.2/FakeVideo-RealAudio/Asian (South)/men/id06334/00015_id04601_wavtolip.mp4
id00987,id00761,-,wav2lip,C,FakeVideo-RealAudio,African,men,00160_id00761_wavtolip.mp4,FakeAVCeleb/FakeVideo-RealAudio/African/men/id00987,FakeAVCeleb_v1.2/FakeVideo-RealAudio/African/men/id00987/00160_id00761_wavtolip.mp4,../data/raw/FakeAVCeleb_v1.2/FakeVideo-RealAudio/African/men/id00987/00160_id00761_wavtolip.mp4
id06254,id07136,-,fsgan,C,FakeVideo-RealAudio,Asian (South),women,00043_id07136_4e43eS5p3_M.mp4,FakeAVCeleb/FakeVideo-RealAudio/Asian (South)/women/id06254,FakeAVCeleb_v1.2/FakeVideo-RealAudio/Asian (South)/women/id06254/00043_id07136_4e43eS5p3_M.mp4,../data/raw/FakeAVCeleb_v1.2/FakeVideo-RealAudio/Asian (South)/women/id06254/00043_id07136_4e43eS5p3_M.mp4
id00088,id01182,-,fsgan,C,FakeVideo-RealAudio,Caucasian (American),men,00005_id01182_zca-PHR_U40.mp4,FakeAVCeleb/FakeVideo-RealAudio/Caucasian (American)/men/id00088,FakeAVCeleb_v1.2/FakeVideo-RealAudio/Caucasian (American)/men/id00088/00005_id01182_zca-PHR_U40.mp4,../data/raw/FakeAVCeleb_v1.2/FakeVideo-RealAudio/Caucasian (American)/men/id00088/00005_id01182_zca-PHR_U40.mp4
id00529,id04219,-,wav2lip,C,FakeVideo-RealAudio,Caucasian (American),men,00409_id04219_wavtolip.mp4,FakeAVCeleb/FakeVideo-RealAudio/Caucasian (American)/men/id00529,FakeAVCeleb_v1.2/FakeVideo-RealAudio/Caucasian (American)/men/id00529/00409_id04219_wavtolip.mp4,../data/raw/FakeAVCeleb_v1.2/FakeVideo-RealAudio/Caucasian (American)/men/id00529/00409_id04219_wavtolip.mp4
id00266,id00415,-,fsgan,C,FakeVideo-RealAudio,Caucasian (European),men,00470_id00415_saYfEadFy_s.mp4,FakeAVCeleb/FakeVideo-RealAudio/Caucasian (European)/men/id00266,FakeAVCeleb_v1.2/FakeVideo-RealAudio/Caucasian (European)/men/id00266/00470_id00415_saYfEadFy_s.mp4,../data/raw/FakeAVCeleb_v1.2/FakeVideo-RealAudio/Caucasian (European)/men/id00266/00470_id00415_saYfEadFy_s.mp4
id02466,id00841,-,wav2lip,C,FakeVideo-RealAudio,Caucasian (American),women,00136_id00841_wavtolip.mp4,FakeAVCeleb/FakeVideo-RealAudio/Caucasian (American)/women/id02466,FakeAVCeleb_v1.2/FakeVideo-RealAudio/Caucasian (American)/women/id02466/00136_id00841_wavtolip.mp4,../data/raw/FakeAVCeleb_v1.2/FakeVideo-RealAudio/Caucasian (American)/women/id02466/00136_id00841_wavtolip.mp4
id00365,id00813,-,wav2lip,C,FakeVideo-RealAudio,Caucasian (European),women,00078_id00813_wavtolip.mp4,FakeAVCeleb/FakeVideo-RealAudio/Caucasian (European)/women/id00365,FakeAVCeleb_v1.2/FakeVideo-RealAudio/Caucasian (European)/women/id00365/00078_id00813_wavtolip.mp4,../data/raw/FakeAVCeleb_v1.2/FakeVideo-RealAudio/Caucasian (European)/women/id00365/00078_id00813_wavtolip.mp4
id01001,id00374,-,fsgan,C,FakeVideo-RealAudio,Caucasian (European),women,00086_id00374_w1qI7y9AGTc.mp4,FakeAVCeleb/FakeVideo-RealAudio/Caucasian (European)/women/id01001,FakeAVCeleb_v1.2/FakeVideo-RealAudio/Caucasian (European)/women/id01001/00086_id00374_w1qI7y9AGTc.mp4,../data/raw/FakeAVCeleb_v1.2/FakeVideo-RealAudio/Caucasian (European)/women/id01001/00086_id00374_w1qI7y9AGTc.mp4
id00434,id00569,-,fsgan,C,FakeVideo-RealAudio,Caucasian (European),women,00046_id00569_gSynmpwioV4.mp4,FakeAVCeleb/FakeVideo-RealAudio/Caucasian (European)/women/id00434,FakeAVCeleb_v1.2/FakeVideo-RealAudio/Caucasian (European)/women/id00434/00046_id00569_gSynmpwioV4.mp4,../data/raw/FakeAVCeleb_v1.2/FakeVideo-RealAudio/Caucasian (European)/women/id00434/00046_id00569_gSynmpwioV4.mp4
id00476,id02316,-,wav2lip,C,FakeVideo-RealAudio,African,men,00109_id02316_wavtolip.mp4,FakeAVCeleb/FakeVideo-RealAudio/African/men/id00476,FakeAVCeleb_v1.2/FakeVideo-RealAudio/African/men/id00476/00109_id02316_wavtolip.mp4,../data/raw/FakeAVCeleb_v1.2/FakeVideo-RealAudio/African/men/id00476/00109_id02316_wavtolip.mp4
id04219,id01172,-,wav2lip,C,FakeVideo-RealAudio,Caucasian (American),men,00130_id01172_wavtolip.mp4,FakeAVCeleb/FakeVideo-RealAudio/Caucasian (American)/men/id04219,FakeAVCeleb_v1.2/FakeVideo-RealAudio/Caucasian (American)/men/id04219/00130_id01172_wavtolip.mp4,../data/raw/FakeAVCeleb_v1.2/FakeVideo-RealAudio/Caucasian (American)/men/id04219/00130_id01172_wavtolip.mp4
id00185,id00594,-,fsgan,C,FakeVideo-RealAudio,Caucasian (European),men,00015_id00594_2WHHoksbeVw.mp4,FakeAVCeleb/FakeVideo-RealAudio/Caucasian (European)/men/id00185,FakeAVCeleb_v1.2/FakeVideo-RealAudio/Caucasian (European)/men/id00185/00015_id00594_2WHHoksbeVw.mp4,../data/raw/FakeAVCeleb_v1.2/FakeVideo-RealAudio/Caucasian (European)/men/id00185/00015_id00594_2WHHoksbeVw.mp4
id00373,id00232,-,wav2lip,C,FakeVideo-RealAudio,Caucasian (European),women,00028_id00232_wavtolip.mp4,FakeAVCeleb/FakeVideo-RealAudio/Caucasian (European)/women/id00373,FakeAVCeleb_v1.2/FakeVideo-RealAudio/Caucasian (European)/women/id00373/00028_id00232_wavtolip.mp4,../data/raw/FakeAVCeleb_v1.2/FakeVideo-RealAudio/Caucasian (European)/women/id00373/00028_id00232_wavtolip.mp4
id06061,id05576,-,wav2lip,C,FakeVideo-RealAudio,Asian (East),women,00002_id05576_wavtolip.mp4,FakeAVCeleb/FakeVideo-RealAudio/Asian (East)/women/id06061,FakeAVCeleb_v1.2/FakeVideo-RealAudio/Asian (East)/women/id06061/00002_id05576_wavtolip.mp4,../data/raw/FakeAVCeleb_v1.2/FakeVideo-RealAudio/Asian (East)/women/id06061/00002_id05576_wavtolip.mp4
id05478,id04927,-,fsgan,C,FakeVideo-RealAudio,Asian (South),women,00135_id04927_8MD618FRyfA.mp4,FakeAVCeleb/FakeVideo-RealAudio/Asian (South)/women/id05478,FakeAVCeleb_v1.2/FakeVideo-RealAudio/Asian (South)/women/id05478/00135_id04927_8MD618FRyfA.mp4,../data/raw/FakeAVCeleb_v1.2/FakeVideo-RealAudio/Asian (South)/women/id05478/00135_id04927_8MD618FRyfA.mp4
id00434,id00591,-,fsgan,C,FakeVideo-RealAudio,Caucasian (European),women,00046_id00591_1Jo8xElXQMs.mp4,FakeAVCeleb/FakeVideo-RealAudio/Caucasian (European)/women/id00434,FakeAVCeleb_v1.2/FakeVideo-RealAudio/Caucasian (European)/women/id00434/00046_id00591_1Jo8xElXQMs.mp4,../data/raw/FakeAVCeleb_v1.2/FakeVideo-RealAudio/Caucasian (European)/women/id00434/00046_id00591_1Jo8xElXQMs.mp4
id00232,id00332,-,fsgan,C,FakeVideo-RealAudio,Caucasian (European),women,00025_id00332__zNddcZV1EU.mp4,FakeAVCeleb/FakeVideo-RealAudio/Caucasian (European)/women/id00232,FakeAVCeleb_v1.2/FakeVideo-RealAudio/Caucasian (European)/women/id00232/00025_id00332__zNddcZV1EU.mp4,../data/raw/FakeAVCeleb_v1.2/FakeVideo-RealAudio/Caucasian (European)/women/id00232/00025_id00332__zNddcZV1EU.mp4
id04073,id01210,-,fsgan,C,FakeVideo-RealAudio,Caucasian (American),men,00021_id01210_sMdOO7NqsGY.mp4,FakeAVCeleb/FakeVideo-RealAudio/Caucasian (American)/men/id04073,FakeAVCeleb_v1.2/FakeVideo-RealAudio/Caucasian (American)/men/id04073/00021_id01210_sMdOO7NqsGY.mp4,../data/raw/FakeAVCeleb_v1.2/FakeVideo-RealAudio/Caucasian (American)/men/id04073/00021_id01210_sMdOO7NqsGY.mp4
id08397,id06061,-,wav2lip,C,FakeVideo-RealAudio,Asian (East),women,00167_id06061_wavtolip.mp4,FakeAVCeleb/FakeVideo-RealAudio/Asian (East)/women/id08397,FakeAVCeleb_v1.2/FakeVideo-RealAudio/Asian (East)/women/id08397/00167_id06061_wavtolip.mp4,../data/raw/FakeAVCeleb_v1.2/FakeVideo-RealAudio/Asian (East)/women/id08397/00167_id06061_wavtolip.mp4
id05743,id02561,-,wav2lip,C,FakeVideo-RealAudio,Asian (East),men,00015_id02561_wavtolip.mp4,FakeAVCeleb/FakeVideo-RealAudio/Asian (East)/men/id05743,FakeAVCeleb_v1.2/FakeVideo-RealAudio/Asian (East)/men/id05743/00015_id02561_wavtolip.mp4,../data/raw/FakeAVCeleb_v1.2/FakeVideo-RealAudio/Asian (East)/men/id05743/00015_id02561_wavtolip.mp4
id00087,id00708,-,fsgan,C,FakeVideo-RealAudio,Caucasian (American),men,00002_id00708_Dzmb0FH1xBc.mp4,FakeAVCeleb/FakeVideo-RealAudio/Caucasian (American)/men/id00087,FakeAVCeleb_v1.2/FakeVideo-RealAudio/Caucasian (American)/men/id00087/00002_id00708_Dzmb0FH1xBc.mp4,../data/raw/FakeAVCeleb_v1.2/FakeVideo-RealAudio/Caucasian (American)/men/id00087/00002_id00708_Dzmb0FH1xBc.mp4
id00098,id00398,-,wav2lip,C,FakeVideo-RealAudio,Caucasian (American),women,00004_id00398_wavtolip.mp4,FakeAVCeleb/FakeVideo-RealAudio/Caucasian (American)/women/id00098,FakeAVCeleb_v1.2/FakeVideo-RealAudio/Caucasian (American)/women/id00098/00004_id00398_wavtolip.mp4,../data/raw/FakeAVCeleb_v1.2/FakeVideo-RealAudio/Caucasian (American)/women/id00098/00004_id00398_wavtolip.mp4
id00735,id00496,-,wav2lip,C,FakeVideo-RealAudio,Caucasian (European),women,00037_id00496_wavtolip.mp4,FakeAVCeleb/FakeVideo-RealAudio/Caucasian (European)/women/id00735,FakeAVCeleb_v1.2/FakeVideo-RealAudio/Caucasian (European)/women/id00735/00037_id00496_wavtolip.mp4,../data/raw/FakeAVCeleb_v1.2/FakeVideo-RealAudio/Caucasian (European)/women/id00735/00037_id00496_wavtolip.mp4
id08652,id08652,-,wav2lip,C,FakeVideo-RealAudio,Asian (East),men,00006_id08652_wavtolip.mp4,FakeAVCeleb/FakeVideo-RealAudio/Asian (East)/men/id08652,FakeAVCeleb_v1.2/FakeVideo-RealAudio/Asian (East)/men/id08652/00006_id08652_wavtolip.mp4,../data/raw/FakeAVCeleb_v1.2/FakeVideo-RealAudio/Asian (East)/men/id08652/00006_id08652_wavtolip.mp4
id04057,id02587,-,fsgan,C,FakeVideo-RealAudio,Asian (East),women,00015_id02587_KzwJPH5_8j0.mp4,FakeAVCeleb/FakeVideo-RealAudio/Asian (East)/women/id04057,FakeAVCeleb_v1.2/FakeVideo-RealAudio/Asian (East)/women/id04057/00015_id02587_KzwJPH5_8j0.mp4,../data/raw/FakeAVCeleb_v1.2/FakeVideo-RealAudio/Asian (East)/women/id04057/00015_id02587_KzwJPH5_8j0.mp4
id01076,id00391,-,wav2lip,C,FakeVideo-RealAudio,African,men,00005_id00391_wavtolip.mp4,FakeAVCeleb/FakeVideo-RealAudio/African/men/id01076,FakeAVCeleb_v1.2/FakeVideo-RealAudio/African/men/id01076/00005_id00391_wavtolip.mp4,../data/raw/FakeAVCeleb_v1.2/FakeVideo-RealAudio/African/men/id01076/00005_id00391_wavtolip.mp4
id04599,id07163,-,wav2lip,C,FakeVideo-RealAudio,Asian (South),men,00111_id07163_wavtolip.mp4,FakeAVCeleb/FakeVideo-RealAudio/Asian (South)/men/id04599,FakeAVCeleb_v1.2/FakeVideo-RealAudio/Asian (South)/men/id04599/00111_id07163_wavtolip.mp4,../data/raw/FakeAVCeleb_v1.2/FakeVideo-RealAudio/Asian (South)/men/id04599/00111_id07163_wavtolip.mp4
id00462,id01238,-,fsgan,C,FakeVideo-RealAudio,Caucasian (American),women,00143_id01238_VPdv2sexRy0.mp4,FakeAVCeleb/FakeVideo-RealAudio/Caucasian (American)/women/id00462,FakeAVCeleb_v1.2/FakeVideo-RealAudio/Caucasian (American)/women/id00462/00143_id01238_VPdv2sexRy0.mp4,../data/raw/FakeAVCeleb_v1.2/FakeVideo-RealAudio/Caucasian (American)/women/id00462/00143_id01238_VPdv2sexRy0.mp4
id01783,id02948,-,wav2lip,C,FakeVideo-RealAudio,African,women,00015_id02948_wavtolip.mp4,FakeAVCeleb/FakeVideo-RealAudio/African/women/id01783,FakeAVCeleb_v1.2/FakeVideo-RealAudio/African/women/id01783/00015_id02948_wavtolip.mp4,../data/raw/FakeAVCeleb_v1.2/FakeVideo-RealAudio/African/women/id01783/00015_id02948_wavtolip.mp4
id00634,id00591,-,fsgan,C,FakeVideo-RealAudio,Caucasian (European),women,00078_id00591_1Jo8xElXQMs.mp4,FakeAVCeleb/FakeVideo-RealAudio/Caucasian (European)/women/id00634,FakeAVCeleb_v1.2/FakeVideo-RealAudio/Caucasian (European)/women/id00634/00078_id00591_1Jo8xElXQMs.mp4,../data/raw/FakeAVCeleb_v1.2/FakeVideo-RealAudio/Caucasian (European)/women/id00634/00078_id00591_1Jo8xElXQMs.mp4
id07163,id00816,-,wav2lip,C,FakeVideo-RealAudio,Asian (South),men,00141_id00816_wavtolip.mp4,FakeAVCeleb/FakeVideo-RealAudio/Asian (South)/men/id07163,FakeAVCeleb_v1.2/FakeVideo-RealAudio/Asian (South)/men/id07163/00141_id00816_wavtolip.mp4,../data/raw/FakeAVCeleb_v1.2/FakeVideo-RealAudio/Asian (South)/men/id07163/00141_id00816_wavtolip.mp4
id01211,id00345,-,fsgan,C,FakeVideo-RealAudio,Caucasian (American),men,00023_id00345_TIsGVOYfvZ8.mp4,FakeAVCeleb/FakeVideo-RealAudio/Caucasian (American)/men/id01211,FakeAVCeleb_v1.2/FakeVideo-RealAudio/Caucasian (American)/men/id01211/00023_id00345_TIsGVOYfvZ8.mp4,../data/raw/FakeAVCeleb_v1.2/FakeVideo-RealAudio/Caucasian (American)/men/id01211/00023_id00345_TIsGVOYfvZ8.mp4
id01589,id06470,-,fsgan,C,FakeVideo-RealAudio,Asian (East),men,00017_id06470_XoAiqCrOlyk.mp4,FakeAVCeleb/FakeVideo-RealAudio/Asian (East)/men/id01589,FakeAVCeleb_v1.2/FakeVideo-RealAudio/Asian (East)/men/id01589/00017_id06470_XoAiqCrOlyk.mp4,../data/raw/FakeAVCeleb_v1.2/FakeVideo-RealAudio/Asian (East)/men/id01589/00017_id06470_XoAiqCrOlyk.mp4
id06355,id00078,-,wav2lip,C,FakeVideo-RealAudio,Asian (South),men,00347_id00078_wavtolip.mp4,FakeAVCeleb/FakeVideo-RealAudio/Asian (South)/men/id06355,FakeAVCeleb_v1.2/FakeVideo-RealAudio/Asian (South)/men/id06355/00347_id00078_wavtolip.mp4,../data/raw/FakeAVCeleb_v1.2/FakeVideo-RealAudio/Asian (South)/men/id06355/00347_id00078_wavtolip.mp4
id00078,id07179,-,wav2lip,C,FakeVideo-RealAudio,Asian (South),men,00114_id07179_wavtolip.mp4,FakeAVCeleb/FakeVideo-RealAudio/Asian (South)/men/id00078,FakeAVCeleb_v1.2/FakeVideo-RealAudio/Asian (South)/men/id00078/00114_id07179_wavtolip.mp4,../data/raw/FakeAVCeleb_v1.2/FakeVideo-RealAudio/Asian (South)/men/id00078/00114_id07179_wavtolip.mp4
id00498,id01123,-,fsgan,C,FakeVideo-RealAudio,Caucasian (European),men,00014_id01123_Xid_-DpIHX4.mp4,FakeAVCeleb/FakeVideo-RealAudio/Caucasian (European)/men/id00498,FakeAVCeleb_v1.2/FakeVideo-RealAudio/Caucasian (European)/men/id00498/00014_id01123_Xid_-DpIHX4.mp4,../data/raw/FakeAVCeleb_v1.2/FakeVideo-RealAudio/Caucasian (European)/men/id00498/00014_id01123_Xid_-DpIHX4.mp4
id01172,id01044,-,fsgan,C,FakeVideo-RealAudio,Caucasian (American),men,00015_id01044_yL58R6zBNf4.mp4,FakeAVCeleb/FakeVideo-RealAudio/Caucasian (American)/men/id01172,FakeAVCeleb_v1.2/FakeVideo-RealAudio/Caucasian (American)/men/id01172/00015_id01044_yL58R6zBNf4.mp4,../data/raw/FakeAVCeleb_v1.2/FakeVideo-RealAudio/Caucasian (American)/men/id01172/00015_id01044_yL58R6zBNf4.mp4
id00806,id00495,-,wav2lip,C,FakeVideo-RealAudio,Caucasian (European),women,00005_id00495_wavtolip.mp4,FakeAVCeleb/FakeVideo-RealAudio/Caucasian (European)/women/id00806,FakeAVCeleb_v1.2/FakeVideo-RealAudio/Caucasian (European)/women/id00806/00005_id00495_wavtolip.mp4,../data/raw/FakeAVCeleb_v1.2/FakeVideo-RealAudio/Caucasian (European)/women/id00806/00005_id00495_wavtolip.mp4
id00747,id04564,-,fsgan,C,FakeVideo-RealAudio,Asian (South),women,00053_id04564_xUz03LwKRtQ.mp4,FakeAVCeleb/FakeVideo-RealAudio/Asian (South)/women/id00747,FakeAVCeleb_v1.2/FakeVideo-RealAudio/Asian (South)/women/id00747/00053_id04564_xUz03LwKRtQ.mp4,../data/raw/FakeAVCeleb_v1.2/FakeVideo-RealAudio/Asian (South)/women/id00747/00053_id04564_xUz03LwKRtQ.mp4
id01044,id03525,-,fsgan,C,FakeVideo-RealAudio,Caucasian (American),men,00336_id03525_5qVmWkkCk3k.mp4,FakeAVCeleb/FakeVideo-RealAudio/Caucasian (American)/men/id01044,FakeAVCeleb_v1.2/FakeVideo-RealAudio/Caucasian (American)/men/id01044/00336_id03525_5qVmWkkCk3k.mp4,../data/raw/FakeAVCeleb_v1.2/FakeVideo-RealAudio/Caucasian (American)/men/id01044/00336_id03525_5qVmWkkCk3k.mp4
id00179,id01124,-,fsgan,C,FakeVideo-RealAudio,Caucasian (American),men,00143_id01124_Lnf2oGSM00s.mp4,FakeAVCeleb/FakeVideo-RealAudio/Caucasian (American)/men/id00179,FakeAVCeleb_v1.2/FakeVideo-RealAudio/Caucasian (American)/men/id00179/00143_id01124_Lnf2oGSM00s.mp4,../data/raw/FakeAVCeleb_v1.2/FakeVideo-RealAudio/Caucasian (American)/men/id00179/00143_id01124_Lnf2oGSM00s.mp4
id04530,id06343,-,wav2lip,C,FakeVideo-RealAudio,Asian (South),women,00231_id06343_wavtolip.mp4,FakeAVCeleb/FakeVideo-RealAudio/Asian (South)/women/id04530,FakeAVCeleb_v1.2/FakeVideo-RealAudio/Asian (South)/women/id04530/00231_id06343_wavtolip.mp4,../data/raw/FakeAVCeleb_v1.2/FakeVideo-RealAudio/Asian (South)/women/id04530/00231_id06343_wavtolip.mp4
id03371,id00434,-,wav2lip,C,FakeVideo-RealAudio,Caucasian (European),women,00430_id00434_wavtolip.mp4,FakeAVCeleb/FakeVideo-RealAudio/Caucasian (European)/women/id03371,FakeAVCeleb_v1.2/FakeVideo-RealAudio/Caucasian (European)/women/id03371/00430_id00434_wavtolip.mp4,../data/raw/FakeAVCeleb_v1.2/FakeVideo-RealAudio/Caucasian (European)/women/id03371/00430_id00434_wavtolip.mp4
id01179,id01236,-,wav2lip,C,FakeVideo-RealAudio,African,men,00160_id01236_wavtolip.mp4,FakeAVCeleb/FakeVideo-RealAudio/African/men/id01179,FakeAVCeleb_v1.2/FakeVideo-RealAudio/African/men/id01179/00160_id01236_wavtolip.mp4,../data/raw/FakeAVCeleb_v1.2/FakeVideo-RealAudio/African/men/id01179/00160_id01236_wavtolip.mp4
id00272,id01225,-,wav2lip,C,FakeVideo-RealAudio,Caucasian (American),women,00195_id01225_wavtolip.mp4,FakeAVCeleb/FakeVideo-RealAudio/Caucasian (American)/women/id00272,FakeAVCeleb_v1.2/FakeVideo-RealAudio/Caucasian (American)/women/id00272/00195_id01225_wavtolip.mp4,../data/raw/FakeAVCeleb_v1.2/FakeVideo-RealAudio/Caucasian (American)/women/id00272/00195_id01225_wavtolip.mp4
id01001,id00068,-,wav2lip,C,FakeVideo-RealAudio,Caucasian (European),women,00086_id00068_wavtolip.mp4,FakeAVCeleb/FakeVideo-RealAudio/Caucasian (European)/women/id01001,FakeAVCeleb_v1.2/FakeVideo-RealAudio/Caucasian (European)/women/id01001/00086_id00068_wavtolip.mp4,../data/raw/FakeAVCeleb_v1.2/FakeVideo-RealAudio/Caucasian (European)/women/id01001/00086_id00068_wavtolip.mp4
id04070,id05435,-,wav2lip,C,FakeVideo-RealAudio,Asian (South),women,00072_id05435_wavtolip.mp4,FakeAVCeleb/FakeVideo-RealAudio/Asian (South)/women/id04070,FakeAVCeleb_v1.2/FakeVideo-RealAudio/Asian (South)/women/id04070/00072_id05435_wavtolip.mp4,../data/raw/FakeAVCeleb_v1.2/FakeVideo-RealAudio/Asian (South)/women/id04070/00072_id05435_wavtolip.mp4
id07689,id06254,-,wav2lip,C,FakeVideo-RealAudio,Asian (South),women,00028_id06254_wavtolip.mp4,FakeAVCeleb/FakeVideo-RealAudio/Asian (South)/women/id07689,FakeAVCeleb_v1.2/FakeVideo-RealAudio/Asian (South)/women/id07689/00028_id06254_wavtolip.mp4,../data/raw/FakeAVCeleb_v1.2/FakeVideo-RealAudio/Asian (South)/women/id07689/00028_id06254_wavtolip.mp4
id01532,id02838,-,wav2lip,C,FakeVideo-RealAudio,African,women,00065_id02838_wavtolip.mp4,FakeAVCeleb/FakeVideo-RealAudio/African/women/id01532,FakeAVCeleb_v1.2/FakeVideo-RealAudio/African/women/id01532/00065_id02838_wavtolip.mp4,../data/raw/FakeAVCeleb_v1.2/FakeVideo-RealAudio/African/women/id01532/00065_id02838_wavtolip.mp4
id07377,id03897,-,wav2lip,C,FakeVideo-RealAudio,Asian (South),women,00025_id03897_wavtolip.mp4,FakeAVCeleb/FakeVideo-RealAudio/Asian (South)/women/id07377,FakeAVCeleb_v1.2/FakeVideo-RealAudio/Asian (South)/women/id07377/00025_id03897_wavtolip.mp4,../data/raw/FakeAVCeleb_v1.2/FakeVideo-RealAudio/Asian (South)/women/id07377/00025_id03897_wavtolip.mp4
id07194,id04554,-,wav2lip,C,FakeVideo-RealAudio,Asian (South),men,00014_id04554_wavtolip.mp4,FakeAVCeleb/FakeVideo-RealAudio/Asian (South)/men/id07194,FakeAVCeleb_v1.2/FakeVideo-RealAudio/Asian (South)/men/id07194/00014_id04554_wavtolip.mp4,../data/raw/FakeAVCeleb_v1.2/FakeVideo-RealAudio/Asian (South)/men/id07194/00014_id04554_wavtolip.mp4
id03180,id04561,-,wav2lip,C,FakeVideo-RealAudio,Asian (South),men,00039_id04561_wavtolip.mp4,FakeAVCeleb/FakeVideo-RealAudio/Asian (South)/men/id03180,FakeAVCeleb_v1.2/FakeVideo-RealAudio/Asian (South)/men/id03180/00039_id04561_wavtolip.mp4,../data/raw/FakeAVCeleb_v1.2/FakeVideo-RealAudio/Asian (South)/men/id03180/00039_id04561_wavtolip.mp4
id07163,id00350,-,fsgan,C,FakeVideo-RealAudio,Asian (South),men,00141_id00350_75IFJNFAMIM.mp4,FakeAVCeleb/FakeVideo-RealAudio/Asian (South)/men/id07163,FakeAVCeleb_v1.2/FakeVideo-RealAudio/Asian (South)/men/id07163/00141_id00350_75IFJNFAMIM.mp4,../data/raw/FakeAVCeleb_v1.2/FakeVideo-RealAudio/Asian (South)/men/id07163/00141_id00350_75IFJNFAMIM.mp4
id04055,id00568,-,fsgan,C,FakeVideo-RealAudio,African,women,00001_id00568_gakhcJXnJZ8.mp4,FakeAVCeleb/FakeVideo-RealAudio/African/women/id04055,FakeAVCeleb_v1.2/FakeVideo-RealAudio/African/women/id04055/00001_id00568_gakhcJXnJZ8.mp4,../data/raw/FakeAVCeleb_v1.2/FakeVideo-RealAudio/African/women/id04055/00001_id00568_gakhcJXnJZ8.mp4
id03985,id06428,-,fsgan,C,FakeVideo-RealAudio,Asian (South),women,00005_id06428_A9nvRKd1afA.mp4,FakeAVCeleb/FakeVideo-RealAudio/Asian (South)/women/id03985,FakeAVCeleb_v1.2/FakeVideo-RealAudio/Asian (South)/women/id03985/00005_id06428_A9nvRKd1afA.mp4,../data/raw/FakeAVCeleb_v1.2/FakeVideo-RealAudio/Asian (South)/women/id03985/00005_id06428_A9nvRKd1afA.mp4
id00235,id00080,-,wav2lip,C,FakeVideo-RealAudio,Asian (South),women,00052_id00080_wavtolip.mp4,FakeAVCeleb/FakeVideo-RealAudio/Asian (South)/women/id00235,FakeAVCeleb_v1.2/FakeVideo-RealAudio/Asian (South)/women/id00235/00052_id00080_wavtolip.mp4,../data/raw/FakeAVCeleb_v1.2/FakeVideo-RealAudio/Asian (South)/women/id00235/00052_id00080_wavtolip.mp4
id02586,id04374,-,fsgan,C,FakeVideo-RealAudio,African,women,00042_id04374_SWltOOZmlWM.mp4,FakeAVCeleb/FakeVideo-RealAudio/African/women/id02586,FakeAVCeleb_v1.2/FakeVideo-RealAudio/African/women/id02586/00042_id04374_SWltOOZmlWM.mp4,../data/raw/FakeAVCeleb_v1.2/FakeVideo-RealAudio/African/women/id02586/00042_id04374_SWltOOZmlWM.mp4
id00990,id03205,-,wav2lip,C,FakeVideo-RealAudio,Caucasian (European),men,00160_id03205_wavtolip.mp4,FakeAVCeleb/FakeVideo-RealAudio/Caucasian (European)/men/id00990,FakeAVCeleb_v1.2/FakeVideo-RealAudio/Caucasian (European)/men/id00990/00160_id03205_wavtolip.mp4,../data/raw/FakeAVCeleb_v1.2/FakeVideo-RealAudio/Caucasian (European)/men/id00990/00160_id03205_wavtolip.mp4
id00732,id00103,-,fsgan,C,FakeVideo-RealAudio,Asian (South),men,00118_id00103_qpTVaP4y5DQ.mp4,FakeAVCeleb/FakeVideo-RealAudio/Asian (South)/men/id00732,FakeAVCeleb_v1.2/FakeVideo-RealAudio/Asian (South)/men/id00732/00118_id00103_qpTVaP4y5DQ.mp4,../data/raw/FakeAVCeleb_v1.2/FakeVideo-RealAudio/Asian (South)/men/id00732/00118_id00103_qpTVaP4y5DQ.mp4
id00428,id01223,-,wav2lip,C,FakeVideo-RealAudio,Caucasian (American),women,00017_id01223_wavtolip.mp4,FakeAVCeleb/FakeVideo-RealAudio/Caucasian (American)/women/id00428,FakeAVCeleb_v1.2/FakeVideo-RealAudio/Caucasian (American)/women/id00428/00017_id01223_wavtolip.mp4,../data/raw/FakeAVCeleb_v1.2/FakeVideo-RealAudio/Caucasian (American)/women/id00428/00017_id01223_wavtolip.mp4
id07383,id00935,-,fsgan,C,FakeVideo-RealAudio,Asian (East),women,00011_id00935_09fNE0b4Dlg.mp4,FakeAVCeleb/FakeVideo-RealAudio/Asian (East)/women/id07383,FakeAVCeleb_v1.2/FakeVideo-RealAudio/Asian (East)/women/id07383/00011_id00935_09fNE0b4Dlg.mp4,../data/raw/FakeAVCeleb_v1.2/FakeVideo-RealAudio/Asian (East)/women/id07383/00011_id00935_09fNE0b4Dlg.mp4
id01521,id02296,-,fsgan,C,FakeVideo-RealAudio,African,men,00109_id02296_IAgOrCuY8vU.mp4,FakeAVCeleb/FakeVideo-RealAudio/African/men/id01521,FakeAVCeleb_v1.2/FakeVideo-RealAudio/African/men/id01521/00109_id02296_IAgOrCuY8vU.mp4,../data/raw/FakeAVCeleb_v1.2/FakeVideo-RealAudio/African/men/id01521/00109_id02296_IAgOrCuY8vU.mp4
id08819,id00137,-,wav2lip,C,FakeVideo-RealAudio,Asian (East),women,00052_id00137_wavtolip.mp4,FakeAVCeleb/FakeVideo-RealAudio/Asian (East)/women/id08819,FakeAVCeleb_v1.2/FakeVideo-RealAudio/Asian (East)/women/id08819/00052_id00137_wavtolip.mp4,../data/raw/FakeAVCeleb_v1.2/FakeVideo-RealAudio/Asian (East)/women/id08819/00052_id00137_wavtolip.mp4
id06152,id04774,-,wav2lip,C,FakeVideo-RealAudio,Asian (East),men,06152_id04774_wavtolip.mp4,FakeAVCeleb/FakeVideo-RealAudio/Asian (East)/men/id06152,FakeAVCeleb_v1.2/FakeVideo-RealAudio/Asian (East)/men/id06152/06152_id04774_wavtolip.mp4,../data/raw/FakeAVCeleb_v1.2/FakeVideo-RealAudio/Asian (East)/men/id06152/06152_id04774_wavtolip.mp4
id05106,id00371,-,wav2lip,C,FakeVideo-RealAudio,African,women,00078_id00371_wavtolip.mp4,FakeAVCeleb/FakeVideo-RealAudio/African/women/id05106,FakeAVCeleb_v1.2/FakeVideo-RealAudio/African/women/id05106/00078_id00371_wavtolip.mp4,../data/raw/FakeAVCeleb_v1.2/FakeVideo-RealAudio/African/women/id05106/00078_id00371_wavtolip.mp4
id00823,id00581,-,fsgan,C,FakeVideo-RealAudio,Caucasian (European),women,00125_id00581_7AxvP19LGKg.mp4,FakeAVCeleb/FakeVideo-RealAudio/Caucasian (European)/women/id00823,FakeAVCeleb_v1.2/FakeVideo-RealAudio/Caucasian (European)/women/id00823/00125_id00581_7AxvP19LGKg.mp4,../data/raw/FakeAVCeleb_v1.2/FakeVideo-RealAudio/Caucasian (European)/women/id00823/00125_id00581_7AxvP19LGKg.mp4
id01123,id00282,-,faceswap,C,FakeVideo-RealAudio,Caucasian (European),men,00072_id00282_iTsqWj6GEbo_faceswap.mp4,FakeAVCeleb/FakeVideo-RealAudio/Caucasian (European)/men/id01123,FakeAVCeleb_v1.2/FakeVideo-RealAudio/Caucasian (European)/men/id01123/00072_id00282_iTsqWj6GEbo_faceswap.mp4,../data/raw/FakeAVCeleb_v1.2/FakeVideo-RealAudio/Caucasian (European)/men/id01123/00072_id00282_iTsqWj6GEbo_faceswap.mp4
id00594,id01098,-,fsgan,C,FakeVideo-RealAudio,Caucasian (European),men,00005_id01098_BwmSumx6P1U.mp4,FakeAVCeleb/FakeVideo-RealAudio/Caucasian (European)/men/id00594,FakeAVCeleb_v1.2/FakeVideo-RealAudio/Caucasian (European)/men/id00594/00005_id01098_BwmSumx6P1U.mp4,../data/raw/FakeAVCeleb_v1.2/FakeVideo-RealAudio/Caucasian (European)/men/id00594/00005_id01098_BwmSumx6P1U.mp4
id00633,id00569,-,fsgan,C,FakeVideo-RealAudio,Caucasian (European),women,00088_id00569_gSynmpwioV4.mp4,FakeAVCeleb/FakeVideo-RealAudio/Caucasian (European)/women/id00633,FakeAVCeleb_v1.2/FakeVideo-RealAudio/Caucasian (European)/women/id00633/00088_id00569_gSynmpwioV4.mp4,../data/raw/FakeAVCeleb_v1.2/FakeVideo-RealAudio/Caucasian (European)/women/id00633/00088_id00569_gSynmpwioV4.mp4
id04529,id06232,-,wav2lip,C,FakeVideo-RealAudio,Asian (South),women,00186_id06232_wavtolip.mp4,FakeAVCeleb/FakeVideo-RealAudio/Asian (South)/women/id04529,FakeAVCeleb_v1.2/FakeVideo-RealAudio/Asian (South)/women/id04529/00186_id06232_wavtolip.mp4,../data/raw/FakeAVCeleb_v1.2/FakeVideo-RealAudio/Asian (South)/women/id04529/00186_id06232_wavtolip.mp4
id08314,0.mp4,-,faceswap,C,FakeVideo-RealAudio,Asian (South),men,00083_0.mp4,FakeAVCeleb/FakeVideo-RealAudio/Asian (South)/men/id08314,FakeAVCeleb_v1.2/FakeVideo-RealAudio/Asian (South)/men/id08314/00083_0.mp4,../data/raw/FakeAVCeleb_v1.2/FakeVideo-RealAudio/Asian (South)/men/id08314/00083_0.mp4
id04221,id00029,-,wav2lip,C,FakeVideo-RealAudio,Caucasian (American),men,00053_id00029_wavtolip.mp4,FakeAVCeleb/FakeVideo-RealAudio/Caucasian (American)/men/id04221,FakeAVCeleb_v1.2/FakeVideo-RealAudio/Caucasian (American)/men/id04221/00053_id00029_wavtolip.mp4,../data/raw/FakeAVCeleb_v1.2/FakeVideo-RealAudio/Caucasian (American)/men/id04221/00053_id00029_wavtolip.mp4
id00241,id00415,-,fsgan,C,FakeVideo-RealAudio,Caucasian (European),men,00015_id00415_saYfEadFy_s.mp4,FakeAVCeleb/FakeVideo-RealAudio/Caucasian (European)/men/id00241,FakeAVCeleb_v1.2/FakeVideo-RealAudio/Caucasian (European)/men/id00241/00015_id00415_saYfEadFy_s.mp4,../data/raw/FakeAVCeleb_v1.2/FakeVideo-RealAudio/Caucasian (European)/men/id00241/00015_id00415_saYfEadFy_s.mp4
id00169,id00775,-,wav2lip,C,FakeVideo-RealAudio,Caucasian (American),men,00021_id00775_wavtolip.mp4,FakeAVCeleb/FakeVideo-RealAudio/Caucasian (American)/men/id00169,FakeAVCeleb_v1.2/FakeVideo-RealAudio/Caucasian (American)/men/id00169/00021_id00775_wavtolip.mp4,../data/raw/FakeAVCeleb_v1.2/FakeVideo-RealAudio/Caucasian (American)/men/id00169/00021_id00775_wavtolip.mp4
id06054,id08402,-,fsgan,C,FakeVideo-RealAudio,Asian (East),women,00010_id08402_nedfiSXfmQ0.mp4,FakeAVCeleb/FakeVideo-RealAudio/Asian (East)/women/id06054,FakeAVCeleb_v1.2/FakeVideo-RealAudio/Asian (East)/women/id06054/00010_id08402_nedfiSXfmQ0.mp4,../data/raw/FakeAVCeleb_v1.2/FakeVideo-RealAudio/Asian (East)/women/id06054/00010_id08402_nedfiSXfmQ0.mp4
id01005,id02464,-,fsgan,C,FakeVideo-RealAudio,Caucasian (American),women,00028_id02464_1hxJsZYV7mI.mp4,FakeAVCeleb/FakeVideo-RealAudio/Caucasian (American)/women/id01005,FakeAVCeleb_v1.2/FakeVideo-RealAudio/Caucasian (American)/women/id01005/00028_id02464_1hxJsZYV7mI.mp4,../data/raw/FakeAVCeleb_v1.2/FakeVideo-RealAudio/Caucasian (American)/women/id01005/00028_id02464_1hxJsZYV7mI.mp4
id07051,id06428,-,faceswap,C,FakeVideo-RealAudio,Asian (South),women,00083_id06428_A9nvRKd1afA_faceswap.mp4,FakeAVCeleb/FakeVideo-RealAudio/Asian (South)/women/id07051,FakeAVCeleb_v1.2/FakeVideo-RealAudio/Asian (South)/women/id07051/00083_id06428_A9nvRKd1afA_faceswap.mp4,../data/raw/FakeAVCeleb_v1.2/FakeVideo-RealAudio/Asian (South)/women/id07051/00083_id06428_A9nvRKd1afA_faceswap.mp4
id00478,id01597,-,fsgan,C,FakeVideo-RealAudio,African,men,00206_id01597_52WEZxe4_GE.mp4,FakeAVCeleb/FakeVideo-RealAudio/African/men/id00478,FakeAVCeleb_v1.2/FakeVideo-RealAudio/African/men/id00478/00206_id01597_52WEZxe4_GE.mp4,../data/raw/FakeAVCeleb_v1.2/FakeVideo-RealAudio/African/men/id00478/00206_id01597_52WEZxe4_GE.mp4
id00282,id01051,-,wav2lip,C,FakeVideo-RealAudio,Caucasian (European),men,00268_id01051_wavtolip.mp4,FakeAVCeleb/FakeVideo-RealAudio/Caucasian (European)/men/id00282,FakeAVCeleb_v1.2/FakeVideo-RealAudio/Caucasian (European)/men/id00282/00268_id01051_wavtolip.mp4,../data/raw/FakeAVCeleb_v1.2/FakeVideo-RealAudio/Caucasian (European)/men/id00282/00268_id01051_wavtolip.mp4
id01451,id00582,-,wav2lip,C,FakeVideo-RealAudio,Asian (East),women,00099_id00582_wavtolip.mp4,FakeAVCeleb/FakeVideo-RealAudio/Asian (East)/women/id01451,FakeAVCeleb_v1.2/FakeVideo-RealAudio/Asian (East)/women/id01451/00099_id00582_wavtolip.mp4,../data/raw/FakeAVCeleb_v1.2/FakeVideo-RealAudio/Asian (East)/women/id01451/00099_id00582_wavtolip.mp4
id06388,id05620,-,wav2lip,C,FakeVideo-RealAudio,Asian (East),women,00005_id05620_wavtolip.mp4,FakeAVCeleb/FakeVideo-RealAudio/Asian (East)/women/id06388,FakeAVCeleb_v1.2/FakeVideo-RealAudio/Asian (East)/women/id06388/00005_id05620_wavtolip.mp4,../data/raw/FakeAVCeleb_v1.2/FakeVideo-RealAudio/Asian (East)/women/id06388/00005_id05620_wavtolip.mp4
id06152,-,-,faceswap,C,FakeVideo-RealAudio,Asian (East),men,06152.mp4,FakeAVCeleb/FakeVideo-RealAudio/Asian (East)/men/id06152,FakeAVCeleb_v1.2/FakeVideo-RealAudio/Asian (East)/men/id06152/06152.mp4,../data/raw/FakeAVCeleb_v1.2/FakeVideo-RealAudio/Asian (East)/men/id06152/06152.mp4
id00835,id01223,-,fsgan,C,FakeVideo-RealAudio,Caucasian (American),women,00195_id01223_TO3ym8Gwp7k.mp4,FakeAVCeleb/FakeVideo-RealAudio/Caucasian (American)/women/id00835,FakeAVCeleb_v1.2/FakeVideo-RealAudio/Caucasian (American)/women/id00835/00195_id01223_TO3ym8Gwp7k.mp4,../data/raw/FakeAVCeleb_v1.2/FakeVideo-RealAudio/Caucasian (American)/women/id00835/00195_id01223_TO3ym8Gwp7k.mp4
id00088,id03525,-,wav2lip,C,FakeVideo-RealAudio,Caucasian (American),men,00005_id03525_wavtolip.mp4,FakeAVCeleb/FakeVideo-RealAudio/Caucasian (American)/men/id00088,FakeAVCeleb_v1.2/FakeVideo-RealAudio/Caucasian (American)/men/id00088/00005_id03525_wavtolip.mp4,../data/raw/FakeAVCeleb_v1.2/FakeVideo-RealAudio/Caucasian (American)/men/id00088/00005_id03525_wavtolip.mp4
id02553,3.mp4,-,faceswap,C,FakeVideo-RealAudio,Asian (East),men,00043_3.mp4,FakeAVCeleb/FakeVideo-RealAudio/Asian (East)/men/id02553,FakeAVCeleb_v1.2/FakeVideo-RealAudio/Asian (East)/men/id02553/00043_3.mp4,../data/raw/FakeAVCeleb_v1.2/FakeVideo-RealAudio/Asian (East)/men/id02553/00043_3.mp4
id02619,id00461,-,fsgan,C,FakeVideo-RealAudio,Asian (South),women,00015_id00461_Ort9NW3SJU4.mp4,FakeAVCeleb/FakeVideo-RealAudio/Asian (South)/women/id02619,FakeAVCeleb_v1.2/FakeVideo-RealAudio/Asian (South)/women/id02619/00015_id00461_Ort9NW3SJU4.mp4,../data/raw/FakeAVCeleb_v1.2/FakeVideo-RealAudio/Asian (South)/women/id02619/00015_id00461_Ort9NW3SJU4.mp4
id00694,id00559,-,wav2lip,C,FakeVideo-RealAudio,Caucasian (European),men,00340_id00559_wavtolip.mp4,FakeAVCeleb/FakeVideo-RealAudio/Caucasian (European)/men/id00694,FakeAVCeleb_v1.2/FakeVideo-RealAudio/Caucasian (European)/men/id00694/00340_id00559_wavtolip.mp4,../data/raw/FakeAVCeleb_v1.2/FakeVideo-RealAudio/Caucasian (European)/men/id00694/00340_id00559_wavtolip.mp4
id07051,id00461,-,wav2lip,C,FakeVideo-RealAudio,Asian (South),women,00083_id00461_wavtolip.mp4,FakeAVCeleb/FakeVideo-RealAudio/Asian (South)/women/id07051,FakeAVCeleb_v1.2/FakeVideo-RealAudio/Asian (South)/women/id07051/00083_id00461_wavtolip.mp4,../data/raw/FakeAVCeleb_v1.2/FakeVideo-RealAudio/Asian (South)/women/id07051/00083_id00461_wavtolip.mp4
id00747,id06254,-,wav2lip,C,FakeVideo-RealAudio,Asian (South),women,00053_id06254_wavtolip.mp4,FakeAVCeleb/FakeVideo-RealAudio/Asian (South)/women/id00747,FakeAVCeleb_v1.2/FakeVideo-RealAudio/Asian (South)/women/id00747/00053_id06254_wavtolip.mp4,../data/raw/FakeAVCeleb_v1.2/FakeVideo-RealAudio/Asian (South)/women/id00747/00053_id06254_wavtolip.mp4
id00616,id00381,-,fsgan,C,FakeVideo-RealAudio,Caucasian (American),women,00305_id00381_79zqA0CZh8s.mp4,FakeAVCeleb/FakeVideo-RealAudio/Caucasian (American)/women/id00616,FakeAVCeleb_v1.2/FakeVideo-RealAudio/Caucasian (American)/women/id00616/00305_id00381_79zqA0CZh8s.mp4,../data/raw/FakeAVCeleb_v1.2/FakeVideo-RealAudio/Caucasian (American)/women/id00616/00305_id00381_79zqA0CZh8s.mp4
id05845,id06445,-,wav2lip,C,FakeVideo-RealAudio,Asian (South),women,00027_id06445_wavtolip.mp4,FakeAVCeleb/FakeVideo-RealAudio/Asian (South)/women/id05845,FakeAVCeleb_v1.2/FakeVideo-RealAudio/Asian (South)/women/id05845/00027_id06445_wavtolip.mp4,../data/raw/FakeAVCeleb_v1.2/FakeVideo-RealAudio/Asian (South)/women/id05845/00027_id06445_wavtolip.mp4
id01598,id01597,-,fsgan,C,FakeVideo-RealAudio,African,men,00044_id01597_52WEZxe4_GE.mp4,FakeAVCeleb/FakeVideo-RealAudio/African/men/id01598,FakeAVCeleb_v1.2/FakeVideo-RealAudio/African/men/id01598/00044_id01597_52WEZxe4_GE.mp4,../data/raw/FakeAVCeleb_v1.2/FakeVideo-RealAudio/African/men/id01598/00044_id01597_52WEZxe4_GE.mp4
id00594,id00520,-,wav2lip,C,FakeVideo-RealAudio,Caucasian (European),men,00005_id00520_wavtolip.mp4,FakeAVCeleb/FakeVideo-RealAudio/Caucasian (European)/men/id00594,FakeAVCeleb_v1.2/FakeVideo-RealAudio/Caucasian (European)/men/id00594/00005_id00520_wavtolip.mp4,../data/raw/FakeAVCeleb_v1.2/FakeVideo-RealAudio/Caucasian (European)/men/id00594/00005_id00520_wavtolip.mp4
id03103,id04547,-,fsgan,C,FakeVideo-RealAudio,African,women,00130_id04547_3Qy2g2M47Aw.mp4,FakeAVCeleb/FakeVideo-RealAudio/African/women/id03103,FakeAVCeleb_v1.2/FakeVideo-RealAudio/African/women/id03103/00130_id04547_3Qy2g2M47Aw.mp4,../data/raw/FakeAVCeleb_v1.2/FakeVideo-RealAudio/African/women/id03103/00130_id04547_3Qy2g2M47Aw.mp4
id01212,id04726,-,fsgan,C,FakeVideo-RealAudio,Asian (East),men,00183_id04726_i72-Hb0jayI.mp4,FakeAVCeleb/FakeVideo-RealAudio/Asian (East)/men/id01212,FakeAVCeleb_v1.2/FakeVideo-RealAudio/Asian (East)/men/id01212/00183_id04726_i72-Hb0jayI.mp4,../data/raw/FakeAVCeleb_v1.2/FakeVideo-RealAudio/Asian (East)/men/id01212/00183_id04726_i72-Hb0jayI.mp4
id01598,id00987,-,wav2lip,C,FakeVideo-RealAudio,African,men,00044_id00987_wavtolip.mp4,FakeAVCeleb/FakeVideo-RealAudio/African/men/id01598,FakeAVCeleb_v1.2/FakeVideo-RealAudio/African/men/id01598/00044_id00987_wavtolip.mp4,../data/raw/FakeAVCeleb_v1.2/FakeVideo-RealAudio/African/men/id01598/00044_id00987_wavtolip.mp4
id00025,id03781,-,fsgan,C,FakeVideo-RealAudio,Caucasian (American),women,00025_id03781_jbHfYGVNqTg.mp4,FakeAVCeleb/FakeVideo-RealAudio/Caucasian (American)/women/id00025,FakeAVCeleb_v1.2/FakeVideo-RealAudio/Caucasian (American)/women/id00025/00025_id03781_jbHfYGVNqTg.mp4,../data/raw/FakeAVCeleb_v1.2/FakeVideo-RealAudio/Caucasian (American)/women/id00025/00025_id03781_jbHfYGVNqTg.mp4
id07102,id00056,-,fsgan,C,FakeVideo-RealAudio,Asian (East),men,00052_id00056_GUh0mNVw0U8.mp4,FakeAVCeleb/FakeVideo-RealAudio/Asian (East)/men/id07102,FakeAVCeleb_v1.2/FakeVideo-RealAudio/Asian (East)/men/id07102/00052_id00056_GUh0mNVw0U8.mp4,../data/raw/FakeAVCeleb_v1.2/FakeVideo-RealAudio/Asian (East)/men/id07102/00052_id00056_GUh0mNVw0U8.mp4
id01637,id01544,-,wav2lip,C,FakeVideo-RealAudio,African,men,00002_id01544_wavtolip.mp4,FakeAVCeleb/FakeVideo-RealAudio/African/men/id01637,FakeAVCeleb_v1.2/FakeVideo-RealAudio/African/men/id01637/00002_id01544_wavtolip.mp4,../data/raw/FakeAVCeleb_v1.2/FakeVideo-RealAudio/African/men/id01637/00002_id01544_wavtolip.mp4
id01683,id04884,-,fsgan,C,FakeVideo-RealAudio,Asian (East),men,00052_id04884_eq_wk7h1Gzo.mp4,FakeAVCeleb/FakeVideo-RealAudio/Asian (East)/men/id01683,FakeAVCeleb_v1.2/FakeVideo-RealAudio/Asian (East)/men/id01683/00052_id04884_eq_wk7h1Gzo.mp4,../data/raw/FakeAVCeleb_v1.2/FakeVideo-RealAudio/Asian (East)/men/id01683/00052_id04884_eq_wk7h1Gzo.mp4
id00185,id00498,-,wav2lip,C,FakeVideo-RealAudio,Caucasian (European),men,00015_id00498_wavtolip.mp4,FakeAVCeleb/FakeVideo-RealAudio/Caucasian (European)/men/id00185,FakeAVCeleb_v1.2/FakeVideo-RealAudio/Caucasian (European)/men/id00185/00015_id00498_wavtolip.mp4,../data/raw/FakeAVCeleb_v1.2/FakeVideo-RealAudio/Caucasian (European)/men/id00185/00015_id00498_wavtolip.mp4
id03716,id03651,-,fsgan,C,FakeVideo-RealAudio,Caucasian (European),women,00040_id03651_EjcoRkL6loI.mp4,FakeAVCeleb/FakeVideo-RealAudio/Caucasian (European)/women/id03716,FakeAVCeleb_v1.2/FakeVideo-RealAudio/Caucasian (European)/women/id03716/00040_id03651_EjcoRkL6loI.mp4,../data/raw/FakeAVCeleb_v1.2/FakeVideo-RealAudio/Caucasian (European)/women/id03716/00040_id03651_EjcoRkL6loI.mp4
id01036,id01920,-,wav2lip,C,FakeVideo-RealAudio,African,men,00010_id01920_wavtolip.mp4,FakeAVCeleb/FakeVideo-RealAudio/African/men/id01036,FakeAVCeleb_v1.2/FakeVideo-RealAudio/African/men/id01036/00010_id01920_wavtolip.mp4,../data/raw/FakeAVCeleb_v1.2/FakeVideo-RealAudio/African/men/id01036/00010_id01920_wavtolip.mp4
id00231,id00100,-,wav2lip,C,FakeVideo-RealAudio,Caucasian (American),women,00037_id00100_wavtolip.mp4,FakeAVCeleb/FakeVideo-RealAudio/Caucasian (American)/women/id00231,FakeAVCeleb_v1.2/FakeVideo-RealAudio/Caucasian (American)/women/id00231/00037_id00100_wavtolip.mp4,../data/raw/FakeAVCeleb_v1.2/FakeVideo-RealAudio/Caucasian (American)/women/id00231/00037_id00100_wavtolip.mp4
id03858,id00484,-,wav2lip,C,FakeVideo-RealAudio,Caucasian (European),women,00092_id00484_wavtolip.mp4,FakeAVCeleb/FakeVideo-RealAudio/Caucasian (European)/women/id03858,FakeAVCeleb_v1.2/FakeVideo-RealAudio/Caucasian (European)/women/id03858/00092_id00484_wavtolip.mp4,../data/raw/FakeAVCeleb_v1.2/FakeVideo-RealAudio/Caucasian (European)/women/id03858/00092_id00484_wavtolip.mp4
id03379,id09125,-,wav2lip,C,FakeVideo-RealAudio,Asian (East),women,00032_id09125_wavtolip.mp4,FakeAVCeleb/FakeVideo-RealAudio/Asian (East)/women/id03379,FakeAVCeleb_v1.2/FakeVideo-RealAudio/Asian (East)/women/id03379/00032_id09125_wavtolip.mp4,../data/raw/FakeAVCeleb_v1.2/FakeVideo-RealAudio/Asian (East)/women/id03379/00032_id09125_wavtolip.mp4
id01156,id00241,-,wav2lip,C,FakeVideo-RealAudio,Caucasian (European),men,00078_id00241_wavtolip.mp4,FakeAVCeleb/FakeVideo-RealAudio/Caucasian (European)/men/id01156,FakeAVCeleb_v1.2/FakeVideo-RealAudio/Caucasian (European)/men/id01156/00078_id00241_wavtolip.mp4,../data/raw/FakeAVCeleb_v1.2/FakeVideo-RealAudio/Caucasian (European)/men/id01156/00078_id00241_wavtolip.mp4
id00272,id01217,-,wav2lip,C,FakeVideo-RealAudio,Caucasian (American),women,00195_id01217_wavtolip.mp4,FakeAVCeleb/FakeVideo-RealAudio/Caucasian (American)/women/id00272,FakeAVCeleb_v1.2/FakeVideo-RealAudio/Caucasian (American)/women/id00272/00195_id01217_wavtolip.mp4,../data/raw/FakeAVCeleb_v1.2/FakeVideo-RealAudio/Caucasian (American)/women/id00272/00195_id01217_wavtolip.mp4
id07049,id01026,-,fsgan,C,FakeVideo-RealAudio,Asian (South),women,00043_id01026_rM4ZERt7oM0.mp4,FakeAVCeleb/FakeVideo-RealAudio/Asian (South)/women/id07049,FakeAVCeleb_v1.2/FakeVideo-RealAudio/Asian (South)/women/id07049/00043_id01026_rM4ZERt7oM0.mp4,../data/raw/FakeAVCeleb_v1.2/FakeVideo-RealAudio/Asian (South)/women/id07049/00043_id01026_rM4ZERt7oM0.mp4
id00594,id01058,-,wav2lip,C,FakeVideo-RealAudio,Caucasian (European),men,00005_id01058_wavtolip.mp4,FakeAVCeleb/FakeVideo-RealAudio/Caucasian (European)/men/id00594,FakeAVCeleb_v1.2/FakeVideo-RealAudio/Caucasian (European)/men/id00594/00005_id01058_wavtolip.mp4,../data/raw/FakeAVCeleb_v1.2/FakeVideo-RealAudio/Caucasian (European)/men/id00594/00005_id01058_wavtolip.mp4
id04736,id01178,-,wav2lip,C,FakeVideo-RealAudio,African,women,00083_id01178_wavtolip.mp4,FakeAVCeleb/FakeVideo-RealAudio/African/women/id04736,FakeAVCeleb_v1.2/FakeVideo-RealAudio/African/women/id04736/00083_id01178_wavtolip.mp4,../data/raw/FakeAVCeleb_v1.2/FakeVideo-RealAudio/African/women/id04736/00083_id01178_wavtolip.mp4
id01217,id00145,-,wav2lip,C,FakeVideo-RealAudio,Caucasian (American),women,00005_id00145_wavtolip.mp4,FakeAVCeleb/FakeVideo-RealAudio/Caucasian (American)/women/id01217,FakeAVCeleb_v1.2/FakeVideo-RealAudio/Caucasian (American)/women/id01217/00005_id00145_wavtolip.mp4,../data/raw/FakeAVCeleb_v1.2/FakeVideo-RealAudio/Caucasian (American)/women/id01217/00005_id00145_wavtolip.mp4
id04564,id01026,-,wav2lip,C,FakeVideo-RealAudio,Asian (South),women,00417_id01026_wavtolip.mp4,FakeAVCeleb/FakeVideo-RealAudio/Asian (South)/women/id04564,FakeAVCeleb_v1.2/FakeVideo-RealAudio/Asian (South)/women/id04564/00417_id01026_wavtolip.mp4,../data/raw/FakeAVCeleb_v1.2/FakeVideo-RealAudio/Asian (South)/women/id04564/00417_id01026_wavtolip.mp4
id05920,id00488,-,wav2lip,C,FakeVideo-RealAudio,Asian (South),women,00161_id00488_wavtolip.mp4,FakeAVCeleb/FakeVideo-RealAudio/Asian (South)/women/id05920,FakeAVCeleb_v1.2/FakeVideo-RealAudio/Asian (South)/women/id05920/00161_id00488_wavtolip.mp4,../data/raw/FakeAVCeleb_v1.2/FakeVideo-RealAudio/Asian (South)/women/id05920/00161_id00488_wavtolip.mp4
id04928,id04560,-,faceswap,C,FakeVideo-RealAudio,Asian (South),men,00027_id04560_RlpdjaEmxXQ_faceswap.mp4,FakeAVCeleb/FakeVideo-RealAudio/Asian (South)/men/id04928,FakeAVCeleb_v1.2/FakeVideo-RealAudio/Asian (South)/men/id04928/00027_id04560_RlpdjaEmxXQ_faceswap.mp4,../data/raw/FakeAVCeleb_v1.2/FakeVideo-RealAudio/Asian (South)/men/id04928/00027_id04560_RlpdjaEmxXQ_faceswap.mp4
id00076,12.mp4,-,faceswap,C,FakeVideo-RealAudio,African,men,00109_12.mp4,FakeAVCeleb/FakeVideo-RealAudio/African/men/id00076,FakeAVCeleb_v1.2/FakeVideo-RealAudio/African/men/id00076/00109_12.mp4,../data/raw/FakeAVCeleb_v1.2/FakeVideo-RealAudio/African/men/id00076/00109_12.mp4
id00145,id01005,-,wav2lip,C,FakeVideo-RealAudio,Caucasian (American),women,00043_id01005_wavtolip.mp4,FakeAVCeleb/FakeVideo-RealAudio/Caucasian (American)/women/id00145,FakeAVCeleb_v1.2/FakeVideo-RealAudio/Caucasian (American)/women/id00145/00043_id01005_wavtolip.mp4,../data/raw/FakeAVCeleb_v1.2/FakeVideo-RealAudio/Caucasian (American)/women/id00145/00043_id01005_wavtolip.mp4
id01004,id00428,-,fsgan,C,FakeVideo-RealAudio,Caucasian (American),women,00028_id00428_Kr7n-68JWww.mp4,FakeAVCeleb/FakeVideo-RealAudio/Caucasian (American)/women/id01004,FakeAVCeleb_v1.2/FakeVideo-RealAudio/Caucasian (American)/women/id01004/00028_id00428_Kr7n-68JWww.mp4,../data/raw/FakeAVCeleb_v1.2/FakeVideo-RealAudio/Caucasian (American)/women/id01004/00028_id00428_Kr7n-68JWww.mp4
id01783,id04374,-,wav2lip,C,FakeVideo-RealAudio,African,women,00015_id04374_wavtolip.mp4,FakeAVCeleb/FakeVideo-RealAudio/African/women/id01783,FakeAVCeleb_v1.2/FakeVideo-RealAudio/African/women/id01783/00015_id04374_wavtolip.mp4,../data/raw/FakeAVCeleb_v1.2/FakeVideo-RealAudio/African/women/id01783/00015_id04374_wavtolip.mp4
id01051,id00186,-,fsgan,C,FakeVideo-RealAudio,Caucasian (European),men,00322_id00186_KTjDxHTlzg0.mp4,FakeAVCeleb/FakeVideo-RealAudio/Caucasian (European)/men/id01051,FakeAVCeleb_v1.2/FakeVideo-RealAudio/Caucasian (European)/men/id01051/00322_id00186_KTjDxHTlzg0.mp4,../data/raw/FakeAVCeleb_v1.2/FakeVideo-RealAudio/Caucasian (European)/men/id01051/00322_id00186_KTjDxHTlzg0.mp4
id00945,id01105,-,wav2lip,C,FakeVideo-RealAudio,Caucasian (American),men,00107_id01105_wavtolip.mp4,FakeAVCeleb/FakeVideo-RealAudio/Caucasian (American)/men/id00945,FakeAVCeleb_v1.2/FakeVideo-RealAudio/Caucasian (American)/men/id00945/00107_id01105_wavtolip.mp4,../data/raw/FakeAVCeleb_v1.2/FakeVideo-RealAudio/Caucasian (American)/men/id00945/00107_id01105_wavtolip.mp4
id03599,id00414,-,wav2lip,C,FakeVideo-RealAudio,Asian (South),men,00072_id00414_wavtolip.mp4,FakeAVCeleb/FakeVideo-RealAudio/Asian (South)/men/id03599,FakeAVCeleb_v1.2/FakeVideo-RealAudio/Asian (South)/men/id03599/00072_id00414_wavtolip.mp4,../data/raw/FakeAVCeleb_v1.2/FakeVideo-RealAudio/Asian (South)/men/id03599/00072_id00414_wavtolip.mp4
id01123,id00282,-,fsgan,C,FakeVideo-RealAudio,Caucasian (European),men,00072_id00282_iTsqWj6GEbo.mp4,FakeAVCeleb/FakeVideo-RealAudio/Caucasian (European)/men/id01123,FakeAVCeleb_v1.2/FakeVideo-RealAudio/Caucasian (European)/men/id01123/00072_id00282_iTsqWj6GEbo.mp4,../data/raw/FakeAVCeleb_v1.2/FakeVideo-RealAudio/Caucasian (European)/men/id01123/00072_id00282_iTsqWj6GEbo.mp4
id01451,id01451,-,wav2lip,C,FakeVideo-RealAudio,Asian (East),women,00099_id01451_wavtolip.mp4,FakeAVCeleb/FakeVideo-RealAudio/Asian (East)/women/id01451,FakeAVCeleb_v1.2/FakeVideo-RealAudio/Asian (East)/women/id01451/00099_id01451_wavtolip.mp4,../data/raw/FakeAVCeleb_v1.2/FakeVideo-RealAudio/Asian (East)/women/id01451/00099_id01451_wavtolip.mp4
id01212,id06269,-,faceswap,C,FakeVideo-RealAudio,Asian (East),men,00183_id06269_Jm9bEizIGBE_faceswap.mp4,FakeAVCeleb/FakeVideo-RealAudio/Asian (East)/men/id01212,FakeAVCeleb_v1.2/FakeVideo-RealAudio/Asian (East)/men/id01212/00183_id06269_Jm9bEizIGBE_faceswap.mp4,../data/raw/FakeAVCeleb_v1.2/FakeVideo-RealAudio/Asian (East)/men/id01212/00183_id06269_Jm9bEizIGBE_faceswap.mp4
id00358,id00548,-,wav2lip,C,FakeVideo-RealAudio,Caucasian (European),men,00217_id00548_wavtolip.mp4,FakeAVCeleb/FakeVideo-RealAudio/Caucasian (European)/men/id00358,FakeAVCeleb_v1.2/FakeVideo-RealAudio/Caucasian (European)/men/id00358/00217_id00548_wavtolip.mp4,../data/raw/FakeAVCeleb_v1.2/FakeVideo-RealAudio/Caucasian (European)/men/id00358/00217_id00548_wavtolip.mp4
id01597,id00830,-,fsgan,C,FakeVideo-RealAudio,African,men,00005_id00830_rfl3Teg9uew.mp4,FakeAVCeleb/FakeVideo-RealAudio/African/men/id01597,FakeAVCeleb_v1.2/FakeVideo-RealAudio/African/men/id01597/00005_id00830_rfl3Teg9uew.mp4,../data/raw/FakeAVCeleb_v1.2/FakeVideo-RealAudio/African/men/id01597/00005_id00830_rfl3Teg9uew.mp4
id02721,id02948,-,fsgan,C,FakeVideo-RealAudio,African,women,00424_id02948__ZEDGNWjuFE.mp4,FakeAVCeleb/FakeVideo-RealAudio/African/women/id02721,FakeAVCeleb_v1.2/FakeVideo-RealAudio/African/women/id02721/00424_id02948__ZEDGNWjuFE.mp4,../data/raw/FakeAVCeleb_v1.2/FakeVideo-RealAudio/African/women/id02721/00424_id02948__ZEDGNWjuFE.mp4
id00842,id00752,-,wav2lip,C,FakeVideo-RealAudio,Caucasian (American),women,00043_id00752_wavtolip.mp4,FakeAVCeleb/FakeVideo-RealAudio/Caucasian (American)/women/id00842,FakeAVCeleb_v1.2/FakeVideo-RealAudio/Caucasian (American)/women/id00842/00043_id00752_wavtolip.mp4,../data/raw/FakeAVCeleb_v1.2/FakeVideo-RealAudio/Caucasian (American)/women/id00842/00043_id00752_wavtolip.mp4
id00740,id09143,-,wav2lip,C,FakeVideo-RealAudio,Asian (East),men,00015_id09143_wavtolip.mp4,FakeAVCeleb/FakeVideo-RealAudio/Asian (East)/men/id00740,FakeAVCeleb_v1.2/FakeVideo-RealAudio/Asian (East)/men/id00740/00015_id09143_wavtolip.mp4,../data/raw/FakeAVCeleb_v1.2/FakeVideo-RealAudio/Asian (East)/men/id00740/00015_id09143_wavtolip.mp4
id07049,id06439,-,fsgan,C,FakeVideo-RealAudio,Asian (South),women,00043_id06439_h6KjOx7n15A.mp4,FakeAVCeleb/FakeVideo-RealAudio/Asian (South)/women/id07049,FakeAVCeleb_v1.2/FakeVideo-RealAudio/Asian (South)/women/id07049/00043_id06439_h6KjOx7n15A.mp4,../data/raw/FakeAVCeleb_v1.2/FakeVideo-RealAudio/Asian (South)/women/id07049/00043_id06439_h6KjOx7n15A.mp4
id01091,id00291,-,wav2lip,C,FakeVideo-RealAudio,Caucasian (American),women,00236_id00291_wavtolip.mp4,FakeAVCeleb/FakeVideo-RealAudio/Caucasian (American)/women/id01091,FakeAVCeleb_v1.2/FakeVideo-RealAudio/Caucasian (American)/women/id01091/00236_id00291_wavtolip.mp4,../data/raw/FakeAVCeleb_v1.2/FakeVideo-RealAudio/Caucasian (American)/women/id01091/00236_id00291_wavtolip.mp4
id00732,id00732,-,wav2lip,C,FakeVideo-RealAudio,Asian (South),men,00118_id00732_wavtolip.mp4,FakeAVCeleb/FakeVideo-RealAudio/Asian (South)/men/id00732,FakeAVCeleb_v1.2/FakeVideo-RealAudio/Asian (South)/men/id00732/00118_id00732_wavtolip.mp4,../data/raw/FakeAVCeleb_v1.2/FakeVideo-RealAudio/Asian (South)/men/id00732/00118_id00732_wavtolip.mp4
id00232,id00287,-,fsgan,C,FakeVideo-RealAudio,Caucasian (European),women,00025_id00287_2NpfYjyMsPM.mp4,FakeAVCeleb/FakeVideo-RealAudio/Caucasian (European)/women/id00232,FakeAVCeleb_v1.2/FakeVideo-RealAudio/Caucasian (European)/women/id00232/00025_id00287_2NpfYjyMsPM.mp4,../data/raw/FakeAVCeleb_v1.2/FakeVideo-RealAudio/Caucasian (European)/women/id00232/00025_id00287_2NpfYjyMsPM.mp4
id00018,id00243,-,fsgan,C,FakeVideo-RealAudio,Caucasian (American),men,00181_id00243_oWwEIXM3oZQ.mp4,FakeAVCeleb/FakeVideo-RealAudio/Caucasian (American)/men/id00018,FakeAVCeleb_v1.2/FakeVideo-RealAudio/Caucasian (American)/men/id00018/00181_id00243_oWwEIXM3oZQ.mp4,../data/raw/FakeAVCeleb_v1.2/FakeVideo-RealAudio/Caucasian (American)/men/id00018/00181_id00243_oWwEIXM3oZQ.mp4
id00398,0.mp4,-,faceswap,C,FakeVideo-RealAudio,Caucasian (American),women,00016_0.mp4,FakeAVCeleb/FakeVideo-RealAudio/Caucasian (American)/women/id00398,FakeAVCeleb_v1.2/FakeVideo-RealAudio/Caucasian (American)/women/id00398/00016_0.mp4,../data/raw/FakeAVCeleb_v1.2/FakeVideo-RealAudio/Caucasian (American)/women/id00398/00016_0.mp4
id01856,id00166,-,wav2lip,C,FakeVideo-RealAudio,African,men,00006_id00166_wavtolip.mp4,FakeAVCeleb/FakeVideo-RealAudio/African/men/id01856,FakeAVCeleb_v1.2/FakeVideo-RealAudio/African/men/id01856/00006_id00166_wavtolip.mp4,../data/raw/FakeAVCeleb_v1.2/FakeVideo-RealAudio/African/men/id01856/00006_id00166_wavtolip.mp4
id05980,id01907,-,wav2lip,C,FakeVideo-RealAudio,African,women,00143_id01907_wavtolip.mp4,FakeAVCeleb/FakeVideo-RealAudio/African/women/id05980,FakeAVCeleb_v1.2/FakeVideo-RealAudio/African/women/id05980/00143_id01907_wavtolip.mp4,../data/raw/FakeAVCeleb_v1.2/FakeVideo-RealAudio/African/women/id05980/00143_id01907_wavtolip.mp4
id00385,id00100,-,wav2lip,C,FakeVideo-RealAudio,Caucasian (American),women,00439_id00100_wavtolip.mp4,FakeAVCeleb/FakeVideo-RealAudio/Caucasian (American)/women/id00385,FakeAVCeleb_v1.2/FakeVideo-RealAudio/Caucasian (American)/women/id00385/00439_id00100_wavtolip.mp4,../data/raw/FakeAVCeleb_v1.2/FakeVideo-RealAudio/Caucasian (American)/women/id00385/00439_id00100_wavtolip.mp4
id00366,id01691,-,fsgan,C,FakeVideo-RealAudio,African,men,00118_id01691_IVtS5z8Jrrk.mp4,FakeAVCeleb/FakeVideo-RealAudio/African/men/id00366,FakeAVCeleb_v1.2/FakeVideo-RealAudio/African/men/id00366/00118_id01691_IVtS5z8Jrrk.mp4,../data/raw/FakeAVCeleb_v1.2/FakeVideo-RealAudio/African/men/id00366/00118_id01691_IVtS5z8Jrrk.mp4
id00461,id05435,-,wav2lip,C,FakeVideo-RealAudio,Asian (South),women,00043_id05435_wavtolip.mp4,FakeAVCeleb/FakeVideo-RealAudio/Asian (South)/women/id00461,FakeAVCeleb_v1.2/FakeVideo-RealAudio/Asian (South)/women/id00461/00043_id05435_wavtolip.mp4,../data/raw/FakeAVCeleb_v1.2/FakeVideo-RealAudio/Asian (South)/women/id00461/00043_id05435_wavtolip.mp4
id00431,id00555,-,fsgan,C,FakeVideo-RealAudio,Caucasian (American),women,00039_id00555_4DWmIb1tFZQ.mp4,FakeAVCeleb/FakeVideo-RealAudio/Caucasian (American)/women/id00431,FakeAVCeleb_v1.2/FakeVideo-RealAudio/Caucasian (American)/women/id00431/00039_id00555_4DWmIb1tFZQ.mp4,../data/raw/FakeAVCeleb_v1.2/FakeVideo-RealAudio/Caucasian (American)/women/id00431/00039_id00555_4DWmIb1tFZQ.mp4
id04939,id04705,-,wav2lip,C,FakeVideo-RealAudio,African,women,00174_id04705_wavtolip.mp4,FakeAVCeleb/FakeVideo-RealAudio/African/women/id04939,FakeAVCeleb_v1.2/FakeVideo-RealAudio/African/women/id04939/00174_id04705_wavtolip.mp4,../data/raw/FakeAVCeleb_v1.2/FakeVideo-RealAudio/African/women/id04939/00174_id04705_wavtolip.mp4
id05576,id01281,-,wav2lip,C,FakeVideo-RealAudio,Asian (East),women,00368_id01281_wavtolip.mp4,FakeAVCeleb/FakeVideo-RealAudio/Asian (East)/women/id05576,FakeAVCeleb_v1.2/FakeVideo-RealAudio/Asian (East)/women/id05576/00368_id01281_wavtolip.mp4,../data/raw/FakeAVCeleb_v1.2/FakeVideo-RealAudio/Asian (East)/women/id05576/00368_id01281_wavtolip.mp4
id00266,id00554,-,wav2lip,C,FakeVideo-RealAudio,Caucasian (European),men,00470_id00554_wavtolip.mp4,FakeAVCeleb/FakeVideo-RealAudio/Caucasian (European)/men/id00266,FakeAVCeleb_v1.2/FakeVideo-RealAudio/Caucasian (European)/men/id00266/00470_id00554_wavtolip.mp4,../data/raw/FakeAVCeleb_v1.2/FakeVideo-RealAudio/Caucasian (European)/men/id00266/00470_id00554_wavtolip.mp4
id04221,id00087,-,wav2lip,C,FakeVideo-RealAudio,Caucasian (American),men,00053_id00087_wavtolip.mp4,FakeAVCeleb/FakeVideo-RealAudio/Caucasian (American)/men/id04221,FakeAVCeleb_v1.2/FakeVideo-RealAudio/Caucasian (American)/men/id04221/00053_id00087_wavtolip.mp4,../data/raw/FakeAVCeleb_v1.2/FakeVideo-RealAudio/Caucasian (American)/men/id04221/00053_id00087_wavtolip.mp4
id02296,id02268,-,fsgan,C,FakeVideo-RealAudio,African,men,00019_id02268_irA9myDvW-I.mp4,FakeAVCeleb/FakeVideo-RealAudio/African/men/id02296,FakeAVCeleb_v1.2/FakeVideo-RealAudio/African/men/id02296/00019_id02268_irA9myDvW-I.mp4,../data/raw/FakeAVCeleb_v1.2/FakeVideo-RealAudio/African/men/id02296/00019_id02268_irA9myDvW-I.mp4
id01123,id00358,-,wav2lip,C,FakeVideo-RealAudio,Caucasian (European),men,00072_id00358_wavtolip.mp4,FakeAVCeleb/FakeVideo-RealAudio/Caucasian (European)/men/id01123,FakeAVCeleb_v1.2/FakeVideo-RealAudio/Caucasian (European)/men/id01123/00072_id00358_wavtolip.mp4,../data/raw/FakeAVCeleb_v1.2/FakeVideo-RealAudio/Caucasian (European)/men/id01123/00072_id00358_wavtolip.mp4
id04111,id04884,-,wav2lip,C,FakeVideo-RealAudio,Asian (East),men,00015_id04884_wavtolip.mp4,FakeAVCeleb/FakeVideo-RealAudio/Asian (East)/men/id04111,FakeAVCeleb_v1.2/FakeVideo-RealAudio/Asian (East)/men/id04111/00015_id04884_wavtolip.mp4,../data/raw/FakeAVCeleb_v1.2/FakeVideo-RealAudio/Asian (East)/men/id04111/00015_id04884_wavtolip.mp4
id04414,id08139,-,wav2lip,C,FakeVideo-RealAudio,Asian (East),women,00001_id08139_wavtolip.mp4,FakeAVCeleb/FakeVideo-RealAudio/Asian (East)/women/id04414,FakeAVCeleb_v1.2/FakeVideo-RealAudio/Asian (East)/women/id04414/00001_id08139_wavtolip.mp4,../data/raw/FakeAVCeleb_v1.2/FakeVideo-RealAudio/Asian (East)/women/id04414/00001_id08139_wavtolip.mp4
id04066,id05631,-,fsgan,C,FakeVideo-RealAudio,Asian (East),women,00013_id05631_xXRQCFAdR-0.mp4,FakeAVCeleb/FakeVideo-RealAudio/Asian (East)/women/id04066,FakeAVCeleb_v1.2/FakeVideo-RealAudio/Asian (East)/women/id04066/00013_id05631_xXRQCFAdR-0.mp4,../data/raw/FakeAVCeleb_v1.2/FakeVideo-RealAudio/Asian (East)/women/id04066/00013_id05631_xXRQCFAdR-0.mp4
id00171,id00305,-,wav2lip,C,FakeVideo-RealAudio,Caucasian (European),men,00092_id00305_wavtolip.mp4,FakeAVCeleb/FakeVideo-RealAudio/Caucasian (European)/men/id00171,FakeAVCeleb_v1.2/FakeVideo-RealAudio/Caucasian (European)/men/id00171/00092_id00305_wavtolip.mp4,../data/raw/FakeAVCeleb_v1.2/FakeVideo-RealAudio/Caucasian (European)/men/id00171/00092_id00305_wavtolip.mp4
id04245,id04540,-,fsgan,C,FakeVideo-RealAudio,African,women,00072_id04540_9KNIjew03AQ.mp4,FakeAVCeleb/FakeVideo-RealAudio/African/women/id04245,FakeAVCeleb_v1.2/FakeVideo-RealAudio/African/women/id04245/00072_id04540_9KNIjew03AQ.mp4,../data/raw/FakeAVCeleb_v1.2/FakeVideo-RealAudio/African/women/id04245/00072_id04540_9KNIjew03AQ.mp4
id00291,id00385,-,fsgan,C,FakeVideo-RealAudio,Caucasian (American),women,00052_id00385_oqf8cNi7lOI.mp4,FakeAVCeleb/FakeVideo-RealAudio/Caucasian (American)/women/id00291,FakeAVCeleb_v1.2/FakeVideo-RealAudio/Caucasian (American)/women/id00291/00052_id00385_oqf8cNi7lOI.mp4,../data/raw/FakeAVCeleb_v1.2/FakeVideo-RealAudio/Caucasian (American)/women/id00291/00052_id00385_oqf8cNi7lOI.mp4
id06776,id04789,-,wav2lip,C,FakeVideo-RealAudio,Asian (East),men,00021_id04789_wavtolip.mp4,FakeAVCeleb/FakeVideo-RealAudio/Asian (East)/men/id06776,FakeAVCeleb_v1.2/FakeVideo-RealAudio/Asian (East)/men/id06776/00021_id04789_wavtolip.mp4,../data/raw/FakeAVCeleb_v1.2/FakeVideo-RealAudio/Asian (East)/men/id06776/00021_id04789_wavtolip.mp4
id00183,2.mp4,-,faceswap,C,FakeVideo-RealAudio,Caucasian (European),men,00015_2.mp4,FakeAVCeleb/FakeVideo-RealAudio/Caucasian (European)/men/id00183,FakeAVCeleb_v1.2/FakeVideo-RealAudio/Caucasian (European)/men/id00183/00015_2.mp4,../data/raw/FakeAVCeleb_v1.2/FakeVideo-RealAudio/Caucasian (European)/men/id00183/00015_2.mp4
id00192,id00183,-,fsgan,C,FakeVideo-RealAudio,Caucasian (European),men,00078_id00183_z2DhZllPWUQ.mp4,FakeAVCeleb/FakeVideo-RealAudio/Caucasian (European)/men/id00192,FakeAVCeleb_v1.2/FakeVideo-RealAudio/Caucasian (European)/men/id00192/00078_id00183_z2DhZllPWUQ.mp4,../data/raw/FakeAVCeleb_v1.2/FakeVideo-RealAudio/Caucasian (European)/men/id00192/00078_id00183_z2DhZllPWUQ.mp4
id00634,id03649,-,faceswap,C,FakeVideo-RealAudio,Caucasian (European),women,00078_id03649_389qfFqUddI_faceswap.mp4,FakeAVCeleb/FakeVideo-RealAudio/Caucasian (European)/women/id00634,FakeAVCeleb_v1.2/FakeVideo-RealAudio/Caucasian (European)/women/id00634/00078_id03649_389qfFqUddI_faceswap.mp4,../data/raw/FakeAVCeleb_v1.2/FakeVideo-RealAudio/Caucasian (European)/women/id00634/00078_id03649_389qfFqUddI_faceswap.mp4
id00575,id00680,-,wav2lip,C,FakeVideo-RealAudio,Caucasian (American),women,00092_id00680_wavtolip.mp4,FakeAVCeleb/FakeVideo-RealAudio/Caucasian (American)/women/id00575,FakeAVCeleb_v1.2/FakeVideo-RealAudio/Caucasian (American)/women/id00575/00092_id00680_wavtolip.mp4,../data/raw/FakeAVCeleb_v1.2/FakeVideo-RealAudio/Caucasian (American)/women/id00575/00092_id00680_wavtolip.mp4
id00305,id01102,-,wav2lip,C,FakeVideo-RealAudio,Caucasian (European),men,00113_id01102_wavtolip.mp4,FakeAVCeleb/FakeVideo-RealAudio/Caucasian (European)/men/id00305,FakeAVCeleb_v1.2/FakeVideo-RealAudio/Caucasian (European)/men/id00305/00113_id01102_wavtolip.mp4,../data/raw/FakeAVCeleb_v1.2/FakeVideo-RealAudio/Caucasian (European)/men/id00305/00113_id01102_wavtolip.mp4
id02005,id00166,-,fsgan,C,FakeVideo-RealAudio,African,men,00052_id00166_PQV2ZbJBLNk.mp4,FakeAVCeleb/FakeVideo-RealAudio/African/men/id02005,FakeAVCeleb_v1.2/FakeVideo-RealAudio/African/men/id02005/00052_id00166_PQV2ZbJBLNk.mp4,../data/raw/FakeAVCeleb_v1.2/FakeVideo-RealAudio/African/men/id02005/00052_id00166_PQV2ZbJBLNk.mp4
id08613,-,-,faceswap,C,FakeVideo-RealAudio,Asian (East),men,00074.mp4,FakeAVCeleb/FakeVideo-RealAudio/Asian (East)/men/id08613,FakeAVCeleb_v1.2/FakeVideo-RealAudio/Asian (East)/men/id08613/00074.mp4,../data/raw/FakeAVCeleb_v1.2/FakeVideo-RealAudio/Asian (East)/men/id08613/00074.mp4
id04437,id05106,-,wav2lip,C,FakeVideo-RealAudio,African,women,00002_id05106_wavtolip.mp4,FakeAVCeleb/FakeVideo-RealAudio/African/women/id04437,FakeAVCeleb_v1.2/FakeVideo-RealAudio/African/women/id04437/00002_id05106_wavtolip.mp4,../data/raw/FakeAVCeleb_v1.2/FakeVideo-RealAudio/African/women/id04437/00002_id05106_wavtolip.mp4
id00460,id02071,-,fsgan,C,FakeVideo-RealAudio,African,women,00005_id02071_cHuDh9F87vA.mp4,FakeAVCeleb/FakeVideo-RealAudio/African/women/id00460,FakeAVCeleb_v1.2/FakeVideo-RealAudio/African/women/id00460/00005_id02071_cHuDh9F87vA.mp4,../data/raw/FakeAVCeleb_v1.2/FakeVideo-RealAudio/African/women/id00460/00005_id02071_cHuDh9F87vA.mp4
id01225,id01245,-,fsgan,C,FakeVideo-RealAudio,Caucasian (American),women,00300_id01245_7pYBPczR_z0.mp4,FakeAVCeleb/FakeVideo-RealAudio/Caucasian (American)/women/id01225,FakeAVCeleb_v1.2/FakeVideo-RealAudio/Caucasian (American)/women/id01225/00300_id01245_7pYBPczR_z0.mp4,../data/raw/FakeAVCeleb_v1.2/FakeVideo-RealAudio/Caucasian (American)/women/id01225/00300_id01245_7pYBPczR_z0.mp4
id04927,id04070,-,wav2lip,C,FakeVideo-RealAudio,Asian (South),women,00013_id04070_wavtolip.mp4,FakeAVCeleb/FakeVideo-RealAudio/Asian (South)/women/id04927,FakeAVCeleb_v1.2/FakeVideo-RealAudio/Asian (South)/women/id04927/00013_id04070_wavtolip.mp4,../data/raw/FakeAVCeleb_v1.2/FakeVideo-RealAudio/Asian (South)/women/id04927/00013_id04070_wavtolip.mp4
id00368,id00946,-,wav2lip,C,FakeVideo-RealAudio,Caucasian (European),men,00078_id00946_wavtolip.mp4,FakeAVCeleb/FakeVideo-RealAudio/Caucasian (European)/men/id00368,FakeAVCeleb_v1.2/FakeVideo-RealAudio/Caucasian (European)/men/id00368/00078_id00946_wavtolip.mp4,../data/raw/FakeAVCeleb_v1.2/FakeVideo-RealAudio/Caucasian (European)/men/id00368/00078_id00946_wavtolip.mp4
id02268,id01835,-,fsgan,C,FakeVideo-RealAudio,African,men,00036_id01835_UZbWA0QfXXA.mp4,FakeAVCeleb/FakeVideo-RealAudio/African/men/id02268,FakeAVCeleb_v1.2/FakeVideo-RealAudio/African/men/id02268/00036_id01835_UZbWA0QfXXA.mp4,../data/raw/FakeAVCeleb_v1.2/FakeVideo-RealAudio/African/men/id02268/00036_id01835_UZbWA0QfXXA.mp4
id04582,id00417,-,fsgan,C,FakeVideo-RealAudio,Asian (South),women,00180_id00417_GhIZam3v09g.mp4,FakeAVCeleb/FakeVideo-RealAudio/Asian (South)/women/id04582,FakeAVCeleb_v1.2/FakeVideo-RealAudio/Asian (South)/women/id04582/00180_id00417_GhIZam3v09g.mp4,../data/raw/FakeAVCeleb_v1.2/FakeVideo-RealAudio/Asian (South)/women/id04582/00180_id00417_GhIZam3v09g.mp4
id01238,id01245,-,fsgan,C,FakeVideo-RealAudio,Caucasian (American),women,00037_id01245_7pYBPczR_z0.mp4,FakeAVCeleb/FakeVideo-RealAudio/Caucasian (American)/women/id01238,FakeAVCeleb_v1.2/FakeVideo-RealAudio/Caucasian (American)/women/id01238/00037_id01245_7pYBPczR_z0.mp4,../data/raw/FakeAVCeleb_v1.2/FakeVideo-RealAudio/Caucasian (American)/women/id01238/00037_id01245_7pYBPczR_z0.mp4
id02342,id00761,-,wav2lip,C,FakeVideo-RealAudio,African,men,00191_id00761_wavtolip.mp4,FakeAVCeleb/FakeVideo-RealAudio/African/men/id02342,FakeAVCeleb_v1.2/FakeVideo-RealAudio/African/men/id02342/00191_id00761_wavtolip.mp4,../data/raw/FakeAVCeleb_v1.2/FakeVideo-RealAudio/African/men/id02342/00191_id00761_wavtolip.mp4
id00391,id01076,-,wav2lip,C,FakeVideo-RealAudio,African,men,00052_id01076_wavtolip.mp4,FakeAVCeleb/FakeVideo-RealAudio/African/men/id00391,FakeAVCeleb_v1.2/FakeVideo-RealAudio/African/men/id00391/00052_id01076_wavtolip.mp4,../data/raw/FakeAVCeleb_v1.2/FakeVideo-RealAudio/African/men/id00391/00052_id01076_wavtolip.mp4
id00946,id00520,-,fsgan,C,FakeVideo-RealAudio,Caucasian (European),men,00126_id00520_dOAxKi1t6GI.mp4,FakeAVCeleb/FakeVideo-RealAudio/Caucasian (European)/men/id00946,FakeAVCeleb_v1.2/FakeVideo-RealAudio/Caucasian (European)/men/id00946/00126_id00520_dOAxKi1t6GI.mp4,../data/raw/FakeAVCeleb_v1.2/FakeVideo-RealAudio/Caucasian (European)/men/id00946/00126_id00520_dOAxKi1t6GI.mp4
id00589,id00495,-,fsgan,C,FakeVideo-RealAudio,Caucasian (European),women,00130_id00495_E46aiMUC4A0.mp4,FakeAVCeleb/FakeVideo-RealAudio/Caucasian (European)/women/id00589,FakeAVCeleb_v1.2/FakeVideo-RealAudio/Caucasian (European)/women/id00589/00130_id00495_E46aiMUC4A0.mp4,../data/raw/FakeAVCeleb_v1.2/FakeVideo-RealAudio/Caucasian (European)/women/id00589/00130_id00495_E46aiMUC4A0.mp4
id03371,id03589,-,wav2lip,C,FakeVideo-RealAudio,Caucasian (European),women,00430_id03589_wavtolip.mp4,FakeAVCeleb/FakeVideo-RealAudio/Caucasian (European)/women/id03371,FakeAVCeleb_v1.2/FakeVideo-RealAudio/Caucasian (European)/women/id03371/00430_id03589_wavtolip.mp4,../data/raw/FakeAVCeleb_v1.2/FakeVideo-RealAudio/Caucasian (European)/women/id03371/00430_id03589_wavtolip.mp4
id00325,id00042,-,wav2lip,C,FakeVideo-RealAudio,Caucasian (European),women,00015_id00042_wavtolip.mp4,FakeAVCeleb/FakeVideo-RealAudio/Caucasian (European)/women/id00325,FakeAVCeleb_v1.2/FakeVideo-RealAudio/Caucasian (European)/women/id00325/00015_id00042_wavtolip.mp4,../data/raw/FakeAVCeleb_v1.2/FakeVideo-RealAudio/Caucasian (European)/women/id00325/00015_id00042_wavtolip.mp4
id00383,id01223,-,wav2lip,C,FakeVideo-RealAudio,Caucasian (American),women,00171_id01223_wavtolip.mp4,FakeAVCeleb/FakeVideo-RealAudio/Caucasian (American)/women/id00383,FakeAVCeleb_v1.2/FakeVideo-RealAudio/Caucasian (American)/women/id00383/00171_id01223_wavtolip.mp4,../data/raw/FakeAVCeleb_v1.2/FakeVideo-RealAudio/Caucasian (American)/women/id00383/00171_id01223_wavtolip.mp4
id00616,id00841,-,wav2lip,C,FakeVideo-RealAudio,Caucasian (American),women,00305_id00841_wavtolip.mp4,FakeAVCeleb/FakeVideo-RealAudio/Caucasian (American)/women/id00616,FakeAVCeleb_v1.2/FakeVideo-RealAudio/Caucasian (American)/women/id00616/00305_id00841_wavtolip.mp4,../data/raw/FakeAVCeleb_v1.2/FakeVideo-RealAudio/Caucasian (American)/women/id00616/00305_id00841_wavtolip.mp4
id00863,id06594,-,wav2lip,C,FakeVideo-RealAudio,Asian (East),men,00069_id06594_wavtolip.mp4,FakeAVCeleb/FakeVideo-RealAudio/Asian (East)/men/id00863,FakeAVCeleb_v1.2/FakeVideo-RealAudio/Asian (East)/men/id00863/00069_id06594_wavtolip.mp4,../data/raw/FakeAVCeleb_v1.2/FakeVideo-RealAudio/Asian (East)/men/id00863/00069_id06594_wavtolip.mp4
id01598,id01528,-,wav2lip,C,FakeVideo-RealAudio,African,men,00044_id01528_wavtolip.mp4,FakeAVCeleb/FakeVideo-RealAudio/African/men/id01598,FakeAVCeleb_v1.2/FakeVideo-RealAudio/African/men/id01598/00044_id01528_wavtolip.mp4,../data/raw/FakeAVCeleb_v1.2/FakeVideo-RealAudio/African/men/id01598/00044_id01528_wavtolip.mp4
id01204,id06269,-,wav2lip,C,FakeVideo-RealAudio,Asian (East),men,00092_id06269_wavtolip.mp4,FakeAVCeleb/FakeVideo-RealAudio/Asian (East)/men/id01204,FakeAVCeleb_v1.2/FakeVideo-RealAudio/Asian (East)/men/id01204/00092_id06269_wavtolip.mp4,../data/raw/FakeAVCeleb_v1.2/FakeVideo-RealAudio/Asian (East)/men/id01204/00092_id06269_wavtolip.mp4
id00535,id00999,-,wav2lip,C,FakeVideo-RealAudio,Caucasian (European),men,00005_id00999_wavtolip.mp4,FakeAVCeleb/FakeVideo-RealAudio/Caucasian (European)/men/id00535,FakeAVCeleb_v1.2/FakeVideo-RealAudio/Caucasian (European)/men/id00535/00005_id00999_wavtolip.mp4,../data/raw/FakeAVCeleb_v1.2/FakeVideo-RealAudio/Caucasian (European)/men/id00535/00005_id00999_wavtolip.mp4
id02567,id03205,-,fsgan,C,FakeVideo-RealAudio,Caucasian (European),men,00040_id03205_gXytNIcANKw.mp4,FakeAVCeleb/FakeVideo-RealAudio/Caucasian (European)/men/id02567,FakeAVCeleb_v1.2/FakeVideo-RealAudio/Caucasian (European)/men/id02567/00040_id03205_gXytNIcANKw.mp4,../data/raw/FakeAVCeleb_v1.2/FakeVideo-RealAudio/Caucasian (European)/men/id02567/00040_id03205_gXytNIcANKw.mp4
id00088,id00060,-,fsgan,C,FakeVideo-RealAudio,Caucasian (American),men,00005_id00060_gZ4RkcQ0SXE.mp4,FakeAVCeleb/FakeVideo-RealAudio/Caucasian (American)/men/id00088,FakeAVCeleb_v1.2/FakeVideo-RealAudio/Caucasian (American)/men/id00088/00005_id00060_gZ4RkcQ0SXE.mp4,../data/raw/FakeAVCeleb_v1.2/FakeVideo-RealAudio/Caucasian (American)/men/id00088/00005_id00060_gZ4RkcQ0SXE.mp4
id01211,id00971,-,wav2lip,C,FakeVideo-RealAudio,Caucasian (American),men,00023_id00971_wavtolip.mp4,FakeAVCeleb/FakeVideo-RealAudio/Caucasian (American)/men/id01211,FakeAVCeleb_v1.2/FakeVideo-RealAudio/Caucasian (American)/men/id01211/00023_id00971_wavtolip.mp4,../data/raw/FakeAVCeleb_v1.2/FakeVideo-RealAudio/Caucasian (American)/men/id01211/00023_id00971_wavtolip.mp4
id01210,id00179,-,wav2lip,C,FakeVideo-RealAudio,Caucasian (American),men,00283_id00179_wavtolip.mp4,FakeAVCeleb/FakeVideo-RealAudio/Caucasian (American)/men/id01210,FakeAVCeleb_v1.2/FakeVideo-RealAudio/Caucasian (American)/men/id01210/00283_id00179_wavtolip.mp4,../data/raw/FakeAVCeleb_v1.2/FakeVideo-RealAudio/Caucasian (American)/men/id01210/00283_id00179_wavtolip.mp4
id00021,id01035,-,fsgan,C,FakeVideo-RealAudio,Caucasian (American),men,00010_id01035_6EWG3Ywu3jg.mp4,FakeAVCeleb/FakeVideo-RealAudio/Caucasian (American)/men/id00021,FakeAVCeleb_v1.2/FakeVideo-RealAudio/Caucasian (American)/men/id00021/00010_id01035_6EWG3Ywu3jg.mp4,../data/raw/FakeAVCeleb_v1.2/FakeVideo-RealAudio/Caucasian (American)/men/id00021/00010_id01035_6EWG3Ywu3jg.mp4
id04884,id06535,-,wav2lip,C,FakeVideo-RealAudio,Asian (East),men,00028_id06535_wavtolip.mp4,FakeAVCeleb/FakeVideo-RealAudio/Asian (East)/men/id04884,FakeAVCeleb_v1.2/FakeVideo-RealAudio/Asian (East)/men/id04884/00028_id06535_wavtolip.mp4,../data/raw/FakeAVCeleb_v1.2/FakeVideo-RealAudio/Asian (East)/men/id04884/00028_id06535_wavtolip.mp4
id05620,id07383,-,fsgan,C,FakeVideo-RealAudio,Asian (East),women,00005_id07383_G9gjJrz6L94.mp4,FakeAVCeleb/FakeVideo-RealAudio/Asian (East)/women/id05620,FakeAVCeleb_v1.2/FakeVideo-RealAudio/Asian (East)/women/id05620/00005_id07383_G9gjJrz6L94.mp4,../data/raw/FakeAVCeleb_v1.2/FakeVideo-RealAudio/Asian (East)/women/id05620/00005_id07383_G9gjJrz6L94.mp4
id00569,id00262,-,wav2lip,C,FakeVideo-RealAudio,Caucasian (European),women,00239_id00262_wavtolip.mp4,FakeAVCeleb/FakeVideo-RealAudio/Caucasian (European)/women/id00569,FakeAVCeleb_v1.2/FakeVideo-RealAudio/Caucasian (European)/women/id00569/00239_id00262_wavtolip.mp4,../data/raw/FakeAVCeleb_v1.2/FakeVideo-RealAudio/Caucasian (European)/women/id00569/00239_id00262_wavtolip.mp4
id07383,id04057,-,fsgan,C,FakeVideo-RealAudio,Asian (East),women,00011_id04057_SmHwNbR-498.mp4,FakeAVCeleb/FakeVideo-RealAudio/Asian (East)/women/id07383,FakeAVCeleb_v1.2/FakeVideo-RealAudio/Asian (East)/women/id07383/00011_id04057_SmHwNbR-498.mp4,../data/raw/FakeAVCeleb_v1.2/FakeVideo-RealAudio/Asian (East)/women/id07383/00011_id04057_SmHwNbR-498.mp4
id00430,id06066,-,fsgan,C,FakeVideo-RealAudio,Asian (East),women,00209_id06066_9e5vgpwmruA.mp4,FakeAVCeleb/FakeVideo-RealAudio/Asian (East)/women/id00430,FakeAVCeleb_v1.2/FakeVideo-RealAudio/Asian (East)/women/id00430/00209_id06066_9e5vgpwmruA.mp4,../data/raw/FakeAVCeleb_v1.2/FakeVideo-RealAudio/Asian (East)/women/id00430/00209_id06066_9e5vgpwmruA.mp4
id00566,id09181,-,wav2lip,C,FakeVideo-RealAudio,Asian (East),women,00032_id09181_wavtolip.mp4,FakeAVCeleb/FakeVideo-RealAudio/Asian (East)/women/id00566,FakeAVCeleb_v1.2/FakeVideo-RealAudio/Asian (East)/women/id00566/00032_id09181_wavtolip.mp4,../data/raw/FakeAVCeleb_v1.2/FakeVideo-RealAudio/Asian (East)/women/id00566/00032_id09181_wavtolip.mp4
id00963,id01156,-,wav2lip,C,FakeVideo-RealAudio,Caucasian (European),men,00028_id01156_wavtolip.mp4,FakeAVCeleb/FakeVideo-RealAudio/Caucasian (European)/men/id00963,FakeAVCeleb_v1.2/FakeVideo-RealAudio/Caucasian (European)/men/id00963/00028_id01156_wavtolip.mp4,../data/raw/FakeAVCeleb_v1.2/FakeVideo-RealAudio/Caucasian (European)/men/id00963/00028_id01156_wavtolip.mp4
id03651,id03858,-,wav2lip,C,FakeVideo-RealAudio,Caucasian (European),women,00092_id03858_wavtolip.mp4,FakeAVCeleb/FakeVideo-RealAudio/Caucasian (European)/women/id03651,FakeAVCeleb_v1.2/FakeVideo-RealAudio/Caucasian (European)/women/id03651/00092_id03858_wavtolip.mp4,../data/raw/FakeAVCeleb_v1.2/FakeVideo-RealAudio/Caucasian (European)/women/id03651/00092_id03858_wavtolip.mp4
id06427,id09181,-,wav2lip,C,FakeVideo-RealAudio,Asian (East),women,00138_id09181_wavtolip.mp4,FakeAVCeleb/FakeVideo-RealAudio/Asian (East)/women/id06427,FakeAVCeleb_v1.2/FakeVideo-RealAudio/Asian (East)/women/id06427/00138_id09181_wavtolip.mp4,../data/raw/FakeAVCeleb_v1.2/FakeVideo-RealAudio/Asian (East)/women/id06427/00138_id09181_wavtolip.mp4
id06152,id00863,-,wav2lip,C,FakeVideo-RealAudio,Asian (East),men,06152_id00863_wavtolip.mp4,FakeAVCeleb/FakeVideo-RealAudio/Asian (East)/men/id06152,FakeAVCeleb_v1.2/FakeVideo-RealAudio/Asian (East)/men/id06152/06152_id00863_wavtolip.mp4,../data/raw/FakeAVCeleb_v1.2/FakeVideo-RealAudio/Asian (East)/men/id06152/06152_id00863_wavtolip.mp4
id06061,id09181,-,wav2lip,C,FakeVideo-RealAudio,Asian (East),women,00002_id09181_wavtolip.mp4,FakeAVCeleb/FakeVideo-RealAudio/Asian (East)/women/id06061,FakeAVCeleb_v1.2/FakeVideo-RealAudio/Asian (East)/women/id06061/00002_id09181_wavtolip.mp4,../data/raw/FakeAVCeleb_v1.2/FakeVideo-RealAudio/Asian (East)/women/id06061/00002_id09181_wavtolip.mp4
id03651,id00897,-,fsgan,C,FakeVideo-RealAudio,Caucasian (European),women,00092_id00897_0ayFw8JhoyI.mp4,FakeAVCeleb/FakeVideo-RealAudio/Caucasian (European)/women/id03651,FakeAVCeleb_v1.2/FakeVideo-RealAudio/Caucasian (European)/women/id03651/00092_id00897_0ayFw8JhoyI.mp4,../data/raw/FakeAVCeleb_v1.2/FakeVideo-RealAudio/Caucasian (European)/women/id03651/00092_id00897_0ayFw8JhoyI.mp4
id00841,id00428,-,fsgan,C,FakeVideo-RealAudio,Caucasian (American),women,00078_id00428_Kr7n-68JWww.mp4,FakeAVCeleb/FakeVideo-RealAudio/Caucasian (American)/women/id00841,FakeAVCeleb_v1.2/FakeVideo-RealAudio/Caucasian (American)/women/id00841/00078_id00428_Kr7n-68JWww.mp4,../data/raw/FakeAVCeleb_v1.2/FakeVideo-RealAudio/Caucasian (American)/women/id00841/00078_id00428_Kr7n-68JWww.mp4
id00579,id06443,jnYg,fsgan,C,FakeVideo-RealAudio,Asian (East),women,00030_id06443__jnYg_I0Zpc.mp4,FakeAVCeleb/FakeVideo-RealAudio/Asian (East)/women/id00579,FakeAVCeleb_v1.2/FakeVideo-RealAudio/Asian (East)/women/id00579/00030_id06443__jnYg_I0Zpc.mp4,../data/raw/FakeAVCeleb_v1.2/FakeVideo-RealAudio/Asian (East)/women/id00579/00030_id06443__jnYg_I0Zpc.mp4
id00568,id04736,-,fsgan,C,FakeVideo-RealAudio,African,women,00384_id04736__D2k4fMhEfQ.mp4,FakeAVCeleb/FakeVideo-RealAudio/African/women/id00568,FakeAVCeleb_v1.2/FakeVideo-RealAudio/African/women/id00568/00384_id04736__D2k4fMhEfQ.mp4,../data/raw/FakeAVCeleb_v1.2/FakeVideo-RealAudio/African/women/id00568/00384_id04736__D2k4fMhEfQ.mp4
id00265,id00183,-,fsgan,C,FakeVideo-RealAudio,Caucasian (European),men,00130_id00183_z2DhZllPWUQ.mp4,FakeAVCeleb/FakeVideo-RealAudio/Caucasian (European)/men/id00265,FakeAVCeleb_v1.2/FakeVideo-RealAudio/Caucasian (European)/men/id00265/00130_id00183_z2DhZllPWUQ.mp4,../data/raw/FakeAVCeleb_v1.2/FakeVideo-RealAudio/Caucasian (European)/men/id00265/00130_id00183_z2DhZllPWUQ.mp4
id00358,id00282,-,wav2lip,C,FakeVideo-RealAudio,Caucasian (European),men,00217_id00282_wavtolip.mp4,FakeAVCeleb/FakeVideo-RealAudio/Caucasian (European)/men/id00358,FakeAVCeleb_v1.2/FakeVideo-RealAudio/Caucasian (European)/men/id00358/00217_id00282_wavtolip.mp4,../data/raw/FakeAVCeleb_v1.2/FakeVideo-RealAudio/Caucasian (European)/men/id00358/00217_id00282_wavtolip.mp4
id06878,-,-,faceswap,C,FakeVideo-RealAudio,Asian (East),men,00001.mp4,FakeAVCeleb/FakeVideo-RealAudio/Asian (East)/men/id06878,FakeAVCeleb_v1.2/FakeVideo-RealAudio/Asian (East)/men/id06878/00001.mp4,../data/raw/FakeAVCeleb_v1.2/FakeVideo-RealAudio/Asian (East)/men/id06878/00001.mp4
id00909,id01154,-,fsgan,C,FakeVideo-RealAudio,Caucasian (European),men,00037_id01154_tvmOcaG4A4w.mp4,FakeAVCeleb/FakeVideo-RealAudio/Caucasian (European)/men/id00909,FakeAVCeleb_v1.2/FakeVideo-RealAudio/Caucasian (European)/men/id00909/00037_id01154_tvmOcaG4A4w.mp4,../data/raw/FakeAVCeleb_v1.2/FakeVideo-RealAudio/Caucasian (European)/men/id00909/00037_id01154_tvmOcaG4A4w.mp4
id00946,id01126,-,wav2lip,C,FakeVideo-RealAudio,Caucasian (European),men,00126_id01126_wavtolip.mp4,FakeAVCeleb/FakeVideo-RealAudio/Caucasian (European)/men/id00946,FakeAVCeleb_v1.2/FakeVideo-RealAudio/Caucasian (European)/men/id00946/00126_id01126_wavtolip.mp4,../data/raw/FakeAVCeleb_v1.2/FakeVideo-RealAudio/Caucasian (European)/men/id00946/00126_id01126_wavtolip.mp4
id01528,id00478,-,wav2lip,C,FakeVideo-RealAudio,African,men,00017_id00478_wavtolip.mp4,FakeAVCeleb/FakeVideo-RealAudio/African/men/id01528,FakeAVCeleb_v1.2/FakeVideo-RealAudio/African/men/id01528/00017_id00478_wavtolip.mp4,../data/raw/FakeAVCeleb_v1.2/FakeVideo-RealAudio/African/men/id01528/00017_id00478_wavtolip.mp4
id00458,id00145,-,wav2lip,C,FakeVideo-RealAudio,Caucasian (American),women,00072_id00145_wavtolip.mp4,FakeAVCeleb/FakeVideo-RealAudio/Caucasian (American)/women/id00458,FakeAVCeleb_v1.2/FakeVideo-RealAudio/Caucasian (American)/women/id00458/00072_id00145_wavtolip.mp4,../data/raw/FakeAVCeleb_v1.2/FakeVideo-RealAudio/Caucasian (American)/women/id00458/00072_id00145_wavtolip.mp4
id02493,id06467,-,fsgan,C,FakeVideo-RealAudio,Asian (East),men,00073_id06467_bN8jVda0Byw.mp4,FakeAVCeleb/FakeVideo-RealAudio/Asian (East)/men/id02493,FakeAVCeleb_v1.2/FakeVideo-RealAudio/Asian (East)/men/id02493/00073_id06467_bN8jVda0Byw.mp4,../data/raw/FakeAVCeleb_v1.2/FakeVideo-RealAudio/Asian (East)/men/id02493/00073_id06467_bN8jVda0Byw.mp4
id02268,id01528,-,wav2lip,C,FakeVideo-RealAudio,African,men,00036_id01528_wavtolip.mp4,FakeAVCeleb/FakeVideo-RealAudio/African/men/id02268,FakeAVCeleb_v1.2/FakeVideo-RealAudio/African/men/id02268/00036_id01528_wavtolip.mp4,../data/raw/FakeAVCeleb_v1.2/FakeVideo-RealAudio/African/men/id02268/00036_id01528_wavtolip.mp4
id00379,id03371,-,wav2lip,C,FakeVideo-RealAudio,Caucasian (European),women,00043_id03371_wavtolip.mp4,FakeAVCeleb/FakeVideo-RealAudio/Caucasian (European)/women/id00379,FakeAVCeleb_v1.2/FakeVideo-RealAudio/Caucasian (European)/women/id00379/00043_id03371_wavtolip.mp4,../data/raw/FakeAVCeleb_v1.2/FakeVideo-RealAudio/Caucasian (European)/women/id00379/00043_id03371_wavtolip.mp4
id00577,id02948,-,fsgan,C,FakeVideo-RealAudio,African,women,00010_id02948__ZEDGNWjuFE.mp4,FakeAVCeleb/FakeVideo-RealAudio/African/women/id00577,FakeAVCeleb_v1.2/FakeVideo-RealAudio/African/women/id00577/00010_id02948__ZEDGNWjuFE.mp4,../data/raw/FakeAVCeleb_v1.2/FakeVideo-RealAudio/African/women/id00577/00010_id02948__ZEDGNWjuFE.mp4
id00292,id00192,-,fsgan,C,FakeVideo-RealAudio,Caucasian (European),men,00072_id00192_By3wxX0dyDw.mp4,FakeAVCeleb/FakeVideo-RealAudio/Caucasian (European)/men/id00292,FakeAVCeleb_v1.2/FakeVideo-RealAudio/Caucasian (European)/men/id00292/00072_id00192_By3wxX0dyDw.mp4,../data/raw/FakeAVCeleb_v1.2/FakeVideo-RealAudio/Caucasian (European)/men/id00292/00072_id00192_By3wxX0dyDw.mp4
id00398,id00618,-,fsgan,C,FakeVideo-RealAudio,Caucasian (American),women,00016_id00618__TwV2SmUIlY.mp4,FakeAVCeleb/FakeVideo-RealAudio/Caucasian (American)/women/id00398,FakeAVCeleb_v1.2/FakeVideo-RealAudio/Caucasian (American)/women/id00398/00016_id00618__TwV2SmUIlY.mp4,../data/raw/FakeAVCeleb_v1.2/FakeVideo-RealAudio/Caucasian (American)/women/id00398/00016_id00618__TwV2SmUIlY.mp4
id00098,id01245,-,fsgan,C,FakeVideo-RealAudio,Caucasian (American),women,00004_id01245_7pYBPczR_z0.mp4,FakeAVCeleb/FakeVideo-RealAudio/Caucasian (American)/women/id00098,FakeAVCeleb_v1.2/FakeVideo-RealAudio/Caucasian (American)/women/id00098/00004_id01245_7pYBPczR_z0.mp4,../data/raw/FakeAVCeleb_v1.2/FakeVideo-RealAudio/Caucasian (American)/women/id00098/00004_id01245_7pYBPczR_z0.mp4
id09175,id04701,-,fsgan,C,FakeVideo-RealAudio,Asian (East),women,00072_id04701_7mnc8w6jRlM.mp4,FakeAVCeleb/FakeVideo-RealAudio/Asian (East)/women/id09175,FakeAVCeleb_v1.2/FakeVideo-RealAudio/Asian (East)/women/id09175/00072_id04701_7mnc8w6jRlM.mp4,../data/raw/FakeAVCeleb_v1.2/FakeVideo-RealAudio/Asian (East)/women/id09175/00072_id04701_7mnc8w6jRlM.mp4
id00919,id00919,-,wav2lip,C,FakeVideo-RealAudio,Caucasian (European),men,00063_id00919_wavtolip.mp4,FakeAVCeleb/FakeVideo-RealAudio/Caucasian (European)/men/id00919,FakeAVCeleb_v1.2/FakeVideo-RealAudio/Caucasian (European)/men/id00919/00063_id00919_wavtolip.mp4,../data/raw/FakeAVCeleb_v1.2/FakeVideo-RealAudio/Caucasian (European)/men/id00919/00063_id00919_wavtolip.mp4
id00478,id00475,-,fsgan,C,FakeVideo-RealAudio,African,men,00206_id00475_xQjvXRcnPvw.mp4,FakeAVCeleb/FakeVideo-RealAudio/African/men/id00478,FakeAVCeleb_v1.2/FakeVideo-RealAudio/African/men/id00478/00206_id00475_xQjvXRcnPvw.mp4,../data/raw/FakeAVCeleb_v1.2/FakeVideo-RealAudio/African/men/id00478/00206_id00475_xQjvXRcnPvw.mp4
id01171,id01779,-,wav2lip,C,FakeVideo-RealAudio,African,men,00053_id01779_wavtolip.mp4,FakeAVCeleb/FakeVideo-RealAudio/African/men/id01171,FakeAVCeleb_v1.2/FakeVideo-RealAudio/African/men/id01171/00053_id01779_wavtolip.mp4,../data/raw/FakeAVCeleb_v1.2/FakeVideo-RealAudio/African/men/id01171/00053_id01779_wavtolip.mp4
id00305,id03205,-,fsgan,C,FakeVideo-RealAudio,Caucasian (European),men,00113_id03205_gXytNIcANKw.mp4,FakeAVCeleb/FakeVideo-RealAudio/Caucasian (European)/men/id00305,FakeAVCeleb_v1.2/FakeVideo-RealAudio/Caucasian (European)/men/id00305/00113_id03205_gXytNIcANKw.mp4,../data/raw/FakeAVCeleb_v1.2/FakeVideo-RealAudio/Caucasian (European)/men/id00305/00113_id03205_gXytNIcANKw.mp4
id01452,id00944,-,fsgan,C,FakeVideo-RealAudio,African,men,00001_id00944_DiW5D62667U.mp4,FakeAVCeleb/FakeVideo-RealAudio/African/men/id01452,FakeAVCeleb_v1.2/FakeVideo-RealAudio/African/men/id01452/00001_id00944_DiW5D62667U.mp4,../data/raw/FakeAVCeleb_v1.2/FakeVideo-RealAudio/African/men/id01452/00001_id00944_DiW5D62667U.mp4
id02619,id00149,-,wav2lip,C,FakeVideo-RealAudio,Asian (South),women,00015_id00149_wavtolip.mp4,FakeAVCeleb/FakeVideo-RealAudio/Asian (South)/women/id02619,FakeAVCeleb_v1.2/FakeVideo-RealAudio/Asian (South)/women/id02619/00015_id00149_wavtolip.mp4,../data/raw/FakeAVCeleb_v1.2/FakeVideo-RealAudio/Asian (South)/women/id02619/00015_id00149_wavtolip.mp4
id08314,id00103,-,fsgan,C,FakeVideo-RealAudio,Asian (South),men,00028_id00103_qpTVaP4y5DQ.mp4,FakeAVCeleb/FakeVideo-RealAudio/Asian (South)/men/id08314,FakeAVCeleb_v1.2/FakeVideo-RealAudio/Asian (South)/men/id08314/00028_id00103_qpTVaP4y5DQ.mp4,../data/raw/FakeAVCeleb_v1.2/FakeVideo-RealAudio/Asian (South)/men/id08314/00028_id00103_qpTVaP4y5DQ.mp4
id01172,id00529,-,fsgan,C,FakeVideo-RealAudio,Caucasian (American),men,00015_id00529_xtx2GeQN-DQ.mp4,FakeAVCeleb/FakeVideo-RealAudio/Caucasian (American)/men/id01172,FakeAVCeleb_v1.2/FakeVideo-RealAudio/Caucasian (American)/men/id01172/00015_id00529_xtx2GeQN-DQ.mp4,../data/raw/FakeAVCeleb_v1.2/FakeVideo-RealAudio/Caucasian (American)/men/id01172/00015_id00529_xtx2GeQN-DQ.mp4
id00265,id00520,-,fsgan,C,FakeVideo-RealAudio,Caucasian (European),men,00130_id00520_dOAxKi1t6GI.mp4,FakeAVCeleb/FakeVideo-RealAudio/Caucasian (European)/men/id00265,FakeAVCeleb_v1.2/FakeVideo-RealAudio/Caucasian (European)/men/id00265/00130_id00520_dOAxKi1t6GI.mp4,../data/raw/FakeAVCeleb_v1.2/FakeVideo-RealAudio/Caucasian (European)/men/id00265/00130_id00520_dOAxKi1t6GI.mp4
id01972,id01779,-,fsgan,C,FakeVideo-RealAudio,African,men,00078_id01779_HgyHpDEo_jk.mp4,FakeAVCeleb/FakeVideo-RealAudio/African/men/id01972,FakeAVCeleb_v1.2/FakeVideo-RealAudio/African/men/id01972/00078_id01779_HgyHpDEo_jk.mp4,../data/raw/FakeAVCeleb_v1.2/FakeVideo-RealAudio/African/men/id01972/00078_id01779_HgyHpDEo_jk.mp4
id00391,id00476,-,faceswap,C,FakeVideo-RealAudio,African,men,00052_id00476_UgdYVJ6xPYg_faceswap.mp4,FakeAVCeleb/FakeVideo-RealAudio/African/men/id00391,FakeAVCeleb_v1.2/FakeVideo-RealAudio/African/men/id00391/00052_id00476_UgdYVJ6xPYg_faceswap.mp4,../data/raw/FakeAVCeleb_v1.2/FakeVideo-RealAudio/African/men/id00391/00052_id00476_UgdYVJ6xPYg_faceswap.mp4
id00735,id00188,-,fsgan,C,FakeVideo-RealAudio,Caucasian (European),women,00037_id00188_e-vm5FB3idA.mp4,FakeAVCeleb/FakeVideo-RealAudio/Caucasian (European)/women/id00735,FakeAVCeleb_v1.2/FakeVideo-RealAudio/Caucasian (European)/women/id00735/00037_id00188_e-vm5FB3idA.mp4,../data/raw/FakeAVCeleb_v1.2/FakeVideo-RealAudio/Caucasian (European)/women/id00735/00037_id00188_e-vm5FB3idA.mp4
id07194,id08314,-,wav2lip,C,FakeVideo-RealAudio,Asian (South),men,00014_id08314_wavtolip.mp4,FakeAVCeleb/FakeVideo-RealAudio/Asian (South)/men/id07194,FakeAVCeleb_v1.2/FakeVideo-RealAudio/Asian (South)/men/id07194/00014_id08314_wavtolip.mp4,../data/raw/FakeAVCeleb_v1.2/FakeVideo-RealAudio/Asian (South)/men/id07194/00014_id08314_wavtolip.mp4
id00414,id04537,-,faceswap,C,FakeVideo-RealAudio,Asian (South),men,00052_id04537_G1e1UFopjfI_faceswap.mp4,FakeAVCeleb/FakeVideo-RealAudio/Asian (South)/men/id00414,FakeAVCeleb_v1.2/FakeVideo-RealAudio/Asian (South)/men/id00414/00052_id04537_G1e1UFopjfI_faceswap.mp4,../data/raw/FakeAVCeleb_v1.2/FakeVideo-RealAudio/Asian (South)/men/id00414/00052_id04537_G1e1UFopjfI_faceswap.mp4
id04374,id03656,-,fsgan,C,FakeVideo-RealAudio,African,women,00032_id03656_draVIyyqLtk.mp4,FakeAVCeleb/FakeVideo-RealAudio/African/women/id04374,FakeAVCeleb_v1.2/FakeVideo-RealAudio/African/women/id04374/00032_id03656_draVIyyqLtk.mp4,../data/raw/FakeAVCeleb_v1.2/FakeVideo-RealAudio/African/women/id04374/00032_id03656_draVIyyqLtk.mp4
id01216,id03556,-,wav2lip,C,FakeVideo-RealAudio,Caucasian (American),women,00025_id03556_wavtolip.mp4,FakeAVCeleb/FakeVideo-RealAudio/Caucasian (American)/women/id01216,FakeAVCeleb_v1.2/FakeVideo-RealAudio/Caucasian (American)/women/id01216/00025_id03556_wavtolip.mp4,../data/raw/FakeAVCeleb_v1.2/FakeVideo-RealAudio/Caucasian (American)/women/id01216/00025_id03556_wavtolip.mp4
id00554,id00063,-,fsgan,C,FakeVideo-RealAudio,Caucasian (European),men,00028_id00063_cVZBXC2rjPM.mp4,FakeAVCeleb/FakeVideo-RealAudio/Caucasian (European)/men/id00554,FakeAVCeleb_v1.2/FakeVideo-RealAudio/Caucasian (European)/men/id00554/00028_id00063_cVZBXC2rjPM.mp4,../data/raw/FakeAVCeleb_v1.2/FakeVideo-RealAudio/Caucasian (European)/men/id00554/00028_id00063_cVZBXC2rjPM.mp4
id05631,id00137,-,fsgan,C,FakeVideo-RealAudio,Asian (East),women,00073_id00137_L22Rc38U5BA.mp4,FakeAVCeleb/FakeVideo-RealAudio/Asian (East)/women/id05631,FakeAVCeleb_v1.2/FakeVideo-RealAudio/Asian (East)/women/id05631/00073_id00137_L22Rc38U5BA.mp4,../data/raw/FakeAVCeleb_v1.2/FakeVideo-RealAudio/Asian (East)/women/id05631/00073_id00137_L22Rc38U5BA.mp4
id00265,id01126,-,fsgan,C,FakeVideo-RealAudio,Caucasian (European),men,00130_id01126_zorX3gXf_vg.mp4,FakeAVCeleb/FakeVideo-RealAudio/Caucasian (European)/men/id00265,FakeAVCeleb_v1.2/FakeVideo-RealAudio/Caucasian (European)/men/id00265/00130_id01126_zorX3gXf_vg.mp4,../data/raw/FakeAVCeleb_v1.2/FakeVideo-RealAudio/Caucasian (European)/men/id00265/00130_id01126_zorX3gXf_vg.mp4
id01972,id01530,-,wav2lip,C,FakeVideo-RealAudio,African,men,00078_id01530_wavtolip.mp4,FakeAVCeleb/FakeVideo-RealAudio/African/men/id01972,FakeAVCeleb_v1.2/FakeVideo-RealAudio/African/men/id01972/00078_id01530_wavtolip.mp4,../data/raw/FakeAVCeleb_v1.2/FakeVideo-RealAudio/African/men/id01972/00078_id01530_wavtolip.mp4
id01052,id00266,-,wav2lip,C,FakeVideo-RealAudio,Caucasian (European),men,00076_id00266_wavtolip.mp4,FakeAVCeleb/FakeVideo-RealAudio/Caucasian (European)/men/id01052,FakeAVCeleb_v1.2/FakeVideo-RealAudio/Caucasian (European)/men/id01052/00076_id00266_wavtolip.mp4,../data/raw/FakeAVCeleb_v1.2/FakeVideo-RealAudio/Caucasian (European)/men/id01052/00076_id00266_wavtolip.mp4
id00434,id00287,-,wav2lip,C,FakeVideo-RealAudio,Caucasian (European),women,00046_id00287_wavtolip.mp4,FakeAVCeleb/FakeVideo-RealAudio/Caucasian (European)/women/id00434,FakeAVCeleb_v1.2/FakeVideo-RealAudio/Caucasian (European)/women/id00434/00046_id00287_wavtolip.mp4,../data/raw/FakeAVCeleb_v1.2/FakeVideo-RealAudio/Caucasian (European)/women/id00434/00046_id00287_wavtolip.mp4
id01972,id01171,-,wav2lip,C,FakeVideo-RealAudio,African,men,00078_id01171_wavtolip.mp4,FakeAVCeleb/FakeVideo-RealAudio/African/men/id01972,FakeAVCeleb_v1.2/FakeVideo-RealAudio/African/men/id01972/00078_id01171_wavtolip.mp4,../data/raw/FakeAVCeleb_v1.2/FakeVideo-RealAudio/African/men/id01972/00078_id01171_wavtolip.mp4
id01216,id00097,-,fsgan,C,FakeVideo-RealAudio,Caucasian (American),women,00025_id00097_PchMB8-P1lw.mp4,FakeAVCeleb/FakeVideo-RealAudio/Caucasian (American)/women/id01216,FakeAVCeleb_v1.2/FakeVideo-RealAudio/Caucasian (American)/women/id01216/00025_id00097_PchMB8-P1lw.mp4,../data/raw/FakeAVCeleb_v1.2/FakeVideo-RealAudio/Caucasian (American)/women/id01216/00025_id00097_PchMB8-P1lw.mp4
id02508,id02824,-,fsgan,C,FakeVideo-RealAudio,African,women,00083_id02824_glBy_mYcXZw.mp4,FakeAVCeleb/FakeVideo-RealAudio/African/women/id02508,FakeAVCeleb_v1.2/FakeVideo-RealAudio/African/women/id02508/00083_id02824_glBy_mYcXZw.mp4,../data/raw/FakeAVCeleb_v1.2/FakeVideo-RealAudio/African/women/id02508/00083_id02824_glBy_mYcXZw.mp4
id01201,id00088,-,fsgan,C,FakeVideo-RealAudio,Caucasian (American),men,00028_id00088_6WIDWxr8vuU.mp4,FakeAVCeleb/FakeVideo-RealAudio/Caucasian (American)/men/id01201,FakeAVCeleb_v1.2/FakeVideo-RealAudio/Caucasian (American)/men/id01201/00028_id00088_6WIDWxr8vuU.mp4,../data/raw/FakeAVCeleb_v1.2/FakeVideo-RealAudio/Caucasian (American)/men/id01201/00028_id00088_6WIDWxr8vuU.mp4
id00860,id04928,-,wav2lip,C,FakeVideo-RealAudio,Asian (South),men,00154_id04928_wavtolip.mp4,FakeAVCeleb/FakeVideo-RealAudio/Asian (South)/men/id00860,FakeAVCeleb_v1.2/FakeVideo-RealAudio/Asian (South)/men/id00860/00154_id04928_wavtolip.mp4,../data/raw/FakeAVCeleb_v1.2/FakeVideo-RealAudio/Asian (South)/men/id00860/00154_id04928_wavtolip.mp4
id00234,id00826,-,wav2lip,C,FakeVideo-RealAudio,Caucasian (European),women,00063_id00826_wavtolip.mp4,FakeAVCeleb/FakeVideo-RealAudio/Caucasian (European)/women/id00234,FakeAVCeleb_v1.2/FakeVideo-RealAudio/Caucasian (European)/women/id00234/00063_id00826_wavtolip.mp4,../data/raw/FakeAVCeleb_v1.2/FakeVideo-RealAudio/Caucasian (European)/women/id00234/00063_id00826_wavtolip.mp4
id00080,id04070,-,fsgan,C,FakeVideo-RealAudio,Asian (South),women,00281_id04070_F3CgrqRjcgw.mp4,FakeAVCeleb/FakeVideo-RealAudio/Asian (South)/women/id00080,FakeAVCeleb_v1.2/FakeVideo-RealAudio/Asian (South)/women/id00080/00281_id04070_F3CgrqRjcgw.mp4,../data/raw/FakeAVCeleb_v1.2/FakeVideo-RealAudio/Asian (South)/women/id00080/00281_id04070_F3CgrqRjcgw.mp4
id00594,id00241,-,wav2lip,C,FakeVideo-RealAudio,Caucasian (European),men,00005_id00241_wavtolip.mp4,FakeAVCeleb/FakeVideo-RealAudio/Caucasian (European)/men/id00594,FakeAVCeleb_v1.2/FakeVideo-RealAudio/Caucasian (European)/men/id00594/00005_id00241_wavtolip.mp4,../data/raw/FakeAVCeleb_v1.2/FakeVideo-RealAudio/Caucasian (European)/men/id00594/00005_id00241_wavtolip.mp4
id03889,id02332,-,wav2lip,C,FakeVideo-RealAudio,Asian (East),men,00052_id02332_wavtolip.mp4,FakeAVCeleb/FakeVideo-RealAudio/Asian (East)/men/id03889,FakeAVCeleb_v1.2/FakeVideo-RealAudio/Asian (East)/men/id03889/00052_id02332_wavtolip.mp4,../data/raw/FakeAVCeleb_v1.2/FakeVideo-RealAudio/Asian (East)/men/id03889/00052_id02332_wavtolip.mp4
id00832,id03569,-,fsgan,C,FakeVideo-RealAudio,African,women,00078_id03569_YO0EpPm9p-8.mp4,FakeAVCeleb/FakeVideo-RealAudio/African/women/id00832,FakeAVCeleb_v1.2/FakeVideo-RealAudio/African/women/id00832/00078_id03569_YO0EpPm9p-8.mp4,../data/raw/FakeAVCeleb_v1.2/FakeVideo-RealAudio/African/women/id00832/00078_id03569_YO0EpPm9p-8.mp4
id03658,id05980,-,fsgan,C,FakeVideo-RealAudio,African,women,00077_id05980_bbg4HtuM_jo.mp4,FakeAVCeleb/FakeVideo-RealAudio/African/women/id03658,FakeAVCeleb_v1.2/FakeVideo-RealAudio/African/women/id03658/00077_id05980_bbg4HtuM_jo.mp4,../data/raw/FakeAVCeleb_v1.2/FakeVideo-RealAudio/African/women/id03658/00077_id05980_bbg4HtuM_jo.mp4
id00680,id00291,-,wav2lip,C,FakeVideo-RealAudio,Caucasian (American),women,00110_id00291_wavtolip.mp4,FakeAVCeleb/FakeVideo-RealAudio/Caucasian (American)/women/id00680,FakeAVCeleb_v1.2/FakeVideo-RealAudio/Caucasian (American)/women/id00680/00110_id00291_wavtolip.mp4,../data/raw/FakeAVCeleb_v1.2/FakeVideo-RealAudio/Caucasian (American)/women/id00680/00110_id00291_wavtolip.mp4
id00963,id00253,-,wav2lip,C,FakeVideo-RealAudio,Caucasian (European),men,00028_id00253_wavtolip.mp4,FakeAVCeleb/FakeVideo-RealAudio/Caucasian (European)/men/id00963,FakeAVCeleb_v1.2/FakeVideo-RealAudio/Caucasian (European)/men/id00963/00028_id00253_wavtolip.mp4,../data/raw/FakeAVCeleb_v1.2/FakeVideo-RealAudio/Caucasian (European)/men/id00963/00028_id00253_wavtolip.mp4
id00781,id00476,-,faceswap,C,FakeVideo-RealAudio,African,men,00092_id00476_UgdYVJ6xPYg_faceswap.mp4,FakeAVCeleb/FakeVideo-RealAudio/African/men/id00781,FakeAVCeleb_v1.2/FakeVideo-RealAudio/African/men/id00781/00092_id00476_UgdYVJ6xPYg_faceswap.mp4,../data/raw/FakeAVCeleb_v1.2/FakeVideo-RealAudio/African/men/id00781/00092_id00476_UgdYVJ6xPYg_faceswap.mp4
id01223,id00381,-,fsgan,C,FakeVideo-RealAudio,Caucasian (American),women,00255_id00381_79zqA0CZh8s.mp4,FakeAVCeleb/FakeVideo-RealAudio/Caucasian (American)/women/id01223,FakeAVCeleb_v1.2/FakeVideo-RealAudio/Caucasian (American)/women/id01223/00255_id00381_79zqA0CZh8s.mp4,../data/raw/FakeAVCeleb_v1.2/FakeVideo-RealAudio/Caucasian (American)/women/id01223/00255_id00381_79zqA0CZh8s.mp4
id04601,id04526,-,wav2lip,C,FakeVideo-RealAudio,Asian (South),men,00118_id04526_wavtolip.mp4,FakeAVCeleb/FakeVideo-RealAudio/Asian (South)/men/id04601,FakeAVCeleb_v1.2/FakeVideo-RealAudio/Asian (South)/men/id04601/00118_id04526_wavtolip.mp4,../data/raw/FakeAVCeleb_v1.2/FakeVideo-RealAudio/Asian (South)/men/id04601/00118_id04526_wavtolip.mp4
id00971,id00029,-,wav2lip,C,FakeVideo-RealAudio,Caucasian (American),men,00253_id00029_wavtolip.mp4,FakeAVCeleb/FakeVideo-RealAudio/Caucasian (American)/men/id00971,FakeAVCeleb_v1.2/FakeVideo-RealAudio/Caucasian (American)/men/id00971/00253_id00029_wavtolip.mp4,../data/raw/FakeAVCeleb_v1.2/FakeVideo-RealAudio/Caucasian (American)/men/id00971/00253_id00029_wavtolip.mp4
id02051,id01530,-,wav2lip,C,FakeVideo-RealAudio,African,men,00015_id01530_wavtolip.mp4,FakeAVCeleb/FakeVideo-RealAudio/African/men/id02051,FakeAVCeleb_v1.2/FakeVideo-RealAudio/African/men/id02051/00015_id01530_wavtolip.mp4,../data/raw/FakeAVCeleb_v1.2/FakeVideo-RealAudio/African/men/id02051/00015_id01530_wavtolip.mp4
id02464,id00428,-,fsgan,C,FakeVideo-RealAudio,Caucasian (American),women,00002_id00428_Kr7n-68JWww.mp4,FakeAVCeleb/FakeVideo-RealAudio/Caucasian (American)/women/id02464,FakeAVCeleb_v1.2/FakeVideo-RealAudio/Caucasian (American)/women/id02464/00002_id00428_Kr7n-68JWww.mp4,../data/raw/FakeAVCeleb_v1.2/FakeVideo-RealAudio/Caucasian (American)/women/id02464/00002_id00428_Kr7n-68JWww.mp4
id06254,id05931,-,fsgan,C,FakeVideo-RealAudio,Asian (South),women,00043_id05931_bFqu86NV3hk.mp4,FakeAVCeleb/FakeVideo-RealAudio/Asian (South)/women/id06254,FakeAVCeleb_v1.2/FakeVideo-RealAudio/Asian (South)/women/id06254/00043_id05931_bFqu86NV3hk.mp4,../data/raw/FakeAVCeleb_v1.2/FakeVideo-RealAudio/Asian (South)/women/id06254/00043_id05931_bFqu86NV3hk.mp4
id02494,id00475,-,faceswap,C,FakeVideo-RealAudio,African,men,00050_id00475_xQjvXRcnPvw_faceswap.mp4,FakeAVCeleb/FakeVideo-RealAudio/African/men/id02494,FakeAVCeleb_v1.2/FakeVideo-RealAudio/African/men/id02494/00050_id00475_xQjvXRcnPvw_faceswap.mp4,../data/raw/FakeAVCeleb_v1.2/FakeVideo-RealAudio/African/men/id02494/00050_id00475_xQjvXRcnPvw_faceswap.mp4
id02268,id01521,-,fsgan,C,FakeVideo-RealAudio,African,men,00036_id01521_jthjSmLdLOg.mp4,FakeAVCeleb/FakeVideo-RealAudio/African/men/id02268,FakeAVCeleb_v1.2/FakeVideo-RealAudio/African/men/id02268/00036_id01521_jthjSmLdLOg.mp4,../data/raw/FakeAVCeleb_v1.2/FakeVideo-RealAudio/African/men/id02268/00036_id01521_jthjSmLdLOg.mp4
id00272,id01225,-,fsgan,C,FakeVideo-RealAudio,Caucasian (American),women,00195_id01225_WuzuZoM84Ws.mp4,FakeAVCeleb/FakeVideo-RealAudio/Caucasian (American)/women/id00272,FakeAVCeleb_v1.2/FakeVideo-RealAudio/Caucasian (American)/women/id00272/00195_id01225_WuzuZoM84Ws.mp4,../data/raw/FakeAVCeleb_v1.2/FakeVideo-RealAudio/Caucasian (American)/women/id00272/00195_id01225_WuzuZoM84Ws.mp4
id00944,id02296,-,wav2lip,C,FakeVideo-RealAudio,African,men,00135_id02296_wavtolip.mp4,FakeAVCeleb/FakeVideo-RealAudio/African/men/id00944,FakeAVCeleb_v1.2/FakeVideo-RealAudio/African/men/id00944/00135_id02296_wavtolip.mp4,../data/raw/FakeAVCeleb_v1.2/FakeVideo-RealAudio/African/men/id00944/00135_id02296_wavtolip.mp4
id06535,id06269,-,wav2lip,C,FakeVideo-RealAudio,Asian (East),men,00183_id06269_wavtolip.mp4,FakeAVCeleb/FakeVideo-RealAudio/Asian (East)/men/id06535,FakeAVCeleb_v1.2/FakeVideo-RealAudio/Asian (East)/men/id06535/00183_id06269_wavtolip.mp4,../data/raw/FakeAVCeleb_v1.2/FakeVideo-RealAudio/Asian (East)/men/id06535/00183_id06269_wavtolip.mp4
id01597,id02316,-,fsgan,C,FakeVideo-RealAudio,African,men,00005_id02316_yrrNcmZ-xmI.mp4,FakeAVCeleb/FakeVideo-RealAudio/African/men/id01597,FakeAVCeleb_v1.2/FakeVideo-RealAudio/African/men/id01597/00005_id02316_yrrNcmZ-xmI.mp4,../data/raw/FakeAVCeleb_v1.2/FakeVideo-RealAudio/African/men/id01597/00005_id02316_yrrNcmZ-xmI.mp4
id01123,id00305,-,wav2lip,C,FakeVideo-RealAudio,Caucasian (European),men,00072_id00305_wavtolip.mp4,FakeAVCeleb/FakeVideo-RealAudio/Caucasian (European)/men/id01123,FakeAVCeleb_v1.2/FakeVideo-RealAudio/Caucasian (European)/men/id01123/00072_id00305_wavtolip.mp4,../data/raw/FakeAVCeleb_v1.2/FakeVideo-RealAudio/Caucasian (European)/men/id01123/00072_id00305_wavtolip.mp4
id00282,id01058,-,fsgan,C,FakeVideo-RealAudio,Caucasian (European),men,00268_id01058_2DKbOjf3Wyo.mp4,FakeAVCeleb/FakeVideo-RealAudio/Caucasian (European)/men/id00282,FakeAVCeleb_v1.2/FakeVideo-RealAudio/Caucasian (European)/men/id00282/00268_id01058_2DKbOjf3Wyo.mp4,../data/raw/FakeAVCeleb_v1.2/FakeVideo-RealAudio/Caucasian (European)/men/id00282/00268_id01058_2DKbOjf3Wyo.mp4
id00145,id01223,-,fsgan,C,FakeVideo-RealAudio,Caucasian (American),women,00043_id01223_TO3ym8Gwp7k.mp4,FakeAVCeleb/FakeVideo-RealAudio/Caucasian (American)/women/id00145,FakeAVCeleb_v1.2/FakeVideo-RealAudio/Caucasian (American)/women/id00145/00043_id01223_TO3ym8Gwp7k.mp4,../data/raw/FakeAVCeleb_v1.2/FakeVideo-RealAudio/Caucasian (American)/women/id00145/00043_id01223_TO3ym8Gwp7k.mp4
id03180,id04599,-,wav2lip,C,FakeVideo-RealAudio,Asian (South),men,00039_id04599_wavtolip.mp4,FakeAVCeleb/FakeVideo-RealAudio/Asian (South)/men/id03180,FakeAVCeleb_v1.2/FakeVideo-RealAudio/Asian (South)/men/id03180/00039_id04599_wavtolip.mp4,../data/raw/FakeAVCeleb_v1.2/FakeVideo-RealAudio/Asian (South)/men/id03180/00039_id04599_wavtolip.mp4
id00777,id00708,-,fsgan,C,FakeVideo-RealAudio,Caucasian (American),men,00160_id00708_Dzmb0FH1xBc.mp4,FakeAVCeleb/FakeVideo-RealAudio/Caucasian (American)/men/id00777,FakeAVCeleb_v1.2/FakeVideo-RealAudio/Caucasian (American)/men/id00777/00160_id00708_Dzmb0FH1xBc.mp4,../data/raw/FakeAVCeleb_v1.2/FakeVideo-RealAudio/Caucasian (American)/men/id00777/00160_id00708_Dzmb0FH1xBc.mp4
id02617,-,-,faceswap,C,FakeVideo-RealAudio,African,women,00028.mp4,FakeAVCeleb/FakeVideo-RealAudio/African/women/id02617,FakeAVCeleb_v1.2/FakeVideo-RealAudio/African/women/id02617/00028.mp4,../data/raw/FakeAVCeleb_v1.2/FakeVideo-RealAudio/African/women/id02617/00028.mp4
id01597,id00391,-,fsgan,C,FakeVideo-RealAudio,African,men,00005_id00391_TjJgUZaenWI.mp4,FakeAVCeleb/FakeVideo-RealAudio/African/men/id01597,FakeAVCeleb_v1.2/FakeVideo-RealAudio/African/men/id01597/00005_id00391_TjJgUZaenWI.mp4,../data/raw/FakeAVCeleb_v1.2/FakeVideo-RealAudio/African/men/id01597/00005_id00391_TjJgUZaenWI.mp4
id00232,id03844,-,fsgan,C,FakeVideo-RealAudio,Caucasian (European),women,00025_id03844_AEAEN1Lns2c.mp4,FakeAVCeleb/FakeVideo-RealAudio/Caucasian (European)/women/id00232,FakeAVCeleb_v1.2/FakeVideo-RealAudio/Caucasian (European)/women/id00232/00025_id03844_AEAEN1Lns2c.mp4,../data/raw/FakeAVCeleb_v1.2/FakeVideo-RealAudio/Caucasian (European)/women/id00232/00025_id03844_AEAEN1Lns2c.mp4
id04376,id04820,-,wav2lip,C,FakeVideo-RealAudio,African,women,00181_id04820_wavtolip.mp4,FakeAVCeleb/FakeVideo-RealAudio/African/women/id04376,FakeAVCeleb_v1.2/FakeVideo-RealAudio/African/women/id04376/00181_id04820_wavtolip.mp4,../data/raw/FakeAVCeleb_v1.2/FakeVideo-RealAudio/African/women/id04376/00181_id04820_wavtolip.mp4
id00434,id03371,-,fsgan,C,FakeVideo-RealAudio,Caucasian (European),women,00046_id03371_truKMXt8Dak.mp4,FakeAVCeleb/FakeVideo-RealAudio/Caucasian (European)/women/id00434,FakeAVCeleb_v1.2/FakeVideo-RealAudio/Caucasian (European)/women/id00434/00046_id03371_truKMXt8Dak.mp4,../data/raw/FakeAVCeleb_v1.2/FakeVideo-RealAudio/Caucasian (European)/women/id00434/00046_id03371_truKMXt8Dak.mp4
id03599,id00769,-,wav2lip,C,FakeVideo-RealAudio,Asian (South),men,00072_id00769_wavtolip.mp4,FakeAVCeleb/FakeVideo-RealAudio/Asian (South)/men/id03599,FakeAVCeleb_v1.2/FakeVideo-RealAudio/Asian (South)/men/id03599/00072_id00769_wavtolip.mp4,../data/raw/FakeAVCeleb_v1.2/FakeVideo-RealAudio/Asian (South)/men/id03599/00072_id00769_wavtolip.mp4
id00829,id01838,-,fsgan,C,FakeVideo-RealAudio,African,women,00271_id01838_q_lUk55OrL0.mp4,FakeAVCeleb/FakeVideo-RealAudio/African/women/id00829,FakeAVCeleb_v1.2/FakeVideo-RealAudio/African/women/id00829/00271_id01838_q_lUk55OrL0.mp4,../data/raw/FakeAVCeleb_v1.2/FakeVideo-RealAudio/African/women/id00829/00271_id01838_q_lUk55OrL0.mp4
id00529,id00049,-,fsgan,C,FakeVideo-RealAudio,Caucasian (American),men,00409_id00049_S_EHTUF-mQY.mp4,FakeAVCeleb/FakeVideo-RealAudio/Caucasian (American)/men/id00529,FakeAVCeleb_v1.2/FakeVideo-RealAudio/Caucasian (American)/men/id00529/00409_id00049_S_EHTUF-mQY.mp4,../data/raw/FakeAVCeleb_v1.2/FakeVideo-RealAudio/Caucasian (American)/men/id00529/00409_id00049_S_EHTUF-mQY.mp4
id06388,id09175,-,fsgan,C,FakeVideo-RealAudio,Asian (East),women,00005_id09175_YWe7UOnEyHU.mp4,FakeAVCeleb/FakeVideo-RealAudio/Asian (East)/women/id06388,FakeAVCeleb_v1.2/FakeVideo-RealAudio/Asian (East)/women/id06388/00005_id09175_YWe7UOnEyHU.mp4,../data/raw/FakeAVCeleb_v1.2/FakeVideo-RealAudio/Asian (East)/women/id06388/00005_id09175_YWe7UOnEyHU.mp4
id00076,1.mp4,-,faceswap,C,FakeVideo-RealAudio,African,men,00109_1.mp4,FakeAVCeleb/FakeVideo-RealAudio/African/men/id00076,FakeAVCeleb_v1.2/FakeVideo-RealAudio/African/men/id00076/00109_1.mp4,../data/raw/FakeAVCeleb_v1.2/FakeVideo-RealAudio/African/men/id00076/00109_1.mp4
id01835,id00366,-,wav2lip,C,FakeVideo-RealAudio,African,men,00130_id00366_wavtolip.mp4,FakeAVCeleb/FakeVideo-RealAudio/African/men/id01835,FakeAVCeleb_v1.2/FakeVideo-RealAudio/African/men/id01835/00130_id00366_wavtolip.mp4,../data/raw/FakeAVCeleb_v1.2/FakeVideo-RealAudio/African/men/id01835/00130_id00366_wavtolip.mp4
id00186,id00709,-,fsgan,C,FakeVideo-RealAudio,Caucasian (European),men,00120_id00709_Rh23ELMGsIQ.mp4,FakeAVCeleb/FakeVideo-RealAudio/Caucasian (European)/men/id00186,FakeAVCeleb_v1.2/FakeVideo-RealAudio/Caucasian (European)/men/id00186/00120_id00709_Rh23ELMGsIQ.mp4,../data/raw/FakeAVCeleb_v1.2/FakeVideo-RealAudio/Caucasian (European)/men/id00186/00120_id00709_Rh23ELMGsIQ.mp4
id00187,id00186,-,fsgan,C,FakeVideo-RealAudio,Caucasian (European),men,00360_id00186_KTjDxHTlzg0.mp4,FakeAVCeleb/FakeVideo-RealAudio/Caucasian (European)/men/id00187,FakeAVCeleb_v1.2/FakeVideo-RealAudio/Caucasian (European)/men/id00187/00360_id00186_KTjDxHTlzg0.mp4,../data/raw/FakeAVCeleb_v1.2/FakeVideo-RealAudio/Caucasian (European)/men/id00187/00360_id00186_KTjDxHTlzg0.mp4
id03815,id07051,-,wav2lip,C,FakeVideo-RealAudio,Asian (South),women,00118_id07051_wavtolip.mp4,FakeAVCeleb/FakeVideo-RealAudio/Asian (South)/women/id03815,FakeAVCeleb_v1.2/FakeVideo-RealAudio/Asian (South)/women/id03815/00118_id07051_wavtolip.mp4,../data/raw/FakeAVCeleb_v1.2/FakeVideo-RealAudio/Asian (South)/women/id03815/00118_id07051_wavtolip.mp4
id00752,0.mp4,-,faceswap,C,FakeVideo-RealAudio,Caucasian (American),women,00340_0.mp4,FakeAVCeleb/FakeVideo-RealAudio/Caucasian (American)/women/id00752,FakeAVCeleb_v1.2/FakeVideo-RealAudio/Caucasian (American)/women/id00752/00340_0.mp4,../data/raw/FakeAVCeleb_v1.2/FakeVideo-RealAudio/Caucasian (American)/women/id00752/00340_0.mp4
id00063,id00241,-,fsgan,C,FakeVideo-RealAudio,Caucasian (European),men,00021_id00241_DlI4wqSFwbI.mp4,FakeAVCeleb/FakeVideo-RealAudio/Caucasian (European)/men/id00063,FakeAVCeleb_v1.2/FakeVideo-RealAudio/Caucasian (European)/men/id00063/00021_id00241_DlI4wqSFwbI.mp4,../data/raw/FakeAVCeleb_v1.2/FakeVideo-RealAudio/Caucasian (European)/men/id00063/00021_id00241_DlI4wqSFwbI.mp4
id01223,id00835,-,fsgan,C,FakeVideo-RealAudio,Caucasian (American),women,00255_id00835_zWTp4szbb5k.mp4,FakeAVCeleb/FakeVideo-RealAudio/Caucasian (American)/women/id01223,FakeAVCeleb_v1.2/FakeVideo-RealAudio/Caucasian (American)/women/id01223/00255_id00835_zWTp4szbb5k.mp4,../data/raw/FakeAVCeleb_v1.2/FakeVideo-RealAudio/Caucasian (American)/women/id01223/00255_id00835_zWTp4szbb5k.mp4
id05434,id03559,-,wav2lip,C,FakeVideo-RealAudio,Asian (South),women,00052_id03559_wavtolip.mp4,FakeAVCeleb/FakeVideo-RealAudio/Asian (South)/women/id05434,FakeAVCeleb_v1.2/FakeVideo-RealAudio/Asian (South)/women/id05434/00052_id03559_wavtolip.mp4,../data/raw/FakeAVCeleb_v1.2/FakeVideo-RealAudio/Asian (South)/women/id05434/00052_id03559_wavtolip.mp4
id03858,0.mp4,-,faceswap,C,FakeVideo-RealAudio,Caucasian (European),women,00092_0.mp4,FakeAVCeleb/FakeVideo-RealAudio/Caucasian (European)/women/id03858,FakeAVCeleb_v1.2/FakeVideo-RealAudio/Caucasian (European)/women/id03858/00092_0.mp4,../data/raw/FakeAVCeleb_v1.2/FakeVideo-RealAudio/Caucasian (European)/women/id03858/00092_0.mp4
id00365,id00330,faceswap.mp4,faceswap,C,FakeVideo-RealAudio,Caucasian (European),women,00078_id00330_zCFFgGSIZ_s_faceswap.mp4,FakeAVCeleb/FakeVideo-RealAudio/Caucasian (European)/women/id00365,FakeAVCeleb_v1.2/FakeVideo-RealAudio/Caucasian (European)/women/id00365/00078_id00330_zCFFgGSIZ_s_faceswap.mp4,../data/raw/FakeAVCeleb_v1.2/FakeVideo-RealAudio/Caucasian (European)/women/id00365/00078_id00330_zCFFgGSIZ_s_faceswap.mp4
id00566,id06061,-,fsgan,C,FakeVideo-RealAudio,Asian (East),women,00032_id06061_TckvmWR97vo.mp4,FakeAVCeleb/FakeVideo-RealAudio/Asian (East)/women/id00566,FakeAVCeleb_v1.2/FakeVideo-RealAudio/Asian (East)/women/id00566/00032_id06061_TckvmWR97vo.mp4,../data/raw/FakeAVCeleb_v1.2/FakeVideo-RealAudio/Asian (East)/women/id00566/00032_id06061_TckvmWR97vo.mp4
id01532,id01907,-,fsgan,C,FakeVideo-RealAudio,African,women,00065_id01907_LBcRkuRq0uY.mp4,FakeAVCeleb/FakeVideo-RealAudio/African/women/id01532,FakeAVCeleb_v1.2/FakeVideo-RealAudio/African/women/id01532/00065_id01907_LBcRkuRq0uY.mp4,../data/raw/FakeAVCeleb_v1.2/FakeVideo-RealAudio/African/women/id01532/00065_id01907_LBcRkuRq0uY.mp4
id01036,id01933,-,wav2lip,C,FakeVideo-RealAudio,African,men,00010_id01933_wavtolip.mp4,FakeAVCeleb/FakeVideo-RealAudio/African/men/id01036,FakeAVCeleb_v1.2/FakeVideo-RealAudio/African/men/id01036/00010_id01933_wavtolip.mp4,../data/raw/FakeAVCeleb_v1.2/FakeVideo-RealAudio/African/men/id01036/00010_id01933_wavtolip.mp4
id00763,id04701,-,fsgan,C,FakeVideo-RealAudio,Asian (East),women,00074_id04701_7mnc8w6jRlM.mp4,FakeAVCeleb/FakeVideo-RealAudio/Asian (East)/women/id00763,FakeAVCeleb_v1.2/FakeVideo-RealAudio/Asian (East)/women/id00763/00074_id04701_7mnc8w6jRlM.mp4,../data/raw/FakeAVCeleb_v1.2/FakeVideo-RealAudio/Asian (East)/women/id00763/00074_id04701_7mnc8w6jRlM.mp4
id00475,id01171,-,fsgan,C,FakeVideo-RealAudio,African,men,00099_id01171_XSINMRoTb0E.mp4,FakeAVCeleb/FakeVideo-RealAudio/African/men/id00475,FakeAVCeleb_v1.2/FakeVideo-RealAudio/African/men/id00475/00099_id01171_XSINMRoTb0E.mp4,../data/raw/FakeAVCeleb_v1.2/FakeVideo-RealAudio/African/men/id00475/00099_id01171_XSINMRoTb0E.mp4
id02332,0.mp4,-,faceswap,C,FakeVideo-RealAudio,Asian (East),men,00055_0.mp4,FakeAVCeleb/FakeVideo-RealAudio/Asian (East)/men/id02332,FakeAVCeleb_v1.2/FakeVideo-RealAudio/Asian (East)/men/id02332/00055_0.mp4,../data/raw/FakeAVCeleb_v1.2/FakeVideo-RealAudio/Asian (East)/men/id02332/00055_0.mp4
id02619,id00043,-,wav2lip,C,FakeVideo-RealAudio,Asian (South),women,00015_id00043_wavtolip.mp4,FakeAVCeleb/FakeVideo-RealAudio/Asian (South)/women/id02619,FakeAVCeleb_v1.2/FakeVideo-RealAudio/Asian (South)/women/id02619/00015_id00043_wavtolip.mp4,../data/raw/FakeAVCeleb_v1.2/FakeVideo-RealAudio/Asian (South)/women/id02619/00015_id00043_wavtolip.mp4
id00373,id00823,-,wav2lip,C,FakeVideo-RealAudio,Caucasian (European),women,00028_id00823_wavtolip.mp4,FakeAVCeleb/FakeVideo-RealAudio/Caucasian (European)/women/id00373,FakeAVCeleb_v1.2/FakeVideo-RealAudio/Caucasian (European)/women/id00373/00028_id00823_wavtolip.mp4,../data/raw/FakeAVCeleb_v1.2/FakeVideo-RealAudio/Caucasian (European)/women/id00373/00028_id00823_wavtolip.mp4
id01051,id00535,-,wav2lip,C,FakeVideo-RealAudio,Caucasian (European),men,00322_id00535_wavtolip.mp4,FakeAVCeleb/FakeVideo-RealAudio/Caucasian (European)/men/id01051,FakeAVCeleb_v1.2/FakeVideo-RealAudio/Caucasian (European)/men/id01051/00322_id00535_wavtolip.mp4,../data/raw/FakeAVCeleb_v1.2/FakeVideo-RealAudio/Caucasian (European)/men/id01051/00322_id00535_wavtolip.mp4
id09125,id00137,-,wav2lip,C,FakeVideo-RealAudio,Asian (East),women,00098_id00137_wavtolip.mp4,FakeAVCeleb/FakeVideo-RealAudio/Asian (East)/women/id09125,FakeAVCeleb_v1.2/FakeVideo-RealAudio/Asian (East)/women/id09125/00098_id00137_wavtolip.mp4,../data/raw/FakeAVCeleb_v1.2/FakeVideo-RealAudio/Asian (East)/women/id09125/00098_id00137_wavtolip.mp4
id03678,id00775,-,wav2lip,C,FakeVideo-RealAudio,Caucasian (American),men,00078_id00775_wavtolip.mp4,FakeAVCeleb/FakeVideo-RealAudio/Caucasian (American)/men/id03678,FakeAVCeleb_v1.2/FakeVideo-RealAudio/Caucasian (American)/men/id03678/00078_id00775_wavtolip.mp4,../data/raw/FakeAVCeleb_v1.2/FakeVideo-RealAudio/Caucasian (American)/men/id03678/00078_id00775_wavtolip.mp4
id00579,id04057,-,wav2lip,C,FakeVideo-RealAudio,Asian (East),women,00030_id04057_wavtolip.mp4,FakeAVCeleb/FakeVideo-RealAudio/Asian (East)/women/id00579,FakeAVCeleb_v1.2/FakeVideo-RealAudio/Asian (East)/women/id00579/00030_id04057_wavtolip.mp4,../data/raw/FakeAVCeleb_v1.2/FakeVideo-RealAudio/Asian (East)/women/id00579/00030_id04057_wavtolip.mp4
id00999,id00946,-,wav2lip,C,FakeVideo-RealAudio,Caucasian (European),men,00028_id00946_wavtolip.mp4,FakeAVCeleb/FakeVideo-RealAudio/Caucasian (European)/men/id00999,FakeAVCeleb_v1.2/FakeVideo-RealAudio/Caucasian (European)/men/id00999/00028_id00946_wavtolip.mp4,../data/raw/FakeAVCeleb_v1.2/FakeVideo-RealAudio/Caucasian (European)/men/id00999/00028_id00946_wavtolip.mp4
id00149,id07686,-,wav2lip,C,FakeVideo-RealAudio,Asian (South),women,00284_id07686_wavtolip.mp4,FakeAVCeleb/FakeVideo-RealAudio/Asian (South)/women/id00149,FakeAVCeleb_v1.2/FakeVideo-RealAudio/Asian (South)/women/id00149/00284_id07686_wavtolip.mp4,../data/raw/FakeAVCeleb_v1.2/FakeVideo-RealAudio/Asian (South)/women/id00149/00284_id07686_wavtolip.mp4
id00398,id03696,-,wav2lip,C,FakeVideo-RealAudio,Caucasian (American),women,00016_id03696_wavtolip.mp4,FakeAVCeleb/FakeVideo-RealAudio/Caucasian (American)/women/id00398,FakeAVCeleb_v1.2/FakeVideo-RealAudio/Caucasian (American)/women/id00398/00016_id03696_wavtolip.mp4,../data/raw/FakeAVCeleb_v1.2/FakeVideo-RealAudio/Caucasian (American)/women/id00398/00016_id03696_wavtolip.mp4
id02365,id01212,-,fsgan,C,FakeVideo-RealAudio,Asian (East),men,00028_id01212_ZuKSE0WIlpM.mp4,FakeAVCeleb/FakeVideo-RealAudio/Asian (East)/men/id02365,FakeAVCeleb_v1.2/FakeVideo-RealAudio/Asian (East)/men/id02365/00028_id01212_ZuKSE0WIlpM.mp4,../data/raw/FakeAVCeleb_v1.2/FakeVideo-RealAudio/Asian (East)/men/id02365/00028_id01212_ZuKSE0WIlpM.mp4
id00568,id05251,-,wav2lip,C,FakeVideo-RealAudio,African,women,00384_id05251_wavtolip.mp4,FakeAVCeleb/FakeVideo-RealAudio/African/women/id00568,FakeAVCeleb_v1.2/FakeVideo-RealAudio/African/women/id00568/00384_id05251_wavtolip.mp4,../data/raw/FakeAVCeleb_v1.2/FakeVideo-RealAudio/African/women/id00568/00384_id05251_wavtolip.mp4
id00835,id00458,-,wav2lip,C,FakeVideo-RealAudio,Caucasian (American),women,00195_id00458_wavtolip.mp4,FakeAVCeleb/FakeVideo-RealAudio/Caucasian (American)/women/id00835,FakeAVCeleb_v1.2/FakeVideo-RealAudio/Caucasian (American)/women/id00835/00195_id00458_wavtolip.mp4,../data/raw/FakeAVCeleb_v1.2/FakeVideo-RealAudio/Caucasian (American)/women/id00835/00195_id00458_wavtolip.mp4
id00554,id00548,-,wav2lip,C,FakeVideo-RealAudio,Caucasian (European),men,00028_id00548_wavtolip.mp4,FakeAVCeleb/FakeVideo-RealAudio/Caucasian (European)/men/id00554,FakeAVCeleb_v1.2/FakeVideo-RealAudio/Caucasian (European)/men/id00554/00028_id00548_wavtolip.mp4,../data/raw/FakeAVCeleb_v1.2/FakeVideo-RealAudio/Caucasian (European)/men/id00554/00028_id00548_wavtolip.mp4
id03620,id00328,-,wav2lip,C,FakeVideo-RealAudio,Caucasian (European),women,00081_id00328_wavtolip.mp4,FakeAVCeleb/FakeVideo-RealAudio/Caucasian (European)/women/id03620,FakeAVCeleb_v1.2/FakeVideo-RealAudio/Caucasian (European)/women/id03620/00081_id00328_wavtolip.mp4,../data/raw/FakeAVCeleb_v1.2/FakeVideo-RealAudio/Caucasian (European)/women/id03620/00081_id00328_wavtolip.mp4
id05931,id02089,-,wav2lip,C,FakeVideo-RealAudio,Asian (South),women,00013_id02089_wavtolip.mp4,FakeAVCeleb/FakeVideo-RealAudio/Asian (South)/women/id05931,FakeAVCeleb_v1.2/FakeVideo-RealAudio/Asian (South)/women/id05931/00013_id02089_wavtolip.mp4,../data/raw/FakeAVCeleb_v1.2/FakeVideo-RealAudio/Asian (South)/women/id05931/00013_id02089_wavtolip.mp4
id00897,id00332,-,fsgan,C,FakeVideo-RealAudio,Caucasian (European),women,00005_id00332__zNddcZV1EU.mp4,FakeAVCeleb/FakeVideo-RealAudio/Caucasian (European)/women/id00897,FakeAVCeleb_v1.2/FakeVideo-RealAudio/Caucasian (European)/women/id00897/00005_id00332__zNddcZV1EU.mp4,../data/raw/FakeAVCeleb_v1.2/FakeVideo-RealAudio/Caucasian (European)/women/id00897/00005_id00332__zNddcZV1EU.mp4
id04540,id02586,-,fsgan,C,FakeVideo-RealAudio,African,women,00078_id02586_dEYzYDsbAeo.mp4,FakeAVCeleb/FakeVideo-RealAudio/African/women/id04540,FakeAVCeleb_v1.2/FakeVideo-RealAudio/African/women/id04540/00078_id02586_dEYzYDsbAeo.mp4,../data/raw/FakeAVCeleb_v1.2/FakeVideo-RealAudio/African/women/id04540/00078_id02586_dEYzYDsbAeo.mp4
id08397,id04701,-,fsgan,C,FakeVideo-RealAudio,Asian (East),women,00167_id04701_7mnc8w6jRlM.mp4,FakeAVCeleb/FakeVideo-RealAudio/Asian (East)/women/id08397,FakeAVCeleb_v1.2/FakeVideo-RealAudio/Asian (East)/women/id08397/00167_id04701_7mnc8w6jRlM.mp4,../data/raw/FakeAVCeleb_v1.2/FakeVideo-RealAudio/Asian (East)/women/id08397/00167_id04701_7mnc8w6jRlM.mp4
id04927,id00417,-,fsgan,C,FakeVideo-RealAudio,Asian (South),women,00013_id00417_GhIZam3v09g.mp4,FakeAVCeleb/FakeVideo-RealAudio/Asian (South)/women/id04927,FakeAVCeleb_v1.2/FakeVideo-RealAudio/Asian (South)/women/id04927/00013_id00417_GhIZam3v09g.mp4,../data/raw/FakeAVCeleb_v1.2/FakeVideo-RealAudio/Asian (South)/women/id04927/00013_id00417_GhIZam3v09g.mp4
id03707,id00835,-,fsgan,C,FakeVideo-RealAudio,Caucasian (American),women,00055_id00835_zWTp4szbb5k.mp4,FakeAVCeleb/FakeVideo-RealAudio/Caucasian (American)/women/id03707,FakeAVCeleb_v1.2/FakeVideo-RealAudio/Caucasian (American)/women/id03707/00055_id00835_zWTp4szbb5k.mp4,../data/raw/FakeAVCeleb_v1.2/FakeVideo-RealAudio/Caucasian (American)/women/id03707/00055_id00835_zWTp4szbb5k.mp4
id00594,id00185,-,faceswap,C,FakeVideo-RealAudio,Caucasian (European),men,00005_id00185_1lsGWpwnl1M_faceswap.mp4,FakeAVCeleb/FakeVideo-RealAudio/Caucasian (European)/men/id00594,FakeAVCeleb_v1.2/FakeVideo-RealAudio/Caucasian (European)/men/id00594/00005_id00185_1lsGWpwnl1M_faceswap.mp4,../data/raw/FakeAVCeleb_v1.2/FakeVideo-RealAudio/Caucasian (European)/men/id00594/00005_id00185_1lsGWpwnl1M_faceswap.mp4
id00830,id01236,-,wav2lip,C,FakeVideo-RealAudio,African,men,00143_id01236_wavtolip.mp4,FakeAVCeleb/FakeVideo-RealAudio/African/men/id00830,FakeAVCeleb_v1.2/FakeVideo-RealAudio/African/men/id00830/00143_id01236_wavtolip.mp4,../data/raw/FakeAVCeleb_v1.2/FakeVideo-RealAudio/African/men/id00830/00143_id01236_wavtolip.mp4
id00430,id04414,-,fsgan,C,FakeVideo-RealAudio,Asian (East),women,00209_id04414_0sJN-9GIO-M.mp4,FakeAVCeleb/FakeVideo-RealAudio/Asian (East)/women/id00430,FakeAVCeleb_v1.2/FakeVideo-RealAudio/Asian (East)/women/id00430/00209_id04414_0sJN-9GIO-M.mp4,../data/raw/FakeAVCeleb_v1.2/FakeVideo-RealAudio/Asian (East)/women/id00430/00209_id04414_0sJN-9GIO-M.mp4
id00381,id00462,-,fsgan,C,FakeVideo-RealAudio,Caucasian (American),women,00030_id00462_EMnGfAq9gg4.mp4,FakeAVCeleb/FakeVideo-RealAudio/Caucasian (American)/women/id00381,FakeAVCeleb_v1.2/FakeVideo-RealAudio/Caucasian (American)/women/id00381/00030_id00462_EMnGfAq9gg4.mp4,../data/raw/FakeAVCeleb_v1.2/FakeVideo-RealAudio/Caucasian (American)/women/id00381/00030_id00462_EMnGfAq9gg4.mp4
id04599,id00816,-,wav2lip,C,FakeVideo-RealAudio,Asian (South),men,00111_id00816_wavtolip.mp4,FakeAVCeleb/FakeVideo-RealAudio/Asian (South)/men/id04599,FakeAVCeleb_v1.2/FakeVideo-RealAudio/Asian (South)/men/id04599/00111_id00816_wavtolip.mp4,../data/raw/FakeAVCeleb_v1.2/FakeVideo-RealAudio/Asian (South)/men/id04599/00111_id00816_wavtolip.mp4
id00358,id00185,-,wav2lip,C,FakeVideo-RealAudio,Caucasian (European),men,00217_id00185_wavtolip.mp4,FakeAVCeleb/FakeVideo-RealAudio/Caucasian (European)/men/id00358,FakeAVCeleb_v1.2/FakeVideo-RealAudio/Caucasian (European)/men/id00358/00217_id00185_wavtolip.mp4,../data/raw/FakeAVCeleb_v1.2/FakeVideo-RealAudio/Caucasian (European)/men/id00358/00217_id00185_wavtolip.mp4
id01231,id00272,-,fsgan,C,FakeVideo-RealAudio,Caucasian (American),women,00015_id00272_VLY1boTtbRM.mp4,FakeAVCeleb/FakeVideo-RealAudio/Caucasian (American)/women/id01231,FakeAVCeleb_v1.2/FakeVideo-RealAudio/Caucasian (American)/women/id01231/00015_id00272_VLY1boTtbRM.mp4,../data/raw/FakeAVCeleb_v1.2/FakeVideo-RealAudio/Caucasian (American)/women/id01231/00015_id00272_VLY1boTtbRM.mp4
id00330,id03371,-,fsgan,C,FakeVideo-RealAudio,Caucasian (European),women,00118_id03371_truKMXt8Dak.mp4,FakeAVCeleb/FakeVideo-RealAudio/Caucasian (European)/women/id00330,FakeAVCeleb_v1.2/FakeVideo-RealAudio/Caucasian (European)/women/id00330/00118_id03371_truKMXt8Dak.mp4,../data/raw/FakeAVCeleb_v1.2/FakeVideo-RealAudio/Caucasian (European)/women/id00330/00118_id03371_truKMXt8Dak.mp4
id04560,id00032,-,wav2lip,C,FakeVideo-RealAudio,Asian (South),men,00195_id00032_wavtolip.mp4,FakeAVCeleb/FakeVideo-RealAudio/Asian (South)/men/id04560,FakeAVCeleb_v1.2/FakeVideo-RealAudio/Asian (South)/men/id04560/00195_id00032_wavtolip.mp4,../data/raw/FakeAVCeleb_v1.2/FakeVideo-RealAudio/Asian (South)/men/id04560/00195_id00032_wavtolip.mp4
id02464,id01005,-,fsgan,C,FakeVideo-RealAudio,Caucasian (American),women,00002_id01005_lJZrqhcRFSA.mp4,FakeAVCeleb/FakeVideo-RealAudio/Caucasian (American)/women/id02464,FakeAVCeleb_v1.2/FakeVideo-RealAudio/Caucasian (American)/women/id02464/00002_id01005_lJZrqhcRFSA.mp4,../data/raw/FakeAVCeleb_v1.2/FakeVideo-RealAudio/Caucasian (American)/women/id02464/00002_id01005_lJZrqhcRFSA.mp4
id04537,id00860,-,fsgan,C,FakeVideo-RealAudio,Asian (South),men,00083_id00860_RGYyzn7hiCo.mp4,FakeAVCeleb/FakeVideo-RealAudio/Asian (South)/men/id04537,FakeAVCeleb_v1.2/FakeVideo-RealAudio/Asian (South)/men/id04537/00083_id00860_RGYyzn7hiCo.mp4,../data/raw/FakeAVCeleb_v1.2/FakeVideo-RealAudio/Asian (South)/men/id04537/00083_id00860_RGYyzn7hiCo.mp4
id00577,id03103,-,fsgan,C,FakeVideo-RealAudio,African,women,00010_id03103_wiCYm3THQPw.mp4,FakeAVCeleb/FakeVideo-RealAudio/African/women/id00577,FakeAVCeleb_v1.2/FakeVideo-RealAudio/African/women/id00577/00010_id03103_wiCYm3THQPw.mp4,../data/raw/FakeAVCeleb_v1.2/FakeVideo-RealAudio/African/women/id00577/00010_id03103_wiCYm3THQPw.mp4
id01098,id00171,-,fsgan,C,FakeVideo-RealAudio,Caucasian (European),men,00044_id00171_PWU6n0qrv4c.mp4,FakeAVCeleb/FakeVideo-RealAudio/Caucasian (European)/men/id01098,FakeAVCeleb_v1.2/FakeVideo-RealAudio/Caucasian (European)/men/id01098/00044_id00171_PWU6n0qrv4c.mp4,../data/raw/FakeAVCeleb_v1.2/FakeVideo-RealAudio/Caucasian (European)/men/id01098/00044_id00171_PWU6n0qrv4c.mp4
id00068,id00234,-,wav2lip,C,FakeVideo-RealAudio,Caucasian (European),women,00004_id00234_wavtolip.mp4,FakeAVCeleb/FakeVideo-RealAudio/Caucasian (European)/women/id00068,FakeAVCeleb_v1.2/FakeVideo-RealAudio/Caucasian (European)/women/id00068/00004_id00234_wavtolip.mp4,../data/raw/FakeAVCeleb_v1.2/FakeVideo-RealAudio/Caucasian (European)/women/id00068/00004_id00234_wavtolip.mp4
id00987,id02268,-,wav2lip,C,FakeVideo-RealAudio,African,men,00160_id02268_wavtolip.mp4,FakeAVCeleb/FakeVideo-RealAudio/African/men/id00987,FakeAVCeleb_v1.2/FakeVideo-RealAudio/African/men/id00987/00160_id02268_wavtolip.mp4,../data/raw/FakeAVCeleb_v1.2/FakeVideo-RealAudio/African/men/id00987/00160_id02268_wavtolip.mp4
id00330,id00374,-,fsgan,C,FakeVideo-RealAudio,Caucasian (European),women,00118_id00374_w1qI7y9AGTc.mp4,FakeAVCeleb/FakeVideo-RealAudio/Caucasian (European)/women/id00330,FakeAVCeleb_v1.2/FakeVideo-RealAudio/Caucasian (European)/women/id00330/00118_id00374_w1qI7y9AGTc.mp4,../data/raw/FakeAVCeleb_v1.2/FakeVideo-RealAudio/Caucasian (European)/women/id00330/00118_id00374_w1qI7y9AGTc.mp4
id00735,id03649,-,wav2lip,C,FakeVideo-RealAudio,Caucasian (European),women,00037_id03649_wavtolip.mp4,FakeAVCeleb/FakeVideo-RealAudio/Caucasian (European)/women/id00735,FakeAVCeleb_v1.2/FakeVideo-RealAudio/Caucasian (European)/women/id00735/00037_id03649_wavtolip.mp4,../data/raw/FakeAVCeleb_v1.2/FakeVideo-RealAudio/Caucasian (European)/women/id00735/00037_id03649_wavtolip.mp4
id01204,id04111,-,wav2lip,C,FakeVideo-RealAudio,Asian (East),men,00092_id04111_wavtolip.mp4,FakeAVCeleb/FakeVideo-RealAudio/Asian (East)/men/id01204,FakeAVCeleb_v1.2/FakeVideo-RealAudio/Asian (East)/men/id01204/00092_id04111_wavtolip.mp4,../data/raw/FakeAVCeleb_v1.2/FakeVideo-RealAudio/Asian (East)/men/id01204/00092_id04111_wavtolip.mp4
id00033,id04599,-,wav2lip,C,FakeVideo-RealAudio,Asian (South),men,00276_id04599_wavtolip.mp4,FakeAVCeleb/FakeVideo-RealAudio/Asian (South)/men/id00033,FakeAVCeleb_v1.2/FakeVideo-RealAudio/Asian (South)/men/id00033/00276_id04599_wavtolip.mp4,../data/raw/FakeAVCeleb_v1.2/FakeVideo-RealAudio/Asian (South)/men/id00033/00276_id04599_wavtolip.mp4
id00056,id07102,-,faceswap,C,FakeVideo-RealAudio,Asian (East),men,00028_id07102_4gKPlwvjpsI_faceswap.mp4,FakeAVCeleb/FakeVideo-RealAudio/Asian (East)/men/id00056,FakeAVCeleb_v1.2/FakeVideo-RealAudio/Asian (East)/men/id00056/00028_id07102_4gKPlwvjpsI_faceswap.mp4,../data/raw/FakeAVCeleb_v1.2/FakeVideo-RealAudio/Asian (East)/men/id00056/00028_id07102_4gKPlwvjpsI_faceswap.mp4
id00773,id07200,-,wav2lip,C,FakeVideo-RealAudio,Asian (South),men,00038_id07200_wavtolip.mp4,FakeAVCeleb/FakeVideo-RealAudio/Asian (South)/men/id00773,FakeAVCeleb_v1.2/FakeVideo-RealAudio/Asian (South)/men/id00773/00038_id07200_wavtolip.mp4,../data/raw/FakeAVCeleb_v1.2/FakeVideo-RealAudio/Asian (South)/men/id00773/00038_id07200_wavtolip.mp4
id05845,id02619,-,fsgan,C,FakeVideo-RealAudio,Asian (South),women,00027_id02619_6AKIR2gTCNU.mp4,FakeAVCeleb/FakeVideo-RealAudio/Asian (South)/women/id05845,FakeAVCeleb_v1.2/FakeVideo-RealAudio/Asian (South)/women/id05845/00027_id02619_6AKIR2gTCNU.mp4,../data/raw/FakeAVCeleb_v1.2/FakeVideo-RealAudio/Asian (South)/women/id05845/00027_id02619_6AKIR2gTCNU.mp4
id01783,id02808,-,wav2lip,C,FakeVideo-RealAudio,African,women,00015_id02808_wavtolip.mp4,FakeAVCeleb/FakeVideo-RealAudio/African/women/id01783,FakeAVCeleb_v1.2/FakeVideo-RealAudio/African/women/id01783/00015_id02808_wavtolip.mp4,../data/raw/FakeAVCeleb_v1.2/FakeVideo-RealAudio/African/women/id01783/00015_id02808_wavtolip.mp4
id01051,id00358,-,fsgan,C,FakeVideo-RealAudio,Caucasian (European),men,00322_id00358_vsVwGKy79kM.mp4,FakeAVCeleb/FakeVideo-RealAudio/Caucasian (European)/men/id01051,FakeAVCeleb_v1.2/FakeVideo-RealAudio/Caucasian (European)/men/id01051/00322_id00358_vsVwGKy79kM.mp4,../data/raw/FakeAVCeleb_v1.2/FakeVideo-RealAudio/Caucasian (European)/men/id01051/00322_id00358_vsVwGKy79kM.mp4
id00431,id02464,-,fsgan,C,FakeVideo-RealAudio,Caucasian (American),women,00039_id02464_1hxJsZYV7mI.mp4,FakeAVCeleb/FakeVideo-RealAudio/Caucasian (American)/women/id00431,FakeAVCeleb_v1.2/FakeVideo-RealAudio/Caucasian (American)/women/id00431/00039_id02464_1hxJsZYV7mI.mp4,../data/raw/FakeAVCeleb_v1.2/FakeVideo-RealAudio/Caucasian (American)/women/id00431/00039_id02464_1hxJsZYV7mI.mp4
id01192,id00529,-,wav2lip,C,FakeVideo-RealAudio,Caucasian (American),men,00217_id00529_wavtolip.mp4,FakeAVCeleb/FakeVideo-RealAudio/Caucasian (American)/men/id01192,FakeAVCeleb_v1.2/FakeVideo-RealAudio/Caucasian (American)/men/id01192/00217_id00529_wavtolip.mp4,../data/raw/FakeAVCeleb_v1.2/FakeVideo-RealAudio/Caucasian (American)/men/id01192/00217_id00529_wavtolip.mp4
id00186,id00909,-,wav2lip,C,FakeVideo-RealAudio,Caucasian (European),men,00120_id00909_wavtolip.mp4,FakeAVCeleb/FakeVideo-RealAudio/Caucasian (European)/men/id00186,FakeAVCeleb_v1.2/FakeVideo-RealAudio/Caucasian (European)/men/id00186/00120_id00909_wavtolip.mp4,../data/raw/FakeAVCeleb_v1.2/FakeVideo-RealAudio/Caucasian (European)/men/id00186/00120_id00909_wavtolip.mp4
id01099,id00919,-,faceswap,C,FakeVideo-RealAudio,Caucasian (European),men,00206_id00919_XDUn0Pskyrk_faceswap.mp4,FakeAVCeleb/FakeVideo-RealAudio/Caucasian (European)/men/id01099,FakeAVCeleb_v1.2/FakeVideo-RealAudio/Caucasian (European)/men/id01099/00206_id00919_XDUn0Pskyrk_faceswap.mp4,../data/raw/FakeAVCeleb_v1.2/FakeVideo-RealAudio/Caucasian (European)/men/id01099/00206_id00919_XDUn0Pskyrk_faceswap.mp4
id01042,id01192,-,fsgan,C,FakeVideo-RealAudio,Caucasian (American),men,00154_id01192_kAht8HG7-1s.mp4,FakeAVCeleb/FakeVideo-RealAudio/Caucasian (American)/men/id01042,FakeAVCeleb_v1.2/FakeVideo-RealAudio/Caucasian (American)/men/id01042/00154_id01192_kAht8HG7-1s.mp4,../data/raw/FakeAVCeleb_v1.2/FakeVideo-RealAudio/Caucasian (American)/men/id01042/00154_id01192_kAht8HG7-1s.mp4
id00225,id00358,-,fsgan,C,FakeVideo-RealAudio,Caucasian (European),men,00078_id00358_vsVwGKy79kM.mp4,FakeAVCeleb/FakeVideo-RealAudio/Caucasian (European)/men/id00225,FakeAVCeleb_v1.2/FakeVideo-RealAudio/Caucasian (European)/men/id00225/00078_id00358_vsVwGKy79kM.mp4,../data/raw/FakeAVCeleb_v1.2/FakeVideo-RealAudio/Caucasian (European)/men/id00225/00078_id00358_vsVwGKy79kM.mp4
id01179,id01179,-,wav2lip,C,FakeVideo-RealAudio,African,men,00160_id01179_wavtolip.mp4,FakeAVCeleb/FakeVideo-RealAudio/African/men/id01179,FakeAVCeleb_v1.2/FakeVideo-RealAudio/African/men/id01179/00160_id01179_wavtolip.mp4,../data/raw/FakeAVCeleb_v1.2/FakeVideo-RealAudio/African/men/id01179/00160_id01179_wavtolip.mp4
id00103,id00350,-,fsgan,C,FakeVideo-RealAudio,Asian (South),men,00241_id00350_75IFJNFAMIM.mp4,FakeAVCeleb/FakeVideo-RealAudio/Asian (South)/men/id00103,FakeAVCeleb_v1.2/FakeVideo-RealAudio/Asian (South)/men/id00103/00241_id00350_75IFJNFAMIM.mp4,../data/raw/FakeAVCeleb_v1.2/FakeVideo-RealAudio/Asian (South)/men/id00103/00241_id00350_75IFJNFAMIM.mp4
id00033,1.mp4,-,faceswap,C,FakeVideo-RealAudio,Asian (South),men,00276_1.mp4,FakeAVCeleb/FakeVideo-RealAudio/Asian (South)/men/id00033,FakeAVCeleb_v1.2/FakeVideo-RealAudio/Asian (South)/men/id00033/00276_1.mp4,../data/raw/FakeAVCeleb_v1.2/FakeVideo-RealAudio/Asian (South)/men/id00033/00276_1.mp4
id00484,id00068,-,fsgan,C,FakeVideo-RealAudio,Caucasian (European),women,00202_id00068_A7uFnQw--bY.mp4,FakeAVCeleb/FakeVideo-RealAudio/Caucasian (European)/women/id00484,FakeAVCeleb_v1.2/FakeVideo-RealAudio/Caucasian (European)/women/id00484/00202_id00068_A7uFnQw--bY.mp4,../data/raw/FakeAVCeleb_v1.2/FakeVideo-RealAudio/Caucasian (European)/women/id00484/00202_id00068_A7uFnQw--bY.mp4
id00306,id01156,-,fsgan,C,FakeVideo-RealAudio,Caucasian (European),men,00015_id01156_RT99eogJo4k.mp4,FakeAVCeleb/FakeVideo-RealAudio/Caucasian (European)/men/id00306,FakeAVCeleb_v1.2/FakeVideo-RealAudio/Caucasian (European)/men/id00306/00015_id01156_RT99eogJo4k.mp4,../data/raw/FakeAVCeleb_v1.2/FakeVideo-RealAudio/Caucasian (European)/men/id00306/00015_id01156_RT99eogJo4k.mp4
id00385,id00231,-,wav2lip,C,FakeVideo-RealAudio,Caucasian (American),women,00439_id00231_wavtolip.mp4,FakeAVCeleb/FakeVideo-RealAudio/Caucasian (American)/women/id00385,FakeAVCeleb_v1.2/FakeVideo-RealAudio/Caucasian (American)/women/id00385/00439_id00231_wavtolip.mp4,../data/raw/FakeAVCeleb_v1.2/FakeVideo-RealAudio/Caucasian (American)/women/id00385/00439_id00231_wavtolip.mp4
id00366,id00173,-,wav2lip,C,FakeVideo-RealAudio,African,men,00118_id00173_wavtolip.mp4,FakeAVCeleb/FakeVideo-RealAudio/African/men/id00366,FakeAVCeleb_v1.2/FakeVideo-RealAudio/African/men/id00366/00118_id00173_wavtolip.mp4,../data/raw/FakeAVCeleb_v1.2/FakeVideo-RealAudio/African/men/id00366/00118_id00173_wavtolip.mp4
id02301,id04689,-,fsgan,C,FakeVideo-RealAudio,African,women,00092_id04689_0YqK1ksKjLg.mp4,FakeAVCeleb/FakeVideo-RealAudio/African/women/id02301,FakeAVCeleb_v1.2/FakeVideo-RealAudio/African/women/id02301/00092_id04689_0YqK1ksKjLg.mp4,../data/raw/FakeAVCeleb_v1.2/FakeVideo-RealAudio/African/women/id02301/00092_id04689_0YqK1ksKjLg.mp4
id01091,id00180,-,fsgan,C,FakeVideo-RealAudio,Caucasian (American),women,00236_id00180_lkeAa8Od_tg.mp4,FakeAVCeleb/FakeVideo-RealAudio/Caucasian (American)/women/id01091,FakeAVCeleb_v1.2/FakeVideo-RealAudio/Caucasian (American)/women/id01091/00236_id00180_lkeAa8Od_tg.mp4,../data/raw/FakeAVCeleb_v1.2/FakeVideo-RealAudio/Caucasian (American)/women/id01091/00236_id00180_lkeAa8Od_tg.mp4
id00366,id01637,-,fsgan,C,FakeVideo-RealAudio,African,men,00118_id01637_5VjcPZm8knM.mp4,FakeAVCeleb/FakeVideo-RealAudio/African/men/id00366,FakeAVCeleb_v1.2/FakeVideo-RealAudio/African/men/id00366/00118_id01637_5VjcPZm8knM.mp4,../data/raw/FakeAVCeleb_v1.2/FakeVideo-RealAudio/African/men/id00366/00118_id01637_5VjcPZm8knM.mp4
id00169,id00184,-,wav2lip,C,FakeVideo-RealAudio,Caucasian (American),men,00021_id00184_wavtolip.mp4,FakeAVCeleb/FakeVideo-RealAudio/Caucasian (American)/men/id00169,FakeAVCeleb_v1.2/FakeVideo-RealAudio/Caucasian (American)/men/id00169/00021_id00184_wavtolip.mp4,../data/raw/FakeAVCeleb_v1.2/FakeVideo-RealAudio/Caucasian (American)/men/id00169/00021_id00184_wavtolip.mp4
id01102,id01051,-,fsgan,C,FakeVideo-RealAudio,Caucasian (European),men,00197_id01051_jPxk6s6FM6Y.mp4,FakeAVCeleb/FakeVideo-RealAudio/Caucasian (European)/men/id01102,FakeAVCeleb_v1.2/FakeVideo-RealAudio/Caucasian (European)/men/id01102/00197_id01051_jPxk6s6FM6Y.mp4,../data/raw/FakeAVCeleb_v1.2/FakeVideo-RealAudio/Caucasian (European)/men/id01102/00197_id01051_jPxk6s6FM6Y.mp4
id00773,id07194,-,wav2lip,C,FakeVideo-RealAudio,Asian (South),men,00038_id07194_wavtolip.mp4,FakeAVCeleb/FakeVideo-RealAudio/Asian (South)/men/id00773,FakeAVCeleb_v1.2/FakeVideo-RealAudio/Asian (South)/men/id00773/00038_id07194_wavtolip.mp4,../data/raw/FakeAVCeleb_v1.2/FakeVideo-RealAudio/Asian (South)/men/id00773/00038_id07194_wavtolip.mp4
id03569,id04689,-,wav2lip,C,FakeVideo-RealAudio,African,women,00065_id04689_wavtolip.mp4,FakeAVCeleb/FakeVideo-RealAudio/African/women/id03569,FakeAVCeleb_v1.2/FakeVideo-RealAudio/African/women/id03569/00065_id04689_wavtolip.mp4,../data/raw/FakeAVCeleb_v1.2/FakeVideo-RealAudio/African/women/id03569/00065_id04689_wavtolip.mp4
id05980,id02301,-,wav2lip,C,FakeVideo-RealAudio,African,women,00143_id02301_wavtolip.mp4,FakeAVCeleb/FakeVideo-RealAudio/African/women/id05980,FakeAVCeleb_v1.2/FakeVideo-RealAudio/African/women/id05980/00143_id02301_wavtolip.mp4,../data/raw/FakeAVCeleb_v1.2/FakeVideo-RealAudio/African/women/id05980/00143_id02301_wavtolip.mp4
id00575,id01231,-,fsgan,C,FakeVideo-RealAudio,Caucasian (American),women,00092_id01231_XXpYdOHUF-g.mp4,FakeAVCeleb/FakeVideo-RealAudio/Caucasian (American)/women/id00575,FakeAVCeleb_v1.2/FakeVideo-RealAudio/Caucasian (American)/women/id00575/00092_id01231_XXpYdOHUF-g.mp4,../data/raw/FakeAVCeleb_v1.2/FakeVideo-RealAudio/Caucasian (American)/women/id00575/00092_id01231_XXpYdOHUF-g.mp4
id00581,id03371,-,fsgan,C,FakeVideo-RealAudio,Caucasian (European),women,00010_id03371_truKMXt8Dak.mp4,FakeAVCeleb/FakeVideo-RealAudio/Caucasian (European)/women/id00581,FakeAVCeleb_v1.2/FakeVideo-RealAudio/Caucasian (European)/women/id00581/00010_id03371_truKMXt8Dak.mp4,../data/raw/FakeAVCeleb_v1.2/FakeVideo-RealAudio/Caucasian (European)/women/id00581/00010_id03371_truKMXt8Dak.mp4
id00560,id05268,-,wav2lip,C,FakeVideo-RealAudio,Asian (East),men,00041_id05268_wavtolip.mp4,FakeAVCeleb/FakeVideo-RealAudio/Asian (East)/men/id00560,FakeAVCeleb_v1.2/FakeVideo-RealAudio/Asian (East)/men/id00560/00041_id05268_wavtolip.mp4,../data/raw/FakeAVCeleb_v1.2/FakeVideo-RealAudio/Asian (East)/men/id00560/00041_id05268_wavtolip.mp4
id01044,id04216,-,fsgan,C,FakeVideo-RealAudio,Caucasian (American),men,00336_id04216_uDwxIsHkBIM.mp4,FakeAVCeleb/FakeVideo-RealAudio/Caucasian (American)/men/id01044,FakeAVCeleb_v1.2/FakeVideo-RealAudio/Caucasian (American)/men/id01044/00336_id04216_uDwxIsHkBIM.mp4,../data/raw/FakeAVCeleb_v1.2/FakeVideo-RealAudio/Caucasian (American)/men/id01044/00336_id04216_uDwxIsHkBIM.mp4
id00025,id00098,-,wav2lip,C,FakeVideo-RealAudio,Caucasian (American),women,00025_id00098_wavtolip.mp4,FakeAVCeleb/FakeVideo-RealAudio/Caucasian (American)/women/id00025,FakeAVCeleb_v1.2/FakeVideo-RealAudio/Caucasian (American)/women/id00025/00025_id00098_wavtolip.mp4,../data/raw/FakeAVCeleb_v1.2/FakeVideo-RealAudio/Caucasian (American)/women/id00025/00025_id00098_wavtolip.mp4
id00579,id06060,-,wav2lip,C,FakeVideo-RealAudio,Asian (East),women,00030_id06060_wavtolip.mp4,FakeAVCeleb/FakeVideo-RealAudio/Asian (East)/women/id00579,FakeAVCeleb_v1.2/FakeVideo-RealAudio/Asian (East)/women/id00579/00030_id06060_wavtolip.mp4,../data/raw/FakeAVCeleb_v1.2/FakeVideo-RealAudio/Asian (East)/women/id00579/00030_id06060_wavtolip.mp4
id04547,id04374,-,fsgan,C,FakeVideo-RealAudio,African,women,00052_id04374_SWltOOZmlWM.mp4,FakeAVCeleb/FakeVideo-RealAudio/African/women/id04547,FakeAVCeleb_v1.2/FakeVideo-RealAudio/African/women/id04547/00052_id04374_SWltOOZmlWM.mp4,../data/raw/FakeAVCeleb_v1.2/FakeVideo-RealAudio/African/women/id04547/00052_id04374_SWltOOZmlWM.mp4
id00103,id00414,-,wav2lip,C,FakeVideo-RealAudio,Asian (South),men,00241_id00414_wavtolip.mp4,FakeAVCeleb/FakeVideo-RealAudio/Asian (South)/men/id00103,FakeAVCeleb_v1.2/FakeVideo-RealAudio/Asian (South)/men/id00103/00241_id00414_wavtolip.mp4,../data/raw/FakeAVCeleb_v1.2/FakeVideo-RealAudio/Asian (South)/men/id00103/00241_id00414_wavtolip.mp4
id00582,id07739,-,wav2lip,C,FakeVideo-RealAudio,Asian (East),women,00006_id07739_wavtolip.mp4,FakeAVCeleb/FakeVideo-RealAudio/Asian (East)/women/id00582,FakeAVCeleb_v1.2/FakeVideo-RealAudio/Asian (East)/women/id00582/00006_id07739_wavtolip.mp4,../data/raw/FakeAVCeleb_v1.2/FakeVideo-RealAudio/Asian (East)/women/id00582/00006_id07739_wavtolip.mp4
id01179,id02040,-,wav2lip,C,FakeVideo-RealAudio,African,men,00160_id02040_wavtolip.mp4,FakeAVCeleb/FakeVideo-RealAudio/African/men/id01179,FakeAVCeleb_v1.2/FakeVideo-RealAudio/African/men/id01179/00160_id02040_wavtolip.mp4,../data/raw/FakeAVCeleb_v1.2/FakeVideo-RealAudio/African/men/id01179/00160_id02040_wavtolip.mp4
id07163,id04599,-,wav2lip,C,FakeVideo-RealAudio,Asian (South),men,00141_id04599_wavtolip.mp4,FakeAVCeleb/FakeVideo-RealAudio/Asian (South)/men/id07163,FakeAVCeleb_v1.2/FakeVideo-RealAudio/Asian (South)/men/id07163/00141_id04599_wavtolip.mp4,../data/raw/FakeAVCeleb_v1.2/FakeVideo-RealAudio/Asian (South)/men/id07163/00141_id04599_wavtolip.mp4
id02494,id01207,-,wav2lip,C,FakeVideo-RealAudio,African,men,00050_id01207_wavtolip.mp4,FakeAVCeleb/FakeVideo-RealAudio/African/men/id02494,FakeAVCeleb_v1.2/FakeVideo-RealAudio/African/men/id02494/00050_id01207_wavtolip.mp4,../data/raw/FakeAVCeleb_v1.2/FakeVideo-RealAudio/African/men/id02494/00050_id01207_wavtolip.mp4
id02567,id00963,-,wav2lip,C,FakeVideo-RealAudio,Caucasian (European),men,00040_id00963_wavtolip.mp4,FakeAVCeleb/FakeVideo-RealAudio/Caucasian (European)/men/id02567,FakeAVCeleb_v1.2/FakeVideo-RealAudio/Caucasian (European)/men/id02567/00040_id00963_wavtolip.mp4,../data/raw/FakeAVCeleb_v1.2/FakeVideo-RealAudio/Caucasian (European)/men/id02567/00040_id00963_wavtolip.mp4
id00183,id00415,-,fsgan,C,FakeVideo-RealAudio,Caucasian (European),men,00015_id00415_saYfEadFy_s.mp4,FakeAVCeleb/FakeVideo-RealAudio/Caucasian (European)/men/id00183,FakeAVCeleb_v1.2/FakeVideo-RealAudio/Caucasian (European)/men/id00183/00015_id00415_saYfEadFy_s.mp4,../data/raw/FakeAVCeleb_v1.2/FakeVideo-RealAudio/Caucasian (European)/men/id00183/00015_id00415_saYfEadFy_s.mp4
id00518,id00701,-,wav2lip,C,FakeVideo-RealAudio,African,men,00031_id00701_wavtolip.mp4,FakeAVCeleb/FakeVideo-RealAudio/African/men/id00518,FakeAVCeleb_v1.2/FakeVideo-RealAudio/African/men/id00518/00031_id00701_wavtolip.mp4,../data/raw/FakeAVCeleb_v1.2/FakeVideo-RealAudio/African/men/id00518/00031_id00701_wavtolip.mp4
id00707,0.mp4,-,faceswap,C,FakeVideo-RealAudio,African,women,00052_0.mp4,FakeAVCeleb/FakeVideo-RealAudio/African/women/id00707,FakeAVCeleb_v1.2/FakeVideo-RealAudio/African/women/id00707/00052_0.mp4,../data/raw/FakeAVCeleb_v1.2/FakeVideo-RealAudio/African/women/id00707/00052_0.mp4
id00076,id01036,-,fsgan,C,FakeVideo-RealAudio,African,men,00109_id01036_AohKaMtIHxA.mp4,FakeAVCeleb/FakeVideo-RealAudio/African/men/id00076,FakeAVCeleb_v1.2/FakeVideo-RealAudio/African/men/id00076/00109_id01036_AohKaMtIHxA.mp4,../data/raw/FakeAVCeleb_v1.2/FakeVideo-RealAudio/African/men/id00076/00109_id01036_AohKaMtIHxA.mp4
id04554,id00857,-,fsgan,C,FakeVideo-RealAudio,Asian (South),men,00118_id00857_yJ7bbvwL4kU.mp4,FakeAVCeleb/FakeVideo-RealAudio/Asian (South)/men/id04554,FakeAVCeleb_v1.2/FakeVideo-RealAudio/Asian (South)/men/id04554/00118_id00857_yJ7bbvwL4kU.mp4,../data/raw/FakeAVCeleb_v1.2/FakeVideo-RealAudio/Asian (South)/men/id04554/00118_id00857_yJ7bbvwL4kU.mp4
id00187,id01126,-,wav2lip,C,FakeVideo-RealAudio,Caucasian (European),men,00360_id01126_wavtolip.mp4,FakeAVCeleb/FakeVideo-RealAudio/Caucasian (European)/men/id00187,FakeAVCeleb_v1.2/FakeVideo-RealAudio/Caucasian (European)/men/id00187/00360_id01126_wavtolip.mp4,../data/raw/FakeAVCeleb_v1.2/FakeVideo-RealAudio/Caucasian (European)/men/id00187/00360_id01126_wavtolip.mp4
id05106,id04820,-,faceswap,C,FakeVideo-RealAudio,African,women,00078_id04820_64ybrA1atlM_faceswap.mp4,FakeAVCeleb/FakeVideo-RealAudio/African/women/id05106,FakeAVCeleb_v1.2/FakeVideo-RealAudio/African/women/id05106/00078_id04820_64ybrA1atlM_faceswap.mp4,../data/raw/FakeAVCeleb_v1.2/FakeVideo-RealAudio/African/women/id05106/00078_id04820_64ybrA1atlM_faceswap.mp4
id09171,id09181,-,wav2lip,C,FakeVideo-RealAudio,Asian (East),women,00092_id09181_wavtolip.mp4,FakeAVCeleb/FakeVideo-RealAudio/Asian (East)/women/id09171,FakeAVCeleb_v1.2/FakeVideo-RealAudio/Asian (East)/women/id09171/00092_id09181_wavtolip.mp4,../data/raw/FakeAVCeleb_v1.2/FakeVideo-RealAudio/Asian (East)/women/id09171/00092_id09181_wavtolip.mp4
id01102,id01156,-,fsgan,C,FakeVideo-RealAudio,Caucasian (European),men,00197_id01156_RT99eogJo4k.mp4,FakeAVCeleb/FakeVideo-RealAudio/Caucasian (European)/men/id01102,FakeAVCeleb_v1.2/FakeVideo-RealAudio/Caucasian (European)/men/id01102/00197_id01156_RT99eogJo4k.mp4,../data/raw/FakeAVCeleb_v1.2/FakeVideo-RealAudio/Caucasian (European)/men/id01102/00197_id01156_RT99eogJo4k.mp4
id01238,id03556,-,wav2lip,C,FakeVideo-RealAudio,Caucasian (American),women,00037_id03556_wavtolip.mp4,FakeAVCeleb/FakeVideo-RealAudio/Caucasian (American)/women/id01238,FakeAVCeleb_v1.2/FakeVideo-RealAudio/Caucasian (American)/women/id01238/00037_id03556_wavtolip.mp4,../data/raw/FakeAVCeleb_v1.2/FakeVideo-RealAudio/Caucasian (American)/women/id01238/00037_id03556_wavtolip.mp4
id00548,id00055,-,wav2lip,C,FakeVideo-RealAudio,Caucasian (European),men,00015_id00055_wavtolip.mp4,FakeAVCeleb/FakeVideo-RealAudio/Caucasian (European)/men/id00548,FakeAVCeleb_v1.2/FakeVideo-RealAudio/Caucasian (European)/men/id00548/00015_id00055_wavtolip.mp4,../data/raw/FakeAVCeleb_v1.2/FakeVideo-RealAudio/Caucasian (European)/men/id00548/00015_id00055_wavtolip.mp4
id01610,id01179,-,wav2lip,C,FakeVideo-RealAudio,African,men,00090_id01179_wavtolip.mp4,FakeAVCeleb/FakeVideo-RealAudio/African/men/id01610,FakeAVCeleb_v1.2/FakeVideo-RealAudio/African/men/id01610/00090_id01179_wavtolip.mp4,../data/raw/FakeAVCeleb_v1.2/FakeVideo-RealAudio/African/men/id01610/00090_id01179_wavtolip.mp4
id03103,id02808,-,wav2lip,C,FakeVideo-RealAudio,African,women,00130_id02808_wavtolip.mp4,FakeAVCeleb/FakeVideo-RealAudio/African/women/id03103,FakeAVCeleb_v1.2/FakeVideo-RealAudio/African/women/id03103/00130_id02808_wavtolip.mp4,../data/raw/FakeAVCeleb_v1.2/FakeVideo-RealAudio/African/women/id03103/00130_id02808_wavtolip.mp4
id00184,id00264,-,wav2lip,C,FakeVideo-RealAudio,Caucasian (American),men,00241_id00264_wavtolip.mp4,FakeAVCeleb/FakeVideo-RealAudio/Caucasian (American)/men/id00184,FakeAVCeleb_v1.2/FakeVideo-RealAudio/Caucasian (American)/men/id00184/00241_id00264_wavtolip.mp4,../data/raw/FakeAVCeleb_v1.2/FakeVideo-RealAudio/Caucasian (American)/men/id00184/00241_id00264_wavtolip.mp4
id03781,id03605,-,fsgan,C,FakeVideo-RealAudio,Caucasian (American),women,00113_id03605_JGZt9DAhBRs.mp4,FakeAVCeleb/FakeVideo-RealAudio/Caucasian (American)/women/id03781,FakeAVCeleb_v1.2/FakeVideo-RealAudio/Caucasian (American)/women/id03781/00113_id03605_JGZt9DAhBRs.mp4,../data/raw/FakeAVCeleb_v1.2/FakeVideo-RealAudio/Caucasian (American)/women/id03781/00113_id03605_JGZt9DAhBRs.mp4
id00272,id00100,-,fsgan,C,FakeVideo-RealAudio,Caucasian (American),women,00195_id00100_sZ0Ex4WUEgM.mp4,FakeAVCeleb/FakeVideo-RealAudio/Caucasian (American)/women/id00272,FakeAVCeleb_v1.2/FakeVideo-RealAudio/Caucasian (American)/women/id00272/00195_id00100_sZ0Ex4WUEgM.mp4,../data/raw/FakeAVCeleb_v1.2/FakeVideo-RealAudio/Caucasian (American)/women/id00272/00195_id00100_sZ0Ex4WUEgM.mp4
id00945,id00049,-,wav2lip,C,FakeVideo-RealAudio,Caucasian (American),men,00107_id00049_wavtolip.mp4,FakeAVCeleb/FakeVideo-RealAudio/Caucasian (American)/men/id00945,FakeAVCeleb_v1.2/FakeVideo-RealAudio/Caucasian (American)/men/id00945/00107_id00049_wavtolip.mp4,../data/raw/FakeAVCeleb_v1.2/FakeVideo-RealAudio/Caucasian (American)/men/id00945/00107_id00049_wavtolip.mp4
id00496,id00270,-,wav2lip,C,FakeVideo-RealAudio,Caucasian (European),women,00015_id00270_wavtolip.mp4,FakeAVCeleb/FakeVideo-RealAudio/Caucasian (European)/women/id00496,FakeAVCeleb_v1.2/FakeVideo-RealAudio/Caucasian (European)/women/id00496/00015_id00270_wavtolip.mp4,../data/raw/FakeAVCeleb_v1.2/FakeVideo-RealAudio/Caucasian (European)/women/id00496/00015_id00270_wavtolip.mp4
id03940,id09116,-,fsgan,C,FakeVideo-RealAudio,Asian (East),women,00025_id09116_EahYpHnFjzw.mp4,FakeAVCeleb/FakeVideo-RealAudio/Asian (East)/women/id03940,FakeAVCeleb_v1.2/FakeVideo-RealAudio/Asian (East)/women/id03940/00025_id09116_EahYpHnFjzw.mp4,../data/raw/FakeAVCeleb_v1.2/FakeVideo-RealAudio/Asian (East)/women/id03940/00025_id09116_EahYpHnFjzw.mp4
id04601,id07182,-,wav2lip,C,FakeVideo-RealAudio,Asian (South),men,00118_id07182_wavtolip.mp4,FakeAVCeleb/FakeVideo-RealAudio/Asian (South)/men/id04601,FakeAVCeleb_v1.2/FakeVideo-RealAudio/Asian (South)/men/id04601/00118_id07182_wavtolip.mp4,../data/raw/FakeAVCeleb_v1.2/FakeVideo-RealAudio/Asian (South)/men/id04601/00118_id07182_wavtolip.mp4
id00253,id00981,-,wav2lip,C,FakeVideo-RealAudio,Caucasian (European),men,00021_id00981_wavtolip.mp4,FakeAVCeleb/FakeVideo-RealAudio/Caucasian (European)/men/id00253,FakeAVCeleb_v1.2/FakeVideo-RealAudio/Caucasian (European)/men/id00253/00021_id00981_wavtolip.mp4,../data/raw/FakeAVCeleb_v1.2/FakeVideo-RealAudio/Caucasian (European)/men/id00253/00021_id00981_wavtolip.mp4
id01838,id00707,-,fsgan,C,FakeVideo-RealAudio,African,women,00126_id00707_feeHCIlo6jg.mp4,FakeAVCeleb/FakeVideo-RealAudio/African/women/id01838,FakeAVCeleb_v1.2/FakeVideo-RealAudio/African/women/id01838/00126_id00707_feeHCIlo6jg.mp4,../data/raw/FakeAVCeleb_v1.2/FakeVideo-RealAudio/African/women/id01838/00126_id00707_feeHCIlo6jg.mp4
id00496,id00287,-,wav2lip,C,FakeVideo-RealAudio,Caucasian (European),women,00015_id00287_wavtolip.mp4,FakeAVCeleb/FakeVideo-RealAudio/Caucasian (European)/women/id00496,FakeAVCeleb_v1.2/FakeVideo-RealAudio/Caucasian (European)/women/id00496/00015_id00287_wavtolip.mp4,../data/raw/FakeAVCeleb_v1.2/FakeVideo-RealAudio/Caucasian (European)/women/id00496/00015_id00287_wavtolip.mp4
id00745,id07200,-,wav2lip,C,FakeVideo-RealAudio,Asian (South),men,00165_id07200_wavtolip.mp4,FakeAVCeleb/FakeVideo-RealAudio/Asian (South)/men/id00745,FakeAVCeleb_v1.2/FakeVideo-RealAudio/Asian (South)/men/id00745/00165_id07200_wavtolip.mp4,../data/raw/FakeAVCeleb_v1.2/FakeVideo-RealAudio/Asian (South)/men/id00745/00165_id07200_wavtolip.mp4
id03816,id03844,-,wav2lip,C,FakeVideo-RealAudio,Caucasian (European),women,00093_id03844_wavtolip.mp4,FakeAVCeleb/FakeVideo-RealAudio/Caucasian (European)/women/id03816,FakeAVCeleb_v1.2/FakeVideo-RealAudio/Caucasian (European)/women/id03816/00093_id03844_wavtolip.mp4,../data/raw/FakeAVCeleb_v1.2/FakeVideo-RealAudio/Caucasian (European)/women/id03816/00093_id03844_wavtolip.mp4
id00062,id00052,-,fsgan,C,FakeVideo-RealAudio,Caucasian (American),men,00278_id00052_NK_leX996Yk.mp4,FakeAVCeleb/FakeVideo-RealAudio/Caucasian (American)/men/id00062,FakeAVCeleb_v1.2/FakeVideo-RealAudio/Caucasian (American)/men/id00062/00278_id00052_NK_leX996Yk.mp4,../data/raw/FakeAVCeleb_v1.2/FakeVideo-RealAudio/Caucasian (American)/men/id00062/00278_id00052_NK_leX996Yk.mp4
id03379,id06158,-,fsgan,C,FakeVideo-RealAudio,Asian (East),women,00032_id06158_C6FpHdewEzA.mp4,FakeAVCeleb/FakeVideo-RealAudio/Asian (East)/women/id03379,FakeAVCeleb_v1.2/FakeVideo-RealAudio/Asian (East)/women/id03379/00032_id06158_C6FpHdewEzA.mp4,../data/raw/FakeAVCeleb_v1.2/FakeVideo-RealAudio/Asian (East)/women/id03379/00032_id06158_C6FpHdewEzA.mp4
id04414,id05844,-,wav2lip,C,FakeVideo-RealAudio,Asian (East),women,00001_id05844_wavtolip.mp4,FakeAVCeleb/FakeVideo-RealAudio/Asian (East)/women/id04414,FakeAVCeleb_v1.2/FakeVideo-RealAudio/Asian (East)/women/id04414/00001_id05844_wavtolip.mp4,../data/raw/FakeAVCeleb_v1.2/FakeVideo-RealAudio/Asian (East)/women/id04414/00001_id05844_wavtolip.mp4
id06462,id05620,-,fsgan,C,FakeVideo-RealAudio,Asian (East),women,00014_id05620_DmPPLeOZkHo.mp4,FakeAVCeleb/FakeVideo-RealAudio/Asian (East)/women/id06462,FakeAVCeleb_v1.2/FakeVideo-RealAudio/Asian (East)/women/id06462/00014_id05620_DmPPLeOZkHo.mp4,../data/raw/FakeAVCeleb_v1.2/FakeVideo-RealAudio/Asian (East)/women/id06462/00014_id05620_DmPPLeOZkHo.mp4
id01171,id02494,-,faceswap,C,FakeVideo-RealAudio,African,men,00053_id02494_lObg47hQleE_faceswap.mp4,FakeAVCeleb/FakeVideo-RealAudio/African/men/id01171,FakeAVCeleb_v1.2/FakeVideo-RealAudio/African/men/id01171/00053_id02494_lObg47hQleE_faceswap.mp4,../data/raw/FakeAVCeleb_v1.2/FakeVideo-RealAudio/African/men/id01171/00053_id02494_lObg47hQleE_faceswap.mp4
id01248,id03707,-,fsgan,C,FakeVideo-RealAudio,Caucasian (American),women,00005_id03707_pwNcRPQ5qdo.mp4,FakeAVCeleb/FakeVideo-RealAudio/Caucasian (American)/women/id01248,FakeAVCeleb_v1.2/FakeVideo-RealAudio/Caucasian (American)/women/id01248/00005_id03707_pwNcRPQ5qdo.mp4,../data/raw/FakeAVCeleb_v1.2/FakeVideo-RealAudio/Caucasian (American)/women/id01248/00005_id03707_pwNcRPQ5qdo.mp4
id00271,id00633,-,fsgan,C,FakeVideo-RealAudio,Caucasian (European),women,00028_id00633_UXrTMta1EDM.mp4,FakeAVCeleb/FakeVideo-RealAudio/Caucasian (European)/women/id00271,FakeAVCeleb_v1.2/FakeVideo-RealAudio/Caucasian (European)/women/id00271/00028_id00633_UXrTMta1EDM.mp4,../data/raw/FakeAVCeleb_v1.2/FakeVideo-RealAudio/Caucasian (European)/women/id00271/00028_id00633_UXrTMta1EDM.mp4
id04583,id03815,-,wav2lip,C,FakeVideo-RealAudio,Asian (South),women,00077_id03815_wavtolip.mp4,FakeAVCeleb/FakeVideo-RealAudio/Asian (South)/women/id04583,FakeAVCeleb_v1.2/FakeVideo-RealAudio/Asian (South)/women/id04583/00077_id03815_wavtolip.mp4,../data/raw/FakeAVCeleb_v1.2/FakeVideo-RealAudio/Asian (South)/women/id04583/00077_id03815_wavtolip.mp4
id02494,id01835,-,wav2lip,C,FakeVideo-RealAudio,African,men,00050_id01835_wavtolip.mp4,FakeAVCeleb/FakeVideo-RealAudio/African/men/id02494,FakeAVCeleb_v1.2/FakeVideo-RealAudio/African/men/id02494/00050_id01835_wavtolip.mp4,../data/raw/FakeAVCeleb_v1.2/FakeVideo-RealAudio/African/men/id02494/00050_id01835_wavtolip.mp4
id06355,id06355,-,wav2lip,C,FakeVideo-RealAudio,Asian (South),men,00347_id06355_wavtolip.mp4,FakeAVCeleb/FakeVideo-RealAudio/Asian (South)/men/id06355,FakeAVCeleb_v1.2/FakeVideo-RealAudio/Asian (South)/men/id06355/00347_id06355_wavtolip.mp4,../data/raw/FakeAVCeleb_v1.2/FakeVideo-RealAudio/Asian (South)/men/id06355/00347_id06355_wavtolip.mp4
id00076,9,-,faceswap-wav2lip,D,FakeVideo-FakeAudio,African,men,00109_9_id01528_wavtolip.mp4,FakeAVCeleb/FakeVideo-FakeAudio/African/men/id00076,FakeAVCeleb_v1.2/FakeVideo-FakeAudio/African/men/id00076/00109_9_id01528_wavtolip.mp4,../data/raw/FakeAVCeleb_v1.2/FakeVideo-FakeAudio/African/men/id00076/00109_9_id01528_wavtolip.mp4
id00021,id00021,-,wav2lip,D,FakeVideo-FakeAudio,Caucasian (American),men,00010_id00021_wavtolip.mp4,FakeAVCeleb/FakeVideo-FakeAudio/Caucasian (American)/men/id00021,FakeAVCeleb_v1.2/FakeVideo-FakeAudio/Caucasian (American)/men/id00021/00010_id00021_wavtolip.mp4,../data/raw/FakeAVCeleb_v1.2/FakeVideo-FakeAudio/Caucasian (American)/men/id00021/00010_id00021_wavtolip.mp4
id06427,id06061,id04414,fsgan-wav2lip,D,FakeVideo-FakeAudio,Asian (East),women,00138_id06061_TckvmWR97vo_id04414_wavtolip.mp4,FakeAVCeleb/FakeVideo-FakeAudio/Asian (East)/women/id06427,FakeAVCeleb_v1.2/FakeVideo-FakeAudio/Asian (East)/women/id06427/00138_id06061_TckvmWR97vo_id04414_wavtolip.mp4,../data/raw/FakeAVCeleb_v1.2/FakeVideo-FakeAudio/Asian (East)/women/id06427/00138_id06061_TckvmWR97vo_id04414_wavtolip.mp4
id02089,id05434,id01026,fsgan-wav2lip,D,FakeVideo-FakeAudio,Asian (South),women,00092_id05434_6p7kCmdOjDQ_id01026_wavtolip.mp4,FakeAVCeleb/FakeVideo-FakeAudio/Asian (South)/women/id02089,FakeAVCeleb_v1.2/FakeVideo-FakeAudio/Asian (South)/women/id02089/00092_id05434_6p7kCmdOjDQ_id01026_wavtolip.mp4,../data/raw/FakeAVCeleb_v1.2/FakeVideo-FakeAudio/Asian (South)/women/id02089/00092_id05434_6p7kCmdOjDQ_id01026_wavtolip.mp4
id03747,id04689,id00359,fsgan-wav2lip,D,FakeVideo-FakeAudio,African,women,00273_id04689_0YqK1ksKjLg_id00359_wavtolip.mp4,FakeAVCeleb/FakeVideo-FakeAudio/African/women/id03747,FakeAVCeleb_v1.2/FakeVideo-FakeAudio/African/women/id03747/00273_id04689_0YqK1ksKjLg_id00359_wavtolip.mp4,../data/raw/FakeAVCeleb_v1.2/FakeVideo-FakeAudio/African/women/id03747/00273_id04689_0YqK1ksKjLg_id00359_wavtolip.mp4
id00945,id00775,id00775,fsgan-wav2lip,D,FakeVideo-FakeAudio,Caucasian (American),men,00107_id00775_yeCUxHgUHxc_id00775_wavtolip.mp4,FakeAVCeleb/FakeVideo-FakeAudio/Caucasian (American)/men/id00945,FakeAVCeleb_v1.2/FakeVideo-FakeAudio/Caucasian (American)/men/id00945/00107_id00775_yeCUxHgUHxc_id00775_wavtolip.mp4,../data/raw/FakeAVCeleb_v1.2/FakeVideo-FakeAudio/Caucasian (American)/men/id00945/00107_id00775_yeCUxHgUHxc_id00775_wavtolip.mp4
id01163,id00018,faceswap,faceswap-wav2lip,D,FakeVideo-FakeAudio,Caucasian (American),men,00195_id00018_sap-FjURHlc_faceswap_id04219_wavtolip.mp4,FakeAVCeleb/FakeVideo-FakeAudio/Caucasian (American)/men/id01163,FakeAVCeleb_v1.2/FakeVideo-FakeAudio/Caucasian (American)/men/id01163/00195_id00018_sap-FjURHlc_faceswap_id04219_wavtolip.mp4,../data/raw/FakeAVCeleb_v1.2/FakeVideo-FakeAudio/Caucasian (American)/men/id01163/00195_id00018_sap-FjURHlc_faceswap_id04219_wavtolip.mp4
id03569,id02808,-,wav2lip,D,FakeVideo-FakeAudio,African,women,00065_id02808_wavtolip.mp4,FakeAVCeleb/FakeVideo-FakeAudio/African/women/id03569,FakeAVCeleb_v1.2/FakeVideo-FakeAudio/African/women/id03569/00065_id02808_wavtolip.mp4,../data/raw/FakeAVCeleb_v1.2/FakeVideo-FakeAudio/African/women/id03569/00065_id02808_wavtolip.mp4
id02296,id01717,-,wav2lip,D,FakeVideo-FakeAudio,African,men,00019_id01717_wavtolip.mp4,FakeAVCeleb/FakeVideo-FakeAudio/African/men/id02296,FakeAVCeleb_v1.2/FakeVideo-FakeAudio/African/men/id02296/00019_id01717_wavtolip.mp4,../data/raw/FakeAVCeleb_v1.2/FakeVideo-FakeAudio/African/men/id02296/00019_id01717_wavtolip.mp4
id00488,id04582,-,wav2lip,D,FakeVideo-FakeAudio,Asian (South),women,00028_id04582_wavtolip.mp4,FakeAVCeleb/FakeVideo-FakeAudio/Asian (South)/women/id00488,FakeAVCeleb_v1.2/FakeVideo-FakeAudio/Asian (South)/women/id00488/00028_id04582_wavtolip.mp4,../data/raw/FakeAVCeleb_v1.2/FakeVideo-FakeAudio/Asian (South)/women/id00488/00028_id04582_wavtolip.mp4
id01683,3,-,faceswap-wav2lip,D,FakeVideo-FakeAudio,Asian (East),men,00052_3_id00863_wavtolip.mp4,FakeAVCeleb/FakeVideo-FakeAudio/Asian (East)/men/id01683,FakeAVCeleb_v1.2/FakeVideo-FakeAudio/Asian (East)/men/id01683/00052_3_id00863_wavtolip.mp4,../data/raw/FakeAVCeleb_v1.2/FakeVideo-FakeAudio/Asian (East)/men/id01683/00052_3_id00863_wavtolip.mp4
id00241,id00253,id00241,fsgan-wav2lip,D,FakeVideo-FakeAudio,Caucasian (European),men,00015_id00253_cyTfcQDjvU0_id00241_wavtolip.mp4,FakeAVCeleb/FakeVideo-FakeAudio/Caucasian (European)/men/id00241,FakeAVCeleb_v1.2/FakeVideo-FakeAudio/Caucasian (European)/men/id00241/00015_id00253_cyTfcQDjvU0_id00241_wavtolip.mp4,../data/raw/FakeAVCeleb_v1.2/FakeVideo-FakeAudio/Caucasian (European)/men/id00241/00015_id00253_cyTfcQDjvU0_id00241_wavtolip.mp4
id00594,id00185,faceswap,faceswap-wav2lip,D,FakeVideo-FakeAudio,Caucasian (European),men,00005_id00185_1lsGWpwnl1M_faceswap_id00498_wavtolip.mp4,FakeAVCeleb/FakeVideo-FakeAudio/Caucasian (European)/men/id00594,FakeAVCeleb_v1.2/FakeVideo-FakeAudio/Caucasian (European)/men/id00594/00005_id00185_1lsGWpwnl1M_faceswap_id00498_wavtolip.mp4,../data/raw/FakeAVCeleb_v1.2/FakeVideo-FakeAudio/Caucasian (European)/men/id00594/00005_id00185_1lsGWpwnl1M_faceswap_id00498_wavtolip.mp4
id03651,id03371,id00325,fsgan-wav2lip,D,FakeVideo-FakeAudio,Caucasian (European),women,00092_id03371_truKMXt8Dak_id00325_wavtolip.mp4,FakeAVCeleb/FakeVideo-FakeAudio/Caucasian (European)/women/id03651,FakeAVCeleb_v1.2/FakeVideo-FakeAudio/Caucasian (European)/women/id03651/00092_id03371_truKMXt8Dak_id00325_wavtolip.mp4,../data/raw/FakeAVCeleb_v1.2/FakeVideo-FakeAudio/Caucasian (European)/women/id03651/00092_id03371_truKMXt8Dak_id00325_wavtolip.mp4
id00368,id00999,-,wav2lip,D,FakeVideo-FakeAudio,Caucasian (European),men,00078_id00999_wavtolip.mp4,FakeAVCeleb/FakeVideo-FakeAudio/Caucasian (European)/men/id00368,FakeAVCeleb_v1.2/FakeVideo-FakeAudio/Caucasian (European)/men/id00368/00078_id00999_wavtolip.mp4,../data/raw/FakeAVCeleb_v1.2/FakeVideo-FakeAudio/Caucasian (European)/men/id00368/00078_id00999_wavtolip.mp4
id00264,id00529,id01124,fsgan-wav2lip,D,FakeVideo-FakeAudio,Caucasian (American),men,00257_id00529_xtx2GeQN-DQ_id01124_wavtolip.mp4,FakeAVCeleb/FakeVideo-FakeAudio/Caucasian (American)/men/id00264,FakeAVCeleb_v1.2/FakeVideo-FakeAudio/Caucasian (American)/men/id00264/00257_id00529_xtx2GeQN-DQ_id01124_wavtolip.mp4,../data/raw/FakeAVCeleb_v1.2/FakeVideo-FakeAudio/Caucasian (American)/men/id00264/00257_id00529_xtx2GeQN-DQ_id01124_wavtolip.mp4
id03656,id02838,-,wav2lip,D,FakeVideo-FakeAudio,African,women,00052_id02838_wavtolip.mp4,FakeAVCeleb/FakeVideo-FakeAudio/African/women/id03656,FakeAVCeleb_v1.2/FakeVideo-FakeAudio/African/women/id03656/00052_id02838_wavtolip.mp4,../data/raw/FakeAVCeleb_v1.2/FakeVideo-FakeAudio/African/women/id03656/00052_id02838_wavtolip.mp4
id00594,id01098,-,wav2lip,D,FakeVideo-FakeAudio,Caucasian (European),men,00005_id01098_wavtolip.mp4,FakeAVCeleb/FakeVideo-FakeAudio/Caucasian (European)/men/id00594,FakeAVCeleb_v1.2/FakeVideo-FakeAudio/Caucasian (European)/men/id00594/00005_id01098_wavtolip.mp4,../data/raw/FakeAVCeleb_v1.2/FakeVideo-FakeAudio/Caucasian (European)/men/id00594/00005_id01098_wavtolip.mp4
id04216,id01044,id01192,fsgan-wav2lip,D,FakeVideo-FakeAudio,Caucasian (American),men,00470_id01044_yL58R6zBNf4_id01192_wavtolip.mp4,FakeAVCeleb/FakeVideo-FakeAudio/Caucasian (American)/men/id04216,FakeAVCeleb_v1.2/FakeVideo-FakeAudio/Caucasian (American)/men/id04216/00470_id01044_yL58R6zBNf4_id01192_wavtolip.mp4,../data/raw/FakeAVCeleb_v1.2/FakeVideo-FakeAudio/Caucasian (American)/men/id04216/00470_id01044_yL58R6zBNf4_id01192_wavtolip.mp4
id02089,id07686,-,wav2lip,D,FakeVideo-FakeAudio,Asian (South),women,00092_id07686_wavtolip.mp4,FakeAVCeleb/FakeVideo-FakeAudio/Asian (South)/women/id02089,FakeAVCeleb_v1.2/FakeVideo-FakeAudio/Asian (South)/women/id02089/00092_id07686_wavtolip.mp4,../data/raw/FakeAVCeleb_v1.2/FakeVideo-FakeAudio/Asian (South)/women/id02089/00092_id07686_wavtolip.mp4
id00945,id04073,faceswap,faceswap-wav2lip,D,FakeVideo-FakeAudio,Caucasian (American),men,00107_id04073_KT7B07WFWyM_faceswap_id00943_wavtolip.mp4,FakeAVCeleb/FakeVideo-FakeAudio/Caucasian (American)/men/id00945,FakeAVCeleb_v1.2/FakeVideo-FakeAudio/Caucasian (American)/men/id00945/00107_id04073_KT7B07WFWyM_faceswap_id00943_wavtolip.mp4,../data/raw/FakeAVCeleb_v1.2/FakeVideo-FakeAudio/Caucasian (American)/men/id00945/00107_id04073_KT7B07WFWyM_faceswap_id00943_wavtolip.mp4
id07136,2,-,faceswap-wav2lip,D,FakeVideo-FakeAudio,Asian (South),women,00052_2_id04490_wavtolip.mp4,FakeAVCeleb/FakeVideo-FakeAudio/Asian (South)/women/id07136,FakeAVCeleb_v1.2/FakeVideo-FakeAudio/Asian (South)/women/id07136/00052_2_id04490_wavtolip.mp4,../data/raw/FakeAVCeleb_v1.2/FakeVideo-FakeAudio/Asian (South)/women/id07136/00052_2_id04490_wavtolip.mp4
id00863,id02332,-,wav2lip,D,FakeVideo-FakeAudio,Asian (East),men,00069_id02332_wavtolip.mp4,FakeAVCeleb/FakeVideo-FakeAudio/Asian (East)/men/id00863,FakeAVCeleb_v1.2/FakeVideo-FakeAudio/Asian (East)/men/id00863/00069_id02332_wavtolip.mp4,../data/raw/FakeAVCeleb_v1.2/FakeVideo-FakeAudio/Asian (East)/men/id00863/00069_id02332_wavtolip.mp4
id06438,id06437,id00461,fsgan-wav2lip,D,FakeVideo-FakeAudio,Asian (South),women,00110_id06437_3BZvvzBhj8s_id00461_wavtolip.mp4,FakeAVCeleb/FakeVideo-FakeAudio/Asian (South)/women/id06438,FakeAVCeleb_v1.2/FakeVideo-FakeAudio/Asian (South)/women/id06438/00110_id06437_3BZvvzBhj8s_id00461_wavtolip.mp4,../data/raw/FakeAVCeleb_v1.2/FakeVideo-FakeAudio/Asian (South)/women/id06438/00110_id06437_3BZvvzBhj8s_id00461_wavtolip.mp4
id01075,0,-,faceswap-wav2lip,D,FakeVideo-FakeAudio,Caucasian (American),women,00160_0_id00231_wavtolip.mp4,FakeAVCeleb/FakeVideo-FakeAudio/Caucasian (American)/women/id01075,FakeAVCeleb_v1.2/FakeVideo-FakeAudio/Caucasian (American)/women/id01075/00160_0_id00231_wavtolip.mp4,../data/raw/FakeAVCeleb_v1.2/FakeVideo-FakeAudio/Caucasian (American)/women/id01075/00160_0_id00231_wavtolip.mp4
id02301,id02586,-,wav2lip,D,FakeVideo-FakeAudio,African,women,00092_id02586_wavtolip.mp4,FakeAVCeleb/FakeVideo-FakeAudio/African/women/id02301,FakeAVCeleb_v1.2/FakeVideo-FakeAudio/African/women/id02301/00092_id02586_wavtolip.mp4,../data/raw/FakeAVCeleb_v1.2/FakeVideo-FakeAudio/African/women/id02301/00092_id02586_wavtolip.mp4
id00520,2,-,faceswap-wav2lip,D,FakeVideo-FakeAudio,Caucasian (European),men,00187_2_id00358_wavtolip.mp4,FakeAVCeleb/FakeVideo-FakeAudio/Caucasian (European)/men/id00520,FakeAVCeleb_v1.2/FakeVideo-FakeAudio/Caucasian (European)/men/id00520/00187_2_id00358_wavtolip.mp4,../data/raw/FakeAVCeleb_v1.2/FakeVideo-FakeAudio/Caucasian (European)/men/id00520/00187_2_id00358_wavtolip.mp4
id00243,id03668,7DpE,fsgan-wav2lip,D,FakeVideo-FakeAudio,Caucasian (American),men,00037_id03668_mjurT3_7DpE_id00945_wavtolip.mp4,FakeAVCeleb/FakeVideo-FakeAudio/Caucasian (American)/men/id00243,FakeAVCeleb_v1.2/FakeVideo-FakeAudio/Caucasian (American)/men/id00243/00037_id03668_mjurT3_7DpE_id00945_wavtolip.mp4,../data/raw/FakeAVCeleb_v1.2/FakeVideo-FakeAudio/Caucasian (American)/men/id00243/00037_id03668_mjurT3_7DpE_id00945_wavtolip.mp4
id01589,id06878,-,wav2lip,D,FakeVideo-FakeAudio,Asian (East),men,00017_id06878_wavtolip.mp4,FakeAVCeleb/FakeVideo-FakeAudio/Asian (East)/men/id01589,FakeAVCeleb_v1.2/FakeVideo-FakeAudio/Asian (East)/men/id01589/00017_id06878_wavtolip.mp4,../data/raw/FakeAVCeleb_v1.2/FakeVideo-FakeAudio/Asian (East)/men/id01589/00017_id06878_wavtolip.mp4
id02494,id02316,id01597,fsgan-wav2lip,D,FakeVideo-FakeAudio,African,men,00050_id02316_yrrNcmZ-xmI_id01597_wavtolip.mp4,FakeAVCeleb/FakeVideo-FakeAudio/African/men/id02494,FakeAVCeleb_v1.2/FakeVideo-FakeAudio/African/men/id02494/00050_id02316_yrrNcmZ-xmI_id01597_wavtolip.mp4,../data/raw/FakeAVCeleb_v1.2/FakeVideo-FakeAudio/African/men/id02494/00050_id02316_yrrNcmZ-xmI_id01597_wavtolip.mp4
id04726,3,-,faceswap-wav2lip,D,FakeVideo-FakeAudio,Asian (East),men,00245_3_id06470_wavtolip.mp4,FakeAVCeleb/FakeVideo-FakeAudio/Asian (East)/men/id04726,FakeAVCeleb_v1.2/FakeVideo-FakeAudio/Asian (East)/men/id04726/00245_3_id06470_wavtolip.mp4,../data/raw/FakeAVCeleb_v1.2/FakeVideo-FakeAudio/Asian (East)/men/id04726/00245_3_id06470_wavtolip.mp4
id03605,id00100,id00398,fsgan-wav2lip,D,FakeVideo-FakeAudio,Caucasian (American),women,00048_id00100_sZ0Ex4WUEgM_id00398_wavtolip.mp4,FakeAVCeleb/FakeVideo-FakeAudio/Caucasian (American)/women/id03605,FakeAVCeleb_v1.2/FakeVideo-FakeAudio/Caucasian (American)/women/id03605/00048_id00100_sZ0Ex4WUEgM_id00398_wavtolip.mp4,../data/raw/FakeAVCeleb_v1.2/FakeVideo-FakeAudio/Caucasian (American)/women/id03605/00048_id00100_sZ0Ex4WUEgM_id00398_wavtolip.mp4
id00476,id04727,-,wav2lip,D,FakeVideo-FakeAudio,African,men,00109_id04727_wavtolip.mp4,FakeAVCeleb/FakeVideo-FakeAudio/African/men/id00476,FakeAVCeleb_v1.2/FakeVideo-FakeAudio/African/men/id00476/00109_id04727_wavtolip.mp4,../data/raw/FakeAVCeleb_v1.2/FakeVideo-FakeAudio/African/men/id00476/00109_id04727_wavtolip.mp4
id00848,id02466,faceswap,faceswap-wav2lip,D,FakeVideo-FakeAudio,Caucasian (American),women,00028_id02466_VOgaA7O5yWY_faceswap_id00462_wavtolip.mp4,FakeAVCeleb/FakeVideo-FakeAudio/Caucasian (American)/women/id00848,FakeAVCeleb_v1.2/FakeVideo-FakeAudio/Caucasian (American)/women/id00848/00028_id02466_VOgaA7O5yWY_faceswap_id00462_wavtolip.mp4,../data/raw/FakeAVCeleb_v1.2/FakeVideo-FakeAudio/Caucasian (American)/women/id00848/00028_id02466_VOgaA7O5yWY_faceswap_id00462_wavtolip.mp4
id06060,id06388,faceswap,faceswap-wav2lip,D,FakeVideo-FakeAudio,Asian (East),women,00219_id06388_AtidJ-WlONc_faceswap_id03211_wavtolip.mp4,FakeAVCeleb/FakeVideo-FakeAudio/Asian (East)/women/id06060,FakeAVCeleb_v1.2/FakeVideo-FakeAudio/Asian (East)/women/id06060/00219_id06388_AtidJ-WlONc_faceswap_id03211_wavtolip.mp4,../data/raw/FakeAVCeleb_v1.2/FakeVideo-FakeAudio/Asian (East)/women/id06060/00219_id06388_AtidJ-WlONc_faceswap_id03211_wavtolip.mp4
id00577,id01532,-,faceswap-wav2lip,D,FakeVideo-FakeAudio,African,women,00010_id01532_wavtolip.mp4,FakeAVCeleb/FakeVideo-FakeAudio/African/women/id00577,FakeAVCeleb_v1.2/FakeVideo-FakeAudio/African/women/id00577/00010_id01532_wavtolip.mp4,../data/raw/FakeAVCeleb_v1.2/FakeVideo-FakeAudio/African/women/id00577/00010_id01532_wavtolip.mp4
id01597,id02316,id01920,fsgan-wav2lip,D,FakeVideo-FakeAudio,African,men,00005_id02316_yrrNcmZ-xmI_id01920_wavtolip.mp4,FakeAVCeleb/FakeVideo-FakeAudio/African/men/id01597,FakeAVCeleb_v1.2/FakeVideo-FakeAudio/African/men/id01597/00005_id02316_yrrNcmZ-xmI_id01920_wavtolip.mp4,../data/raw/FakeAVCeleb_v1.2/FakeVideo-FakeAudio/African/men/id01597/00005_id02316_yrrNcmZ-xmI_id01920_wavtolip.mp4
id01182,1,-,faceswap-wav2lip,D,FakeVideo-FakeAudio,Caucasian (American),men,00167_1_id00088_wavtolip.mp4,FakeAVCeleb/FakeVideo-FakeAudio/Caucasian (American)/men/id01182,FakeAVCeleb_v1.2/FakeVideo-FakeAudio/Caucasian (American)/men/id01182/00167_1_id00088_wavtolip.mp4,../data/raw/FakeAVCeleb_v1.2/FakeVideo-FakeAudio/Caucasian (American)/men/id01182/00167_1_id00088_wavtolip.mp4
id04221,id00062,faceswap,faceswap-wav2lip,D,FakeVideo-FakeAudio,Caucasian (American),men,00053_id00062_bctnrIvZHTs_faceswap_id01163_wavtolip.mp4,FakeAVCeleb/FakeVideo-FakeAudio/Caucasian (American)/men/id04221,FakeAVCeleb_v1.2/FakeVideo-FakeAudio/Caucasian (American)/men/id04221/00053_id00062_bctnrIvZHTs_faceswap_id01163_wavtolip.mp4,../data/raw/FakeAVCeleb_v1.2/FakeVideo-FakeAudio/Caucasian (American)/men/id04221/00053_id00062_bctnrIvZHTs_faceswap_id01163_wavtolip.mp4
id01223,id00291,-,wav2lip,D,FakeVideo-FakeAudio,Caucasian (American),women,00255_id00291_wavtolip.mp4,FakeAVCeleb/FakeVideo-FakeAudio/Caucasian (American)/women/id01223,FakeAVCeleb_v1.2/FakeVideo-FakeAudio/Caucasian (American)/women/id01223/00255_id00291_wavtolip.mp4,../data/raw/FakeAVCeleb_v1.2/FakeVideo-FakeAudio/Caucasian (American)/women/id01223/00255_id00291_wavtolip.mp4
id00366,id01637,id01835,fsgan-wav2lip,D,FakeVideo-FakeAudio,African,men,00118_id01637_5VjcPZm8knM_id01835_wavtolip.mp4,FakeAVCeleb/FakeVideo-FakeAudio/African/men/id00366,FakeAVCeleb_v1.2/FakeVideo-FakeAudio/African/men/id00366/00118_id01637_5VjcPZm8knM_id01835_wavtolip.mp4,../data/raw/FakeAVCeleb_v1.2/FakeVideo-FakeAudio/African/men/id00366/00118_id01637_5VjcPZm8knM_id01835_wavtolip.mp4
id00306,id01058,faceswap,faceswap-wav2lip,D,FakeVideo-FakeAudio,Caucasian (European),men,00015_id01058_2DKbOjf3Wyo_faceswap_id00253_wavtolip.mp4,FakeAVCeleb/FakeVideo-FakeAudio/Caucasian (European)/men/id00306,FakeAVCeleb_v1.2/FakeVideo-FakeAudio/Caucasian (European)/men/id00306/00015_id01058_2DKbOjf3Wyo_faceswap_id00253_wavtolip.mp4,../data/raw/FakeAVCeleb_v1.2/FakeVideo-FakeAudio/Caucasian (European)/men/id00306/00015_id01058_2DKbOjf3Wyo_faceswap_id00253_wavtolip.mp4
id00591,id00633,id00287,fsgan-wav2lip,D,FakeVideo-FakeAudio,Caucasian (European),women,00001_id00633_UXrTMta1EDM_id00287_wavtolip.mp4,FakeAVCeleb/FakeVideo-FakeAudio/Caucasian (European)/women/id00591,FakeAVCeleb_v1.2/FakeVideo-FakeAudio/Caucasian (European)/women/id00591/00001_id00633_UXrTMta1EDM_id00287_wavtolip.mp4,../data/raw/FakeAVCeleb_v1.2/FakeVideo-FakeAudio/Caucasian (European)/women/id00591/00001_id00633_UXrTMta1EDM_id00287_wavtolip.mp4
id09181,id05844,-,wav2lip,D,FakeVideo-FakeAudio,Asian (East),women,00048_id05844_wavtolip.mp4,FakeAVCeleb/FakeVideo-FakeAudio/Asian (East)/women/id09181,FakeAVCeleb_v1.2/FakeVideo-FakeAudio/Asian (East)/women/id09181/00048_id05844_wavtolip.mp4,../data/raw/FakeAVCeleb_v1.2/FakeVideo-FakeAudio/Asian (East)/women/id09181/00048_id05844_wavtolip.mp4
id01920,id00830,-,wav2lip,D,FakeVideo-FakeAudio,African,men,00099_id00830_wavtolip.mp4,FakeAVCeleb/FakeVideo-FakeAudio/African/men/id01920,FakeAVCeleb_v1.2/FakeVideo-FakeAudio/African/men/id01920/00099_id00830_wavtolip.mp4,../data/raw/FakeAVCeleb_v1.2/FakeVideo-FakeAudio/African/men/id01920/00099_id00830_wavtolip.mp4
id00709,id00415,-,wav2lip,D,FakeVideo-FakeAudio,Caucasian (European),men,00206_id00415_wavtolip.mp4,FakeAVCeleb/FakeVideo-FakeAudio/Caucasian (European)/men/id00709,FakeAVCeleb_v1.2/FakeVideo-FakeAudio/Caucasian (European)/men/id00709/00206_id00415_wavtolip.mp4,../data/raw/FakeAVCeleb_v1.2/FakeVideo-FakeAudio/Caucasian (European)/men/id00709/00206_id00415_wavtolip.mp4
id05845,id02619,id00080,fsgan-wav2lip,D,FakeVideo-FakeAudio,Asian (South),women,00027_id02619_6AKIR2gTCNU_id00080_wavtolip.mp4,FakeAVCeleb/FakeVideo-FakeAudio/Asian (South)/women/id05845,FakeAVCeleb_v1.2/FakeVideo-FakeAudio/Asian (South)/women/id05845/00027_id02619_6AKIR2gTCNU_id00080_wavtolip.mp4,../data/raw/FakeAVCeleb_v1.2/FakeVideo-FakeAudio/Asian (South)/women/id05845/00027_id02619_6AKIR2gTCNU_id00080_wavtolip.mp4
id09175,id04701,faceswap,faceswap-wav2lip,D,FakeVideo-FakeAudio,Asian (East),women,00072_id04701_7mnc8w6jRlM_faceswap_id06462_wavtolip.mp4,FakeAVCeleb/FakeVideo-FakeAudio/Asian (East)/women/id09175,FakeAVCeleb_v1.2/FakeVideo-FakeAudio/Asian (East)/women/id09175/00072_id04701_7mnc8w6jRlM_faceswap_id06462_wavtolip.mp4,../data/raw/FakeAVCeleb_v1.2/FakeVideo-FakeAudio/Asian (East)/women/id09175/00072_id04701_7mnc8w6jRlM_faceswap_id06462_wavtolip.mp4
id01123,id00282,faceswap,faceswap-wav2lip,D,FakeVideo-FakeAudio,Caucasian (European),men,00072_id00282_iTsqWj6GEbo_faceswap_id00253_wavtolip.mp4,FakeAVCeleb/FakeVideo-FakeAudio/Caucasian (European)/men/id01123,FakeAVCeleb_v1.2/FakeVideo-FakeAudio/Caucasian (European)/men/id01123/00072_id00282_iTsqWj6GEbo_faceswap_id00253_wavtolip.mp4,../data/raw/FakeAVCeleb_v1.2/FakeVideo-FakeAudio/Caucasian (European)/men/id01123/00072_id00282_iTsqWj6GEbo_faceswap_id00253_wavtolip.mp4
id00577,id01907,-,faceswap-wav2lip,D,FakeVideo-FakeAudio,African,women,00010_id01907_wavtolip.mp4,FakeAVCeleb/FakeVideo-FakeAudio/African/women/id00577,FakeAVCeleb_v1.2/FakeVideo-FakeAudio/African/women/id00577/00010_id01907_wavtolip.mp4,../data/raw/FakeAVCeleb_v1.2/FakeVideo-FakeAudio/African/women/id00577/00010_id01907_wavtolip.mp4
id00520,1,-,faceswap-wav2lip,D,FakeVideo-FakeAudio,Caucasian (European),men,00187_1_id02567_wavtolip.mp4,FakeAVCeleb/FakeVideo-FakeAudio/Caucasian (European)/men/id00520,FakeAVCeleb_v1.2/FakeVideo-FakeAudio/Caucasian (European)/men/id00520/00187_1_id02567_wavtolip.mp4,../data/raw/FakeAVCeleb_v1.2/FakeVideo-FakeAudio/Caucasian (European)/men/id00520/00187_1_id02567_wavtolip.mp4
id04073,2,-,faceswap-wav2lip,D,FakeVideo-FakeAudio,Caucasian (American),men,00021_2_id03678_wavtolip.mp4,FakeAVCeleb/FakeVideo-FakeAudio/Caucasian (American)/men/id04073,FakeAVCeleb_v1.2/FakeVideo-FakeAudio/Caucasian (American)/men/id04073/00021_2_id03678_wavtolip.mp4,../data/raw/FakeAVCeleb_v1.2/FakeVideo-FakeAudio/Caucasian (American)/men/id04073/00021_2_id03678_wavtolip.mp4
id05931,id07136,id06232,fsgan-wav2lip,D,FakeVideo-FakeAudio,Asian (South),women,00013_id07136_4e43eS5p3_M_id06232_wavtolip.mp4,FakeAVCeleb/FakeVideo-FakeAudio/Asian (South)/women/id05931,FakeAVCeleb_v1.2/FakeVideo-FakeAudio/Asian (South)/women/id05931/00013_id07136_4e43eS5p3_M_id06232_wavtolip.mp4,../data/raw/FakeAVCeleb_v1.2/FakeVideo-FakeAudio/Asian (South)/women/id05931/00013_id07136_4e43eS5p3_M_id06232_wavtolip.mp4
id00071,id03651,-,wav2lip,D,FakeVideo-FakeAudio,Caucasian (European),women,00014_id03651_wavtolip.mp4,FakeAVCeleb/FakeVideo-FakeAudio/Caucasian (European)/women/id00071,FakeAVCeleb_v1.2/FakeVideo-FakeAudio/Caucasian (European)/women/id00071/00014_id03651_wavtolip.mp4,../data/raw/FakeAVCeleb_v1.2/FakeVideo-FakeAudio/Caucasian (European)/women/id00071/00014_id03651_wavtolip.mp4
id00253,id01099,-,wav2lip,D,FakeVideo-FakeAudio,Caucasian (European),men,00021_id01099_wavtolip.mp4,FakeAVCeleb/FakeVideo-FakeAudio/Caucasian (European)/men/id00253,FakeAVCeleb_v1.2/FakeVideo-FakeAudio/Caucasian (European)/men/id00253/00021_id01099_wavtolip.mp4,../data/raw/FakeAVCeleb_v1.2/FakeVideo-FakeAudio/Caucasian (European)/men/id00253/00021_id01099_wavtolip.mp4
id00773,id07194,faceswap,faceswap-wav2lip,D,FakeVideo-FakeAudio,Asian (South),men,00038_id07194_NDJaiff98Fo_faceswap_id04526_wavtolip.mp4,FakeAVCeleb/FakeVideo-FakeAudio/Asian (South)/men/id00773,FakeAVCeleb_v1.2/FakeVideo-FakeAudio/Asian (South)/men/id00773/00038_id07194_NDJaiff98Fo_faceswap_id04526_wavtolip.mp4,../data/raw/FakeAVCeleb_v1.2/FakeVideo-FakeAudio/Asian (South)/men/id00773/00038_id07194_NDJaiff98Fo_faceswap_id04526_wavtolip.mp4
id00049,id00775,faceswap,faceswap-wav2lip,D,FakeVideo-FakeAudio,Caucasian (American),men,00118_id00775_yeCUxHgUHxc_faceswap_id00062_wavtolip.mp4,FakeAVCeleb/FakeVideo-FakeAudio/Caucasian (American)/men/id00049,FakeAVCeleb_v1.2/FakeVideo-FakeAudio/Caucasian (American)/men/id00049/00118_id00775_yeCUxHgUHxc_faceswap_id00062_wavtolip.mp4,../data/raw/FakeAVCeleb_v1.2/FakeVideo-FakeAudio/Caucasian (American)/men/id00049/00118_id00775_yeCUxHgUHxc_faceswap_id00062_wavtolip.mp4
id04599,id06355,-,wav2lip,D,FakeVideo-FakeAudio,Asian (South),men,00111_id06355_wavtolip.mp4,FakeAVCeleb/FakeVideo-FakeAudio/Asian (South)/men/id04599,FakeAVCeleb_v1.2/FakeVideo-FakeAudio/Asian (South)/men/id04599/00111_id06355_wavtolip.mp4,../data/raw/FakeAVCeleb_v1.2/FakeVideo-FakeAudio/Asian (South)/men/id04599/00111_id06355_wavtolip.mp4
id01239,id01211,id00529,fsgan-wav2lip,D,FakeVideo-FakeAudio,Caucasian (American),men,00280_id01211_ALJX69-RDG8_id00529_wavtolip.mp4,FakeAVCeleb/FakeVideo-FakeAudio/Caucasian (American)/men/id01239,FakeAVCeleb_v1.2/FakeVideo-FakeAudio/Caucasian (American)/men/id01239/00280_id01211_ALJX69-RDG8_id00529_wavtolip.mp4,../data/raw/FakeAVCeleb_v1.2/FakeVideo-FakeAudio/Caucasian (American)/men/id01239/00280_id01211_ALJX69-RDG8_id00529_wavtolip.mp4
id00592,id00568,-,wav2lip,D,FakeVideo-FakeAudio,African,women,00017_id00568_wavtolip.mp4,FakeAVCeleb/FakeVideo-FakeAudio/African/women/id00592,FakeAVCeleb_v1.2/FakeVideo-FakeAudio/African/women/id00592/00017_id00568_wavtolip.mp4,../data/raw/FakeAVCeleb_v1.2/FakeVideo-FakeAudio/African/women/id00592/00017_id00568_wavtolip.mp4
id04774,id06269,faceswap,faceswap-wav2lip,D,FakeVideo-FakeAudio,Asian (East),men,00032_id06269_Jm9bEizIGBE_faceswap_id03028_wavtolip.mp4,FakeAVCeleb/FakeVideo-FakeAudio/Asian (East)/men/id04774,FakeAVCeleb_v1.2/FakeVideo-FakeAudio/Asian (East)/men/id04774/00032_id06269_Jm9bEizIGBE_faceswap_id03028_wavtolip.mp4,../data/raw/FakeAVCeleb_v1.2/FakeVideo-FakeAudio/Asian (East)/men/id04774/00032_id06269_Jm9bEizIGBE_faceswap_id03028_wavtolip.mp4
id07739,id07799,-,wav2lip,D,FakeVideo-FakeAudio,Asian (East),women,00019_id07799_wavtolip.mp4,FakeAVCeleb/FakeVideo-FakeAudio/Asian (East)/women/id07739,FakeAVCeleb_v1.2/FakeVideo-FakeAudio/Asian (East)/women/id07739/00019_id07799_wavtolip.mp4,../data/raw/FakeAVCeleb_v1.2/FakeVideo-FakeAudio/Asian (East)/women/id07739/00019_id07799_wavtolip.mp4
id00056,id07102,faceswap,faceswap-wav2lip,D,FakeVideo-FakeAudio,Asian (East),men,00028_id07102_4gKPlwvjpsI_faceswap_id06269_wavtolip.mp4,FakeAVCeleb/FakeVideo-FakeAudio/Asian (East)/men/id00056,FakeAVCeleb_v1.2/FakeVideo-FakeAudio/Asian (East)/men/id00056/00028_id07102_4gKPlwvjpsI_faceswap_id06269_wavtolip.mp4,../data/raw/FakeAVCeleb_v1.2/FakeVideo-FakeAudio/Asian (East)/men/id00056/00028_id07102_4gKPlwvjpsI_faceswap_id06269_wavtolip.mp4
id04727,id00475,id01544,fsgan-wav2lip,D,FakeVideo-FakeAudio,African,men,00007_id00475_xQjvXRcnPvw_id01544_wavtolip.mp4,FakeAVCeleb/FakeVideo-FakeAudio/African/men/id04727,FakeAVCeleb_v1.2/FakeVideo-FakeAudio/African/men/id04727/00007_id00475_xQjvXRcnPvw_id01544_wavtolip.mp4,../data/raw/FakeAVCeleb_v1.2/FakeVideo-FakeAudio/African/men/id04727/00007_id00475_xQjvXRcnPvw_id01544_wavtolip.mp4
id05251,id01178,faceswap,faceswap-wav2lip,D,FakeVideo-FakeAudio,African,women,00033_id01178_6XpgYMiKxhc_faceswap_id03658_wavtolip.mp4,FakeAVCeleb/FakeVideo-FakeAudio/African/women/id05251,FakeAVCeleb_v1.2/FakeVideo-FakeAudio/African/women/id05251/00033_id01178_6XpgYMiKxhc_faceswap_id03658_wavtolip.mp4,../data/raw/FakeAVCeleb_v1.2/FakeVideo-FakeAudio/African/women/id05251/00033_id01178_6XpgYMiKxhc_faceswap_id03658_wavtolip.mp4
id00358,id00183,-,wav2lip,D,FakeVideo-FakeAudio,Caucasian (European),men,00217_id00183_wavtolip.mp4,FakeAVCeleb/FakeVideo-FakeAudio/Caucasian (European)/men/id00358,FakeAVCeleb_v1.2/FakeVideo-FakeAudio/Caucasian (European)/men/id00358/00217_id00183_wavtolip.mp4,../data/raw/FakeAVCeleb_v1.2/FakeVideo-FakeAudio/Caucasian (European)/men/id00358/00217_id00183_wavtolip.mp4
id00220,id03569,id04376,fsgan-wav2lip,D,FakeVideo-FakeAudio,African,women,00027_id03569_YO0EpPm9p-8_id04376_wavtolip.mp4,FakeAVCeleb/FakeVideo-FakeAudio/African/women/id00220,FakeAVCeleb_v1.2/FakeVideo-FakeAudio/African/women/id00220/00027_id03569_YO0EpPm9p-8_id04376_wavtolip.mp4,../data/raw/FakeAVCeleb_v1.2/FakeVideo-FakeAudio/African/women/id00220/00027_id03569_YO0EpPm9p-8_id04376_wavtolip.mp4
id01239,id00062,id00943,fsgan-wav2lip,D,FakeVideo-FakeAudio,Caucasian (American),men,00280_id00062_bctnrIvZHTs_id00943_wavtolip.mp4,FakeAVCeleb/FakeVideo-FakeAudio/Caucasian (American)/men/id01239,FakeAVCeleb_v1.2/FakeVideo-FakeAudio/Caucasian (American)/men/id01239/00280_id00062_bctnrIvZHTs_id00943_wavtolip.mp4,../data/raw/FakeAVCeleb_v1.2/FakeVideo-FakeAudio/Caucasian (American)/men/id01239/00280_id00062_bctnrIvZHTs_id00943_wavtolip.mp4
id00071,id00897,id00496,fsgan-wav2lip,D,FakeVideo-FakeAudio,Caucasian (European),women,00014_id00897_0ayFw8JhoyI_id00496_wavtolip.mp4,FakeAVCeleb/FakeVideo-FakeAudio/Caucasian (European)/women/id00071,FakeAVCeleb_v1.2/FakeVideo-FakeAudio/Caucasian (European)/women/id00071/00014_id00897_0ayFw8JhoyI_id00496_wavtolip.mp4,../data/raw/FakeAVCeleb_v1.2/FakeVideo-FakeAudio/Caucasian (European)/women/id00071/00014_id00897_0ayFw8JhoyI_id00496_wavtolip.mp4
id04070,id07008,-,wav2lip,D,FakeVideo-FakeAudio,Asian (South),women,00072_id07008_wavtolip.mp4,FakeAVCeleb/FakeVideo-FakeAudio/Asian (South)/women/id04070,FakeAVCeleb_v1.2/FakeVideo-FakeAudio/Asian (South)/women/id04070/00072_id07008_wavtolip.mp4,../data/raw/FakeAVCeleb_v1.2/FakeVideo-FakeAudio/Asian (South)/women/id04070/00072_id07008_wavtolip.mp4
id04374,id02721,-,wav2lip,D,FakeVideo-FakeAudio,African,women,00032_id02721_wavtolip.mp4,FakeAVCeleb/FakeVideo-FakeAudio/African/women/id04374,FakeAVCeleb_v1.2/FakeVideo-FakeAudio/African/women/id04374/00032_id02721_wavtolip.mp4,../data/raw/FakeAVCeleb_v1.2/FakeVideo-FakeAudio/African/women/id04374/00032_id02721_wavtolip.mp4
id00087,id03525,id00088,fsgan-wav2lip,D,FakeVideo-FakeAudio,Caucasian (American),men,00002_id03525_5qVmWkkCk3k_id00088_wavtolip.mp4,FakeAVCeleb/FakeVideo-FakeAudio/Caucasian (American)/men/id00087,FakeAVCeleb_v1.2/FakeVideo-FakeAudio/Caucasian (American)/men/id00087/00002_id03525_5qVmWkkCk3k_id00088_wavtolip.mp4,../data/raw/FakeAVCeleb_v1.2/FakeVideo-FakeAudio/Caucasian (American)/men/id00087/00002_id03525_5qVmWkkCk3k_id00088_wavtolip.mp4
id00616,id00098,fnQ0tnqQ,fsgan-wav2lip,D,FakeVideo-FakeAudio,Caucasian (American),women,00305_id00098_Rs_fnQ0tnqQ_id01004_wavtolip.mp4,FakeAVCeleb/FakeVideo-FakeAudio/Caucasian (American)/women/id00616,FakeAVCeleb_v1.2/FakeVideo-FakeAudio/Caucasian (American)/women/id00616/00305_id00098_Rs_fnQ0tnqQ_id01004_wavtolip.mp4,../data/raw/FakeAVCeleb_v1.2/FakeVideo-FakeAudio/Caucasian (American)/women/id00616/00305_id00098_Rs_fnQ0tnqQ_id01004_wavtolip.mp4
id04554,id07233,id00745,fsgan-wav2lip,D,FakeVideo-FakeAudio,Asian (South),men,00118_id07233_ozetTgOHu78_id00745_wavtolip.mp4,FakeAVCeleb/FakeVideo-FakeAudio/Asian (South)/men/id04554,FakeAVCeleb_v1.2/FakeVideo-FakeAudio/Asian (South)/men/id04554/00118_id07233_ozetTgOHu78_id00745_wavtolip.mp4,../data/raw/FakeAVCeleb_v1.2/FakeVideo-FakeAudio/Asian (South)/men/id04554/00118_id07233_ozetTgOHu78_id00745_wavtolip.mp4
id00535,id00919,faceswap,faceswap-wav2lip,D,FakeVideo-FakeAudio,Caucasian (European),men,00005_id00919_XDUn0Pskyrk_faceswap_id00183_wavtolip.mp4,FakeAVCeleb/FakeVideo-FakeAudio/Caucasian (European)/men/id00535,FakeAVCeleb_v1.2/FakeVideo-FakeAudio/Caucasian (European)/men/id00535/00005_id00919_XDUn0Pskyrk_faceswap_id00183_wavtolip.mp4,../data/raw/FakeAVCeleb_v1.2/FakeVideo-FakeAudio/Caucasian (European)/men/id00535/00005_id00919_XDUn0Pskyrk_faceswap_id00183_wavtolip.mp4
id01239,id00060,-,wav2lip,D,FakeVideo-FakeAudio,Caucasian (American),men,00280_id00060_wavtolip.mp4,FakeAVCeleb/FakeVideo-FakeAudio/Caucasian (American)/men/id01239,FakeAVCeleb_v1.2/FakeVideo-FakeAudio/Caucasian (American)/men/id01239/00280_id00060_wavtolip.mp4,../data/raw/FakeAVCeleb_v1.2/FakeVideo-FakeAudio/Caucasian (American)/men/id01239/00280_id00060_wavtolip.mp4
id02466,id03707,faceswap,faceswap-wav2lip,D,FakeVideo-FakeAudio,Caucasian (American),women,00136_id03707_pwNcRPQ5qdo_faceswap_id03781_wavtolip.mp4,FakeAVCeleb/FakeVideo-FakeAudio/Caucasian (American)/women/id02466,FakeAVCeleb_v1.2/FakeVideo-FakeAudio/Caucasian (American)/women/id02466/00136_id03707_pwNcRPQ5qdo_faceswap_id03781_wavtolip.mp4,../data/raw/FakeAVCeleb_v1.2/FakeVideo-FakeAudio/Caucasian (American)/women/id02466/00136_id03707_pwNcRPQ5qdo_faceswap_id03781_wavtolip.mp4
id00020,id01201,-,wav2lip,D,FakeVideo-FakeAudio,Caucasian (American),men,00206_id01201_wavtolip.mp4,FakeAVCeleb/FakeVideo-FakeAudio/Caucasian (American)/men/id00020,FakeAVCeleb_v1.2/FakeVideo-FakeAudio/Caucasian (American)/men/id00020/00206_id01201_wavtolip.mp4,../data/raw/FakeAVCeleb_v1.2/FakeVideo-FakeAudio/Caucasian (American)/men/id00020/00206_id01201_wavtolip.mp4
id07768,id00732,faceswap,faceswap-wav2lip,D,FakeVideo-FakeAudio,Asian (South),men,00143_id00732_amGRpH0AJCs_faceswap_id08314_wavtolip.mp4,FakeAVCeleb/FakeVideo-FakeAudio/Asian (South)/men/id07768,FakeAVCeleb_v1.2/FakeVideo-FakeAudio/Asian (South)/men/id07768/00143_id00732_amGRpH0AJCs_faceswap_id08314_wavtolip.mp4,../data/raw/FakeAVCeleb_v1.2/FakeVideo-FakeAudio/Asian (South)/men/id07768/00143_id00732_amGRpH0AJCs_faceswap_id08314_wavtolip.mp4
id03747,id02808,-,wav2lip,D,FakeVideo-FakeAudio,African,women,00273_id02808_wavtolip.mp4,FakeAVCeleb/FakeVideo-FakeAudio/African/women/id03747,FakeAVCeleb_v1.2/FakeVideo-FakeAudio/African/women/id03747/00273_id02808_wavtolip.mp4,../data/raw/FakeAVCeleb_v1.2/FakeVideo-FakeAudio/African/women/id03747/00273_id02808_wavtolip.mp4
id00566,id06427,id03211,fsgan-wav2lip,D,FakeVideo-FakeAudio,Asian (East),women,00032_id06427_dBBAKe2EA_o_id03211_wavtolip.mp4,FakeAVCeleb/FakeVideo-FakeAudio/Asian (East)/women/id00566,FakeAVCeleb_v1.2/FakeVideo-FakeAudio/Asian (East)/women/id00566/00032_id06427_dBBAKe2EA_o_id03211_wavtolip.mp4,../data/raw/FakeAVCeleb_v1.2/FakeVideo-FakeAudio/Asian (East)/women/id00566/00032_id06427_dBBAKe2EA_o_id03211_wavtolip.mp4
id00292,id00981,id01098,fsgan-wav2lip,D,FakeVideo-FakeAudio,Caucasian (European),men,00072_id00981_OmNALjENDkI_id01098_wavtolip.mp4,FakeAVCeleb/FakeVideo-FakeAudio/Caucasian (European)/men/id00292,FakeAVCeleb_v1.2/FakeVideo-FakeAudio/Caucasian (European)/men/id00292/00072_id00981_OmNALjENDkI_id01098_wavtolip.mp4,../data/raw/FakeAVCeleb_v1.2/FakeVideo-FakeAudio/Caucasian (European)/men/id00292/00072_id00981_OmNALjENDkI_id01098_wavtolip.mp4
id00180,id00418,id00431,fsgan-wav2lip,D,FakeVideo-FakeAudio,Caucasian (American),women,00206_id00418_KSTOz7H0OuQ_id00431_wavtolip.mp4,FakeAVCeleb/FakeVideo-FakeAudio/Caucasian (American)/women/id00180,FakeAVCeleb_v1.2/FakeVideo-FakeAudio/Caucasian (American)/women/id00180/00206_id00418_KSTOz7H0OuQ_id00431_wavtolip.mp4,../data/raw/FakeAVCeleb_v1.2/FakeVideo-FakeAudio/Caucasian (American)/women/id00180/00206_id00418_KSTOz7H0OuQ_id00431_wavtolip.mp4
id00166,id01637,faceswap,faceswap-wav2lip,D,FakeVideo-FakeAudio,African,men,00010_id01637_5VjcPZm8knM_faceswap_id00166_wavtolip.mp4,FakeAVCeleb/FakeVideo-FakeAudio/African/men/id00166,FakeAVCeleb_v1.2/FakeVideo-FakeAudio/African/men/id00166/00010_id01637_5VjcPZm8knM_faceswap_id00166_wavtolip.mp4,../data/raw/FakeAVCeleb_v1.2/FakeVideo-FakeAudio/African/men/id00166/00010_id01637_5VjcPZm8knM_faceswap_id00166_wavtolip.mp4
id00739,id07136,id04583,fsgan-wav2lip,D,FakeVideo-FakeAudio,Asian (South),women,00005_id07136_4e43eS5p3_M_id04583_wavtolip.mp4,FakeAVCeleb/FakeVideo-FakeAudio/Asian (South)/women/id00739,FakeAVCeleb_v1.2/FakeVideo-FakeAudio/Asian (South)/women/id00739/00005_id07136_4e43eS5p3_M_id04583_wavtolip.mp4,../data/raw/FakeAVCeleb_v1.2/FakeVideo-FakeAudio/Asian (South)/women/id00739/00005_id07136_4e43eS5p3_M_id04583_wavtolip.mp4
id07210,id00103,id07463,fsgan-wav2lip,D,FakeVideo-FakeAudio,Asian (South),men,00005_id00103_qpTVaP4y5DQ_id07463_wavtolip.mp4,FakeAVCeleb/FakeVideo-FakeAudio/Asian (South)/men/id07210,FakeAVCeleb_v1.2/FakeVideo-FakeAudio/Asian (South)/men/id07210/00005_id00103_qpTVaP4y5DQ_id07463_wavtolip.mp4,../data/raw/FakeAVCeleb_v1.2/FakeVideo-FakeAudio/Asian (South)/men/id07210/00005_id00103_qpTVaP4y5DQ_id07463_wavtolip.mp4
id07689,id07377,-,wav2lip,D,FakeVideo-FakeAudio,Asian (South),women,00028_id07377_wavtolip.mp4,FakeAVCeleb/FakeVideo-FakeAudio/Asian (South)/women/id07689,FakeAVCeleb_v1.2/FakeVideo-FakeAudio/Asian (South)/women/id07689/00028_id07377_wavtolip.mp4,../data/raw/FakeAVCeleb_v1.2/FakeVideo-FakeAudio/Asian (South)/women/id07689/00028_id07377_wavtolip.mp4
id00775,id00049,EHTUF-mQY,faceswap-wav2lip,D,FakeVideo-FakeAudio,Caucasian (American),men,00092_id00049_S_EHTUF-mQY_faceswap_id01096_wavtolip.mp4,FakeAVCeleb/FakeVideo-FakeAudio/Caucasian (American)/men/id00775,FakeAVCeleb_v1.2/FakeVideo-FakeAudio/Caucasian (American)/men/id00775/00092_id00049_S_EHTUF-mQY_faceswap_id01096_wavtolip.mp4,../data/raw/FakeAVCeleb_v1.2/FakeVideo-FakeAudio/Caucasian (American)/men/id00775/00092_id00049_S_EHTUF-mQY_faceswap_id01096_wavtolip.mp4
id00739,id00739,-,wav2lip,D,FakeVideo-FakeAudio,Asian (South),women,00005_id00739_wavtolip.mp4,FakeAVCeleb/FakeVideo-FakeAudio/Asian (South)/women/id00739,FakeAVCeleb_v1.2/FakeVideo-FakeAudio/Asian (South)/women/id00739/00005_id00739_wavtolip.mp4,../data/raw/FakeAVCeleb_v1.2/FakeVideo-FakeAudio/Asian (South)/women/id00739/00005_id00739_wavtolip.mp4
id01172,id03757,id04221,fsgan-wav2lip,D,FakeVideo-FakeAudio,Caucasian (American),men,00015_id03757_L-M-XbdFLQM_id04221_wavtolip.mp4,FakeAVCeleb/FakeVideo-FakeAudio/Caucasian (American)/men/id01172,FakeAVCeleb_v1.2/FakeVideo-FakeAudio/Caucasian (American)/men/id01172/00015_id03757_L-M-XbdFLQM_id04221_wavtolip.mp4,../data/raw/FakeAVCeleb_v1.2/FakeVideo-FakeAudio/Caucasian (American)/men/id01172/00015_id03757_L-M-XbdFLQM_id04221_wavtolip.mp4
id06752,3,-,faceswap-wav2lip,D,FakeVideo-FakeAudio,Asian (South),women,00221_3_id02619_wavtolip.mp4,FakeAVCeleb/FakeVideo-FakeAudio/Asian (South)/women/id06752,FakeAVCeleb_v1.2/FakeVideo-FakeAudio/Asian (South)/women/id06752/00221_3_id02619_wavtolip.mp4,../data/raw/FakeAVCeleb_v1.2/FakeVideo-FakeAudio/Asian (South)/women/id06752/00221_3_id02619_wavtolip.mp4
id00042,id00403,-,wav2lip,D,FakeVideo-FakeAudio,Caucasian (European),women,00028_id00403_wavtolip.mp4,FakeAVCeleb/FakeVideo-FakeAudio/Caucasian (European)/women/id00042,FakeAVCeleb_v1.2/FakeVideo-FakeAudio/Caucasian (European)/women/id00042/00028_id00403_wavtolip.mp4,../data/raw/FakeAVCeleb_v1.2/FakeVideo-FakeAudio/Caucasian (European)/women/id00042/00028_id00403_wavtolip.mp4
id01231,id00272,faceswap,faceswap-wav2lip,D,FakeVideo-FakeAudio,Caucasian (American),women,00015_id00272_VLY1boTtbRM_faceswap_id01075_wavtolip.mp4,FakeAVCeleb/FakeVideo-FakeAudio/Caucasian (American)/women/id01231,FakeAVCeleb_v1.2/FakeVideo-FakeAudio/Caucasian (American)/women/id01231/00015_id00272_VLY1boTtbRM_faceswap_id01075_wavtolip.mp4,../data/raw/FakeAVCeleb_v1.2/FakeVideo-FakeAudio/Caucasian (American)/women/id01231/00015_id00272_VLY1boTtbRM_faceswap_id01075_wavtolip.mp4
id00371,id04055,-,wav2lip,D,FakeVideo-FakeAudio,African,women,00099_id04055_wavtolip.mp4,FakeAVCeleb/FakeVideo-FakeAudio/African/women/id00371,FakeAVCeleb_v1.2/FakeVideo-FakeAudio/African/women/id00371/00099_id04055_wavtolip.mp4,../data/raw/FakeAVCeleb_v1.2/FakeVideo-FakeAudio/African/women/id00371/00099_id04055_wavtolip.mp4
id01532,id00568,id03747,fsgan-wav2lip,D,FakeVideo-FakeAudio,African,women,00065_id00568_gakhcJXnJZ8_id03747_wavtolip.mp4,FakeAVCeleb/FakeVideo-FakeAudio/African/women/id01532,FakeAVCeleb_v1.2/FakeVideo-FakeAudio/African/women/id01532/00065_id00568_gakhcJXnJZ8_id03747_wavtolip.mp4,../data/raw/FakeAVCeleb_v1.2/FakeVideo-FakeAudio/African/women/id01532/00065_id00568_gakhcJXnJZ8_id03747_wavtolip.mp4
id00701,id01036,faceswap,faceswap-wav2lip,D,FakeVideo-FakeAudio,African,men,00092_id01036_AohKaMtIHxA_faceswap_id00391_wavtolip.mp4,FakeAVCeleb/FakeVideo-FakeAudio/African/men/id00701,FakeAVCeleb_v1.2/FakeVideo-FakeAudio/African/men/id00701/00092_id01036_AohKaMtIHxA_faceswap_id00391_wavtolip.mp4,../data/raw/FakeAVCeleb_v1.2/FakeVideo-FakeAudio/African/men/id00701/00092_id01036_AohKaMtIHxA_faceswap_id00391_wavtolip.mp4
id01211,id04219,faceswap,faceswap-wav2lip,D,FakeVideo-FakeAudio,Caucasian (American),men,00023_id04219_9llHvP-jYDg_faceswap_id00775_wavtolip.mp4,FakeAVCeleb/FakeVideo-FakeAudio/Caucasian (American)/men/id01211,FakeAVCeleb_v1.2/FakeVideo-FakeAudio/Caucasian (American)/men/id01211/00023_id04219_9llHvP-jYDg_faceswap_id00775_wavtolip.mp4,../data/raw/FakeAVCeleb_v1.2/FakeVideo-FakeAudio/Caucasian (American)/men/id01211/00023_id04219_9llHvP-jYDg_faceswap_id00775_wavtolip.mp4
id00696,id01044,-,wav2lip,D,FakeVideo-FakeAudio,Caucasian (American),men,00005_id01044_wavtolip.mp4,FakeAVCeleb/FakeVideo-FakeAudio/Caucasian (American)/men/id00696,FakeAVCeleb_v1.2/FakeVideo-FakeAudio/Caucasian (American)/men/id00696/00005_id01044_wavtolip.mp4,../data/raw/FakeAVCeleb_v1.2/FakeVideo-FakeAudio/Caucasian (American)/men/id00696/00005_id01044_wavtolip.mp4
id00832,id04705,id05235,fsgan-wav2lip,D,FakeVideo-FakeAudio,African,women,00078_id04705_ziJ9JsYr4R0_id05235_wavtolip.mp4,FakeAVCeleb/FakeVideo-FakeAudio/African/women/id00832,FakeAVCeleb_v1.2/FakeVideo-FakeAudio/African/women/id00832/00078_id04705_ziJ9JsYr4R0_id05235_wavtolip.mp4,../data/raw/FakeAVCeleb_v1.2/FakeVideo-FakeAudio/African/women/id00832/00078_id04705_ziJ9JsYr4R0_id05235_wavtolip.mp4
id03941,id03816,faceswap,faceswap-wav2lip,D,FakeVideo-FakeAudio,Caucasian (European),women,00021_id03816_XXD0yTNei50_faceswap_id00484_wavtolip.mp4,FakeAVCeleb/FakeVideo-FakeAudio/Caucasian (European)/women/id03941,FakeAVCeleb_v1.2/FakeVideo-FakeAudio/Caucasian (European)/women/id03941/00021_id03816_XXD0yTNei50_faceswap_id00484_wavtolip.mp4,../data/raw/FakeAVCeleb_v1.2/FakeVideo-FakeAudio/Caucasian (European)/women/id03941/00021_id03816_XXD0yTNei50_faceswap_id00484_wavtolip.mp4
id00403,id00374,id00271,fsgan-wav2lip,D,FakeVideo-FakeAudio,Caucasian (European),women,00052_id00374_w1qI7y9AGTc_id00271_wavtolip.mp4,FakeAVCeleb/FakeVideo-FakeAudio/Caucasian (European)/women/id00403,FakeAVCeleb_v1.2/FakeVideo-FakeAudio/Caucasian (European)/women/id00403/00052_id00374_w1qI7y9AGTc_id00271_wavtolip.mp4,../data/raw/FakeAVCeleb_v1.2/FakeVideo-FakeAudio/Caucasian (European)/women/id00403/00052_id00374_w1qI7y9AGTc_id00271_wavtolip.mp4
id00529,id03678,faceswap,faceswap-wav2lip,D,FakeVideo-FakeAudio,Caucasian (American),men,00409_id03678_dsfCxodI9i8_faceswap_id01042_wavtolip.mp4,FakeAVCeleb/FakeVideo-FakeAudio/Caucasian (American)/men/id00529,FakeAVCeleb_v1.2/FakeVideo-FakeAudio/Caucasian (American)/men/id00529/00409_id03678_dsfCxodI9i8_faceswap_id01042_wavtolip.mp4,../data/raw/FakeAVCeleb_v1.2/FakeVideo-FakeAudio/Caucasian (American)/men/id00529/00409_id03678_dsfCxodI9i8_faceswap_id01042_wavtolip.mp4
id00597,id04884,wk7h1Gzo,fsgan-wav2lip,D,FakeVideo-FakeAudio,Asian (East),men,00019_id04884_eq_wk7h1Gzo_id05743_wavtolip.mp4,FakeAVCeleb/FakeVideo-FakeAudio/Asian (East)/men/id00597,FakeAVCeleb_v1.2/FakeVideo-FakeAudio/Asian (East)/men/id00597/00019_id04884_eq_wk7h1Gzo_id05743_wavtolip.mp4,../data/raw/FakeAVCeleb_v1.2/FakeVideo-FakeAudio/Asian (East)/men/id00597/00019_id04884_eq_wk7h1Gzo_id05743_wavtolip.mp4
id09181,id05576,-,wav2lip,D,FakeVideo-FakeAudio,Asian (East),women,00048_id05576_wavtolip.mp4,FakeAVCeleb/FakeVideo-FakeAudio/Asian (East)/women/id09181,FakeAVCeleb_v1.2/FakeVideo-FakeAudio/Asian (East)/women/id09181/00048_id05576_wavtolip.mp4,../data/raw/FakeAVCeleb_v1.2/FakeVideo-FakeAudio/Asian (East)/women/id09181/00048_id05576_wavtolip.mp4
id01042,id01172,-,wav2lip,D,FakeVideo-FakeAudio,Caucasian (American),men,00154_id01172_wavtolip.mp4,FakeAVCeleb/FakeVideo-FakeAudio/Caucasian (American)/men/id01042,FakeAVCeleb_v1.2/FakeVideo-FakeAudio/Caucasian (American)/men/id01042/00154_id01172_wavtolip.mp4,../data/raw/FakeAVCeleb_v1.2/FakeVideo-FakeAudio/Caucasian (American)/men/id01042/00154_id01172_wavtolip.mp4
id04070,id04927,-,wav2lip,D,FakeVideo-FakeAudio,Asian (South),women,00072_id04927_wavtolip.mp4,FakeAVCeleb/FakeVideo-FakeAudio/Asian (South)/women/id04070,FakeAVCeleb_v1.2/FakeVideo-FakeAudio/Asian (South)/women/id04070/00072_id04927_wavtolip.mp4,../data/raw/FakeAVCeleb_v1.2/FakeVideo-FakeAudio/Asian (South)/women/id04070/00072_id04927_wavtolip.mp4
id03815,id06428,id07008,fsgan-wav2lip,D,FakeVideo-FakeAudio,Asian (South),women,00118_id06428_A9nvRKd1afA_id07008_wavtolip.mp4,FakeAVCeleb/FakeVideo-FakeAudio/Asian (South)/women/id03815,FakeAVCeleb_v1.2/FakeVideo-FakeAudio/Asian (South)/women/id03815/00118_id06428_A9nvRKd1afA_id07008_wavtolip.mp4,../data/raw/FakeAVCeleb_v1.2/FakeVideo-FakeAudio/Asian (South)/women/id03815/00118_id06428_A9nvRKd1afA_id07008_wavtolip.mp4
id00265,id00594,-,wav2lip,D,FakeVideo-FakeAudio,Caucasian (European),men,00130_id00594_wavtolip.mp4,FakeAVCeleb/FakeVideo-FakeAudio/Caucasian (European)/men/id00265,FakeAVCeleb_v1.2/FakeVideo-FakeAudio/Caucasian (European)/men/id00265/00130_id00594_wavtolip.mp4,../data/raw/FakeAVCeleb_v1.2/FakeVideo-FakeAudio/Caucasian (European)/men/id00265/00130_id00594_wavtolip.mp4
id00459,id07195,-,wav2lip,D,FakeVideo-FakeAudio,Asian (South),men,00382_id07195_wavtolip.mp4,FakeAVCeleb/FakeVideo-FakeAudio/Asian (South)/men/id00459,FakeAVCeleb_v1.2/FakeVideo-FakeAudio/Asian (South)/men/id00459/00382_id07195_wavtolip.mp4,../data/raw/FakeAVCeleb_v1.2/FakeVideo-FakeAudio/Asian (South)/men/id00459/00382_id07195_wavtolip.mp4
id00841,id00180,id00431,fsgan-wav2lip,D,FakeVideo-FakeAudio,Caucasian (American),women,00078_id00180_lkeAa8Od_tg_id00431_wavtolip.mp4,FakeAVCeleb/FakeVideo-FakeAudio/Caucasian (American)/women/id00841,FakeAVCeleb_v1.2/FakeVideo-FakeAudio/Caucasian (American)/women/id00841/00078_id00180_lkeAa8Od_tg_id00431_wavtolip.mp4,../data/raw/FakeAVCeleb_v1.2/FakeVideo-FakeAudio/Caucasian (American)/women/id00841/00078_id00180_lkeAa8Od_tg_id00431_wavtolip.mp4
id01052,id00709,faceswap,faceswap-wav2lip,D,FakeVideo-FakeAudio,Caucasian (European),men,00076_id00709_Rh23ELMGsIQ_faceswap_id01156_wavtolip.mp4,FakeAVCeleb/FakeVideo-FakeAudio/Caucasian (European)/men/id01052,FakeAVCeleb_v1.2/FakeVideo-FakeAudio/Caucasian (European)/men/id01052/00076_id00709_Rh23ELMGsIQ_faceswap_id01156_wavtolip.mp4,../data/raw/FakeAVCeleb_v1.2/FakeVideo-FakeAudio/Caucasian (European)/men/id01052/00076_id00709_Rh23ELMGsIQ_faceswap_id01156_wavtolip.mp4
id00398,id00618,TwV2SmUIlY,faceswap-wav2lip,D,FakeVideo-FakeAudio,Caucasian (American),women,00016_id00618__TwV2SmUIlY_faceswap_id00272_wavtolip.mp4,FakeAVCeleb/FakeVideo-FakeAudio/Caucasian (American)/women/id00398,FakeAVCeleb_v1.2/FakeVideo-FakeAudio/Caucasian (American)/women/id00398/00016_id00618__TwV2SmUIlY_faceswap_id00272_wavtolip.mp4,../data/raw/FakeAVCeleb_v1.2/FakeVideo-FakeAudio/Caucasian (American)/women/id00398/00016_id00618__TwV2SmUIlY_faceswap_id00272_wavtolip.mp4
id06334,id03599,faceswap,faceswap-wav2lip,D,FakeVideo-FakeAudio,Asian (South),men,00015_id03599_y27BDmRUqMQ_faceswap_id00032_wavtolip.mp4,FakeAVCeleb/FakeVideo-FakeAudio/Asian (South)/men/id06334,FakeAVCeleb_v1.2/FakeVideo-FakeAudio/Asian (South)/men/id06334/00015_id03599_y27BDmRUqMQ_faceswap_id00032_wavtolip.mp4,../data/raw/FakeAVCeleb_v1.2/FakeVideo-FakeAudio/Asian (South)/men/id06334/00015_id03599_y27BDmRUqMQ_faceswap_id00032_wavtolip.mp4
id00185,id00694,-,wav2lip,D,FakeVideo-FakeAudio,Caucasian (European),men,00015_id00694_wavtolip.mp4,FakeAVCeleb/FakeVideo-FakeAudio/Caucasian (European)/men/id00185,FakeAVCeleb_v1.2/FakeVideo-FakeAudio/Caucasian (European)/men/id00185/00015_id00694_wavtolip.mp4,../data/raw/FakeAVCeleb_v1.2/FakeVideo-FakeAudio/Caucasian (European)/men/id00185/00015_id00694_wavtolip.mp4
id03897,id00417,id03559,fsgan-wav2lip,D,FakeVideo-FakeAudio,Asian (South),women,00021_id00417_GhIZam3v09g_id03559_wavtolip.mp4,FakeAVCeleb/FakeVideo-FakeAudio/Asian (South)/women/id03897,FakeAVCeleb_v1.2/FakeVideo-FakeAudio/Asian (South)/women/id03897/00021_id00417_GhIZam3v09g_id03559_wavtolip.mp4,../data/raw/FakeAVCeleb_v1.2/FakeVideo-FakeAudio/Asian (South)/women/id03897/00021_id00417_GhIZam3v09g_id03559_wavtolip.mp4
id04939,id00220,-,wav2lip,D,FakeVideo-FakeAudio,African,women,00174_id00220_wavtolip.mp4,FakeAVCeleb/FakeVideo-FakeAudio/African/women/id04939,FakeAVCeleb_v1.2/FakeVideo-FakeAudio/African/women/id04939/00174_id00220_wavtolip.mp4,../data/raw/FakeAVCeleb_v1.2/FakeVideo-FakeAudio/African/women/id04939/00174_id00220_wavtolip.mp4
id00185,id00709,id02567,fsgan-wav2lip,D,FakeVideo-FakeAudio,Caucasian (European),men,00015_id00709_Rh23ELMGsIQ_id02567_wavtolip.mp4,FakeAVCeleb/FakeVideo-FakeAudio/Caucasian (European)/men/id00185,FakeAVCeleb_v1.2/FakeVideo-FakeAudio/Caucasian (European)/men/id00185/00015_id00709_Rh23ELMGsIQ_id02567_wavtolip.mp4,../data/raw/FakeAVCeleb_v1.2/FakeVideo-FakeAudio/Caucasian (European)/men/id00185/00015_id00709_Rh23ELMGsIQ_id02567_wavtolip.mp4
id00179,id00943,id01035,fsgan-wav2lip,D,FakeVideo-FakeAudio,Caucasian (American),men,00143_id00943_LxSv2rnBGA8_id01035_wavtolip.mp4,FakeAVCeleb/FakeVideo-FakeAudio/Caucasian (American)/men/id00179,FakeAVCeleb_v1.2/FakeVideo-FakeAudio/Caucasian (American)/men/id00179/00143_id00943_LxSv2rnBGA8_id01035_wavtolip.mp4,../data/raw/FakeAVCeleb_v1.2/FakeVideo-FakeAudio/Caucasian (American)/men/id00179/00143_id00943_LxSv2rnBGA8_id01035_wavtolip.mp4
id00945,id00943,id00029,fsgan-wav2lip,D,FakeVideo-FakeAudio,Caucasian (American),men,00107_id00943_LxSv2rnBGA8_id00029_wavtolip.mp4,FakeAVCeleb/FakeVideo-FakeAudio/Caucasian (American)/men/id00945,FakeAVCeleb_v1.2/FakeVideo-FakeAudio/Caucasian (American)/men/id00945/00107_id00943_LxSv2rnBGA8_id00029_wavtolip.mp4,../data/raw/FakeAVCeleb_v1.2/FakeVideo-FakeAudio/Caucasian (American)/men/id00945/00107_id00943_LxSv2rnBGA8_id00029_wavtolip.mp4
id01528,id01933,id00391,fsgan-wav2lip,D,FakeVideo-FakeAudio,African,men,00017_id01933_I5XXxgK7QpE_id00391_wavtolip.mp4,FakeAVCeleb/FakeVideo-FakeAudio/African/men/id01528,FakeAVCeleb_v1.2/FakeVideo-FakeAudio/African/men/id01528/00017_id01933_I5XXxgK7QpE_id00391_wavtolip.mp4,../data/raw/FakeAVCeleb_v1.2/FakeVideo-FakeAudio/African/men/id01528/00017_id01933_I5XXxgK7QpE_id00391_wavtolip.mp4
id01105,id00169,V1xAwwG29U,fsgan-wav2lip,D,FakeVideo-FakeAudio,Caucasian (American),men,00083_id00169__V1xAwwG29U_id01192_wavtolip.mp4,FakeAVCeleb/FakeVideo-FakeAudio/Caucasian (American)/men/id01105,FakeAVCeleb_v1.2/FakeVideo-FakeAudio/Caucasian (American)/men/id01105/00083_id00169__V1xAwwG29U_id01192_wavtolip.mp4,../data/raw/FakeAVCeleb_v1.2/FakeVideo-FakeAudio/Caucasian (American)/men/id01105/00083_id00169__V1xAwwG29U_id01192_wavtolip.mp4
id00383,id02466,id01223,fsgan-wav2lip,D,FakeVideo-FakeAudio,Caucasian (American),women,00171_id02466_VOgaA7O5yWY_id01223_wavtolip.mp4,FakeAVCeleb/FakeVideo-FakeAudio/Caucasian (American)/women/id00383,FakeAVCeleb_v1.2/FakeVideo-FakeAudio/Caucasian (American)/women/id00383/00171_id02466_VOgaA7O5yWY_id01223_wavtolip.mp4,../data/raw/FakeAVCeleb_v1.2/FakeVideo-FakeAudio/Caucasian (American)/women/id00383/00171_id02466_VOgaA7O5yWY_id01223_wavtolip.mp4
id07165,id00773,-,wav2lip,D,FakeVideo-FakeAudio,Asian (South),men,00368_id00773_wavtolip.mp4,FakeAVCeleb/FakeVideo-FakeAudio/Asian (South)/men/id07165,FakeAVCeleb_v1.2/FakeVideo-FakeAudio/Asian (South)/men/id07165/00368_id00773_wavtolip.mp4,../data/raw/FakeAVCeleb_v1.2/FakeVideo-FakeAudio/Asian (South)/men/id07165/00368_id00773_wavtolip.mp4
id01933,id01597,id00761,fsgan-wav2lip,D,FakeVideo-FakeAudio,African,men,00028_id01597_52WEZxe4_GE_id00761_wavtolip.mp4,FakeAVCeleb/FakeVideo-FakeAudio/African/men/id01933,FakeAVCeleb_v1.2/FakeVideo-FakeAudio/African/men/id01933/00028_id01597_52WEZxe4_GE_id00761_wavtolip.mp4,../data/raw/FakeAVCeleb_v1.2/FakeVideo-FakeAudio/African/men/id01933/00028_id01597_52WEZxe4_GE_id00761_wavtolip.mp4
id06443,id03379,id00579,fsgan-wav2lip,D,FakeVideo-FakeAudio,Asian (East),women,00232_id03379_A32nCObAHiI_id00579_wavtolip.mp4,FakeAVCeleb/FakeVideo-FakeAudio/Asian (East)/women/id06443,FakeAVCeleb_v1.2/FakeVideo-FakeAudio/Asian (East)/women/id06443/00232_id03379_A32nCObAHiI_id00579_wavtolip.mp4,../data/raw/FakeAVCeleb_v1.2/FakeVideo-FakeAudio/Asian (East)/women/id06443/00232_id03379_A32nCObAHiI_id00579_wavtolip.mp4
id02619,id00461,id00747,fsgan-wav2lip,D,FakeVideo-FakeAudio,Asian (South),women,00015_id00461_Ort9NW3SJU4_id00747_wavtolip.mp4,FakeAVCeleb/FakeVideo-FakeAudio/Asian (South)/women/id02619,FakeAVCeleb_v1.2/FakeVideo-FakeAudio/Asian (South)/women/id02619/00015_id00461_Ort9NW3SJU4_id00747_wavtolip.mp4,../data/raw/FakeAVCeleb_v1.2/FakeVideo-FakeAudio/Asian (South)/women/id02619/00015_id00461_Ort9NW3SJU4_id00747_wavtolip.mp4
id00577,id03103,id00829,fsgan-wav2lip,D,FakeVideo-FakeAudio,African,women,00010_id03103_wiCYm3THQPw_id00829_wavtolip.mp4,FakeAVCeleb/FakeVideo-FakeAudio/African/women/id00577,FakeAVCeleb_v1.2/FakeVideo-FakeAudio/African/women/id00577/00010_id03103_wiCYm3THQPw_id00829_wavtolip.mp4,../data/raw/FakeAVCeleb_v1.2/FakeVideo-FakeAudio/African/women/id00577/00010_id03103_wiCYm3THQPw_id00829_wavtolip.mp4
id00076,id02005,Egh9mW5y4,fsgan-wav2lip,D,FakeVideo-FakeAudio,African,men,00109_id02005_7_Egh9mW5y4_id01972_wavtolip.mp4,FakeAVCeleb/FakeVideo-FakeAudio/African/men/id00076,FakeAVCeleb_v1.2/FakeVideo-FakeAudio/African/men/id00076/00109_id02005_7_Egh9mW5y4_id01972_wavtolip.mp4,../data/raw/FakeAVCeleb_v1.2/FakeVideo-FakeAudio/African/men/id00076/00109_id02005_7_Egh9mW5y4_id01972_wavtolip.mp4
id00761,id01835,faceswap,faceswap-wav2lip,D,FakeVideo-FakeAudio,African,men,00072_id01835_UZbWA0QfXXA_faceswap_id00761_wavtolip.mp4,FakeAVCeleb/FakeVideo-FakeAudio/African/men/id00761,FakeAVCeleb_v1.2/FakeVideo-FakeAudio/African/men/id00761/00072_id01835_UZbWA0QfXXA_faceswap_id00761_wavtolip.mp4,../data/raw/FakeAVCeleb_v1.2/FakeVideo-FakeAudio/African/men/id00761/00072_id01835_UZbWA0QfXXA_faceswap_id00761_wavtolip.mp4
id01995,id00475,-,wav2lip,D,FakeVideo-FakeAudio,African,men,00071_id00475_wavtolip.mp4,FakeAVCeleb/FakeVideo-FakeAudio/African/men/id01995,FakeAVCeleb_v1.2/FakeVideo-FakeAudio/African/men/id01995/00071_id00475_wavtolip.mp4,../data/raw/FakeAVCeleb_v1.2/FakeVideo-FakeAudio/African/men/id01995/00071_id00475_wavtolip.mp4
id06343,id06438,faceswap,faceswap-wav2lip,D,FakeVideo-FakeAudio,Asian (South),women,00023_id06438_vf3xBVgYqYA_faceswap_id00235_wavtolip.mp4,FakeAVCeleb/FakeVideo-FakeAudio/Asian (South)/women/id06343,FakeAVCeleb_v1.2/FakeVideo-FakeAudio/Asian (South)/women/id06343/00023_id06438_vf3xBVgYqYA_faceswap_id00235_wavtolip.mp4,../data/raw/FakeAVCeleb_v1.2/FakeVideo-FakeAudio/Asian (South)/women/id06343/00023_id06438_vf3xBVgYqYA_faceswap_id00235_wavtolip.mp4
id00243,id03668,7DpE,faceswap-wav2lip,D,FakeVideo-FakeAudio,Caucasian (American),men,00037_id03668_mjurT3_7DpE_faceswap_id00696_wavtolip.mp4,FakeAVCeleb/FakeVideo-FakeAudio/Caucasian (American)/men/id00243,FakeAVCeleb_v1.2/FakeVideo-FakeAudio/Caucasian (American)/men/id00243/00037_id03668_mjurT3_7DpE_faceswap_id00696_wavtolip.mp4,../data/raw/FakeAVCeleb_v1.2/FakeVideo-FakeAudio/Caucasian (American)/men/id00243/00037_id03668_mjurT3_7DpE_faceswap_id00696_wavtolip.mp4
id00266,id00594,faceswap,faceswap-wav2lip,D,FakeVideo-FakeAudio,Caucasian (European),men,00470_id00594_2WHHoksbeVw_faceswap_id01102_wavtolip.mp4,FakeAVCeleb/FakeVideo-FakeAudio/Caucasian (European)/men/id00266,FakeAVCeleb_v1.2/FakeVideo-FakeAudio/Caucasian (European)/men/id00266/00470_id00594_2WHHoksbeVw_faceswap_id01102_wavtolip.mp4,../data/raw/FakeAVCeleb_v1.2/FakeVideo-FakeAudio/Caucasian (European)/men/id00266/00470_id00594_2WHHoksbeVw_faceswap_id01102_wavtolip.mp4
id07049,id05920,id03815,fsgan-wav2lip,D,FakeVideo-FakeAudio,Asian (South),women,00043_id05920_LuLTJu54joo_id03815_wavtolip.mp4,FakeAVCeleb/FakeVideo-FakeAudio/Asian (South)/women/id07049,FakeAVCeleb_v1.2/FakeVideo-FakeAudio/Asian (South)/women/id07049/00043_id05920_LuLTJu54joo_id03815_wavtolip.mp4,../data/raw/FakeAVCeleb_v1.2/FakeVideo-FakeAudio/Asian (South)/women/id07049/00043_id05920_LuLTJu54joo_id03815_wavtolip.mp4
id00829,id01178,-,faceswap-wav2lip,D,FakeVideo-FakeAudio,African,women,00271_id01178_wavtolip.mp4,FakeAVCeleb/FakeVideo-FakeAudio/African/women/id00829,FakeAVCeleb_v1.2/FakeVideo-FakeAudio/African/women/id00829/00271_id01178_wavtolip.mp4,../data/raw/FakeAVCeleb_v1.2/FakeVideo-FakeAudio/African/women/id00829/00271_id01178_wavtolip.mp4
id04414,id00935,faceswap,faceswap-wav2lip,D,FakeVideo-FakeAudio,Asian (East),women,00001_id00935_09fNE0b4Dlg_faceswap_id08819_wavtolip.mp4,FakeAVCeleb/FakeVideo-FakeAudio/Asian (East)/women/id04414,FakeAVCeleb_v1.2/FakeVideo-FakeAudio/Asian (East)/women/id04414/00001_id00935_09fNE0b4Dlg_faceswap_id08819_wavtolip.mp4,../data/raw/FakeAVCeleb_v1.2/FakeVideo-FakeAudio/Asian (East)/women/id04414/00001_id00935_09fNE0b4Dlg_faceswap_id08819_wavtolip.mp4
id09125,id06462,id04057,fsgan-wav2lip,D,FakeVideo-FakeAudio,Asian (East),women,00098_id06462_Nn79kE76MA4_id04057_wavtolip.mp4,FakeAVCeleb/FakeVideo-FakeAudio/Asian (East)/women/id09125,FakeAVCeleb_v1.2/FakeVideo-FakeAudio/Asian (East)/women/id09125/00098_id06462_Nn79kE76MA4_id04057_wavtolip.mp4,../data/raw/FakeAVCeleb_v1.2/FakeVideo-FakeAudio/Asian (East)/women/id09125/00098_id06462_Nn79kE76MA4_id04057_wavtolip.mp4
id04727,id01933,id02051,fsgan-wav2lip,D,FakeVideo-FakeAudio,African,men,00007_id01933_I5XXxgK7QpE_id02051_wavtolip.mp4,FakeAVCeleb/FakeVideo-FakeAudio/African/men/id04727,FakeAVCeleb_v1.2/FakeVideo-FakeAudio/African/men/id04727/00007_id01933_I5XXxgK7QpE_id02051_wavtolip.mp4,../data/raw/FakeAVCeleb_v1.2/FakeVideo-FakeAudio/African/men/id04727/00007_id01933_I5XXxgK7QpE_id02051_wavtolip.mp4
id01099,id00559,id00498,fsgan-wav2lip,D,FakeVideo-FakeAudio,Caucasian (European),men,00206_id00559_Y7ovoKuvL78_id00498_wavtolip.mp4,FakeAVCeleb/FakeVideo-FakeAudio/Caucasian (European)/men/id01099,FakeAVCeleb_v1.2/FakeVideo-FakeAudio/Caucasian (European)/men/id01099/00206_id00559_Y7ovoKuvL78_id00498_wavtolip.mp4,../data/raw/FakeAVCeleb_v1.2/FakeVideo-FakeAudio/Caucasian (European)/men/id01099/00206_id00559_Y7ovoKuvL78_id00498_wavtolip.mp4
id01451,id00566,HMhuwQ,fsgan-wav2lip,D,FakeVideo-FakeAudio,Asian (East),women,00099_id00566_V3Hg_HMhuwQ_id04144_wavtolip.mp4,FakeAVCeleb/FakeVideo-FakeAudio/Asian (East)/women/id01451,FakeAVCeleb_v1.2/FakeVideo-FakeAudio/Asian (East)/women/id01451/00099_id00566_V3Hg_HMhuwQ_id04144_wavtolip.mp4,../data/raw/FakeAVCeleb_v1.2/FakeVideo-FakeAudio/Asian (East)/women/id01451/00099_id00566_V3Hg_HMhuwQ_id04144_wavtolip.mp4
id00769,id00745,id00769,fsgan-wav2lip,D,FakeVideo-FakeAudio,Asian (South),men,00015_id00745_eODND1ul7vE_id00769_wavtolip.mp4,FakeAVCeleb/FakeVideo-FakeAudio/Asian (South)/men/id00769,FakeAVCeleb_v1.2/FakeVideo-FakeAudio/Asian (South)/men/id00769/00015_id00745_eODND1ul7vE_id00769_wavtolip.mp4,../data/raw/FakeAVCeleb_v1.2/FakeVideo-FakeAudio/Asian (South)/men/id00769/00015_id00745_eODND1ul7vE_id00769_wavtolip.mp4
id06438,id06437,faceswap,faceswap-wav2lip,D,FakeVideo-FakeAudio,Asian (South),women,00110_id06437_3BZvvzBhj8s_faceswap_id02619_wavtolip.mp4,FakeAVCeleb/FakeVideo-FakeAudio/Asian (South)/women/id06438,FakeAVCeleb_v1.2/FakeVideo-FakeAudio/Asian (South)/women/id06438/00110_id06437_3BZvvzBhj8s_faceswap_id02619_wavtolip.mp4,../data/raw/FakeAVCeleb_v1.2/FakeVideo-FakeAudio/Asian (South)/women/id06438/00110_id06437_3BZvvzBhj8s_faceswap_id02619_wavtolip.mp4
id04562,id07233,-,wav2lip,D,FakeVideo-FakeAudio,Asian (South),men,00221_id07233_wavtolip.mp4,FakeAVCeleb/FakeVideo-FakeAudio/Asian (South)/men/id04562,FakeAVCeleb_v1.2/FakeVideo-FakeAudio/Asian (South)/men/id04562/00221_id07233_wavtolip.mp4,../data/raw/FakeAVCeleb_v1.2/FakeVideo-FakeAudio/Asian (South)/men/id04562/00221_id07233_wavtolip.mp4
id07689,3,-,faceswap-wav2lip,D,FakeVideo-FakeAudio,Asian (South),women,00028_3_id06438_wavtolip.mp4,FakeAVCeleb/FakeVideo-FakeAudio/Asian (South)/women/id07689,FakeAVCeleb_v1.2/FakeVideo-FakeAudio/Asian (South)/women/id07689/00028_3_id06438_wavtolip.mp4,../data/raw/FakeAVCeleb_v1.2/FakeVideo-FakeAudio/Asian (South)/women/id07689/00028_3_id06438_wavtolip.mp4
id03620,id00328,-,wav2lip,D,FakeVideo-FakeAudio,Caucasian (European),women,00081_id00328_wavtolip.mp4,FakeAVCeleb/FakeVideo-FakeAudio/Caucasian (European)/women/id03620,FakeAVCeleb_v1.2/FakeVideo-FakeAudio/Caucasian (European)/women/id03620/00081_id00328_wavtolip.mp4,../data/raw/FakeAVCeleb_v1.2/FakeVideo-FakeAudio/Caucasian (European)/women/id03620/00081_id00328_wavtolip.mp4
id01392,id01972,-,wav2lip,D,FakeVideo-FakeAudio,African,men,00167_id01972_wavtolip.mp4,FakeAVCeleb/FakeVideo-FakeAudio/African/men/id01392,FakeAVCeleb_v1.2/FakeVideo-FakeAudio/African/men/id01392/00167_id01972_wavtolip.mp4,../data/raw/FakeAVCeleb_v1.2/FakeVideo-FakeAudio/African/men/id01392/00167_id01972_wavtolip.mp4
id01058,id00306,id00358,fsgan-wav2lip,D,FakeVideo-FakeAudio,Caucasian (European),men,00005_id00306_CDX55F3nWNc_id00358_wavtolip.mp4,FakeAVCeleb/FakeVideo-FakeAudio/Caucasian (European)/men/id01058,FakeAVCeleb_v1.2/FakeVideo-FakeAudio/Caucasian (European)/men/id01058/00005_id00306_CDX55F3nWNc_id00358_wavtolip.mp4,../data/raw/FakeAVCeleb_v1.2/FakeVideo-FakeAudio/Caucasian (European)/men/id01058/00005_id00306_CDX55F3nWNc_id00358_wavtolip.mp4
id00830,id01933,id01392,fsgan-wav2lip,D,FakeVideo-FakeAudio,African,men,00143_id01933_I5XXxgK7QpE_id01392_wavtolip.mp4,FakeAVCeleb/FakeVideo-FakeAudio/African/men/id00830,FakeAVCeleb_v1.2/FakeVideo-FakeAudio/African/men/id00830/00143_id01933_I5XXxgK7QpE_id01392_wavtolip.mp4,../data/raw/FakeAVCeleb_v1.2/FakeVideo-FakeAudio/African/men/id00830/00143_id01933_I5XXxgK7QpE_id01392_wavtolip.mp4
id08313,id07058,faceswap,faceswap-wav2lip,D,FakeVideo-FakeAudio,Asian (South),men,00202_id07058_JXJTxhrICl0_faceswap_id00732_wavtolip.mp4,FakeAVCeleb/FakeVideo-FakeAudio/Asian (South)/men/id08313,FakeAVCeleb_v1.2/FakeVideo-FakeAudio/Asian (South)/men/id08313/00202_id07058_JXJTxhrICl0_faceswap_id00732_wavtolip.mp4,../data/raw/FakeAVCeleb_v1.2/FakeVideo-FakeAudio/Asian (South)/men/id08313/00202_id07058_JXJTxhrICl0_faceswap_id00732_wavtolip.mp4
id01052,id00171,id00266,fsgan-wav2lip,D,FakeVideo-FakeAudio,Caucasian (European),men,00076_id00171_PWU6n0qrv4c_id00266_wavtolip.mp4,FakeAVCeleb/FakeVideo-FakeAudio/Caucasian (European)/men/id01052,FakeAVCeleb_v1.2/FakeVideo-FakeAudio/Caucasian (European)/men/id01052/00076_id00171_PWU6n0qrv4c_id00266_wavtolip.mp4,../data/raw/FakeAVCeleb_v1.2/FakeVideo-FakeAudio/Caucasian (European)/men/id01052/00076_id00171_PWU6n0qrv4c_id00266_wavtolip.mp4
id08314,id03344,-,wav2lip,D,FakeVideo-FakeAudio,Asian (South),men,00028_id03344_wavtolip.mp4,FakeAVCeleb/FakeVideo-FakeAudio/Asian (South)/men/id08314,FakeAVCeleb_v1.2/FakeVideo-FakeAudio/Asian (South)/men/id08314/00028_id03344_wavtolip.mp4,../data/raw/FakeAVCeleb_v1.2/FakeVideo-FakeAudio/Asian (South)/men/id08314/00028_id03344_wavtolip.mp4
id00232,id00569,-,wav2lip,D,FakeVideo-FakeAudio,Caucasian (European),women,00025_id00569_wavtolip.mp4,FakeAVCeleb/FakeVideo-FakeAudio/Caucasian (European)/women/id00232,FakeAVCeleb_v1.2/FakeVideo-FakeAudio/Caucasian (European)/women/id00232/00025_id00569_wavtolip.mp4,../data/raw/FakeAVCeleb_v1.2/FakeVideo-FakeAudio/Caucasian (European)/women/id00232/00025_id00569_wavtolip.mp4
id00990,id00963,-,wav2lip,D,FakeVideo-FakeAudio,Caucasian (European),men,00160_id00963_wavtolip.mp4,FakeAVCeleb/FakeVideo-FakeAudio/Caucasian (European)/men/id00990,FakeAVCeleb_v1.2/FakeVideo-FakeAudio/Caucasian (European)/men/id00990/00160_id00963_wavtolip.mp4,../data/raw/FakeAVCeleb_v1.2/FakeVideo-FakeAudio/Caucasian (European)/men/id00990/00160_id00963_wavtolip.mp4
id04111,id01589,-,wav2lip,D,FakeVideo-FakeAudio,Asian (East),men,00015_id01589_wavtolip.mp4,FakeAVCeleb/FakeVideo-FakeAudio/Asian (East)/men/id04111,FakeAVCeleb_v1.2/FakeVideo-FakeAudio/Asian (East)/men/id04111/00015_id01589_wavtolip.mp4,../data/raw/FakeAVCeleb_v1.2/FakeVideo-FakeAudio/Asian (East)/men/id04111/00015_id01589_wavtolip.mp4
id01598,id00518,id02342,fsgan-wav2lip,D,FakeVideo-FakeAudio,African,men,00044_id00518_qm7oQcDg4oI_id02342_wavtolip.mp4,FakeAVCeleb/FakeVideo-FakeAudio/African/men/id01598,FakeAVCeleb_v1.2/FakeVideo-FakeAudio/African/men/id01598/00044_id00518_qm7oQcDg4oI_id02342_wavtolip.mp4,../data/raw/FakeAVCeleb_v1.2/FakeVideo-FakeAudio/African/men/id01598/00044_id00518_qm7oQcDg4oI_id02342_wavtolip.mp4
id04374,id04689,faceswap,faceswap-wav2lip,D,FakeVideo-FakeAudio,African,women,00032_id04689_0YqK1ksKjLg_faceswap_id01532_wavtolip.mp4,FakeAVCeleb/FakeVideo-FakeAudio/African/women/id04374,FakeAVCeleb_v1.2/FakeVideo-FakeAudio/African/women/id04374/00032_id04689_0YqK1ksKjLg_faceswap_id01532_wavtolip.mp4,../data/raw/FakeAVCeleb_v1.2/FakeVideo-FakeAudio/African/women/id04374/00032_id04689_0YqK1ksKjLg_faceswap_id01532_wavtolip.mp4
id04547,id03713,-,wav2lip,D,FakeVideo-FakeAudio,African,women,00052_id03713_wavtolip.mp4,FakeAVCeleb/FakeVideo-FakeAudio/African/women/id04547,FakeAVCeleb_v1.2/FakeVideo-FakeAudio/African/women/id04547/00052_id03713_wavtolip.mp4,../data/raw/FakeAVCeleb_v1.2/FakeVideo-FakeAudio/African/women/id04547/00052_id03713_wavtolip.mp4
id01126,id00919,-,wav2lip,D,FakeVideo-FakeAudio,Caucasian (European),men,00040_id00919_wavtolip.mp4,FakeAVCeleb/FakeVideo-FakeAudio/Caucasian (European)/men/id01126,FakeAVCeleb_v1.2/FakeVideo-FakeAudio/Caucasian (European)/men/id01126/00040_id00919_wavtolip.mp4,../data/raw/FakeAVCeleb_v1.2/FakeVideo-FakeAudio/Caucasian (European)/men/id01126/00040_id00919_wavtolip.mp4
id03589,id00806,-,wav2lip,D,FakeVideo-FakeAudio,Caucasian (European),women,00002_id00806_wavtolip.mp4,FakeAVCeleb/FakeVideo-FakeAudio/Caucasian (European)/women/id03589,FakeAVCeleb_v1.2/FakeVideo-FakeAudio/Caucasian (European)/women/id03589/00002_id00806_wavtolip.mp4,../data/raw/FakeAVCeleb_v1.2/FakeVideo-FakeAudio/Caucasian (European)/women/id03589/00002_id00806_wavtolip.mp4
id03559,id06232,id06439,fsgan-wav2lip,D,FakeVideo-FakeAudio,Asian (South),women,00023_id06232_GiPuw-FvbeM_id06439_wavtolip.mp4,FakeAVCeleb/FakeVideo-FakeAudio/Asian (South)/women/id03559,FakeAVCeleb_v1.2/FakeVideo-FakeAudio/Asian (South)/women/id03559/00023_id06232_GiPuw-FvbeM_id06439_wavtolip.mp4,../data/raw/FakeAVCeleb_v1.2/FakeVideo-FakeAudio/Asian (South)/women/id03559/00023_id06232_GiPuw-FvbeM_id06439_wavtolip.mp4
id01058,id00535,-,wav2lip,D,FakeVideo-FakeAudio,Caucasian (European),men,00005_id00535_wavtolip.mp4,FakeAVCeleb/FakeVideo-FakeAudio/Caucasian (European)/men/id01058,FakeAVCeleb_v1.2/FakeVideo-FakeAudio/Caucasian (European)/men/id01058/00005_id00535_wavtolip.mp4,../data/raw/FakeAVCeleb_v1.2/FakeVideo-FakeAudio/Caucasian (European)/men/id01058/00005_id00535_wavtolip.mp4
id07236,id07008,-,wav2lip,D,FakeVideo-FakeAudio,Asian (South),women,00143_id07008_wavtolip.mp4,FakeAVCeleb/FakeVideo-FakeAudio/Asian (South)/women/id07236,FakeAVCeleb_v1.2/FakeVideo-FakeAudio/Asian (South)/women/id07236/00143_id07008_wavtolip.mp4,../data/raw/FakeAVCeleb_v1.2/FakeVideo-FakeAudio/Asian (South)/women/id07236/00143_id07008_wavtolip.mp4
id06054,id09116,-,wav2lip,D,FakeVideo-FakeAudio,Asian (East),women,00010_id09116_wavtolip.mp4,FakeAVCeleb/FakeVideo-FakeAudio/Asian (East)/women/id06054,FakeAVCeleb_v1.2/FakeVideo-FakeAudio/Asian (East)/women/id06054/00010_id09116_wavtolip.mp4,../data/raw/FakeAVCeleb_v1.2/FakeVideo-FakeAudio/Asian (East)/women/id06054/00010_id09116_wavtolip.mp4
id00781,id00476,faceswap,faceswap-wav2lip,D,FakeVideo-FakeAudio,African,men,00092_id00476_UgdYVJ6xPYg_faceswap_id01972_wavtolip.mp4,FakeAVCeleb/FakeVideo-FakeAudio/African/men/id00781,FakeAVCeleb_v1.2/FakeVideo-FakeAudio/African/men/id00781/00092_id00476_UgdYVJ6xPYg_faceswap_id01972_wavtolip.mp4,../data/raw/FakeAVCeleb_v1.2/FakeVideo-FakeAudio/African/men/id00781/00092_id00476_UgdYVJ6xPYg_faceswap_id01972_wavtolip.mp4
id06878,id00740,-,wav2lip,D,FakeVideo-FakeAudio,Asian (East),men,00001_id00740_wavtolip.mp4,FakeAVCeleb/FakeVideo-FakeAudio/Asian (East)/men/id06878,FakeAVCeleb_v1.2/FakeVideo-FakeAudio/Asian (East)/men/id06878/00001_id00740_wavtolip.mp4,../data/raw/FakeAVCeleb_v1.2/FakeVideo-FakeAudio/Asian (East)/men/id06878/00001_id00740_wavtolip.mp4
id08397,id05576,-,wav2lip,D,FakeVideo-FakeAudio,Asian (East),women,00167_id05576_wavtolip.mp4,FakeAVCeleb/FakeVideo-FakeAudio/Asian (East)/women/id08397,FakeAVCeleb_v1.2/FakeVideo-FakeAudio/Asian (East)/women/id08397/00167_id05576_wavtolip.mp4,../data/raw/FakeAVCeleb_v1.2/FakeVideo-FakeAudio/Asian (East)/women/id08397/00167_id05576_wavtolip.mp4
id04540,id02586,id00707,fsgan-wav2lip,D,FakeVideo-FakeAudio,African,women,00078_id02586_dEYzYDsbAeo_id00707_wavtolip.mp4,FakeAVCeleb/FakeVideo-FakeAudio/African/women/id04540,FakeAVCeleb_v1.2/FakeVideo-FakeAudio/African/women/id04540/00078_id02586_dEYzYDsbAeo_id00707_wavtolip.mp4,../data/raw/FakeAVCeleb_v1.2/FakeVideo-FakeAudio/African/women/id04540/00078_id02586_dEYzYDsbAeo_id00707_wavtolip.mp4
id04564,id07689,-,wav2lip,D,FakeVideo-FakeAudio,Asian (South),women,00417_id07689_wavtolip.mp4,FakeAVCeleb/FakeVideo-FakeAudio/Asian (South)/women/id04564,FakeAVCeleb_v1.2/FakeVideo-FakeAudio/Asian (South)/women/id04564/00417_id07689_wavtolip.mp4,../data/raw/FakeAVCeleb_v1.2/FakeVideo-FakeAudio/Asian (South)/women/id04564/00417_id07689_wavtolip.mp4
id02051,id00701,id01779,fsgan-wav2lip,D,FakeVideo-FakeAudio,African,men,00015_id00701_lW6uzLIOwd0_id01779_wavtolip.mp4,FakeAVCeleb/FakeVideo-FakeAudio/African/men/id02051,FakeAVCeleb_v1.2/FakeVideo-FakeAudio/African/men/id02051/00015_id00701_lW6uzLIOwd0_id01779_wavtolip.mp4,../data/raw/FakeAVCeleb_v1.2/FakeVideo-FakeAudio/African/men/id02051/00015_id00701_lW6uzLIOwd0_id01779_wavtolip.mp4
id00328,id00484,faceswap,faceswap-wav2lip,D,FakeVideo-FakeAudio,Caucasian (European),women,00092_id00484_u7YTz8eFZv0_faceswap_id00484_wavtolip.mp4,FakeAVCeleb/FakeVideo-FakeAudio/Caucasian (European)/women/id00328,FakeAVCeleb_v1.2/FakeVideo-FakeAudio/Caucasian (European)/women/id00328/00092_id00484_u7YTz8eFZv0_faceswap_id00484_wavtolip.mp4,../data/raw/FakeAVCeleb_v1.2/FakeVideo-FakeAudio/Caucasian (European)/women/id00328/00092_id00484_u7YTz8eFZv0_faceswap_id00484_wavtolip.mp4
id07463,id00745,-,wav2lip,D,FakeVideo-FakeAudio,Asian (South),men,00028_id00745_wavtolip.mp4,FakeAVCeleb/FakeVideo-FakeAudio/Asian (South)/men/id07463,FakeAVCeleb_v1.2/FakeVideo-FakeAudio/Asian (South)/men/id07463/00028_id00745_wavtolip.mp4,../data/raw/FakeAVCeleb_v1.2/FakeVideo-FakeAudio/Asian (South)/men/id07463/00028_id00745_wavtolip.mp4
id00582,id04144,FJg9YswRzQ,fsgan-wav2lip,D,FakeVideo-FakeAudio,Asian (East),women,00006_id04144__FJg9YswRzQ_id05576_wavtolip.mp4,FakeAVCeleb/FakeVideo-FakeAudio/Asian (East)/women/id00582,FakeAVCeleb_v1.2/FakeVideo-FakeAudio/Asian (East)/women/id00582/00006_id04144__FJg9YswRzQ_id05576_wavtolip.mp4,../data/raw/FakeAVCeleb_v1.2/FakeVideo-FakeAudio/Asian (East)/women/id00582/00006_id04144__FJg9YswRzQ_id05576_wavtolip.mp4
id01091,id01004,id03696,fsgan-wav2lip,D,FakeVideo-FakeAudio,Caucasian (American),women,00236_id01004_867Wlj7Gw68_id03696_wavtolip.mp4,FakeAVCeleb/FakeVideo-FakeAudio/Caucasian (American)/women/id01091,FakeAVCeleb_v1.2/FakeVideo-FakeAudio/Caucasian (American)/women/id01091/00236_id01004_867Wlj7Gw68_id03696_wavtolip.mp4,../data/raw/FakeAVCeleb_v1.2/FakeVideo-FakeAudio/Caucasian (American)/women/id01091/00236_id01004_867Wlj7Gw68_id03696_wavtolip.mp4
id06807,id01683,-,wav2lip,D,FakeVideo-FakeAudio,Asian (East),men,00015_id01683_wavtolip.mp4,FakeAVCeleb/FakeVideo-FakeAudio/Asian (East)/men/id06807,FakeAVCeleb_v1.2/FakeVideo-FakeAudio/Asian (East)/men/id06807/00015_id01683_wavtolip.mp4,../data/raw/FakeAVCeleb_v1.2/FakeVideo-FakeAudio/Asian (East)/men/id06807/00015_id01683_wavtolip.mp4
id01216,id01225,-,wav2lip,D,FakeVideo-FakeAudio,Caucasian (American),women,00025_id01225_wavtolip.mp4,FakeAVCeleb/FakeVideo-FakeAudio/Caucasian (American)/women/id01216,FakeAVCeleb_v1.2/FakeVideo-FakeAudio/Caucasian (American)/women/id01216/00025_id01225_wavtolip.mp4,../data/raw/FakeAVCeleb_v1.2/FakeVideo-FakeAudio/Caucasian (American)/women/id01216/00025_id01225_wavtolip.mp4
id03168,0,-,faceswap-wav2lip,D,FakeVideo-FakeAudio,Asian (East),men,03168_0_id04691_wavtolip.mp4,FakeAVCeleb/FakeVideo-FakeAudio/Asian (East)/men/id03168,FakeAVCeleb_v1.2/FakeVideo-FakeAudio/Asian (East)/men/id03168/03168_0_id04691_wavtolip.mp4,../data/raw/FakeAVCeleb_v1.2/FakeVideo-FakeAudio/Asian (East)/men/id03168/03168_0_id04691_wavtolip.mp4
id00946,id00990,faceswap,faceswap-wav2lip,D,FakeVideo-FakeAudio,Caucasian (European),men,00126_id00990_G-qzOIgxEoE_faceswap_id00171_wavtolip.mp4,FakeAVCeleb/FakeVideo-FakeAudio/Caucasian (European)/men/id00946,FakeAVCeleb_v1.2/FakeVideo-FakeAudio/Caucasian (European)/men/id00946/00126_id00990_G-qzOIgxEoE_faceswap_id00171_wavtolip.mp4,../data/raw/FakeAVCeleb_v1.2/FakeVideo-FakeAudio/Caucasian (European)/men/id00946/00126_id00990_G-qzOIgxEoE_faceswap_id00171_wavtolip.mp4
id03605,id03707,-,wav2lip,D,FakeVideo-FakeAudio,Caucasian (American),women,00048_id03707_wavtolip.mp4,FakeAVCeleb/FakeVideo-FakeAudio/Caucasian (American)/women/id03605,FakeAVCeleb_v1.2/FakeVideo-FakeAudio/Caucasian (American)/women/id03605/00048_id03707_wavtolip.mp4,../data/raw/FakeAVCeleb_v1.2/FakeVideo-FakeAudio/Caucasian (American)/women/id03605/00048_id03707_wavtolip.mp4
id04562,id07058,id07768,fsgan-wav2lip,D,FakeVideo-FakeAudio,Asian (South),men,00221_id07058_JXJTxhrICl0_id07768_wavtolip.mp4,FakeAVCeleb/FakeVideo-FakeAudio/Asian (South)/men/id04562,FakeAVCeleb_v1.2/FakeVideo-FakeAudio/Asian (South)/men/id04562/00221_id07058_JXJTxhrICl0_id07768_wavtolip.mp4,../data/raw/FakeAVCeleb_v1.2/FakeVideo-FakeAudio/Asian (South)/men/id04562/00221_id07058_JXJTxhrICl0_id07768_wavtolip.mp4
id03599,id00103,id00032,fsgan-wav2lip,D,FakeVideo-FakeAudio,Asian (South),men,00072_id00103_qpTVaP4y5DQ_id00032_wavtolip.mp4,FakeAVCeleb/FakeVideo-FakeAudio/Asian (South)/men/id03599,FakeAVCeleb_v1.2/FakeVideo-FakeAudio/Asian (South)/men/id03599/00072_id00103_qpTVaP4y5DQ_id00032_wavtolip.mp4,../data/raw/FakeAVCeleb_v1.2/FakeVideo-FakeAudio/Asian (South)/men/id03599/00072_id00103_qpTVaP4y5DQ_id00032_wavtolip.mp4
id04066,id03211,id05576,fsgan-wav2lip,D,FakeVideo-FakeAudio,Asian (East),women,00013_id03211_HK4oe6Hi91E_id05576_wavtolip.mp4,FakeAVCeleb/FakeVideo-FakeAudio/Asian (East)/women/id04066,FakeAVCeleb_v1.2/FakeVideo-FakeAudio/Asian (East)/women/id04066/00013_id03211_HK4oe6Hi91E_id05576_wavtolip.mp4,../data/raw/FakeAVCeleb_v1.2/FakeVideo-FakeAudio/Asian (East)/women/id04066/00013_id03211_HK4oe6Hi91E_id05576_wavtolip.mp4
id01042,id00087,id00345,fsgan-wav2lip,D,FakeVideo-FakeAudio,Caucasian (American),men,00154_id00087_0ZbOp9FgZf8_id00345_wavtolip.mp4,FakeAVCeleb/FakeVideo-FakeAudio/Caucasian (American)/men/id01042,FakeAVCeleb_v1.2/FakeVideo-FakeAudio/Caucasian (American)/men/id01042/00154_id00087_0ZbOp9FgZf8_id00345_wavtolip.mp4,../data/raw/FakeAVCeleb_v1.2/FakeVideo-FakeAudio/Caucasian (American)/men/id01042/00154_id00087_0ZbOp9FgZf8_id00345_wavtolip.mp4
id02005,id04727,-,wav2lip,D,FakeVideo-FakeAudio,African,men,00052_id04727_wavtolip.mp4,FakeAVCeleb/FakeVideo-FakeAudio/African/men/id02005,FakeAVCeleb_v1.2/FakeVideo-FakeAudio/African/men/id02005/00052_id04727_wavtolip.mp4,../data/raw/FakeAVCeleb_v1.2/FakeVideo-FakeAudio/African/men/id02005/00052_id04727_wavtolip.mp4
id02619,id00417,faceswap,faceswap-wav2lip,D,FakeVideo-FakeAudio,Asian (South),women,00015_id00417_GhIZam3v09g_faceswap_id04582_wavtolip.mp4,FakeAVCeleb/FakeVideo-FakeAudio/Asian (South)/women/id02619,FakeAVCeleb_v1.2/FakeVideo-FakeAudio/Asian (South)/women/id02619/00015_id00417_GhIZam3v09g_faceswap_id04582_wavtolip.mp4,../data/raw/FakeAVCeleb_v1.2/FakeVideo-FakeAudio/Asian (South)/women/id02619/00015_id00417_GhIZam3v09g_faceswap_id04582_wavtolip.mp4
id00062,id04221,faceswap,faceswap-wav2lip,D,FakeVideo-FakeAudio,Caucasian (American),men,00278_id04221_5XfsCrxGvj4_faceswap_id00264_wavtolip.mp4,FakeAVCeleb/FakeVideo-FakeAudio/Caucasian (American)/men/id00062,FakeAVCeleb_v1.2/FakeVideo-FakeAudio/Caucasian (American)/men/id00062/00278_id04221_5XfsCrxGvj4_faceswap_id00264_wavtolip.mp4,../data/raw/FakeAVCeleb_v1.2/FakeVideo-FakeAudio/Caucasian (American)/men/id00062/00278_id04221_5XfsCrxGvj4_faceswap_id00264_wavtolip.mp4
id00634,id03589,id00569,fsgan-wav2lip,D,FakeVideo-FakeAudio,Caucasian (European),women,00078_id03589_9NxOQlwpMys_id00569_wavtolip.mp4,FakeAVCeleb/FakeVideo-FakeAudio/Caucasian (European)/women/id00634,FakeAVCeleb_v1.2/FakeVideo-FakeAudio/Caucasian (European)/women/id00634/00078_id03589_9NxOQlwpMys_id00569_wavtolip.mp4,../data/raw/FakeAVCeleb_v1.2/FakeVideo-FakeAudio/Caucasian (European)/women/id00634/00078_id03589_9NxOQlwpMys_id00569_wavtolip.mp4
id00186,id00185,-,wav2lip,D,FakeVideo-FakeAudio,Caucasian (European),men,00120_id00185_wavtolip.mp4,FakeAVCeleb/FakeVideo-FakeAudio/Caucasian (European)/men/id00186,FakeAVCeleb_v1.2/FakeVideo-FakeAudio/Caucasian (European)/men/id00186/00120_id00185_wavtolip.mp4,../data/raw/FakeAVCeleb_v1.2/FakeVideo-FakeAudio/Caucasian (European)/men/id00186/00120_id00185_wavtolip.mp4
id01210,id00708,-,wav2lip,D,FakeVideo-FakeAudio,Caucasian (American),men,00283_id00708_wavtolip.mp4,FakeAVCeleb/FakeVideo-FakeAudio/Caucasian (American)/men/id01210,FakeAVCeleb_v1.2/FakeVideo-FakeAudio/Caucasian (American)/men/id01210/00283_id00708_wavtolip.mp4,../data/raw/FakeAVCeleb_v1.2/FakeVideo-FakeAudio/Caucasian (American)/men/id01210/00283_id00708_wavtolip.mp4
id03816,id03941,id03649,fsgan-wav2lip,D,FakeVideo-FakeAudio,Caucasian (European),women,00093_id03941_SsYtP8Ze88Q_id03649_wavtolip.mp4,FakeAVCeleb/FakeVideo-FakeAudio/Caucasian (European)/women/id03816,FakeAVCeleb_v1.2/FakeVideo-FakeAudio/Caucasian (European)/women/id03816/00093_id03941_SsYtP8Ze88Q_id03649_wavtolip.mp4,../data/raw/FakeAVCeleb_v1.2/FakeVideo-FakeAudio/Caucasian (European)/women/id03816/00093_id03941_SsYtP8Ze88Q_id03649_wavtolip.mp4
id06232,id03559,faceswap,faceswap-wav2lip,D,FakeVideo-FakeAudio,Asian (South),women,00025_id03559_pgetxl1qbzM_faceswap_id05845_wavtolip.mp4,FakeAVCeleb/FakeVideo-FakeAudio/Asian (South)/women/id06232,FakeAVCeleb_v1.2/FakeVideo-FakeAudio/Asian (South)/women/id06232/00025_id03559_pgetxl1qbzM_faceswap_id05845_wavtolip.mp4,../data/raw/FakeAVCeleb_v1.2/FakeVideo-FakeAudio/Asian (South)/women/id06232/00025_id03559_pgetxl1qbzM_faceswap_id05845_wavtolip.mp4
id01076,id04727,-,wav2lip,D,FakeVideo-FakeAudio,African,men,00005_id04727_wavtolip.mp4,FakeAVCeleb/FakeVideo-FakeAudio/African/men/id01076,FakeAVCeleb_v1.2/FakeVideo-FakeAudio/African/men/id01076/00005_id04727_wavtolip.mp4,../data/raw/FakeAVCeleb_v1.2/FakeVideo-FakeAudio/African/men/id01076/00005_id04727_wavtolip.mp4
id08613,id06470,-,faceswap-wav2lip,D,FakeVideo-FakeAudio,Asian (East),men,00074_id06470_wavtolip.mp4,FakeAVCeleb/FakeVideo-FakeAudio/Asian (East)/men/id08613,FakeAVCeleb_v1.2/FakeVideo-FakeAudio/Asian (East)/men/id08613/00074_id06470_wavtolip.mp4,../data/raw/FakeAVCeleb_v1.2/FakeVideo-FakeAudio/Asian (East)/men/id08613/00074_id06470_wavtolip.mp4
id08314,id00459,-,wav2lip,D,FakeVideo-FakeAudio,Asian (South),men,00028_id00459_wavtolip.mp4,FakeAVCeleb/FakeVideo-FakeAudio/Asian (South)/men/id08314,FakeAVCeleb_v1.2/FakeVideo-FakeAudio/Asian (South)/men/id08314/00028_id00459_wavtolip.mp4,../data/raw/FakeAVCeleb_v1.2/FakeVideo-FakeAudio/Asian (South)/men/id08314/00028_id00459_wavtolip.mp4
id01211,id01042,-,wav2lip,D,FakeVideo-FakeAudio,Caucasian (American),men,00023_id01042_wavtolip.mp4,FakeAVCeleb/FakeVideo-FakeAudio/Caucasian (American)/men/id01211,FakeAVCeleb_v1.2/FakeVideo-FakeAudio/Caucasian (American)/men/id01211/00023_id01042_wavtolip.mp4,../data/raw/FakeAVCeleb_v1.2/FakeVideo-FakeAudio/Caucasian (American)/men/id01211/00023_id01042_wavtolip.mp4
id04687,id02493,faceswap,faceswap-wav2lip,D,FakeVideo-FakeAudio,Asian (East),men,00066_id02493_zYAm6W46Mcg_faceswap_id04726_wavtolip.mp4,FakeAVCeleb/FakeVideo-FakeAudio/Asian (East)/men/id04687,FakeAVCeleb_v1.2/FakeVideo-FakeAudio/Asian (East)/men/id04687/00066_id02493_zYAm6W46Mcg_faceswap_id04726_wavtolip.mp4,../data/raw/FakeAVCeleb_v1.2/FakeVideo-FakeAudio/Asian (East)/men/id04687/00066_id02493_zYAm6W46Mcg_faceswap_id04726_wavtolip.mp4
id00826,id00806,-,wav2lip,D,FakeVideo-FakeAudio,Caucasian (European),women,00065_id00806_wavtolip.mp4,FakeAVCeleb/FakeVideo-FakeAudio/Caucasian (European)/women/id00826,FakeAVCeleb_v1.2/FakeVideo-FakeAudio/Caucasian (European)/women/id00826/00065_id00806_wavtolip.mp4,../data/raw/FakeAVCeleb_v1.2/FakeVideo-FakeAudio/Caucasian (European)/women/id00826/00065_id00806_wavtolip.mp4
id02466,id00190,-,wav2lip,D,FakeVideo-FakeAudio,Caucasian (American),women,00136_id00190_wavtolip.mp4,FakeAVCeleb/FakeVideo-FakeAudio/Caucasian (American)/women/id02466,FakeAVCeleb_v1.2/FakeVideo-FakeAudio/Caucasian (American)/women/id02466/00136_id00190_wavtolip.mp4,../data/raw/FakeAVCeleb_v1.2/FakeVideo-FakeAudio/Caucasian (American)/women/id02466/00136_id00190_wavtolip.mp4
id07108,id00773,id07182,fsgan-wav2lip,D,FakeVideo-FakeAudio,Asian (South),men,00412_id00773_2j3lUETJ57I_id07182_wavtolip.mp4,FakeAVCeleb/FakeVideo-FakeAudio/Asian (South)/men/id07108,FakeAVCeleb_v1.2/FakeVideo-FakeAudio/Asian (South)/men/id07108/00412_id00773_2j3lUETJ57I_id07182_wavtolip.mp4,../data/raw/FakeAVCeleb_v1.2/FakeVideo-FakeAudio/Asian (South)/men/id07108/00412_id00773_2j3lUETJ57I_id07182_wavtolip.mp4
id01783,id04705,-,faceswap-wav2lip,D,FakeVideo-FakeAudio,African,women,00015_id04705_wavtolip.mp4,FakeAVCeleb/FakeVideo-FakeAudio/African/women/id01783,FakeAVCeleb_v1.2/FakeVideo-FakeAudio/African/women/id01783/00015_id04705_wavtolip.mp4,../data/raw/FakeAVCeleb_v1.2/FakeVideo-FakeAudio/African/women/id01783/00015_id04705_wavtolip.mp4
id00415,id00192,faceswap,faceswap-wav2lip,D,FakeVideo-FakeAudio,Caucasian (European),men,00017_id00192_By3wxX0dyDw_faceswap_id01154_wavtolip.mp4,FakeAVCeleb/FakeVideo-FakeAudio/Caucasian (European)/men/id00415,FakeAVCeleb_v1.2/FakeVideo-FakeAudio/Caucasian (European)/men/id00415/00017_id00192_By3wxX0dyDw_faceswap_id01154_wavtolip.mp4,../data/raw/FakeAVCeleb_v1.2/FakeVideo-FakeAudio/Caucasian (European)/men/id00415/00017_id00192_By3wxX0dyDw_faceswap_id01154_wavtolip.mp4
id06158,id00763,-,wav2lip,D,FakeVideo-FakeAudio,Asian (East),women,00015_id00763_wavtolip.mp4,FakeAVCeleb/FakeVideo-FakeAudio/Asian (East)/women/id06158,FakeAVCeleb_v1.2/FakeVideo-FakeAudio/Asian (East)/women/id06158/00015_id00763_wavtolip.mp4,../data/raw/FakeAVCeleb_v1.2/FakeVideo-FakeAudio/Asian (East)/women/id06158/00015_id00763_wavtolip.mp4
id00592,id01907,id04689,fsgan-wav2lip,D,FakeVideo-FakeAudio,African,women,00017_id01907_LBcRkuRq0uY_id04689_wavtolip.mp4,FakeAVCeleb/FakeVideo-FakeAudio/African/women/id00592,FakeAVCeleb_v1.2/FakeVideo-FakeAudio/African/women/id00592/00017_id01907_LBcRkuRq0uY_id04689_wavtolip.mp4,../data/raw/FakeAVCeleb_v1.2/FakeVideo-FakeAudio/African/women/id00592/00017_id01907_LBcRkuRq0uY_id04689_wavtolip.mp4
id07039,id06158,-,wav2lip,D,FakeVideo-FakeAudio,Asian (East),women,00105_id06158_wavtolip.mp4,FakeAVCeleb/FakeVideo-FakeAudio/Asian (East)/women/id07039,FakeAVCeleb_v1.2/FakeVideo-FakeAudio/Asian (East)/women/id07039/00105_id06158_wavtolip.mp4,../data/raw/FakeAVCeleb_v1.2/FakeVideo-FakeAudio/Asian (East)/women/id07039/00105_id06158_wavtolip.mp4
id09174,id02587,8j0,faceswap-wav2lip,D,FakeVideo-FakeAudio,Asian (East),women,00015_id02587_KzwJPH5_8j0_faceswap_id09181_wavtolip.mp4,FakeAVCeleb/FakeVideo-FakeAudio/Asian (East)/women/id09174,FakeAVCeleb_v1.2/FakeVideo-FakeAudio/Asian (East)/women/id09174/00015_id02587_KzwJPH5_8j0_faceswap_id09181_wavtolip.mp4,../data/raw/FakeAVCeleb_v1.2/FakeVideo-FakeAudio/Asian (East)/women/id09174/00015_id02587_KzwJPH5_8j0_faceswap_id09181_wavtolip.mp4
id04736,id02508,-,wav2lip,D,FakeVideo-FakeAudio,African,women,00083_id02508_wavtolip.mp4,FakeAVCeleb/FakeVideo-FakeAudio/African/women/id04736,FakeAVCeleb_v1.2/FakeVideo-FakeAudio/African/women/id04736/00083_id02508_wavtolip.mp4,../data/raw/FakeAVCeleb_v1.2/FakeVideo-FakeAudio/African/women/id04736/00083_id02508_wavtolip.mp4
id01044,id01192,id01172,fsgan-wav2lip,D,FakeVideo-FakeAudio,Caucasian (American),men,00336_id01192_kAht8HG7-1s_id01172_wavtolip.mp4,FakeAVCeleb/FakeVideo-FakeAudio/Caucasian (American)/men/id01044,FakeAVCeleb_v1.2/FakeVideo-FakeAudio/Caucasian (American)/men/id01044/00336_id01192_kAht8HG7-1s_id01172_wavtolip.mp4,../data/raw/FakeAVCeleb_v1.2/FakeVideo-FakeAudio/Caucasian (American)/men/id01044/00336_id01192_kAht8HG7-1s_id01172_wavtolip.mp4
id00183,id00520,id00981,fsgan-wav2lip,D,FakeVideo-FakeAudio,Caucasian (European),men,00015_id00520_dOAxKi1t6GI_id00981_wavtolip.mp4,FakeAVCeleb/FakeVideo-FakeAudio/Caucasian (European)/men/id00183,FakeAVCeleb_v1.2/FakeVideo-FakeAudio/Caucasian (European)/men/id00183/00015_id00520_dOAxKi1t6GI_id00981_wavtolip.mp4,../data/raw/FakeAVCeleb_v1.2/FakeVideo-FakeAudio/Caucasian (European)/men/id00183/00015_id00520_dOAxKi1t6GI_id00981_wavtolip.mp4
id01036,id01207,-,wav2lip,D,FakeVideo-FakeAudio,African,men,00010_id01207_wavtolip.mp4,FakeAVCeleb/FakeVideo-FakeAudio/African/men/id01036,FakeAVCeleb_v1.2/FakeVideo-FakeAudio/African/men/id01036/00010_id01207_wavtolip.mp4,../data/raw/FakeAVCeleb_v1.2/FakeVideo-FakeAudio/African/men/id01036/00010_id01207_wavtolip.mp4
id00088,id00020,-,wav2lip,D,FakeVideo-FakeAudio,Caucasian (American),men,00005_id00020_wavtolip.mp4,FakeAVCeleb/FakeVideo-FakeAudio/Caucasian (American)/men/id00088,FakeAVCeleb_v1.2/FakeVideo-FakeAudio/Caucasian (American)/men/id00088/00005_id00020_wavtolip.mp4,../data/raw/FakeAVCeleb_v1.2/FakeVideo-FakeAudio/Caucasian (American)/men/id00088/00005_id00020_wavtolip.mp4
id00395,id00581,id00591,fsgan-wav2lip,D,FakeVideo-FakeAudio,Caucasian (European),women,00420_id00581_7AxvP19LGKg_id00591_wavtolip.mp4,FakeAVCeleb/FakeVideo-FakeAudio/Caucasian (European)/women/id00395,FakeAVCeleb_v1.2/FakeVideo-FakeAudio/Caucasian (European)/women/id00395/00420_id00581_7AxvP19LGKg_id00591_wavtolip.mp4,../data/raw/FakeAVCeleb_v1.2/FakeVideo-FakeAudio/Caucasian (European)/women/id00395/00420_id00581_7AxvP19LGKg_id00591_wavtolip.mp4
id03716,id00330,-,wav2lip,D,FakeVideo-FakeAudio,Caucasian (European),women,00040_id00330_wavtolip.mp4,FakeAVCeleb/FakeVideo-FakeAudio/Caucasian (European)/women/id03716,FakeAVCeleb_v1.2/FakeVideo-FakeAudio/Caucasian (European)/women/id03716/00040_id00330_wavtolip.mp4,../data/raw/FakeAVCeleb_v1.2/FakeVideo-FakeAudio/Caucasian (European)/women/id03716/00040_id00330_wavtolip.mp4
id00103,id07195,-,wav2lip,D,FakeVideo-FakeAudio,Asian (South),men,00241_id07195_wavtolip.mp4,FakeAVCeleb/FakeVideo-FakeAudio/Asian (South)/men/id00103,FakeAVCeleb_v1.2/FakeVideo-FakeAudio/Asian (South)/men/id00103/00241_id07195_wavtolip.mp4,../data/raw/FakeAVCeleb_v1.2/FakeVideo-FakeAudio/Asian (South)/men/id00103/00241_id07195_wavtolip.mp4
id00029,id00971,-,wav2lip,D,FakeVideo-FakeAudio,Caucasian (American),men,00288_id00971_wavtolip.mp4,FakeAVCeleb/FakeVideo-FakeAudio/Caucasian (American)/men/id00029,FakeAVCeleb_v1.2/FakeVideo-FakeAudio/Caucasian (American)/men/id00029/00288_id00971_wavtolip.mp4,../data/raw/FakeAVCeleb_v1.2/FakeVideo-FakeAudio/Caucasian (American)/men/id00029/00288_id00971_wavtolip.mp4
id04526,id07768,id07210,fsgan-wav2lip,D,FakeVideo-FakeAudio,Asian (South),men,00317_id07768_mD6x-0ihLOI_id07210_wavtolip.mp4,FakeAVCeleb/FakeVideo-FakeAudio/Asian (South)/men/id04526,FakeAVCeleb_v1.2/FakeVideo-FakeAudio/Asian (South)/men/id04526/00317_id07768_mD6x-0ihLOI_id07210_wavtolip.mp4,../data/raw/FakeAVCeleb_v1.2/FakeVideo-FakeAudio/Asian (South)/men/id04526/00317_id07768_mD6x-0ihLOI_id07210_wavtolip.mp4
id08652,id00863,-,wav2lip,D,FakeVideo-FakeAudio,Asian (East),men,00006_id00863_wavtolip.mp4,FakeAVCeleb/FakeVideo-FakeAudio/Asian (East)/men/id08652,FakeAVCeleb_v1.2/FakeVideo-FakeAudio/Asian (East)/men/id08652/00006_id00863_wavtolip.mp4,../data/raw/FakeAVCeleb_v1.2/FakeVideo-FakeAudio/Asian (East)/men/id08652/00006_id00863_wavtolip.mp4
id01972,2,-,faceswap-wav2lip,D,FakeVideo-FakeAudio,African,men,00078_2_id01597_wavtolip.mp4,FakeAVCeleb/FakeVideo-FakeAudio/African/men/id01972,FakeAVCeleb_v1.2/FakeVideo-FakeAudio/African/men/id01972/00078_2_id01597_wavtolip.mp4,../data/raw/FakeAVCeleb_v1.2/FakeVideo-FakeAudio/African/men/id01972/00078_2_id01597_wavtolip.mp4
id00519,id00498,-,wav2lip,D,FakeVideo-FakeAudio,Caucasian (European),men,00028_id00498_wavtolip.mp4,FakeAVCeleb/FakeVideo-FakeAudio/Caucasian (European)/men/id00519,FakeAVCeleb_v1.2/FakeVideo-FakeAudio/Caucasian (European)/men/id00519/00028_id00498_wavtolip.mp4,../data/raw/FakeAVCeleb_v1.2/FakeVideo-FakeAudio/Caucasian (European)/men/id00519/00028_id00498_wavtolip.mp4
id00680,id01005,id00842,fsgan-wav2lip,D,FakeVideo-FakeAudio,Caucasian (American),women,00110_id01005_lJZrqhcRFSA_id00842_wavtolip.mp4,FakeAVCeleb/FakeVideo-FakeAudio/Caucasian (American)/women/id00680,FakeAVCeleb_v1.2/FakeVideo-FakeAudio/Caucasian (American)/women/id00680/00110_id01005_lJZrqhcRFSA_id00842_wavtolip.mp4,../data/raw/FakeAVCeleb_v1.2/FakeVideo-FakeAudio/Caucasian (American)/women/id00680/00110_id01005_lJZrqhcRFSA_id00842_wavtolip.mp4
id00460,id00577,-,wav2lip,D,FakeVideo-FakeAudio,African,women,00005_id00577_wavtolip.mp4,FakeAVCeleb/FakeVideo-FakeAudio/African/women/id00460,FakeAVCeleb_v1.2/FakeVideo-FakeAudio/African/women/id00460/00005_id00577_wavtolip.mp4,../data/raw/FakeAVCeleb_v1.2/FakeVideo-FakeAudio/African/women/id00460/00005_id00577_wavtolip.mp4
id00535,id00709,id00990,fsgan-wav2lip,D,FakeVideo-FakeAudio,Caucasian (European),men,00005_id00709_Rh23ELMGsIQ_id00990_wavtolip.mp4,FakeAVCeleb/FakeVideo-FakeAudio/Caucasian (European)/men/id00535,FakeAVCeleb_v1.2/FakeVideo-FakeAudio/Caucasian (European)/men/id00535/00005_id00709_Rh23ELMGsIQ_id00990_wavtolip.mp4,../data/raw/FakeAVCeleb_v1.2/FakeVideo-FakeAudio/Caucasian (European)/men/id00535/00005_id00709_Rh23ELMGsIQ_id00990_wavtolip.mp4
id00594,id00055,-,wav2lip,D,FakeVideo-FakeAudio,Caucasian (European),men,00005_id00055_wavtolip.mp4,FakeAVCeleb/FakeVideo-FakeAudio/Caucasian (European)/men/id00594,FakeAVCeleb_v1.2/FakeVideo-FakeAudio/Caucasian (European)/men/id00594/00005_id00055_wavtolip.mp4,../data/raw/FakeAVCeleb_v1.2/FakeVideo-FakeAudio/Caucasian (European)/men/id00594/00005_id00055_wavtolip.mp4
id04216,id00052,-,wav2lip,D,FakeVideo-FakeAudio,Caucasian (American),men,00470_id00052_wavtolip.mp4,FakeAVCeleb/FakeVideo-FakeAudio/Caucasian (American)/men/id04216,FakeAVCeleb_v1.2/FakeVideo-FakeAudio/Caucasian (American)/men/id04216/00470_id00052_wavtolip.mp4,../data/raw/FakeAVCeleb_v1.2/FakeVideo-FakeAudio/Caucasian (American)/men/id04216/00470_id00052_wavtolip.mp4
id08397,id08397,-,wav2lip,D,FakeVideo-FakeAudio,Asian (East),women,00167_id08397_wavtolip.mp4,FakeAVCeleb/FakeVideo-FakeAudio/Asian (East)/women/id08397,FakeAVCeleb_v1.2/FakeVideo-FakeAudio/Asian (East)/women/id08397/00167_id08397_wavtolip.mp4,../data/raw/FakeAVCeleb_v1.2/FakeVideo-FakeAudio/Asian (East)/women/id08397/00167_id08397_wavtolip.mp4
id05576,id08819,id09116,fsgan-wav2lip,D,FakeVideo-FakeAudio,Asian (East),women,00368_id08819_uDQ-DFVg5Sk_id09116_wavtolip.mp4,FakeAVCeleb/FakeVideo-FakeAudio/Asian (East)/women/id05576,FakeAVCeleb_v1.2/FakeVideo-FakeAudio/Asian (East)/women/id05576/00368_id08819_uDQ-DFVg5Sk_id09116_wavtolip.mp4,../data/raw/FakeAVCeleb_v1.2/FakeVideo-FakeAudio/Asian (East)/women/id05576/00368_id08819_uDQ-DFVg5Sk_id09116_wavtolip.mp4
id05252,id01178,faceswap,faceswap-wav2lip,D,FakeVideo-FakeAudio,African,women,00052_id01178_6XpgYMiKxhc_faceswap_id02824_wavtolip.mp4,FakeAVCeleb/FakeVideo-FakeAudio/African/women/id05252,FakeAVCeleb_v1.2/FakeVideo-FakeAudio/African/women/id05252/00052_id01178_6XpgYMiKxhc_faceswap_id02824_wavtolip.mp4,../data/raw/FakeAVCeleb_v1.2/FakeVideo-FakeAudio/African/women/id05252/00052_id01178_6XpgYMiKxhc_faceswap_id02824_wavtolip.mp4
id04691,2,-,faceswap-wav2lip,D,FakeVideo-FakeAudio,Asian (East),men,1_2_id07102_wavtolip.mp4,FakeAVCeleb/FakeVideo-FakeAudio/Asian (East)/men/id04691,FakeAVCeleb_v1.2/FakeVideo-FakeAudio/Asian (East)/men/id04691/1_2_id07102_wavtolip.mp4,../data/raw/FakeAVCeleb_v1.2/FakeVideo-FakeAudio/Asian (East)/men/id04691/1_2_id07102_wavtolip.mp4
id03556,id00291,SLT-j82Ms,fsgan-wav2lip,D,FakeVideo-FakeAudio,Caucasian (American),women,00043_id00291_L_SLT-j82Ms_id01225_wavtolip.mp4,FakeAVCeleb/FakeVideo-FakeAudio/Caucasian (American)/women/id03556,FakeAVCeleb_v1.2/FakeVideo-FakeAudio/Caucasian (American)/women/id03556/00043_id00291_L_SLT-j82Ms_id01225_wavtolip.mp4,../data/raw/FakeAVCeleb_v1.2/FakeVideo-FakeAudio/Caucasian (American)/women/id03556/00043_id00291_L_SLT-j82Ms_id01225_wavtolip.mp4
id02493,id06467,id09053,fsgan-wav2lip,D,FakeVideo-FakeAudio,Asian (East),men,00073_id06467_bN8jVda0Byw_id09053_wavtolip.mp4,FakeAVCeleb/FakeVideo-FakeAudio/Asian (East)/men/id02493,FakeAVCeleb_v1.2/FakeVideo-FakeAudio/Asian (East)/men/id02493/00073_id06467_bN8jVda0Byw_id09053_wavtolip.mp4,../data/raw/FakeAVCeleb_v1.2/FakeVideo-FakeAudio/Asian (East)/men/id02493/00073_id06467_bN8jVda0Byw_id09053_wavtolip.mp4
id00806,id00328,-,wav2lip,D,FakeVideo-FakeAudio,Caucasian (European),women,00005_id00328_wavtolip.mp4,FakeAVCeleb/FakeVideo-FakeAudio/Caucasian (European)/women/id00806,FakeAVCeleb_v1.2/FakeVideo-FakeAudio/Caucasian (European)/women/id00806/00005_id00328_wavtolip.mp4,../data/raw/FakeAVCeleb_v1.2/FakeVideo-FakeAudio/Caucasian (European)/women/id00806/00005_id00328_wavtolip.mp4
id01211,id00049,-,wav2lip,D,FakeVideo-FakeAudio,Caucasian (American),men,00023_id00049_wavtolip.mp4,FakeAVCeleb/FakeVideo-FakeAudio/Caucasian (American)/men/id01211,FakeAVCeleb_v1.2/FakeVideo-FakeAudio/Caucasian (American)/men/id01211/00023_id00049_wavtolip.mp4,../data/raw/FakeAVCeleb_v1.2/FakeVideo-FakeAudio/Caucasian (American)/men/id01211/00023_id00049_wavtolip.mp4
id04219,id00018,faceswap,faceswap-wav2lip,D,FakeVideo-FakeAudio,Caucasian (American),men,00130_id00018_sap-FjURHlc_faceswap_id00777_wavtolip.mp4,FakeAVCeleb/FakeVideo-FakeAudio/Caucasian (American)/men/id04219,FakeAVCeleb_v1.2/FakeVideo-FakeAudio/Caucasian (American)/men/id04219/00130_id00018_sap-FjURHlc_faceswap_id00777_wavtolip.mp4,../data/raw/FakeAVCeleb_v1.2/FakeVideo-FakeAudio/Caucasian (American)/men/id04219/00130_id00018_sap-FjURHlc_faceswap_id00777_wavtolip.mp4
id01042,id00775,id01105,fsgan-wav2lip,D,FakeVideo-FakeAudio,Caucasian (American),men,00154_id00775_yeCUxHgUHxc_id01105_wavtolip.mp4,FakeAVCeleb/FakeVideo-FakeAudio/Caucasian (American)/men/id01042,FakeAVCeleb_v1.2/FakeVideo-FakeAudio/Caucasian (American)/men/id01042/00154_id00775_yeCUxHgUHxc_id01105_wavtolip.mp4,../data/raw/FakeAVCeleb_v1.2/FakeVideo-FakeAudio/Caucasian (American)/men/id01042/00154_id00775_yeCUxHgUHxc_id01105_wavtolip.mp4
id02005,id00830,-,wav2lip,D,FakeVideo-FakeAudio,African,men,00052_id00830_wavtolip.mp4,FakeAVCeleb/FakeVideo-FakeAudio/African/men/id02005,FakeAVCeleb_v1.2/FakeVideo-FakeAudio/African/men/id02005/00052_id00830_wavtolip.mp4,../data/raw/FakeAVCeleb_v1.2/FakeVideo-FakeAudio/African/men/id02005/00052_id00830_wavtolip.mp4
id04560,id00816,-,wav2lip,D,FakeVideo-FakeAudio,Asian (South),men,00195_id00816_wavtolip.mp4,FakeAVCeleb/FakeVideo-FakeAudio/Asian (South)/men/id04560,FakeAVCeleb_v1.2/FakeVideo-FakeAudio/Asian (South)/men/id04560/00195_id00816_wavtolip.mp4,../data/raw/FakeAVCeleb_v1.2/FakeVideo-FakeAudio/Asian (South)/men/id04560/00195_id00816_wavtolip.mp4
id00559,id00694,-,wav2lip,D,FakeVideo-FakeAudio,Caucasian (European),men,00078_id00694_wavtolip.mp4,FakeAVCeleb/FakeVideo-FakeAudio/Caucasian (European)/men/id00559,FakeAVCeleb_v1.2/FakeVideo-FakeAudio/Caucasian (European)/men/id00559/00078_id00694_wavtolip.mp4,../data/raw/FakeAVCeleb_v1.2/FakeVideo-FakeAudio/Caucasian (European)/men/id00559/00078_id00694_wavtolip.mp4
id02301,id00829,faceswap,faceswap-wav2lip,D,FakeVideo-FakeAudio,African,women,00092_id00829_aMEvVaUBq2Y_faceswap_id02508_wavtolip.mp4,FakeAVCeleb/FakeVideo-FakeAudio/African/women/id02301,FakeAVCeleb_v1.2/FakeVideo-FakeAudio/African/women/id02301/00092_id00829_aMEvVaUBq2Y_faceswap_id02508_wavtolip.mp4,../data/raw/FakeAVCeleb_v1.2/FakeVideo-FakeAudio/African/women/id02301/00092_id00829_aMEvVaUBq2Y_faceswap_id02508_wavtolip.mp4
id00042,id00325,faceswap,faceswap-wav2lip,D,FakeVideo-FakeAudio,Caucasian (European),women,00028_id00325_4vJtbNe0L98_faceswap_id00325_wavtolip.mp4,FakeAVCeleb/FakeVideo-FakeAudio/Caucasian (European)/women/id00042,FakeAVCeleb_v1.2/FakeVideo-FakeAudio/Caucasian (European)/women/id00042/00028_id00325_4vJtbNe0L98_faceswap_id00325_wavtolip.mp4,../data/raw/FakeAVCeleb_v1.2/FakeVideo-FakeAudio/Caucasian (European)/women/id00042/00028_id00325_4vJtbNe0L98_faceswap_id00325_wavtolip.mp4
id01610,id01076,-,wav2lip,D,FakeVideo-FakeAudio,African,men,00090_id01076_wavtolip.mp4,FakeAVCeleb/FakeVideo-FakeAudio/African/men/id01610,FakeAVCeleb_v1.2/FakeVideo-FakeAudio/African/men/id01610/00090_id01076_wavtolip.mp4,../data/raw/FakeAVCeleb_v1.2/FakeVideo-FakeAudio/African/men/id01610/00090_id01076_wavtolip.mp4
id00418,id00842,jwlpdZvqus,fsgan-wav2lip,D,FakeVideo-FakeAudio,Caucasian (American),women,00052_id00842__jwlpdZvqus_id01231_wavtolip.mp4,FakeAVCeleb/FakeVideo-FakeAudio/Caucasian (American)/women/id00418,FakeAVCeleb_v1.2/FakeVideo-FakeAudio/Caucasian (American)/women/id00418/00052_id00842__jwlpdZvqus_id01231_wavtolip.mp4,../data/raw/FakeAVCeleb_v1.2/FakeVideo-FakeAudio/Caucasian (American)/women/id00418/00052_id00842__jwlpdZvqus_id01231_wavtolip.mp4
id00179,id00087,-,wav2lip,D,FakeVideo-FakeAudio,Caucasian (American),men,00143_id00087_wavtolip.mp4,FakeAVCeleb/FakeVideo-FakeAudio/Caucasian (American)/men/id00179,FakeAVCeleb_v1.2/FakeVideo-FakeAudio/Caucasian (American)/men/id00179/00143_id00087_wavtolip.mp4,../data/raw/FakeAVCeleb_v1.2/FakeVideo-FakeAudio/Caucasian (American)/men/id00179/00143_id00087_wavtolip.mp4
id01691,id01779,faceswap,faceswap-wav2lip,D,FakeVideo-FakeAudio,African,men,00045_id01779_HgyHpDEo_jk_faceswap_id02040_wavtolip.mp4,FakeAVCeleb/FakeVideo-FakeAudio/African/men/id01691,FakeAVCeleb_v1.2/FakeVideo-FakeAudio/African/men/id01691/00045_id01779_HgyHpDEo_jk_faceswap_id02040_wavtolip.mp4,../data/raw/FakeAVCeleb_v1.2/FakeVideo-FakeAudio/African/men/id01691/00045_id01779_HgyHpDEo_jk_faceswap_id02040_wavtolip.mp4
id00999,id00225,-,wav2lip,D,FakeVideo-FakeAudio,Caucasian (European),men,00028_id00225_wavtolip.mp4,FakeAVCeleb/FakeVideo-FakeAudio/Caucasian (European)/men/id00999,FakeAVCeleb_v1.2/FakeVideo-FakeAudio/Caucasian (European)/men/id00999/00028_id00225_wavtolip.mp4,../data/raw/FakeAVCeleb_v1.2/FakeVideo-FakeAudio/Caucasian (European)/men/id00999/00028_id00225_wavtolip.mp4
id00056,id07102,faceswap,faceswap-wav2lip,D,FakeVideo-FakeAudio,Asian (East),men,00028_id07102_4gKPlwvjpsI_faceswap_id04691_wavtolip.mp4,FakeAVCeleb/FakeVideo-FakeAudio/Asian (East)/men/id00056,FakeAVCeleb_v1.2/FakeVideo-FakeAudio/Asian (East)/men/id00056/00028_id07102_4gKPlwvjpsI_faceswap_id04691_wavtolip.mp4,../data/raw/FakeAVCeleb_v1.2/FakeVideo-FakeAudio/Asian (East)/men/id00056/00028_id07102_4gKPlwvjpsI_faceswap_id04691_wavtolip.mp4
id00763,id00935,-,wav2lip,D,FakeVideo-FakeAudio,Asian (East),women,00074_id00935_wavtolip.mp4,FakeAVCeleb/FakeVideo-FakeAudio/Asian (East)/women/id00763,FakeAVCeleb_v1.2/FakeVideo-FakeAudio/Asian (East)/women/id00763/00074_id00935_wavtolip.mp4,../data/raw/FakeAVCeleb_v1.2/FakeVideo-FakeAudio/Asian (East)/women/id00763/00074_id00935_wavtolip.mp4
id03569,id00220,faceswap,faceswap-wav2lip,D,FakeVideo-FakeAudio,African,women,00065_id00220_WlHLlTQKj8g_faceswap_id00220_wavtolip.mp4,FakeAVCeleb/FakeVideo-FakeAudio/African/women/id03569,FakeAVCeleb_v1.2/FakeVideo-FakeAudio/African/women/id03569/00065_id00220_WlHLlTQKj8g_faceswap_id00220_wavtolip.mp4,../data/raw/FakeAVCeleb_v1.2/FakeVideo-FakeAudio/African/women/id03569/00065_id00220_WlHLlTQKj8g_faceswap_id00220_wavtolip.mp4
id00735,id00826,-,wav2lip,D,FakeVideo-FakeAudio,Caucasian (European),women,00037_id00826_wavtolip.mp4,FakeAVCeleb/FakeVideo-FakeAudio/Caucasian (European)/women/id00735,FakeAVCeleb_v1.2/FakeVideo-FakeAudio/Caucasian (European)/women/id00735/00037_id00826_wavtolip.mp4,../data/raw/FakeAVCeleb_v1.2/FakeVideo-FakeAudio/Caucasian (European)/women/id00735/00037_id00826_wavtolip.mp4
id05268,id00740,-,faceswap-wav2lip,D,FakeVideo-FakeAudio,Asian (East),men,00010_id00740_wavtolip.mp4,FakeAVCeleb/FakeVideo-FakeAudio/Asian (East)/men/id05268,FakeAVCeleb_v1.2/FakeVideo-FakeAudio/Asian (East)/men/id05268/00010_id00740_wavtolip.mp4,../data/raw/FakeAVCeleb_v1.2/FakeVideo-FakeAudio/Asian (East)/men/id05268/00010_id00740_wavtolip.mp4
id01098,id00498,-,wav2lip,D,FakeVideo-FakeAudio,Caucasian (European),men,00044_id00498_wavtolip.mp4,FakeAVCeleb/FakeVideo-FakeAudio/Caucasian (European)/men/id01098,FakeAVCeleb_v1.2/FakeVideo-FakeAudio/Caucasian (European)/men/id01098/00044_id00498_wavtolip.mp4,../data/raw/FakeAVCeleb_v1.2/FakeVideo-FakeAudio/Caucasian (European)/men/id01098/00044_id00498_wavtolip.mp4
id03897,id02619,-,wav2lip,D,FakeVideo-FakeAudio,Asian (South),women,00021_id02619_wavtolip.mp4,FakeAVCeleb/FakeVideo-FakeAudio/Asian (South)/women/id03897,FakeAVCeleb_v1.2/FakeVideo-FakeAudio/Asian (South)/women/id03897/00021_id02619_wavtolip.mp4,../data/raw/FakeAVCeleb_v1.2/FakeVideo-FakeAudio/Asian (South)/women/id03897/00021_id02619_wavtolip.mp4
id00185,id00594,faceswap,faceswap-wav2lip,D,FakeVideo-FakeAudio,Caucasian (European),men,00015_id00594_2WHHoksbeVw_faceswap_id00183_wavtolip.mp4,FakeAVCeleb/FakeVideo-FakeAudio/Caucasian (European)/men/id00185,FakeAVCeleb_v1.2/FakeVideo-FakeAudio/Caucasian (European)/men/id00185/00015_id00594_2WHHoksbeVw_faceswap_id00183_wavtolip.mp4,../data/raw/FakeAVCeleb_v1.2/FakeVideo-FakeAudio/Caucasian (European)/men/id00185/00015_id00594_2WHHoksbeVw_faceswap_id00183_wavtolip.mp4
id00328,id00484,faceswap,faceswap-wav2lip,D,FakeVideo-FakeAudio,Caucasian (European),women,00092_id00484_u7YTz8eFZv0_faceswap_id01002_wavtolip.mp4,FakeAVCeleb/FakeVideo-FakeAudio/Caucasian (European)/women/id00328,FakeAVCeleb_v1.2/FakeVideo-FakeAudio/Caucasian (European)/women/id00328/00092_id00484_u7YTz8eFZv0_faceswap_id01002_wavtolip.mp4,../data/raw/FakeAVCeleb_v1.2/FakeVideo-FakeAudio/Caucasian (European)/women/id00328/00092_id00484_u7YTz8eFZv0_faceswap_id01002_wavtolip.mp4
id00498,id00192,faceswap,faceswap-wav2lip,D,FakeVideo-FakeAudio,Caucasian (European),men,00014_id00192_By3wxX0dyDw_faceswap_id00919_wavtolip.mp4,FakeAVCeleb/FakeVideo-FakeAudio/Caucasian (European)/men/id00498,FakeAVCeleb_v1.2/FakeVideo-FakeAudio/Caucasian (European)/men/id00498/00014_id00192_By3wxX0dyDw_faceswap_id00919_wavtolip.mp4,../data/raw/FakeAVCeleb_v1.2/FakeVideo-FakeAudio/Caucasian (European)/men/id00498/00014_id00192_By3wxX0dyDw_faceswap_id00919_wavtolip.mp4
id03180,id04561,UYY5hSvc,faceswap-wav2lip,D,FakeVideo-FakeAudio,Asian (South),men,00039_id04561_tU_UYY5hSvc_faceswap_id08313_wavtolip.mp4,FakeAVCeleb/FakeVideo-FakeAudio/Asian (South)/men/id03180,FakeAVCeleb_v1.2/FakeVideo-FakeAudio/Asian (South)/men/id03180/00039_id04561_tU_UYY5hSvc_faceswap_id08313_wavtolip.mp4,../data/raw/FakeAVCeleb_v1.2/FakeVideo-FakeAudio/Asian (South)/men/id03180/00039_id04561_tU_UYY5hSvc_faceswap_id08313_wavtolip.mp4
id00231,id01004,id00272,fsgan-wav2lip,D,FakeVideo-FakeAudio,Caucasian (American),women,00037_id01004_867Wlj7Gw68_id00272_wavtolip.mp4,FakeAVCeleb/FakeVideo-FakeAudio/Caucasian (American)/women/id00231,FakeAVCeleb_v1.2/FakeVideo-FakeAudio/Caucasian (American)/women/id00231/00037_id01004_867Wlj7Gw68_id00272_wavtolip.mp4,../data/raw/FakeAVCeleb_v1.2/FakeVideo-FakeAudio/Caucasian (American)/women/id00231/00037_id01004_867Wlj7Gw68_id00272_wavtolip.mp4
id00266,id00594,faceswap,faceswap-wav2lip,D,FakeVideo-FakeAudio,Caucasian (European),men,00470_id00594_2WHHoksbeVw_faceswap_id01099_wavtolip.mp4,FakeAVCeleb/FakeVideo-FakeAudio/Caucasian (European)/men/id00266,FakeAVCeleb_v1.2/FakeVideo-FakeAudio/Caucasian (European)/men/id00266/00470_id00594_2WHHoksbeVw_faceswap_id01099_wavtolip.mp4,../data/raw/FakeAVCeleb_v1.2/FakeVideo-FakeAudio/Caucasian (European)/men/id00266/00470_id00594_2WHHoksbeVw_faceswap_id01099_wavtolip.mp4
id00460,id01783,-,wav2lip,D,FakeVideo-FakeAudio,African,women,00005_id01783_wavtolip.mp4,FakeAVCeleb/FakeVideo-FakeAudio/African/women/id00460,FakeAVCeleb_v1.2/FakeVideo-FakeAudio/African/women/id00460/00005_id01783_wavtolip.mp4,../data/raw/FakeAVCeleb_v1.2/FakeVideo-FakeAudio/African/women/id00460/00005_id01783_wavtolip.mp4
id04583,id04530,-,wav2lip,D,FakeVideo-FakeAudio,Asian (South),women,00077_id04530_wavtolip.mp4,FakeAVCeleb/FakeVideo-FakeAudio/Asian (South)/women/id04583,FakeAVCeleb_v1.2/FakeVideo-FakeAudio/Asian (South)/women/id04583/00077_id04530_wavtolip.mp4,../data/raw/FakeAVCeleb_v1.2/FakeVideo-FakeAudio/Asian (South)/women/id04583/00077_id04530_wavtolip.mp4
id01001,id00633,faceswap,faceswap-wav2lip,D,FakeVideo-FakeAudio,Caucasian (European),women,00086_id00633_UXrTMta1EDM_faceswap_id00395_wavtolip.mp4,FakeAVCeleb/FakeVideo-FakeAudio/Caucasian (European)/women/id01001,FakeAVCeleb_v1.2/FakeVideo-FakeAudio/Caucasian (European)/women/id01001/00086_id00633_UXrTMta1EDM_faceswap_id00395_wavtolip.mp4,../data/raw/FakeAVCeleb_v1.2/FakeVideo-FakeAudio/Caucasian (European)/women/id01001/00086_id00633_UXrTMta1EDM_faceswap_id00395_wavtolip.mp4
id00935,id09181,-,wav2lip,D,FakeVideo-FakeAudio,Asian (East),women,00005_id09181_wavtolip.mp4,FakeAVCeleb/FakeVideo-FakeAudio/Asian (East)/women/id00935,FakeAVCeleb_v1.2/FakeVideo-FakeAudio/Asian (East)/women/id00935/00005_id09181_wavtolip.mp4,../data/raw/FakeAVCeleb_v1.2/FakeVideo-FakeAudio/Asian (East)/women/id00935/00005_id09181_wavtolip.mp4
id00430,id08397,id03211,fsgan-wav2lip,D,FakeVideo-FakeAudio,Asian (East),women,00209_id08397_zvY3EjwSL1Q_id03211_wavtolip.mp4,FakeAVCeleb/FakeVideo-FakeAudio/Asian (East)/women/id00430,FakeAVCeleb_v1.2/FakeVideo-FakeAudio/Asian (East)/women/id00430/00209_id08397_zvY3EjwSL1Q_id03211_wavtolip.mp4,../data/raw/FakeAVCeleb_v1.2/FakeVideo-FakeAudio/Asian (East)/women/id00430/00209_id08397_zvY3EjwSL1Q_id03211_wavtolip.mp4
id00078,id04560,-,wav2lip,D,FakeVideo-FakeAudio,Asian (South),men,00114_id04560_wavtolip.mp4,FakeAVCeleb/FakeVideo-FakeAudio/Asian (South)/men/id00078,FakeAVCeleb_v1.2/FakeVideo-FakeAudio/Asian (South)/men/id00078/00114_id04560_wavtolip.mp4,../data/raw/FakeAVCeleb_v1.2/FakeVideo-FakeAudio/Asian (South)/men/id00078/00114_id04560_wavtolip.mp4
id05383,id06470,-,wav2lip,D,FakeVideo-FakeAudio,Asian (East),men,00015_id06470_wavtolip.mp4,FakeAVCeleb/FakeVideo-FakeAudio/Asian (East)/men/id05383,FakeAVCeleb_v1.2/FakeVideo-FakeAudio/Asian (East)/men/id05383/00015_id06470_wavtolip.mp4,../data/raw/FakeAVCeleb_v1.2/FakeVideo-FakeAudio/Asian (East)/men/id05383/00015_id06470_wavtolip.mp4
id03858,id00395,faceswap,faceswap-wav2lip,D,FakeVideo-FakeAudio,Caucasian (European),women,00092_id00395_wM5kGJfTtEM_faceswap_id00365_wavtolip.mp4,FakeAVCeleb/FakeVideo-FakeAudio/Caucasian (European)/women/id03858,FakeAVCeleb_v1.2/FakeVideo-FakeAudio/Caucasian (European)/women/id03858/00092_id00395_wM5kGJfTtEM_faceswap_id00365_wavtolip.mp4,../data/raw/FakeAVCeleb_v1.2/FakeVideo-FakeAudio/Caucasian (European)/women/id03858/00092_id00395_wM5kGJfTtEM_faceswap_id00365_wavtolip.mp4
id04066,id00566,HMhuwQ,faceswap-wav2lip,D,FakeVideo-FakeAudio,Asian (East),women,00013_id00566_V3Hg_HMhuwQ_faceswap_id05631_wavtolip.mp4,FakeAVCeleb/FakeVideo-FakeAudio/Asian (East)/women/id04066,FakeAVCeleb_v1.2/FakeVideo-FakeAudio/Asian (East)/women/id04066/00013_id00566_V3Hg_HMhuwQ_faceswap_id05631_wavtolip.mp4,../data/raw/FakeAVCeleb_v1.2/FakeVideo-FakeAudio/Asian (East)/women/id04066/00013_id00566_V3Hg_HMhuwQ_faceswap_id05631_wavtolip.mp4
id01783,id03658,id01783,fsgan-wav2lip,D,FakeVideo-FakeAudio,African,women,00015_id03658_8Wtu9VXKqjY_id01783_wavtolip.mp4,FakeAVCeleb/FakeVideo-FakeAudio/African/women/id01783,FakeAVCeleb_v1.2/FakeVideo-FakeAudio/African/women/id01783/00015_id03658_8Wtu9VXKqjY_id01783_wavtolip.mp4,../data/raw/FakeAVCeleb_v1.2/FakeVideo-FakeAudio/African/women/id01783/00015_id03658_8Wtu9VXKqjY_id01783_wavtolip.mp4
id01589,id04691,-,wav2lip,D,FakeVideo-FakeAudio,Asian (East),men,00017_id04691_wavtolip.mp4,FakeAVCeleb/FakeVideo-FakeAudio/Asian (East)/men/id01589,FakeAVCeleb_v1.2/FakeVideo-FakeAudio/Asian (East)/men/id01589/00017_id04691_wavtolip.mp4,../data/raw/FakeAVCeleb_v1.2/FakeVideo-FakeAudio/Asian (East)/men/id01589/00017_id04691_wavtolip.mp4
id01217,id01227,-,wav2lip,D,FakeVideo-FakeAudio,Caucasian (American),women,00005_id01227_wavtolip.mp4,FakeAVCeleb/FakeVideo-FakeAudio/Caucasian (American)/women/id01217,FakeAVCeleb_v1.2/FakeVideo-FakeAudio/Caucasian (American)/women/id01217/00005_id01227_wavtolip.mp4,../data/raw/FakeAVCeleb_v1.2/FakeVideo-FakeAudio/Caucasian (American)/women/id01217/00005_id01227_wavtolip.mp4
id04774,id02493,id02561,fsgan-wav2lip,D,FakeVideo-FakeAudio,Asian (East),men,00032_id02493_zYAm6W46Mcg_id02561_wavtolip.mp4,FakeAVCeleb/FakeVideo-FakeAudio/Asian (East)/men/id04774,FakeAVCeleb_v1.2/FakeVideo-FakeAudio/Asian (East)/men/id04774/00032_id02493_zYAm6W46Mcg_id02561_wavtolip.mp4,../data/raw/FakeAVCeleb_v1.2/FakeVideo-FakeAudio/Asian (East)/men/id04774/00032_id02493_zYAm6W46Mcg_id02561_wavtolip.mp4
id00462,id00835,faceswap,faceswap-wav2lip,D,FakeVideo-FakeAudio,Caucasian (American),women,00143_id00835_zWTp4szbb5k_faceswap_id00848_wavtolip.mp4,FakeAVCeleb/FakeVideo-FakeAudio/Caucasian (American)/women/id00462,FakeAVCeleb_v1.2/FakeVideo-FakeAudio/Caucasian (American)/women/id00462/00143_id00835_zWTp4szbb5k_faceswap_id00848_wavtolip.mp4,../data/raw/FakeAVCeleb_v1.2/FakeVideo-FakeAudio/Caucasian (American)/women/id00462/00143_id00835_zWTp4szbb5k_faceswap_id00848_wavtolip.mp4
id03941,id00379,-,wav2lip,D,FakeVideo-FakeAudio,Caucasian (European),women,00021_id00379_wavtolip.mp4,FakeAVCeleb/FakeVideo-FakeAudio/Caucasian (European)/women/id03941,FakeAVCeleb_v1.2/FakeVideo-FakeAudio/Caucasian (European)/women/id03941/00021_id00379_wavtolip.mp4,../data/raw/FakeAVCeleb_v1.2/FakeVideo-FakeAudio/Caucasian (European)/women/id03941/00021_id00379_wavtolip.mp4
id00498,id00241,id00498,fsgan-wav2lip,D,FakeVideo-FakeAudio,Caucasian (European),men,00014_id00241_DlI4wqSFwbI_id00498_wavtolip.mp4,FakeAVCeleb/FakeVideo-FakeAudio/Caucasian (European)/men/id00498,FakeAVCeleb_v1.2/FakeVideo-FakeAudio/Caucasian (European)/men/id00498/00014_id00241_DlI4wqSFwbI_id00498_wavtolip.mp4,../data/raw/FakeAVCeleb_v1.2/FakeVideo-FakeAudio/Caucasian (European)/men/id00498/00014_id00241_DlI4wqSFwbI_id00498_wavtolip.mp4
id01211,id00179,id00018,fsgan-wav2lip,D,FakeVideo-FakeAudio,Caucasian (American),men,00023_id00179_Ux9OYyipQi8_id00018_wavtolip.mp4,FakeAVCeleb/FakeVideo-FakeAudio/Caucasian (American)/men/id01211,FakeAVCeleb_v1.2/FakeVideo-FakeAudio/Caucasian (American)/men/id01211/00023_id00179_Ux9OYyipQi8_id00018_wavtolip.mp4,../data/raw/FakeAVCeleb_v1.2/FakeVideo-FakeAudio/Caucasian (American)/men/id01211/00023_id00179_Ux9OYyipQi8_id00018_wavtolip.mp4
id00063,id00946,-,wav2lip,D,FakeVideo-FakeAudio,Caucasian (European),men,00021_id00946_wavtolip.mp4,FakeAVCeleb/FakeVideo-FakeAudio/Caucasian (European)/men/id00063,FakeAVCeleb_v1.2/FakeVideo-FakeAudio/Caucasian (European)/men/id00063/00021_id00946_wavtolip.mp4,../data/raw/FakeAVCeleb_v1.2/FakeVideo-FakeAudio/Caucasian (European)/men/id00063/00021_id00946_wavtolip.mp4
id09171,id00763,-,wav2lip,D,FakeVideo-FakeAudio,Asian (East),women,00092_id00763_wavtolip.mp4,FakeAVCeleb/FakeVideo-FakeAudio/Asian (East)/women/id09171,FakeAVCeleb_v1.2/FakeVideo-FakeAudio/Asian (East)/women/id09171/00092_id00763_wavtolip.mp4,../data/raw/FakeAVCeleb_v1.2/FakeVideo-FakeAudio/Asian (East)/women/id09171/00092_id00763_wavtolip.mp4
id00080,id02619,-,wav2lip,D,FakeVideo-FakeAudio,Asian (South),women,00281_id02619_wavtolip.mp4,FakeAVCeleb/FakeVideo-FakeAudio/Asian (South)/women/id00080,FakeAVCeleb_v1.2/FakeVideo-FakeAudio/Asian (South)/women/id00080/00281_id02619_wavtolip.mp4,../data/raw/FakeAVCeleb_v1.2/FakeVideo-FakeAudio/Asian (South)/women/id00080/00281_id02619_wavtolip.mp4
id08457,id06753,-,wav2lip,D,FakeVideo-FakeAudio,Asian (South),men,00417_id06753_wavtolip.mp4,FakeAVCeleb/FakeVideo-FakeAudio/Asian (South)/men/id08457,FakeAVCeleb_v1.2/FakeVideo-FakeAudio/Asian (South)/men/id08457/00417_id06753_wavtolip.mp4,../data/raw/FakeAVCeleb_v1.2/FakeVideo-FakeAudio/Asian (South)/men/id08457/00417_id06753_wavtolip.mp4
id03889,id02365,LvjcgY,fsgan-wav2lip,D,FakeVideo-FakeAudio,Asian (East),men,00052_id02365_KTHM_LvjcgY_id03168_wavtolip.mp4,FakeAVCeleb/FakeVideo-FakeAudio/Asian (East)/men/id03889,FakeAVCeleb_v1.2/FakeVideo-FakeAudio/Asian (East)/men/id03889/00052_id02365_KTHM_LvjcgY_id03168_wavtolip.mp4,../data/raw/FakeAVCeleb_v1.2/FakeVideo-FakeAudio/Asian (East)/men/id03889/00052_id02365_KTHM_LvjcgY_id03168_wavtolip.mp4
id06152,id04687,-,wav2lip,D,FakeVideo-FakeAudio,Asian (East),men,06152_id04687_wavtolip.mp4,FakeAVCeleb/FakeVideo-FakeAudio/Asian (East)/men/id06152,FakeAVCeleb_v1.2/FakeVideo-FakeAudio/Asian (East)/men/id06152/06152_id04687_wavtolip.mp4,../data/raw/FakeAVCeleb_v1.2/FakeVideo-FakeAudio/Asian (East)/men/id06152/06152_id04687_wavtolip.mp4
id04490,id03985,-,wav2lip,D,FakeVideo-FakeAudio,Asian (South),women,00054_id03985_wavtolip.mp4,FakeAVCeleb/FakeVideo-FakeAudio/Asian (South)/women/id04490,FakeAVCeleb_v1.2/FakeVideo-FakeAudio/Asian (South)/women/id04490/00054_id03985_wavtolip.mp4,../data/raw/FakeAVCeleb_v1.2/FakeVideo-FakeAudio/Asian (South)/women/id04490/00054_id03985_wavtolip.mp4
id01126,id00909,-,wav2lip,D,FakeVideo-FakeAudio,Caucasian (European),men,00040_id00909_wavtolip.mp4,FakeAVCeleb/FakeVideo-FakeAudio/Caucasian (European)/men/id01126,FakeAVCeleb_v1.2/FakeVideo-FakeAudio/Caucasian (European)/men/id01126/00040_id00909_wavtolip.mp4,../data/raw/FakeAVCeleb_v1.2/FakeVideo-FakeAudio/Caucasian (European)/men/id01126/00040_id00909_wavtolip.mp4
id01156,id01102,id00265,fsgan-wav2lip,D,FakeVideo-FakeAudio,Caucasian (European),men,00078_id01102_aGFUkdgmo3A_id00265_wavtolip.mp4,FakeAVCeleb/FakeVideo-FakeAudio/Caucasian (European)/men/id01156,FakeAVCeleb_v1.2/FakeVideo-FakeAudio/Caucasian (European)/men/id01156/00078_id01102_aGFUkdgmo3A_id00265_wavtolip.mp4,../data/raw/FakeAVCeleb_v1.2/FakeVideo-FakeAudio/Caucasian (European)/men/id01156/00078_id01102_aGFUkdgmo3A_id00265_wavtolip.mp4
id00403,id00234,faceswap,faceswap-wav2lip,D,FakeVideo-FakeAudio,Caucasian (European),women,00052_id00234_M3g5KRLJB60_faceswap_id00365_wavtolip.mp4,FakeAVCeleb/FakeVideo-FakeAudio/Caucasian (European)/women/id00403,FakeAVCeleb_v1.2/FakeVideo-FakeAudio/Caucasian (European)/women/id00403/00052_id00234_M3g5KRLJB60_faceswap_id00365_wavtolip.mp4,../data/raw/FakeAVCeleb_v1.2/FakeVideo-FakeAudio/Caucasian (European)/women/id00403/00052_id00234_M3g5KRLJB60_faceswap_id00365_wavtolip.mp4
id00945,id00264,id04073,fsgan-wav2lip,D,FakeVideo-FakeAudio,Caucasian (American),men,00107_id00264_gslpgRLj4Xo_id04073_wavtolip.mp4,FakeAVCeleb/FakeVideo-FakeAudio/Caucasian (American)/men/id00945,FakeAVCeleb_v1.2/FakeVideo-FakeAudio/Caucasian (American)/men/id00945/00107_id00264_gslpgRLj4Xo_id04073_wavtolip.mp4,../data/raw/FakeAVCeleb_v1.2/FakeVideo-FakeAudio/Caucasian (American)/men/id00945/00107_id00264_gslpgRLj4Xo_id04073_wavtolip.mp4
id05434,id00149,-,wav2lip,D,FakeVideo-FakeAudio,Asian (South),women,00052_id00149_wavtolip.mp4,FakeAVCeleb/FakeVideo-FakeAudio/Asian (South)/women/id05434,FakeAVCeleb_v1.2/FakeVideo-FakeAudio/Asian (South)/women/id05434/00052_id00149_wavtolip.mp4,../data/raw/FakeAVCeleb_v1.2/FakeVideo-FakeAudio/Asian (South)/women/id05434/00052_id00149_wavtolip.mp4
id02316,id00944,-,wav2lip,D,FakeVideo-FakeAudio,African,men,00094_id00944_wavtolip.mp4,FakeAVCeleb/FakeVideo-FakeAudio/African/men/id02316,FakeAVCeleb_v1.2/FakeVideo-FakeAudio/African/men/id02316/00094_id00944_wavtolip.mp4,../data/raw/FakeAVCeleb_v1.2/FakeVideo-FakeAudio/African/men/id02316/00094_id00944_wavtolip.mp4
id04583,id05845,id05931,fsgan-wav2lip,D,FakeVideo-FakeAudio,Asian (South),women,00077_id05845_XfMHm6CEwPw_id05931_wavtolip.mp4,FakeAVCeleb/FakeVideo-FakeAudio/Asian (South)/women/id04583,FakeAVCeleb_v1.2/FakeVideo-FakeAudio/Asian (South)/women/id04583/00077_id05845_XfMHm6CEwPw_id05931_wavtolip.mp4,../data/raw/FakeAVCeleb_v1.2/FakeVideo-FakeAudio/Asian (South)/women/id04583/00077_id05845_XfMHm6CEwPw_id05931_wavtolip.mp4
id04374,id02824,-,wav2lip,D,FakeVideo-FakeAudio,African,women,00032_id02824_wavtolip.mp4,FakeAVCeleb/FakeVideo-FakeAudio/African/women/id04374,FakeAVCeleb_v1.2/FakeVideo-FakeAudio/African/women/id04374/00032_id02824_wavtolip.mp4,../data/raw/FakeAVCeleb_v1.2/FakeVideo-FakeAudio/African/women/id04374/00032_id02824_wavtolip.mp4
id03844,id00365,id00071,fsgan-wav2lip,D,FakeVideo-FakeAudio,Caucasian (European),women,00028_id00365_XV-imLNJvfk_id00071_wavtolip.mp4,FakeAVCeleb/FakeVideo-FakeAudio/Caucasian (European)/women/id03844,FakeAVCeleb_v1.2/FakeVideo-FakeAudio/Caucasian (European)/women/id03844/00028_id00365_XV-imLNJvfk_id00071_wavtolip.mp4,../data/raw/FakeAVCeleb_v1.2/FakeVideo-FakeAudio/Caucasian (European)/women/id03844/00028_id00365_XV-imLNJvfk_id00071_wavtolip.mp4
id01048,id01192,-,wav2lip,D,FakeVideo-FakeAudio,Caucasian (American),men,00160_id01192_wavtolip.mp4,FakeAVCeleb/FakeVideo-FakeAudio/Caucasian (American)/men/id01048,FakeAVCeleb_v1.2/FakeVideo-FakeAudio/Caucasian (American)/men/id01048/00160_id01192_wavtolip.mp4,../data/raw/FakeAVCeleb_v1.2/FakeVideo-FakeAudio/Caucasian (American)/men/id01048/00160_id01192_wavtolip.mp4
id00062,id01182,-,wav2lip,D,FakeVideo-FakeAudio,Caucasian (American),men,00278_id01182_wavtolip.mp4,FakeAVCeleb/FakeVideo-FakeAudio/Caucasian (American)/men/id00062,FakeAVCeleb_v1.2/FakeVideo-FakeAudio/Caucasian (American)/men/id00062/00278_id01182_wavtolip.mp4,../data/raw/FakeAVCeleb_v1.2/FakeVideo-FakeAudio/Caucasian (American)/men/id00062/00278_id01182_wavtolip.mp4
id00745,id04537,-,wav2lip,D,FakeVideo-FakeAudio,Asian (South),men,00165_id04537_wavtolip.mp4,FakeAVCeleb/FakeVideo-FakeAudio/Asian (South)/men/id00745,FakeAVCeleb_v1.2/FakeVideo-FakeAudio/Asian (South)/men/id00745/00165_id04537_wavtolip.mp4,../data/raw/FakeAVCeleb_v1.2/FakeVideo-FakeAudio/Asian (South)/men/id00745/00165_id04537_wavtolip.mp4
id00234,id00403,id00826,fsgan-wav2lip,D,FakeVideo-FakeAudio,Caucasian (European),women,00063_id00403_n4LSCxzFr6o_id00826_wavtolip.mp4,FakeAVCeleb/FakeVideo-FakeAudio/Caucasian (European)/women/id00234,FakeAVCeleb_v1.2/FakeVideo-FakeAudio/Caucasian (European)/women/id00234/00063_id00403_n4LSCxzFr6o_id00826_wavtolip.mp4,../data/raw/FakeAVCeleb_v1.2/FakeVideo-FakeAudio/Caucasian (European)/women/id00234/00063_id00403_n4LSCxzFr6o_id00826_wavtolip.mp4
id01210,0,-,faceswap-wav2lip,D,FakeVideo-FakeAudio,Caucasian (American),men,00283_0_id00049_wavtolip.mp4,FakeAVCeleb/FakeVideo-FakeAudio/Caucasian (American)/men/id01210,FakeAVCeleb_v1.2/FakeVideo-FakeAudio/Caucasian (American)/men/id01210/00283_0_id00049_wavtolip.mp4,../data/raw/FakeAVCeleb_v1.2/FakeVideo-FakeAudio/Caucasian (American)/men/id01210/00283_0_id00049_wavtolip.mp4
id00225,id00185,id00559,fsgan-wav2lip,D,FakeVideo-FakeAudio,Caucasian (European),men,00078_id00185_1lsGWpwnl1M_id00559_wavtolip.mp4,FakeAVCeleb/FakeVideo-FakeAudio/Caucasian (European)/men/id00225,FakeAVCeleb_v1.2/FakeVideo-FakeAudio/Caucasian (European)/men/id00225/00078_id00185_1lsGWpwnl1M_id00559_wavtolip.mp4,../data/raw/FakeAVCeleb_v1.2/FakeVideo-FakeAudio/Caucasian (European)/men/id00225/00078_id00185_1lsGWpwnl1M_id00559_wavtolip.mp4
id00857,id03599,id00078,fsgan-wav2lip,D,FakeVideo-FakeAudio,Asian (South),men,00347_id03599_y27BDmRUqMQ_id00078_wavtolip.mp4,FakeAVCeleb/FakeVideo-FakeAudio/Asian (South)/men/id00857,FakeAVCeleb_v1.2/FakeVideo-FakeAudio/Asian (South)/men/id00857/00347_id03599_y27BDmRUqMQ_id00078_wavtolip.mp4,../data/raw/FakeAVCeleb_v1.2/FakeVideo-FakeAudio/Asian (South)/men/id00857/00347_id03599_y27BDmRUqMQ_id00078_wavtolip.mp4
id00860,id00033,id00860,fsgan-wav2lip,D,FakeVideo-FakeAudio,Asian (South),men,00154_id00033_gduDuRWhnlQ_id00860_wavtolip.mp4,FakeAVCeleb/FakeVideo-FakeAudio/Asian (South)/men/id00860,FakeAVCeleb_v1.2/FakeVideo-FakeAudio/Asian (South)/men/id00860/00154_id00033_gduDuRWhnlQ_id00860_wavtolip.mp4,../data/raw/FakeAVCeleb_v1.2/FakeVideo-FakeAudio/Asian (South)/men/id00860/00154_id00033_gduDuRWhnlQ_id00860_wavtolip.mp4
id03858,id00813,-,wav2lip,D,FakeVideo-FakeAudio,Caucasian (European),women,00092_id00813_wavtolip.mp4,FakeAVCeleb/FakeVideo-FakeAudio/Caucasian (European)/women/id03858,FakeAVCeleb_v1.2/FakeVideo-FakeAudio/Caucasian (European)/women/id03858/00092_id00813_wavtolip.mp4,../data/raw/FakeAVCeleb_v1.2/FakeVideo-FakeAudio/Caucasian (European)/women/id03858/00092_id00813_wavtolip.mp4
id01172,id01182,U40,faceswap-wav2lip,D,FakeVideo-FakeAudio,Caucasian (American),men,00015_id01182_zca-PHR_U40_faceswap_id00052_wavtolip.mp4,FakeAVCeleb/FakeVideo-FakeAudio/Caucasian (American)/men/id01172,FakeAVCeleb_v1.2/FakeVideo-FakeAudio/Caucasian (American)/men/id01172/00015_id01182_zca-PHR_U40_faceswap_id00052_wavtolip.mp4,../data/raw/FakeAVCeleb_v1.2/FakeVideo-FakeAudio/Caucasian (American)/men/id01172/00015_id01182_zca-PHR_U40_faceswap_id00052_wavtolip.mp4
id08299,id06470,-,wav2lip,D,FakeVideo-FakeAudio,Asian (East),men,00110_id06470_wavtolip.mp4,FakeAVCeleb/FakeVideo-FakeAudio/Asian (East)/men/id08299,FakeAVCeleb_v1.2/FakeVideo-FakeAudio/Asian (East)/men/id08299/00110_id06470_wavtolip.mp4,../data/raw/FakeAVCeleb_v1.2/FakeVideo-FakeAudio/Asian (East)/men/id08299/00110_id06470_wavtolip.mp4
id03656,id00707,-,wav2lip,D,FakeVideo-FakeAudio,African,women,00052_id00707_wavtolip.mp4,FakeAVCeleb/FakeVideo-FakeAudio/African/women/id03656,FakeAVCeleb_v1.2/FakeVideo-FakeAudio/African/women/id03656/00052_id00707_wavtolip.mp4,../data/raw/FakeAVCeleb_v1.2/FakeVideo-FakeAudio/African/women/id03656/00052_id00707_wavtolip.mp4
id00186,id01051,id00554,fsgan-wav2lip,D,FakeVideo-FakeAudio,Caucasian (European),men,00120_id01051_jPxk6s6FM6Y_id00554_wavtolip.mp4,FakeAVCeleb/FakeVideo-FakeAudio/Caucasian (European)/men/id00186,FakeAVCeleb_v1.2/FakeVideo-FakeAudio/Caucasian (European)/men/id00186/00120_id01051_jPxk6s6FM6Y_id00554_wavtolip.mp4,../data/raw/FakeAVCeleb_v1.2/FakeVideo-FakeAudio/Caucasian (European)/men/id00186/00120_id01051_jPxk6s6FM6Y_id00554_wavtolip.mp4
id00816,id07200,faceswap,faceswap-wav2lip,D,FakeVideo-FakeAudio,Asian (South),men,00118_id07200_quCElxMhW6g_faceswap_id07108_wavtolip.mp4,FakeAVCeleb/FakeVideo-FakeAudio/Asian (South)/men/id00816,FakeAVCeleb_v1.2/FakeVideo-FakeAudio/Asian (South)/men/id00816/00118_id07200_quCElxMhW6g_faceswap_id07108_wavtolip.mp4,../data/raw/FakeAVCeleb_v1.2/FakeVideo-FakeAudio/Asian (South)/men/id00816/00118_id07200_quCElxMhW6g_faceswap_id07108_wavtolip.mp4
id01207,id01717,id01392,fsgan-wav2lip,D,FakeVideo-FakeAudio,African,men,00320_id01717_JDW6p8yU13A_id01392_wavtolip.mp4,FakeAVCeleb/FakeVideo-FakeAudio/African/men/id01207,FakeAVCeleb_v1.2/FakeVideo-FakeAudio/African/men/id01207/00320_id01717_JDW6p8yU13A_id01392_wavtolip.mp4,../data/raw/FakeAVCeleb_v1.2/FakeVideo-FakeAudio/African/men/id01207/00320_id01717_JDW6p8yU13A_id01392_wavtolip.mp4
id05479,id01683,-,wav2lip,D,FakeVideo-FakeAudio,Asian (East),men,05479_id01683_wavtolip.mp4,FakeAVCeleb/FakeVideo-FakeAudio/Asian (East)/men/id05479,FakeAVCeleb_v1.2/FakeVideo-FakeAudio/Asian (East)/men/id05479/05479_id01683_wavtolip.mp4,../data/raw/FakeAVCeleb_v1.2/FakeVideo-FakeAudio/Asian (East)/men/id05479/05479_id01683_wavtolip.mp4
id00763,id05620,-,wav2lip,D,FakeVideo-FakeAudio,Asian (East),women,00074_id05620_wavtolip.mp4,FakeAVCeleb/FakeVideo-FakeAudio/Asian (East)/women/id00763,FakeAVCeleb_v1.2/FakeVideo-FakeAudio/Asian (East)/women/id00763/00074_id05620_wavtolip.mp4,../data/raw/FakeAVCeleb_v1.2/FakeVideo-FakeAudio/Asian (East)/women/id00763/00074_id05620_wavtolip.mp4
id00434,id00068,id03651,fsgan-wav2lip,D,FakeVideo-FakeAudio,Caucasian (European),women,00046_id00068_A7uFnQw--bY_id03651_wavtolip.mp4,FakeAVCeleb/FakeVideo-FakeAudio/Caucasian (European)/women/id00434,FakeAVCeleb_v1.2/FakeVideo-FakeAudio/Caucasian (European)/women/id00434/00046_id00068_A7uFnQw--bY_id03651_wavtolip.mp4,../data/raw/FakeAVCeleb_v1.2/FakeVideo-FakeAudio/Caucasian (European)/women/id00434/00046_id00068_A7uFnQw--bY_id03651_wavtolip.mp4
id03371,id00806,id00042,fsgan-wav2lip,D,FakeVideo-FakeAudio,Caucasian (European),women,00430_id00806_0sk9s9lFIAk_id00042_wavtolip.mp4,FakeAVCeleb/FakeVideo-FakeAudio/Caucasian (European)/women/id03371,FakeAVCeleb_v1.2/FakeVideo-FakeAudio/Caucasian (European)/women/id03371/00430_id00806_0sk9s9lFIAk_id00042_wavtolip.mp4,../data/raw/FakeAVCeleb_v1.2/FakeVideo-FakeAudio/Caucasian (European)/women/id03371/00430_id00806_0sk9s9lFIAk_id00042_wavtolip.mp4
id00403,id00188,id03844,fsgan-wav2lip,D,FakeVideo-FakeAudio,Caucasian (European),women,00052_id00188_e-vm5FB3idA_id03844_wavtolip.mp4,FakeAVCeleb/FakeVideo-FakeAudio/Caucasian (European)/women/id00403,FakeAVCeleb_v1.2/FakeVideo-FakeAudio/Caucasian (European)/women/id00403/00052_id00188_e-vm5FB3idA_id03844_wavtolip.mp4,../data/raw/FakeAVCeleb_v1.2/FakeVideo-FakeAudio/Caucasian (European)/women/id00403/00052_id00188_e-vm5FB3idA_id03844_wavtolip.mp4
id06065,id05631,faceswap,faceswap-wav2lip,D,FakeVideo-FakeAudio,Asian (East),women,00160_id05631_xXRQCFAdR-0_faceswap_id09174_wavtolip.mp4,FakeAVCeleb/FakeVideo-FakeAudio/Asian (East)/women/id06065,FakeAVCeleb_v1.2/FakeVideo-FakeAudio/Asian (East)/women/id06065/00160_id05631_xXRQCFAdR-0_faceswap_id09174_wavtolip.mp4,../data/raw/FakeAVCeleb_v1.2/FakeVideo-FakeAudio/Asian (East)/women/id06065/00160_id05631_xXRQCFAdR-0_faceswap_id09174_wavtolip.mp4
id00350,id06354,faceswap,faceswap-wav2lip,D,FakeVideo-FakeAudio,Asian (South),men,00015_id06354_PmWLmcJNUhM_faceswap_id00769_wavtolip.mp4,FakeAVCeleb/FakeVideo-FakeAudio/Asian (South)/men/id00350,FakeAVCeleb_v1.2/FakeVideo-FakeAudio/Asian (South)/men/id00350/00015_id06354_PmWLmcJNUhM_faceswap_id00769_wavtolip.mp4,../data/raw/FakeAVCeleb_v1.2/FakeVideo-FakeAudio/Asian (South)/men/id00350/00015_id06354_PmWLmcJNUhM_faceswap_id00769_wavtolip.mp4
id00458,id00618,TwV2SmUIlY,faceswap-wav2lip,D,FakeVideo-FakeAudio,Caucasian (American),women,00072_id00618__TwV2SmUIlY_faceswap_id00383_wavtolip.mp4,FakeAVCeleb/FakeVideo-FakeAudio/Caucasian (American)/women/id00458,FakeAVCeleb_v1.2/FakeVideo-FakeAudio/Caucasian (American)/women/id00458/00072_id00618__TwV2SmUIlY_faceswap_id00383_wavtolip.mp4,../data/raw/FakeAVCeleb_v1.2/FakeVideo-FakeAudio/Caucasian (American)/women/id00458/00072_id00618__TwV2SmUIlY_faceswap_id00383_wavtolip.mp4
id00841,id01005,id03781,fsgan-wav2lip,D,FakeVideo-FakeAudio,Caucasian (American),women,00078_id01005_lJZrqhcRFSA_id03781_wavtolip.mp4,FakeAVCeleb/FakeVideo-FakeAudio/Caucasian (American)/women/id00841,FakeAVCeleb_v1.2/FakeVideo-FakeAudio/Caucasian (American)/women/id00841/00078_id01005_lJZrqhcRFSA_id03781_wavtolip.mp4,../data/raw/FakeAVCeleb_v1.2/FakeVideo-FakeAudio/Caucasian (American)/women/id00841/00078_id01005_lJZrqhcRFSA_id03781_wavtolip.mp4
id01544,3,-,faceswap-wav2lip,D,FakeVideo-FakeAudio,African,men,00044_3_id00166_wavtolip.mp4,FakeAVCeleb/FakeVideo-FakeAudio/African/men/id01544,FakeAVCeleb_v1.2/FakeVideo-FakeAudio/African/men/id01544/00044_3_id00166_wavtolip.mp4,../data/raw/FakeAVCeleb_v1.2/FakeVideo-FakeAudio/African/men/id01544/00044_3_id00166_wavtolip.mp4
id04554,id00816,id04599,fsgan-wav2lip,D,FakeVideo-FakeAudio,Asian (South),men,00118_id00816_BFudcHqBkpo_id04599_wavtolip.mp4,FakeAVCeleb/FakeVideo-FakeAudio/Asian (South)/men/id04554,FakeAVCeleb_v1.2/FakeVideo-FakeAudio/Asian (South)/men/id04554/00118_id00816_BFudcHqBkpo_id04599_wavtolip.mp4,../data/raw/FakeAVCeleb_v1.2/FakeVideo-FakeAudio/Asian (South)/men/id04554/00118_id00816_BFudcHqBkpo_id04599_wavtolip.mp4
id01201,id00775,-,wav2lip,D,FakeVideo-FakeAudio,Caucasian (American),men,00028_id00775_wavtolip.mp4,FakeAVCeleb/FakeVideo-FakeAudio/Caucasian (American)/men/id01201,FakeAVCeleb_v1.2/FakeVideo-FakeAudio/Caucasian (American)/men/id01201/00028_id00775_wavtolip.mp4,../data/raw/FakeAVCeleb_v1.2/FakeVideo-FakeAudio/Caucasian (American)/men/id01201/00028_id00775_wavtolip.mp4
id07233,id00685,-,wav2lip,D,FakeVideo-FakeAudio,Asian (South),men,00010_id00685_wavtolip.mp4,FakeAVCeleb/FakeVideo-FakeAudio/Asian (South)/men/id07233,FakeAVCeleb_v1.2/FakeVideo-FakeAudio/Asian (South)/men/id07233/00010_id00685_wavtolip.mp4,../data/raw/FakeAVCeleb_v1.2/FakeVideo-FakeAudio/Asian (South)/men/id07233/00010_id00685_wavtolip.mp4
id07058,id03344,faceswap,faceswap-wav2lip,D,FakeVideo-FakeAudio,Asian (South),men,00010_id03344_vyNnOo6lU0o_faceswap_id00685_wavtolip.mp4,FakeAVCeleb/FakeVideo-FakeAudio/Asian (South)/men/id07058,FakeAVCeleb_v1.2/FakeVideo-FakeAudio/Asian (South)/men/id07058/00010_id03344_vyNnOo6lU0o_faceswap_id00685_wavtolip.mp4,../data/raw/FakeAVCeleb_v1.2/FakeVideo-FakeAudio/Asian (South)/men/id07058/00010_id03344_vyNnOo6lU0o_faceswap_id00685_wavtolip.mp4
id00332,id00633,id00826,fsgan-wav2lip,D,FakeVideo-FakeAudio,Caucasian (European),women,00293_id00633_UXrTMta1EDM_id00826_wavtolip.mp4,FakeAVCeleb/FakeVideo-FakeAudio/Caucasian (European)/women/id00332,FakeAVCeleb_v1.2/FakeVideo-FakeAudio/Caucasian (European)/women/id00332/00293_id00633_UXrTMta1EDM_id00826_wavtolip.mp4,../data/raw/FakeAVCeleb_v1.2/FakeVideo-FakeAudio/Caucasian (European)/women/id00332/00293_id00633_UXrTMta1EDM_id00826_wavtolip.mp4
id01223,id01225,id00841,fsgan-wav2lip,D,FakeVideo-FakeAudio,Caucasian (American),women,00255_id01225_WuzuZoM84Ws_id00841_wavtolip.mp4,FakeAVCeleb/FakeVideo-FakeAudio/Caucasian (American)/women/id01223,FakeAVCeleb_v1.2/FakeVideo-FakeAudio/Caucasian (American)/women/id01223/00255_id01225_WuzuZoM84Ws_id00841_wavtolip.mp4,../data/raw/FakeAVCeleb_v1.2/FakeVideo-FakeAudio/Caucasian (American)/women/id01223/00255_id01225_WuzuZoM84Ws_id00841_wavtolip.mp4
id00272,id01225,id00291,fsgan-wav2lip,D,FakeVideo-FakeAudio,Caucasian (American),women,00195_id01225_WuzuZoM84Ws_id00291_wavtolip.mp4,FakeAVCeleb/FakeVideo-FakeAudio/Caucasian (American)/women/id00272,FakeAVCeleb_v1.2/FakeVideo-FakeAudio/Caucasian (American)/women/id00272/00195_id01225_WuzuZoM84Ws_id00291_wavtolip.mp4,../data/raw/FakeAVCeleb_v1.2/FakeVideo-FakeAudio/Caucasian (American)/women/id00272/00195_id01225_WuzuZoM84Ws_id00291_wavtolip.mp4
id01216,id01217,id00428,fsgan-wav2lip,D,FakeVideo-FakeAudio,Caucasian (American),women,00025_id01217_7lVC4xEK_6E_id00428_wavtolip.mp4,FakeAVCeleb/FakeVideo-FakeAudio/Caucasian (American)/women/id01216,FakeAVCeleb_v1.2/FakeVideo-FakeAudio/Caucasian (American)/women/id01216/00025_id01217_7lVC4xEK_6E_id00428_wavtolip.mp4,../data/raw/FakeAVCeleb_v1.2/FakeVideo-FakeAudio/Caucasian (American)/women/id01216/00025_id01217_7lVC4xEK_6E_id00428_wavtolip.mp4
id00498,id00520,-,wav2lip,D,FakeVideo-FakeAudio,Caucasian (European),men,00014_id00520_wavtolip.mp4,FakeAVCeleb/FakeVideo-FakeAudio/Caucasian (European)/men/id00498,FakeAVCeleb_v1.2/FakeVideo-FakeAudio/Caucasian (European)/men/id00498/00014_id00520_wavtolip.mp4,../data/raw/FakeAVCeleb_v1.2/FakeVideo-FakeAudio/Caucasian (European)/men/id00498/00014_id00520_wavtolip.mp4
id00173,id02316,-,wav2lip,D,FakeVideo-FakeAudio,African,men,00118_id02316_wavtolip.mp4,FakeAVCeleb/FakeVideo-FakeAudio/African/men/id00173,FakeAVCeleb_v1.2/FakeVideo-FakeAudio/African/men/id00173/00118_id02316_wavtolip.mp4,../data/raw/FakeAVCeleb_v1.2/FakeVideo-FakeAudio/African/men/id00173/00118_id02316_wavtolip.mp4
id05743,id06467,-,wav2lip,D,FakeVideo-FakeAudio,Asian (East),men,00015_id06467_wavtolip.mp4,FakeAVCeleb/FakeVideo-FakeAudio/Asian (East)/men/id05743,FakeAVCeleb_v1.2/FakeVideo-FakeAudio/Asian (East)/men/id05743/00015_id06467_wavtolip.mp4,../data/raw/FakeAVCeleb_v1.2/FakeVideo-FakeAudio/Asian (East)/men/id05743/00015_id06467_wavtolip.mp4
id00305,id01058,-,wav2lip,D,FakeVideo-FakeAudio,Caucasian (European),men,00113_id01058_wavtolip.mp4,FakeAVCeleb/FakeVideo-FakeAudio/Caucasian (European)/men/id00305,FakeAVCeleb_v1.2/FakeVideo-FakeAudio/Caucasian (European)/men/id00305/00113_id01058_wavtolip.mp4,../data/raw/FakeAVCeleb_v1.2/FakeVideo-FakeAudio/Caucasian (European)/men/id00305/00113_id01058_wavtolip.mp4
id00971,id04034,-,wav2lip,D,FakeVideo-FakeAudio,Caucasian (American),men,00253_id04034_wavtolip.mp4,FakeAVCeleb/FakeVideo-FakeAudio/Caucasian (American)/men/id00971,FakeAVCeleb_v1.2/FakeVideo-FakeAudio/Caucasian (American)/men/id00971/00253_id04034_wavtolip.mp4,../data/raw/FakeAVCeleb_v1.2/FakeVideo-FakeAudio/Caucasian (American)/men/id00971/00253_id04034_wavtolip.mp4
id00149,id01026,-,wav2lip,D,FakeVideo-FakeAudio,Asian (South),women,00284_id01026_wavtolip.mp4,FakeAVCeleb/FakeVideo-FakeAudio/Asian (South)/women/id00149,FakeAVCeleb_v1.2/FakeVideo-FakeAudio/Asian (South)/women/id00149/00284_id01026_wavtolip.mp4,../data/raw/FakeAVCeleb_v1.2/FakeVideo-FakeAudio/Asian (South)/women/id00149/00284_id01026_wavtolip.mp4
id01048,3,-,faceswap-wav2lip,D,FakeVideo-FakeAudio,Caucasian (American),men,00160_3_id00945_wavtolip.mp4,FakeAVCeleb/FakeVideo-FakeAudio/Caucasian (American)/men/id01048,FakeAVCeleb_v1.2/FakeVideo-FakeAudio/Caucasian (American)/men/id01048/00160_3_id00945_wavtolip.mp4,../data/raw/FakeAVCeleb_v1.2/FakeVideo-FakeAudio/Caucasian (American)/men/id01048/00160_3_id00945_wavtolip.mp4
id00025,id00458,-,wav2lip,D,FakeVideo-FakeAudio,Caucasian (American),women,00025_id00458_wavtolip.mp4,FakeAVCeleb/FakeVideo-FakeAudio/Caucasian (American)/women/id00025,FakeAVCeleb_v1.2/FakeVideo-FakeAudio/Caucasian (American)/women/id00025/00025_id00458_wavtolip.mp4,../data/raw/FakeAVCeleb_v1.2/FakeVideo-FakeAudio/Caucasian (American)/women/id00025/00025_id00458_wavtolip.mp4
id05631,id09181,-,wav2lip,D,FakeVideo-FakeAudio,Asian (East),women,00073_id09181_wavtolip.mp4,FakeAVCeleb/FakeVideo-FakeAudio/Asian (East)/women/id05631,FakeAVCeleb_v1.2/FakeVideo-FakeAudio/Asian (East)/women/id05631/00073_id09181_wavtolip.mp4,../data/raw/FakeAVCeleb_v1.2/FakeVideo-FakeAudio/Asian (East)/women/id05631/00073_id09181_wavtolip.mp4
id07051,id06428,-,wav2lip,D,FakeVideo-FakeAudio,Asian (South),women,00083_id06428_wavtolip.mp4,FakeAVCeleb/FakeVideo-FakeAudio/Asian (South)/women/id07051,FakeAVCeleb_v1.2/FakeVideo-FakeAudio/Asian (South)/women/id07051/00083_id06428_wavtolip.mp4,../data/raw/FakeAVCeleb_v1.2/FakeVideo-FakeAudio/Asian (South)/women/id07051/00083_id06428_wavtolip.mp4
id05920,id05845,faceswap,faceswap-wav2lip,D,FakeVideo-FakeAudio,Asian (South),women,00161_id05845_XfMHm6CEwPw_faceswap_id00043_wavtolip.mp4,FakeAVCeleb/FakeVideo-FakeAudio/Asian (South)/women/id05920,FakeAVCeleb_v1.2/FakeVideo-FakeAudio/Asian (South)/women/id05920/00161_id05845_XfMHm6CEwPw_faceswap_id00043_wavtolip.mp4,../data/raw/FakeAVCeleb_v1.2/FakeVideo-FakeAudio/Asian (South)/women/id05920/00161_id05845_XfMHm6CEwPw_faceswap_id00043_wavtolip.mp4
id01157,id00554,faceswap,faceswap-wav2lip,D,FakeVideo-FakeAudio,Caucasian (European),men,00048_id00554_crjq1dFN1Ko_faceswap_id00559_wavtolip.mp4,FakeAVCeleb/FakeVideo-FakeAudio/Caucasian (European)/men/id01157,FakeAVCeleb_v1.2/FakeVideo-FakeAudio/Caucasian (European)/men/id01157/00048_id00554_crjq1dFN1Ko_faceswap_id00559_wavtolip.mp4,../data/raw/FakeAVCeleb_v1.2/FakeVideo-FakeAudio/Caucasian (European)/men/id01157/00048_id00554_crjq1dFN1Ko_faceswap_id00559_wavtolip.mp4
id00187,id01157,-,wav2lip,D,FakeVideo-FakeAudio,Caucasian (European),men,00360_id01157_wavtolip.mp4,FakeAVCeleb/FakeVideo-FakeAudio/Caucasian (European)/men/id00187,FakeAVCeleb_v1.2/FakeVideo-FakeAudio/Caucasian (European)/men/id00187/00360_id01157_wavtolip.mp4,../data/raw/FakeAVCeleb_v1.2/FakeVideo-FakeAudio/Caucasian (European)/men/id00187/00360_id01157_wavtolip.mp4
id06752,2,-,faceswap-wav2lip,D,FakeVideo-FakeAudio,Asian (South),women,00221_2_id02310_wavtolip.mp4,FakeAVCeleb/FakeVideo-FakeAudio/Asian (South)/women/id06752,FakeAVCeleb_v1.2/FakeVideo-FakeAudio/Asian (South)/women/id06752/00221_2_id02310_wavtolip.mp4,../data/raw/FakeAVCeleb_v1.2/FakeVideo-FakeAudio/Asian (South)/women/id06752/00221_2_id02310_wavtolip.mp4
id00520,id01156,id00241,fsgan-wav2lip,D,FakeVideo-FakeAudio,Caucasian (European),men,00187_id01156_RT99eogJo4k_id00241_wavtolip.mp4,FakeAVCeleb/FakeVideo-FakeAudio/Caucasian (European)/men/id00520,FakeAVCeleb_v1.2/FakeVideo-FakeAudio/Caucasian (European)/men/id00520/00187_id01156_RT99eogJo4k_id00241_wavtolip.mp4,../data/raw/FakeAVCeleb_v1.2/FakeVideo-FakeAudio/Caucasian (European)/men/id00520/00187_id01156_RT99eogJo4k_id00241_wavtolip.mp4
id04057,id09171,faceswap,faceswap-wav2lip,D,FakeVideo-FakeAudio,Asian (East),women,00015_id09171_B-JRLp6chC0_faceswap_id06065_wavtolip.mp4,FakeAVCeleb/FakeVideo-FakeAudio/Asian (East)/women/id04057,FakeAVCeleb_v1.2/FakeVideo-FakeAudio/Asian (East)/women/id04057/00015_id09171_B-JRLp6chC0_faceswap_id06065_wavtolip.mp4,../data/raw/FakeAVCeleb_v1.2/FakeVideo-FakeAudio/Asian (East)/women/id04057/00015_id09171_B-JRLp6chC0_faceswap_id06065_wavtolip.mp4
id01051,id00265,-,wav2lip,D,FakeVideo-FakeAudio,Caucasian (European),men,00322_id00265_wavtolip.mp4,FakeAVCeleb/FakeVideo-FakeAudio/Caucasian (European)/men/id01051,FakeAVCeleb_v1.2/FakeVideo-FakeAudio/Caucasian (European)/men/id01051/00322_id00265_wavtolip.mp4,../data/raw/FakeAVCeleb_v1.2/FakeVideo-FakeAudio/Caucasian (European)/men/id01051/00322_id00265_wavtolip.mp4
id01856,id00944,-,wav2lip,D,FakeVideo-FakeAudio,African,men,00006_id00944_wavtolip.mp4,FakeAVCeleb/FakeVideo-FakeAudio/African/men/id01856,FakeAVCeleb_v1.2/FakeVideo-FakeAudio/African/men/id01856/00006_id00944_wavtolip.mp4,../data/raw/FakeAVCeleb_v1.2/FakeVideo-FakeAudio/African/men/id01856/00006_id00944_wavtolip.mp4
id01532,id01907,id00359,fsgan-wav2lip,D,FakeVideo-FakeAudio,African,women,00065_id01907_LBcRkuRq0uY_id00359_wavtolip.mp4,FakeAVCeleb/FakeVideo-FakeAudio/African/women/id01532,FakeAVCeleb_v1.2/FakeVideo-FakeAudio/African/women/id01532/00065_id01907_LBcRkuRq0uY_id00359_wavtolip.mp4,../data/raw/FakeAVCeleb_v1.2/FakeVideo-FakeAudio/African/women/id01532/00065_id01907_LBcRkuRq0uY_id00359_wavtolip.mp4
id09116,id00430,faceswap,faceswap-wav2lip,D,FakeVideo-FakeAudio,Asian (East),women,00026_id00430_q7jhSsGElK4_faceswap_id06158_wavtolip.mp4,FakeAVCeleb/FakeVideo-FakeAudio/Asian (East)/women/id09116,FakeAVCeleb_v1.2/FakeVideo-FakeAudio/Asian (East)/women/id09116/00026_id00430_q7jhSsGElK4_faceswap_id06158_wavtolip.mp4,../data/raw/FakeAVCeleb_v1.2/FakeVideo-FakeAudio/Asian (East)/women/id09116/00026_id00430_q7jhSsGElK4_faceswap_id06158_wavtolip.mp4
id00098,id00616,faceswap,faceswap-wav2lip,D,FakeVideo-FakeAudio,Caucasian (American),women,00004_id00616_xT51pPmksJw_faceswap_id00097_wavtolip.mp4,FakeAVCeleb/FakeVideo-FakeAudio/Caucasian (American)/women/id00098,FakeAVCeleb_v1.2/FakeVideo-FakeAudio/Caucasian (American)/women/id00098/00004_id00616_xT51pPmksJw_faceswap_id00097_wavtolip.mp4,../data/raw/FakeAVCeleb_v1.2/FakeVideo-FakeAudio/Caucasian (American)/women/id00098/00004_id00616_xT51pPmksJw_faceswap_id00097_wavtolip.mp4
id01528,id01236,-,wav2lip,D,FakeVideo-FakeAudio,African,men,00017_id01236_wavtolip.mp4,FakeAVCeleb/FakeVideo-FakeAudio/African/men/id01528,FakeAVCeleb_v1.2/FakeVideo-FakeAudio/African/men/id01528/00017_id01236_wavtolip.mp4,../data/raw/FakeAVCeleb_v1.2/FakeVideo-FakeAudio/African/men/id01528/00017_id01236_wavtolip.mp4
id03757,id01172,id01105,fsgan-wav2lip,D,FakeVideo-FakeAudio,Caucasian (American),men,00149_id01172_8f8sdrQatpw_id01105_wavtolip.mp4,FakeAVCeleb/FakeVideo-FakeAudio/Caucasian (American)/men/id03757,FakeAVCeleb_v1.2/FakeVideo-FakeAudio/Caucasian (American)/men/id03757/00149_id01172_8f8sdrQatpw_id01105_wavtolip.mp4,../data/raw/FakeAVCeleb_v1.2/FakeVideo-FakeAudio/Caucasian (American)/men/id03757/00149_id01172_8f8sdrQatpw_id01105_wavtolip.mp4
id00943,id01210,-,wav2lip,D,FakeVideo-FakeAudio,Caucasian (American),men,00304_id01210_wavtolip.mp4,FakeAVCeleb/FakeVideo-FakeAudio/Caucasian (American)/men/id00943,FakeAVCeleb_v1.2/FakeVideo-FakeAudio/Caucasian (American)/men/id00943/00304_id01210_wavtolip.mp4,../data/raw/FakeAVCeleb_v1.2/FakeVideo-FakeAudio/Caucasian (American)/men/id00943/00304_id01210_wavtolip.mp4
id04726,id05332,-,wav2lip,D,FakeVideo-FakeAudio,Asian (East),men,00245_id05332_wavtolip.mp4,FakeAVCeleb/FakeVideo-FakeAudio/Asian (East)/men/id04726,FakeAVCeleb_v1.2/FakeVideo-FakeAudio/Asian (East)/men/id04726/00245_id05332_wavtolip.mp4,../data/raw/FakeAVCeleb_v1.2/FakeVideo-FakeAudio/Asian (East)/men/id04726/00245_id05332_wavtolip.mp4
id00826,id03651,-,wav2lip,D,FakeVideo-FakeAudio,Caucasian (European),women,00065_id03651_wavtolip.mp4,FakeAVCeleb/FakeVideo-FakeAudio/Caucasian (European)/women/id00826,FakeAVCeleb_v1.2/FakeVideo-FakeAudio/Caucasian (European)/women/id00826/00065_id03651_wavtolip.mp4,../data/raw/FakeAVCeleb_v1.2/FakeVideo-FakeAudio/Caucasian (European)/women/id00826/00065_id03651_wavtolip.mp4
id01717,id00366,id02268,fsgan-wav2lip,D,FakeVideo-FakeAudio,African,men,00005_id00366_RSOgEoek8WM_id02268_wavtolip.mp4,FakeAVCeleb/FakeVideo-FakeAudio/African/men/id01717,FakeAVCeleb_v1.2/FakeVideo-FakeAudio/African/men/id01717/00005_id00366_RSOgEoek8WM_id02268_wavtolip.mp4,../data/raw/FakeAVCeleb_v1.2/FakeVideo-FakeAudio/African/men/id01717/00005_id00366_RSOgEoek8WM_id02268_wavtolip.mp4
id01204,id09143,faceswap,faceswap-wav2lip,D,FakeVideo-FakeAudio,Asian (East),men,00092_id09143_rnD7HryoyLY_faceswap_id06470_wavtolip.mp4,FakeAVCeleb/FakeVideo-FakeAudio/Asian (East)/men/id01204,FakeAVCeleb_v1.2/FakeVideo-FakeAudio/Asian (East)/men/id01204/00092_id09143_rnD7HryoyLY_faceswap_id06470_wavtolip.mp4,../data/raw/FakeAVCeleb_v1.2/FakeVideo-FakeAudio/Asian (East)/men/id01204/00092_id09143_rnD7HryoyLY_faceswap_id06470_wavtolip.mp4
id00428,id01005,faceswap,faceswap-wav2lip,D,FakeVideo-FakeAudio,Caucasian (American),women,00017_id01005_lJZrqhcRFSA_faceswap_id00835_wavtolip.mp4,FakeAVCeleb/FakeVideo-FakeAudio/Caucasian (American)/women/id00428,FakeAVCeleb_v1.2/FakeVideo-FakeAudio/Caucasian (American)/women/id00428/00017_id01005_lJZrqhcRFSA_faceswap_id00835_wavtolip.mp4,../data/raw/FakeAVCeleb_v1.2/FakeVideo-FakeAudio/Caucasian (American)/women/id00428/00017_id01005_lJZrqhcRFSA_faceswap_id00835_wavtolip.mp4
id00272,id00458,-,wav2lip,D,FakeVideo-FakeAudio,Caucasian (American),women,00195_id00458_wavtolip.mp4,FakeAVCeleb/FakeVideo-FakeAudio/Caucasian (American)/women/id00272,FakeAVCeleb_v1.2/FakeVideo-FakeAudio/Caucasian (American)/women/id00272/00195_id00458_wavtolip.mp4,../data/raw/FakeAVCeleb_v1.2/FakeVideo-FakeAudio/Caucasian (American)/women/id00272/00195_id00458_wavtolip.mp4
id00184,id00087,id00020,fsgan-wav2lip,D,FakeVideo-FakeAudio,Caucasian (American),men,00241_id00087_0ZbOp9FgZf8_id00020_wavtolip.mp4,FakeAVCeleb/FakeVideo-FakeAudio/Caucasian (American)/men/id00184,FakeAVCeleb_v1.2/FakeVideo-FakeAudio/Caucasian (American)/men/id00184/00241_id00087_0ZbOp9FgZf8_id00020_wavtolip.mp4,../data/raw/FakeAVCeleb_v1.2/FakeVideo-FakeAudio/Caucasian (American)/men/id00184/00241_id00087_0ZbOp9FgZf8_id00020_wavtolip.mp4
id00478,id01528,-,wav2lip,D,FakeVideo-FakeAudio,African,men,00206_id01528_wavtolip.mp4,FakeAVCeleb/FakeVideo-FakeAudio/African/men/id00478,FakeAVCeleb_v1.2/FakeVideo-FakeAudio/African/men/id00478/00206_id01528_wavtolip.mp4,../data/raw/FakeAVCeleb_v1.2/FakeVideo-FakeAudio/African/men/id00478/00206_id01528_wavtolip.mp4
id07463,id04562,Gs7wjvY,fsgan-wav2lip,D,FakeVideo-FakeAudio,Asian (South),men,00028_id04562_qio_Gs7wjvY_id04554_wavtolip.mp4,FakeAVCeleb/FakeVideo-FakeAudio/Asian (South)/men/id07463,FakeAVCeleb_v1.2/FakeVideo-FakeAudio/Asian (South)/men/id07463/00028_id04562_qio_Gs7wjvY_id04554_wavtolip.mp4,../data/raw/FakeAVCeleb_v1.2/FakeVideo-FakeAudio/Asian (South)/men/id07463/00028_id04562_qio_Gs7wjvY_id04554_wavtolip.mp4
id03696,id00575,id01223,fsgan-wav2lip,D,FakeVideo-FakeAudio,Caucasian (American),women,00160_id00575_iPfJcAJQ84Y_id01223_wavtolip.mp4,FakeAVCeleb/FakeVideo-FakeAudio/Caucasian (American)/women/id03696,FakeAVCeleb_v1.2/FakeVideo-FakeAudio/Caucasian (American)/women/id03696/00160_id00575_iPfJcAJQ84Y_id01223_wavtolip.mp4,../data/raw/FakeAVCeleb_v1.2/FakeVideo-FakeAudio/Caucasian (American)/women/id03696/00160_id00575_iPfJcAJQ84Y_id01223_wavtolip.mp4
id00166,id01637,faceswap,faceswap-wav2lip,D,FakeVideo-FakeAudio,African,men,00010_id01637_5VjcPZm8knM_faceswap_id01598_wavtolip.mp4,FakeAVCeleb/FakeVideo-FakeAudio/African/men/id00166,FakeAVCeleb_v1.2/FakeVideo-FakeAudio/African/men/id00166/00010_id01637_5VjcPZm8knM_faceswap_id01598_wavtolip.mp4,../data/raw/FakeAVCeleb_v1.2/FakeVideo-FakeAudio/African/men/id00166/00010_id01637_5VjcPZm8knM_faceswap_id01598_wavtolip.mp4
id01126,id01099,id01126,fsgan-wav2lip,D,FakeVideo-FakeAudio,Caucasian (European),men,00040_id01099_ZpgbIKxzkrg_id01126_wavtolip.mp4,FakeAVCeleb/FakeVideo-FakeAudio/Caucasian (European)/men/id01126,FakeAVCeleb_v1.2/FakeVideo-FakeAudio/Caucasian (European)/men/id01126/00040_id01099_ZpgbIKxzkrg_id01126_wavtolip.mp4,../data/raw/FakeAVCeleb_v1.2/FakeVideo-FakeAudio/Caucasian (European)/men/id01126/00040_id01099_ZpgbIKxzkrg_id01126_wavtolip.mp4
id03656,3,-,faceswap-wav2lip,D,FakeVideo-FakeAudio,African,women,00052_3_id00371_wavtolip.mp4,FakeAVCeleb/FakeVideo-FakeAudio/African/women/id03656,FakeAVCeleb_v1.2/FakeVideo-FakeAudio/African/women/id03656/00052_3_id00371_wavtolip.mp4,../data/raw/FakeAVCeleb_v1.2/FakeVideo-FakeAudio/African/women/id03656/00052_3_id00371_wavtolip.mp4
id04939,id01783,-,wav2lip,D,FakeVideo-FakeAudio,African,women,00174_id01783_wavtolip.mp4,FakeAVCeleb/FakeVideo-FakeAudio/African/women/id04939,FakeAVCeleb_v1.2/FakeVideo-FakeAudio/African/women/id04939/00174_id01783_wavtolip.mp4,../data/raw/FakeAVCeleb_v1.2/FakeVideo-FakeAudio/African/women/id04939/00174_id01783_wavtolip.mp4
id00680,id00398,-,wav2lip,D,FakeVideo-FakeAudio,Caucasian (American),women,00110_id00398_wavtolip.mp4,FakeAVCeleb/FakeVideo-FakeAudio/Caucasian (American)/women/id00680,FakeAVCeleb_v1.2/FakeVideo-FakeAudio/Caucasian (American)/women/id00680/00110_id00398_wavtolip.mp4,../data/raw/FakeAVCeleb_v1.2/FakeVideo-FakeAudio/Caucasian (American)/women/id00680/00110_id00398_wavtolip.mp4
id01126,id00535,faceswap,faceswap-wav2lip,D,FakeVideo-FakeAudio,Caucasian (European),men,00040_id00535_BhvTIJ-YG5s_faceswap_id00981_wavtolip.mp4,FakeAVCeleb/FakeVideo-FakeAudio/Caucasian (European)/men/id01126,FakeAVCeleb_v1.2/FakeVideo-FakeAudio/Caucasian (European)/men/id01126/00040_id00535_BhvTIJ-YG5s_faceswap_id00981_wavtolip.mp4,../data/raw/FakeAVCeleb_v1.2/FakeVideo-FakeAudio/Caucasian (European)/men/id01126/00040_id00535_BhvTIJ-YG5s_faceswap_id00981_wavtolip.mp4
id06428,id07008,-,wav2lip,D,FakeVideo-FakeAudio,Asian (South),women,00043_id07008_wavtolip.mp4,FakeAVCeleb/FakeVideo-FakeAudio/Asian (South)/women/id06428,FakeAVCeleb_v1.2/FakeVideo-FakeAudio/Asian (South)/women/id06428/00043_id07008_wavtolip.mp4,../data/raw/FakeAVCeleb_v1.2/FakeVideo-FakeAudio/Asian (South)/women/id06428/00043_id07008_wavtolip.mp4
id00060,id00777,-,wav2lip,D,FakeVideo-FakeAudio,Caucasian (American),men,00307_id00777_wavtolip.mp4,FakeAVCeleb/FakeVideo-FakeAudio/Caucasian (American)/men/id00060,FakeAVCeleb_v1.2/FakeVideo-FakeAudio/Caucasian (American)/men/id00060/00307_id00777_wavtolip.mp4,../data/raw/FakeAVCeleb_v1.2/FakeVideo-FakeAudio/Caucasian (American)/men/id00060/00307_id00777_wavtolip.mp4
id00752,id00848,-,wav2lip,D,FakeVideo-FakeAudio,Caucasian (American),women,00340_id00848_wavtolip.mp4,FakeAVCeleb/FakeVideo-FakeAudio/Caucasian (American)/women/id00752,FakeAVCeleb_v1.2/FakeVideo-FakeAudio/Caucasian (American)/women/id00752/00340_id00848_wavtolip.mp4,../data/raw/FakeAVCeleb_v1.2/FakeVideo-FakeAudio/Caucasian (American)/women/id00752/00340_id00848_wavtolip.mp4
id04070,id07051,-,wav2lip,D,FakeVideo-FakeAudio,Asian (South),women,00072_id07051_wavtolip.mp4,FakeAVCeleb/FakeVideo-FakeAudio/Asian (South)/women/id04070,FakeAVCeleb_v1.2/FakeVideo-FakeAudio/Asian (South)/women/id04070/00072_id07051_wavtolip.mp4,../data/raw/FakeAVCeleb_v1.2/FakeVideo-FakeAudio/Asian (South)/women/id04070/00072_id07051_wavtolip.mp4
id02342,id01170,id01597,fsgan-wav2lip,D,FakeVideo-FakeAudio,African,men,00191_id01170_7eoTTk4xyNo_id01597_wavtolip.mp4,FakeAVCeleb/FakeVideo-FakeAudio/African/men/id02342,FakeAVCeleb_v1.2/FakeVideo-FakeAudio/African/men/id02342/00191_id01170_7eoTTk4xyNo_id01597_wavtolip.mp4,../data/raw/FakeAVCeleb_v1.2/FakeVideo-FakeAudio/African/men/id02342/00191_id01170_7eoTTk4xyNo_id01597_wavtolip.mp4
id09053,id06470,id07102,fsgan-wav2lip,D,FakeVideo-FakeAudio,Asian (East),men,00005_id06470_XoAiqCrOlyk_id07102_wavtolip.mp4,FakeAVCeleb/FakeVideo-FakeAudio/Asian (East)/men/id09053,FakeAVCeleb_v1.2/FakeVideo-FakeAudio/Asian (East)/men/id09053/00005_id06470_XoAiqCrOlyk_id07102_wavtolip.mp4,../data/raw/FakeAVCeleb_v1.2/FakeVideo-FakeAudio/Asian (East)/men/id09053/00005_id06470_XoAiqCrOlyk_id07102_wavtolip.mp4
id06428,id07051,faceswap,faceswap-wav2lip,D,FakeVideo-FakeAudio,Asian (South),women,00043_id07051_d1c0Pl2aP_4_faceswap_id06254_wavtolip.mp4,FakeAVCeleb/FakeVideo-FakeAudio/Asian (South)/women/id06428,FakeAVCeleb_v1.2/FakeVideo-FakeAudio/Asian (South)/women/id06428/00043_id07051_d1c0Pl2aP_4_faceswap_id06254_wavtolip.mp4,../data/raw/FakeAVCeleb_v1.2/FakeVideo-FakeAudio/Asian (South)/women/id06428/00043_id07051_d1c0Pl2aP_4_faceswap_id06254_wavtolip.mp4
id00535,id00919,faceswap,faceswap-wav2lip,D,FakeVideo-FakeAudio,Caucasian (European),men,00005_id00919_XDUn0Pskyrk_faceswap_id00368_wavtolip.mp4,FakeAVCeleb/FakeVideo-FakeAudio/Caucasian (European)/men/id00535,FakeAVCeleb_v1.2/FakeVideo-FakeAudio/Caucasian (European)/men/id00535/00005_id00919_XDUn0Pskyrk_faceswap_id00368_wavtolip.mp4,../data/raw/FakeAVCeleb_v1.2/FakeVideo-FakeAudio/Caucasian (European)/men/id00535/00005_id00919_XDUn0Pskyrk_faceswap_id00368_wavtolip.mp4
id01048,id01192,id00052,fsgan-wav2lip,D,FakeVideo-FakeAudio,Caucasian (American),men,00160_id01192_kAht8HG7-1s_id00052_wavtolip.mp4,FakeAVCeleb/FakeVideo-FakeAudio/Caucasian (American)/men/id01048,FakeAVCeleb_v1.2/FakeVideo-FakeAudio/Caucasian (American)/men/id01048/00160_id01192_kAht8HG7-1s_id00052_wavtolip.mp4,../data/raw/FakeAVCeleb_v1.2/FakeVideo-FakeAudio/Caucasian (American)/men/id01048/00160_id01192_kAht8HG7-1s_id00052_wavtolip.mp4
id05435,id03897,-,wav2lip,D,FakeVideo-FakeAudio,Asian (South),women,00107_id03897_wavtolip.mp4,FakeAVCeleb/FakeVideo-FakeAudio/Asian (South)/women/id05435,FakeAVCeleb_v1.2/FakeVideo-FakeAudio/Asian (South)/women/id05435/00107_id03897_wavtolip.mp4,../data/raw/FakeAVCeleb_v1.2/FakeVideo-FakeAudio/Asian (South)/women/id05435/00107_id03897_wavtolip.mp4
id06388,id09171,id00579,fsgan-wav2lip,D,FakeVideo-FakeAudio,Asian (East),women,00005_id09171_B-JRLp6chC0_id00579_wavtolip.mp4,FakeAVCeleb/FakeVideo-FakeAudio/Asian (East)/women/id06388,FakeAVCeleb_v1.2/FakeVideo-FakeAudio/Asian (East)/women/id06388/00005_id09171_B-JRLp6chC0_id00579_wavtolip.mp4,../data/raw/FakeAVCeleb_v1.2/FakeVideo-FakeAudio/Asian (East)/women/id06388/00005_id09171_B-JRLp6chC0_id00579_wavtolip.mp4
id00126,id01212,-,wav2lip,D,FakeVideo-FakeAudio,Asian (East),men,00173_id01212_wavtolip.mp4,FakeAVCeleb/FakeVideo-FakeAudio/Asian (East)/men/id00126,FakeAVCeleb_v1.2/FakeVideo-FakeAudio/Asian (East)/men/id00126/00173_id01212_wavtolip.mp4,../data/raw/FakeAVCeleb_v1.2/FakeVideo-FakeAudio/Asian (East)/men/id00126/00173_id01212_wavtolip.mp4
id01217,id00097,id00190,fsgan-wav2lip,D,FakeVideo-FakeAudio,Caucasian (American),women,00005_id00097_PchMB8-P1lw_id00190_wavtolip.mp4,FakeAVCeleb/FakeVideo-FakeAudio/Caucasian (American)/women/id01217,FakeAVCeleb_v1.2/FakeVideo-FakeAudio/Caucasian (American)/women/id01217/00005_id00097_PchMB8-P1lw_id00190_wavtolip.mp4,../data/raw/FakeAVCeleb_v1.2/FakeVideo-FakeAudio/Caucasian (American)/women/id01217/00005_id00097_PchMB8-P1lw_id00190_wavtolip.mp4
id07136,0,-,faceswap-wav2lip,D,FakeVideo-FakeAudio,Asian (South),women,00052_0_id00488_wavtolip.mp4,FakeAVCeleb/FakeVideo-FakeAudio/Asian (South)/women/id07136,FakeAVCeleb_v1.2/FakeVideo-FakeAudio/Asian (South)/women/id07136/00052_0_id00488_wavtolip.mp4,../data/raw/FakeAVCeleb_v1.2/FakeVideo-FakeAudio/Asian (South)/women/id07136/00052_0_id00488_wavtolip.mp4
id04222,id02365,-,wav2lip,D,FakeVideo-FakeAudio,Asian (East),men,00078_id02365_wavtolip.mp4,FakeAVCeleb/FakeVideo-FakeAudio/Asian (East)/men/id04222,FakeAVCeleb_v1.2/FakeVideo-FakeAudio/Asian (East)/men/id04222/00078_id02365_wavtolip.mp4,../data/raw/FakeAVCeleb_v1.2/FakeVideo-FakeAudio/Asian (East)/men/id04222/00078_id02365_wavtolip.mp4
id00052,0,-,faceswap-wav2lip,D,FakeVideo-FakeAudio,Caucasian (American),men,00015_0_id04034_wavtolip.mp4,FakeAVCeleb/FakeVideo-FakeAudio/Caucasian (American)/men/id00052,FakeAVCeleb_v1.2/FakeVideo-FakeAudio/Caucasian (American)/men/id00052/00015_0_id04034_wavtolip.mp4,../data/raw/FakeAVCeleb_v1.2/FakeVideo-FakeAudio/Caucasian (American)/men/id00052/00015_0_id04034_wavtolip.mp4
id01026,id00417,id00043,fsgan-wav2lip,D,FakeVideo-FakeAudio,Asian (South),women,00083_id00417_GhIZam3v09g_id00043_wavtolip.mp4,FakeAVCeleb/FakeVideo-FakeAudio/Asian (South)/women/id01026,FakeAVCeleb_v1.2/FakeVideo-FakeAudio/Asian (South)/women/id01026/00083_id00417_GhIZam3v09g_id00043_wavtolip.mp4,../data/raw/FakeAVCeleb_v1.2/FakeVideo-FakeAudio/Asian (South)/women/id01026/00083_id00417_GhIZam3v09g_id00043_wavtolip.mp4
id00761,id01171,-,wav2lip,D,FakeVideo-FakeAudio,African,men,00072_id01171_wavtolip.mp4,FakeAVCeleb/FakeVideo-FakeAudio/African/men/id00761,FakeAVCeleb_v1.2/FakeVideo-FakeAudio/African/men/id00761/00072_id01171_wavtolip.mp4,../data/raw/FakeAVCeleb_v1.2/FakeVideo-FakeAudio/African/men/id00761/00072_id01171_wavtolip.mp4
id00518,id00781,-,wav2lip,D,FakeVideo-FakeAudio,African,men,00031_id00781_wavtolip.mp4,FakeAVCeleb/FakeVideo-FakeAudio/African/men/id00518,FakeAVCeleb_v1.2/FakeVideo-FakeAudio/African/men/id00518/00031_id00781_wavtolip.mp4,../data/raw/FakeAVCeleb_v1.2/FakeVideo-FakeAudio/African/men/id00518/00031_id00781_wavtolip.mp4
id00180,id02464,-,wav2lip,D,FakeVideo-FakeAudio,Caucasian (American),women,00206_id02464_wavtolip.mp4,FakeAVCeleb/FakeVideo-FakeAudio/Caucasian (American)/women/id00180,FakeAVCeleb_v1.2/FakeVideo-FakeAudio/Caucasian (American)/women/id00180/00206_id02464_wavtolip.mp4,../data/raw/FakeAVCeleb_v1.2/FakeVideo-FakeAudio/Caucasian (American)/women/id00180/00206_id02464_wavtolip.mp4
id00180,id00097,-,wav2lip,D,FakeVideo-FakeAudio,Caucasian (American),women,00206_id00097_wavtolip.mp4,FakeAVCeleb/FakeVideo-FakeAudio/Caucasian (American)/women/id00180,FakeAVCeleb_v1.2/FakeVideo-FakeAudio/Caucasian (American)/women/id00180/00206_id00097_wavtolip.mp4,../data/raw/FakeAVCeleb_v1.2/FakeVideo-FakeAudio/Caucasian (American)/women/id00180/00206_id00097_wavtolip.mp4
id00575,id01091,-,wav2lip,D,FakeVideo-FakeAudio,Caucasian (American),women,00092_id01091_wavtolip.mp4,FakeAVCeleb/FakeVideo-FakeAudio/Caucasian (American)/women/id00575,FakeAVCeleb_v1.2/FakeVideo-FakeAudio/Caucasian (American)/women/id00575/00092_id01091_wavtolip.mp4,../data/raw/FakeAVCeleb_v1.2/FakeVideo-FakeAudio/Caucasian (American)/women/id00575/00092_id01091_wavtolip.mp4
id00350,id07179,-,wav2lip,D,FakeVideo-FakeAudio,Asian (South),men,00015_id07179_wavtolip.mp4,FakeAVCeleb/FakeVideo-FakeAudio/Asian (South)/men/id00350,FakeAVCeleb_v1.2/FakeVideo-FakeAudio/Asian (South)/men/id00350/00015_id07179_wavtolip.mp4,../data/raw/FakeAVCeleb_v1.2/FakeVideo-FakeAudio/Asian (South)/men/id00350/00015_id07179_wavtolip.mp4
id03716,id03651,faceswap,faceswap-wav2lip,D,FakeVideo-FakeAudio,Caucasian (European),women,00040_id03651_EjcoRkL6loI_faceswap_id00234_wavtolip.mp4,FakeAVCeleb/FakeVideo-FakeAudio/Caucasian (European)/women/id03716,FakeAVCeleb_v1.2/FakeVideo-FakeAudio/Caucasian (European)/women/id03716/00040_id03651_EjcoRkL6loI_faceswap_id00234_wavtolip.mp4,../data/raw/FakeAVCeleb_v1.2/FakeVideo-FakeAudio/Caucasian (European)/women/id03716/00040_id03651_EjcoRkL6loI_faceswap_id00234_wavtolip.mp4
id00575,id02464,id00097,fsgan-wav2lip,D,FakeVideo-FakeAudio,Caucasian (American),women,00092_id02464_1hxJsZYV7mI_id00097_wavtolip.mp4,FakeAVCeleb/FakeVideo-FakeAudio/Caucasian (American)/women/id00575,FakeAVCeleb_v1.2/FakeVideo-FakeAudio/Caucasian (American)/women/id00575/00092_id02464_1hxJsZYV7mI_id00097_wavtolip.mp4,../data/raw/FakeAVCeleb_v1.2/FakeVideo-FakeAudio/Caucasian (American)/women/id00575/00092_id02464_1hxJsZYV7mI_id00097_wavtolip.mp4
id07210,id04599,id07233,fsgan-wav2lip,D,FakeVideo-FakeAudio,Asian (South),men,00005_id04599_Q60DPi5Nhmk_id07233_wavtolip.mp4,FakeAVCeleb/FakeVideo-FakeAudio/Asian (South)/men/id07210,FakeAVCeleb_v1.2/FakeVideo-FakeAudio/Asian (South)/men/id07210/00005_id04599_Q60DPi5Nhmk_id07233_wavtolip.mp4,../data/raw/FakeAVCeleb_v1.2/FakeVideo-FakeAudio/Asian (South)/men/id07210/00005_id04599_Q60DPi5Nhmk_id07233_wavtolip.mp4
id03525,id00777,-,wav2lip,D,FakeVideo-FakeAudio,Caucasian (American),men,00048_id00777_wavtolip.mp4,FakeAVCeleb/FakeVideo-FakeAudio/Caucasian (American)/men/id03525,FakeAVCeleb_v1.2/FakeVideo-FakeAudio/Caucasian (American)/men/id03525/00048_id00777_wavtolip.mp4,../data/raw/FakeAVCeleb_v1.2/FakeVideo-FakeAudio/Caucasian (American)/men/id03525/00048_id00777_wavtolip.mp4
id00398,id00575,id01004,fsgan-wav2lip,D,FakeVideo-FakeAudio,Caucasian (American),women,00016_id00575_iPfJcAJQ84Y_id01004_wavtolip.mp4,FakeAVCeleb/FakeVideo-FakeAudio/Caucasian (American)/women/id00398,FakeAVCeleb_v1.2/FakeVideo-FakeAudio/Caucasian (American)/women/id00398/00016_id00575_iPfJcAJQ84Y_id01004_wavtolip.mp4,../data/raw/FakeAVCeleb_v1.2/FakeVideo-FakeAudio/Caucasian (American)/women/id00398/00016_id00575_iPfJcAJQ84Y_id01004_wavtolip.mp4
id00752,id00381,-,wav2lip,D,FakeVideo-FakeAudio,Caucasian (American),women,00340_id00381_wavtolip.mp4,FakeAVCeleb/FakeVideo-FakeAudio/Caucasian (American)/women/id00752,FakeAVCeleb_v1.2/FakeVideo-FakeAudio/Caucasian (American)/women/id00752/00340_id00381_wavtolip.mp4,../data/raw/FakeAVCeleb_v1.2/FakeVideo-FakeAudio/Caucasian (American)/women/id00752/00340_id00381_wavtolip.mp4
id01216,id01231,id03781,fsgan-wav2lip,D,FakeVideo-FakeAudio,Caucasian (American),women,00025_id01231_XXpYdOHUF-g_id03781_wavtolip.mp4,FakeAVCeleb/FakeVideo-FakeAudio/Caucasian (American)/women/id01216,FakeAVCeleb_v1.2/FakeVideo-FakeAudio/Caucasian (American)/women/id01216/00025_id01231_XXpYdOHUF-g_id03781_wavtolip.mp4,../data/raw/FakeAVCeleb_v1.2/FakeVideo-FakeAudio/Caucasian (American)/women/id01216/00025_id01231_XXpYdOHUF-g_id03781_wavtolip.mp4
id03815,1,-,faceswap-wav2lip,D,FakeVideo-FakeAudio,Asian (South),women,00118_1_id00043_wavtolip.mp4,FakeAVCeleb/FakeVideo-FakeAudio/Asian (South)/women/id03815,FakeAVCeleb_v1.2/FakeVideo-FakeAudio/Asian (South)/women/id03815/00118_1_id00043_wavtolip.mp4,../data/raw/FakeAVCeleb_v1.2/FakeVideo-FakeAudio/Asian (South)/women/id03815/00118_1_id00043_wavtolip.mp4
id07463,id03180,id04560,fsgan-wav2lip,D,FakeVideo-FakeAudio,Asian (South),men,00028_id03180_6wNTK7NkOd8_id04560_wavtolip.mp4,FakeAVCeleb/FakeVideo-FakeAudio/Asian (South)/men/id07463,FakeAVCeleb_v1.2/FakeVideo-FakeAudio/Asian (South)/men/id07463/00028_id03180_6wNTK7NkOd8_id04560_wavtolip.mp4,../data/raw/FakeAVCeleb_v1.2/FakeVideo-FakeAudio/Asian (South)/men/id07463/00028_id03180_6wNTK7NkOd8_id04560_wavtolip.mp4
id00566,id02587,8j0,faceswap-wav2lip,D,FakeVideo-FakeAudio,Asian (East),women,00032_id02587_KzwJPH5_8j0_faceswap_id05576_wavtolip.mp4,FakeAVCeleb/FakeVideo-FakeAudio/Asian (East)/women/id00566,FakeAVCeleb_v1.2/FakeVideo-FakeAudio/Asian (East)/women/id00566/00032_id02587_KzwJPH5_8j0_faceswap_id05576_wavtolip.mp4,../data/raw/FakeAVCeleb_v1.2/FakeVideo-FakeAudio/Asian (East)/women/id00566/00032_id02587_KzwJPH5_8j0_faceswap_id05576_wavtolip.mp4
id00971,id01124,id03525,fsgan-wav2lip,D,FakeVideo-FakeAudio,Caucasian (American),men,00253_id01124_Lnf2oGSM00s_id03525_wavtolip.mp4,FakeAVCeleb/FakeVideo-FakeAudio/Caucasian (American)/men/id00971,FakeAVCeleb_v1.2/FakeVideo-FakeAudio/Caucasian (American)/men/id00971/00253_id01124_Lnf2oGSM00s_id03525_wavtolip.mp4,../data/raw/FakeAVCeleb_v1.2/FakeVideo-FakeAudio/Caucasian (American)/men/id00971/00253_id01124_Lnf2oGSM00s_id03525_wavtolip.mp4
id00087,id03757,-,wav2lip,D,FakeVideo-FakeAudio,Caucasian (American),men,00002_id03757_wavtolip.mp4,FakeAVCeleb/FakeVideo-FakeAudio/Caucasian (American)/men/id00087,FakeAVCeleb_v1.2/FakeVideo-FakeAudio/Caucasian (American)/men/id00087/00002_id03757_wavtolip.mp4,../data/raw/FakeAVCeleb_v1.2/FakeVideo-FakeAudio/Caucasian (American)/men/id00087/00002_id03757_wavtolip.mp4
id04582,id07236,id00235,fsgan-wav2lip,D,FakeVideo-FakeAudio,Asian (South),women,00180_id07236_Fe0sdHw3sc4_id00235_wavtolip.mp4,FakeAVCeleb/FakeVideo-FakeAudio/Asian (South)/women/id04582,FakeAVCeleb_v1.2/FakeVideo-FakeAudio/Asian (South)/women/id04582/00180_id07236_Fe0sdHw3sc4_id00235_wavtolip.mp4,../data/raw/FakeAVCeleb_v1.2/FakeVideo-FakeAudio/Asian (South)/women/id04582/00180_id07236_Fe0sdHw3sc4_id00235_wavtolip.mp4
id02071,id04939,-,wav2lip,D,FakeVideo-FakeAudio,African,women,00195_id04939_wavtolip.mp4,FakeAVCeleb/FakeVideo-FakeAudio/African/women/id02071,FakeAVCeleb_v1.2/FakeVideo-FakeAudio/African/women/id02071/00195_id04939_wavtolip.mp4,../data/raw/FakeAVCeleb_v1.2/FakeVideo-FakeAudio/African/women/id02071/00195_id04939_wavtolip.mp4
id01171,id01995,-,wav2lip,D,FakeVideo-FakeAudio,African,men,00053_id01995_wavtolip.mp4,FakeAVCeleb/FakeVideo-FakeAudio/African/men/id01171,FakeAVCeleb_v1.2/FakeVideo-FakeAudio/African/men/id01171/00053_id01995_wavtolip.mp4,../data/raw/FakeAVCeleb_v1.2/FakeVideo-FakeAudio/African/men/id01171/00053_id01995_wavtolip.mp4
id00747,id00235,id04070,fsgan-wav2lip,D,FakeVideo-FakeAudio,Asian (South),women,00053_id00235_F7aHtfdzytQ_id04070_wavtolip.mp4,FakeAVCeleb/FakeVideo-FakeAudio/Asian (South)/women/id00747,FakeAVCeleb_v1.2/FakeVideo-FakeAudio/Asian (South)/women/id00747/00053_id00235_F7aHtfdzytQ_id04070_wavtolip.mp4,../data/raw/FakeAVCeleb_v1.2/FakeVideo-FakeAudio/Asian (South)/women/id00747/00053_id00235_F7aHtfdzytQ_id04070_wavtolip.mp4
id00732,id06354,id04560,fsgan-wav2lip,D,FakeVideo-FakeAudio,Asian (South),men,00118_id06354_PmWLmcJNUhM_id04560_wavtolip.mp4,FakeAVCeleb/FakeVideo-FakeAudio/Asian (South)/men/id00732,FakeAVCeleb_v1.2/FakeVideo-FakeAudio/Asian (South)/men/id00732/00118_id06354_PmWLmcJNUhM_id04560_wavtolip.mp4,../data/raw/FakeAVCeleb_v1.2/FakeVideo-FakeAudio/Asian (South)/men/id00732/00118_id06354_PmWLmcJNUhM_id04560_wavtolip.mp4
id03168,1,-,faceswap-wav2lip,D,FakeVideo-FakeAudio,Asian (East),men,03168_1_id04691_wavtolip.mp4,FakeAVCeleb/FakeVideo-FakeAudio/Asian (East)/men/id03168,FakeAVCeleb_v1.2/FakeVideo-FakeAudio/Asian (East)/men/id03168/03168_1_id04691_wavtolip.mp4,../data/raw/FakeAVCeleb_v1.2/FakeVideo-FakeAudio/Asian (East)/men/id03168/03168_1_id04691_wavtolip.mp4
id02494,id01036,-,wav2lip,D,FakeVideo-FakeAudio,African,men,00050_id01036_wavtolip.mp4,FakeAVCeleb/FakeVideo-FakeAudio/African/men/id02494,FakeAVCeleb_v1.2/FakeVideo-FakeAudio/African/men/id02494/00050_id01036_wavtolip.mp4,../data/raw/FakeAVCeleb_v1.2/FakeVideo-FakeAudio/African/men/id02494/00050_id01036_wavtolip.mp4
id06343,id06438,faceswap,faceswap-wav2lip,D,FakeVideo-FakeAudio,Asian (South),women,00023_id06438_vf3xBVgYqYA_faceswap_id04529_wavtolip.mp4,FakeAVCeleb/FakeVideo-FakeAudio/Asian (South)/women/id06343,FakeAVCeleb_v1.2/FakeVideo-FakeAudio/Asian (South)/women/id06343/00023_id06438_vf3xBVgYqYA_faceswap_id04529_wavtolip.mp4,../data/raw/FakeAVCeleb_v1.2/FakeVideo-FakeAudio/Asian (South)/women/id06343/00023_id06438_vf3xBVgYqYA_faceswap_id04529_wavtolip.mp4
id02808,id00568,id03658,fsgan-wav2lip,D,FakeVideo-FakeAudio,African,women,00056_id00568_gakhcJXnJZ8_id03658_wavtolip.mp4,FakeAVCeleb/FakeVideo-FakeAudio/African/women/id02808,FakeAVCeleb_v1.2/FakeVideo-FakeAudio/African/women/id02808/00056_id00568_gakhcJXnJZ8_id03658_wavtolip.mp4,../data/raw/FakeAVCeleb_v1.2/FakeVideo-FakeAudio/African/women/id02808/00056_id00568_gakhcJXnJZ8_id03658_wavtolip.mp4
id01972,id01544,id01920,fsgan-wav2lip,D,FakeVideo-FakeAudio,African,men,00078_id01544_uBo9585VW2A_id01920_wavtolip.mp4,FakeAVCeleb/FakeVideo-FakeAudio/African/men/id01972,FakeAVCeleb_v1.2/FakeVideo-FakeAudio/African/men/id01972/00078_id01544_uBo9585VW2A_id01920_wavtolip.mp4,../data/raw/FakeAVCeleb_v1.2/FakeVideo-FakeAudio/African/men/id01972/00078_id01544_uBo9585VW2A_id01920_wavtolip.mp4
id00981,id03205,id00185,fsgan-wav2lip,D,FakeVideo-FakeAudio,Caucasian (European),men,00092_id03205_gXytNIcANKw_id00185_wavtolip.mp4,FakeAVCeleb/FakeVideo-FakeAudio/Caucasian (European)/men/id00981,FakeAVCeleb_v1.2/FakeVideo-FakeAudio/Caucasian (European)/men/id00981/00092_id03205_gXytNIcANKw_id00185_wavtolip.mp4,../data/raw/FakeAVCeleb_v1.2/FakeVideo-FakeAudio/Caucasian (European)/men/id00981/00092_id03205_gXytNIcANKw_id00185_wavtolip.mp4
id04687,id03889,id04111,fsgan-wav2lip,D,FakeVideo-FakeAudio,Asian (East),men,00066_id03889_C54Tw6xrc4U_id04111_wavtolip.mp4,FakeAVCeleb/FakeVideo-FakeAudio/Asian (East)/men/id04687,FakeAVCeleb_v1.2/FakeVideo-FakeAudio/Asian (East)/men/id04687/00066_id03889_C54Tw6xrc4U_id04111_wavtolip.mp4,../data/raw/FakeAVCeleb_v1.2/FakeVideo-FakeAudio/Asian (East)/men/id04687/00066_id03889_C54Tw6xrc4U_id04111_wavtolip.mp4
id03589,id00395,id00271,fsgan-wav2lip,D,FakeVideo-FakeAudio,Caucasian (European),women,00002_id00395_wM5kGJfTtEM_id00271_wavtolip.mp4,FakeAVCeleb/FakeVideo-FakeAudio/Caucasian (European)/women/id03589,FakeAVCeleb_v1.2/FakeVideo-FakeAudio/Caucasian (European)/women/id03589/00002_id00395_wM5kGJfTtEM_id00271_wavtolip.mp4,../data/raw/FakeAVCeleb_v1.2/FakeVideo-FakeAudio/Caucasian (European)/women/id03589/00002_id00395_wM5kGJfTtEM_id00271_wavtolip.mp4
id01661,id02508,-,wav2lip,D,FakeVideo-FakeAudio,African,women,00059_id02508_wavtolip.mp4,FakeAVCeleb/FakeVideo-FakeAudio/African/women/id01661,FakeAVCeleb_v1.2/FakeVideo-FakeAudio/African/women/id01661/00059_id02508_wavtolip.mp4,../data/raw/FakeAVCeleb_v1.2/FakeVideo-FakeAudio/African/women/id01661/00059_id02508_wavtolip.mp4
id00709,id01123,-,wav2lip,D,FakeVideo-FakeAudio,Caucasian (European),men,00206_id01123_wavtolip.mp4,FakeAVCeleb/FakeVideo-FakeAudio/Caucasian (European)/men/id00709,FakeAVCeleb_v1.2/FakeVideo-FakeAudio/Caucasian (European)/men/id00709/00206_id01123_wavtolip.mp4,../data/raw/FakeAVCeleb_v1.2/FakeVideo-FakeAudio/Caucasian (European)/men/id00709/00206_id01123_wavtolip.mp4
id01123,id00282,faceswap,faceswap-wav2lip,D,FakeVideo-FakeAudio,Caucasian (European),men,00072_id00282_iTsqWj6GEbo_faceswap_id00554_wavtolip.mp4,FakeAVCeleb/FakeVideo-FakeAudio/Caucasian (European)/men/id01123,FakeAVCeleb_v1.2/FakeVideo-FakeAudio/Caucasian (European)/men/id01123/00072_id00282_iTsqWj6GEbo_faceswap_id00554_wavtolip.mp4,../data/raw/FakeAVCeleb_v1.2/FakeVideo-FakeAudio/Caucasian (European)/men/id01123/00072_id00282_iTsqWj6GEbo_faceswap_id00554_wavtolip.mp4
id03815,1,-,faceswap-wav2lip,D,FakeVideo-FakeAudio,Asian (South),women,00118_1_id04927_wavtolip.mp4,FakeAVCeleb/FakeVideo-FakeAudio/Asian (South)/women/id03815,FakeAVCeleb_v1.2/FakeVideo-FakeAudio/Asian (South)/women/id03815/00118_1_id04927_wavtolip.mp4,../data/raw/FakeAVCeleb_v1.2/FakeVideo-FakeAudio/Asian (South)/women/id03815/00118_1_id04927_wavtolip.mp4
id06428,id07689,id04529,fsgan-wav2lip,D,FakeVideo-FakeAudio,Asian (South),women,00043_id07689_2ie0g83JkgA_id04529_wavtolip.mp4,FakeAVCeleb/FakeVideo-FakeAudio/Asian (South)/women/id06428,FakeAVCeleb_v1.2/FakeVideo-FakeAudio/Asian (South)/women/id06428/00043_id07689_2ie0g83JkgA_id04529_wavtolip.mp4,../data/raw/FakeAVCeleb_v1.2/FakeVideo-FakeAudio/Asian (South)/women/id06428/00043_id07689_2ie0g83JkgA_id04529_wavtolip.mp4
id03205,id00946,-,wav2lip,D,FakeVideo-FakeAudio,Caucasian (European),men,00150_id00946_wavtolip.mp4,FakeAVCeleb/FakeVideo-FakeAudio/Caucasian (European)/men/id03205,FakeAVCeleb_v1.2/FakeVideo-FakeAudio/Caucasian (European)/men/id03205/00150_id00946_wavtolip.mp4,../data/raw/FakeAVCeleb_v1.2/FakeVideo-FakeAudio/Caucasian (European)/men/id03205/00150_id00946_wavtolip.mp4
id00190,id00180,faceswap,faceswap-wav2lip,D,FakeVideo-FakeAudio,Caucasian (American),women,00072_id00180_lkeAa8Od_tg_faceswap_id01227_wavtolip.mp4,FakeAVCeleb/FakeVideo-FakeAudio/Caucasian (American)/women/id00190,FakeAVCeleb_v1.2/FakeVideo-FakeAudio/Caucasian (American)/women/id00190/00072_id00180_lkeAa8Od_tg_faceswap_id01227_wavtolip.mp4,../data/raw/FakeAVCeleb_v1.2/FakeVideo-FakeAudio/Caucasian (American)/women/id00190/00072_id00180_lkeAa8Od_tg_faceswap_id01227_wavtolip.mp4
id01096,id03757,-,wav2lip,D,FakeVideo-FakeAudio,Caucasian (American),men,00037_id03757_wavtolip.mp4,FakeAVCeleb/FakeVideo-FakeAudio/Caucasian (American)/men/id01096,FakeAVCeleb_v1.2/FakeVideo-FakeAudio/Caucasian (American)/men/id01096/00037_id03757_wavtolip.mp4,../data/raw/FakeAVCeleb_v1.2/FakeVideo-FakeAudio/Caucasian (American)/men/id01096/00037_id03757_wavtolip.mp4
id00076,2,-,faceswap-wav2lip,D,FakeVideo-FakeAudio,African,men,00109_2_id01598_wavtolip.mp4,FakeAVCeleb/FakeVideo-FakeAudio/African/men/id00076,FakeAVCeleb_v1.2/FakeVideo-FakeAudio/African/men/id00076/00109_2_id01598_wavtolip.mp4,../data/raw/FakeAVCeleb_v1.2/FakeVideo-FakeAudio/African/men/id00076/00109_2_id01598_wavtolip.mp4
id00062,id04221,id00060,fsgan-wav2lip,D,FakeVideo-FakeAudio,Caucasian (American),men,00278_id04221_5XfsCrxGvj4_id00060_wavtolip.mp4,FakeAVCeleb/FakeVideo-FakeAudio/Caucasian (American)/men/id00062,FakeAVCeleb_v1.2/FakeVideo-FakeAudio/Caucasian (American)/men/id00062/00278_id04221_5XfsCrxGvj4_id00060_wavtolip.mp4,../data/raw/FakeAVCeleb_v1.2/FakeVideo-FakeAudio/Caucasian (American)/men/id00062/00278_id04221_5XfsCrxGvj4_id00060_wavtolip.mp4
id04561,id06753,-,wav2lip,D,FakeVideo-FakeAudio,Asian (South),men,00248_id06753_wavtolip.mp4,FakeAVCeleb/FakeVideo-FakeAudio/Asian (South)/men/id04561,FakeAVCeleb_v1.2/FakeVideo-FakeAudio/Asian (South)/men/id04561/00248_id06753_wavtolip.mp4,../data/raw/FakeAVCeleb_v1.2/FakeVideo-FakeAudio/Asian (South)/men/id04561/00248_id06753_wavtolip.mp4
id01683,2,-,faceswap-wav2lip,D,FakeVideo-FakeAudio,Asian (East),men,00052_2_id04774_wavtolip.mp4,FakeAVCeleb/FakeVideo-FakeAudio/Asian (East)/men/id01683,FakeAVCeleb_v1.2/FakeVideo-FakeAudio/Asian (East)/men/id01683/00052_2_id04774_wavtolip.mp4,../data/raw/FakeAVCeleb_v1.2/FakeVideo-FakeAudio/Asian (East)/men/id01683/00052_2_id04774_wavtolip.mp4
id00180,id00190,-,wav2lip,D,FakeVideo-FakeAudio,Caucasian (American),women,00206_id00190_wavtolip.mp4,FakeAVCeleb/FakeVideo-FakeAudio/Caucasian (American)/women/id00180,FakeAVCeleb_v1.2/FakeVideo-FakeAudio/Caucasian (American)/women/id00180/00206_id00190_wavtolip.mp4,../data/raw/FakeAVCeleb_v1.2/FakeVideo-FakeAudio/Caucasian (American)/women/id00180/00206_id00190_wavtolip.mp4
id00231,id01091,-,wav2lip,D,FakeVideo-FakeAudio,Caucasian (American),women,00037_id01091_wavtolip.mp4,FakeAVCeleb/FakeVideo-FakeAudio/Caucasian (American)/women/id00231,FakeAVCeleb_v1.2/FakeVideo-FakeAudio/Caucasian (American)/women/id00231/00037_id01091_wavtolip.mp4,../data/raw/FakeAVCeleb_v1.2/FakeVideo-FakeAudio/Caucasian (American)/women/id00231/00037_id01091_wavtolip.mp4
id00225,id03205,-,wav2lip,D,FakeVideo-FakeAudio,Caucasian (European),men,00078_id03205_wavtolip.mp4,FakeAVCeleb/FakeVideo-FakeAudio/Caucasian (European)/men/id00225,FakeAVCeleb_v1.2/FakeVideo-FakeAudio/Caucasian (European)/men/id00225/00078_id03205_wavtolip.mp4,../data/raw/FakeAVCeleb_v1.2/FakeVideo-FakeAudio/Caucasian (European)/men/id00225/00078_id03205_wavtolip.mp4
id00078,id08313,-,wav2lip,D,FakeVideo-FakeAudio,Asian (South),men,00114_id08313_wavtolip.mp4,FakeAVCeleb/FakeVideo-FakeAudio/Asian (South)/men/id00078,FakeAVCeleb_v1.2/FakeVideo-FakeAudio/Asian (South)/men/id00078/00114_id08313_wavtolip.mp4,../data/raw/FakeAVCeleb_v1.2/FakeVideo-FakeAudio/Asian (South)/men/id00078/00114_id08313_wavtolip.mp4
id04689,id03656,-,wav2lip,D,FakeVideo-FakeAudio,African,women,00005_id03656_wavtolip.mp4,FakeAVCeleb/FakeVideo-FakeAudio/African/women/id04689,FakeAVCeleb_v1.2/FakeVideo-FakeAudio/African/women/id04689/00005_id03656_wavtolip.mp4,../data/raw/FakeAVCeleb_v1.2/FakeVideo-FakeAudio/African/women/id04689/00005_id03656_wavtolip.mp4
id06152,id03889,-,wav2lip,D,FakeVideo-FakeAudio,Asian (East),men,06152_id03889_wavtolip.mp4,FakeAVCeleb/FakeVideo-FakeAudio/Asian (East)/men/id06152,FakeAVCeleb_v1.2/FakeVideo-FakeAudio/Asian (East)/men/id06152/06152_id03889_wavtolip.mp4,../data/raw/FakeAVCeleb_v1.2/FakeVideo-FakeAudio/Asian (East)/men/id06152/06152_id03889_wavtolip.mp4
id06232,id03559,faceswap,faceswap-wav2lip,D,FakeVideo-FakeAudio,Asian (South),women,00025_id03559_pgetxl1qbzM_faceswap_id04529_wavtolip.mp4,FakeAVCeleb/FakeVideo-FakeAudio/Asian (South)/women/id06232,FakeAVCeleb_v1.2/FakeVideo-FakeAudio/Asian (South)/women/id06232/00025_id03559_pgetxl1qbzM_faceswap_id04529_wavtolip.mp4,../data/raw/FakeAVCeleb_v1.2/FakeVideo-FakeAudio/Asian (South)/women/id06232/00025_id03559_pgetxl1qbzM_faceswap_id04529_wavtolip.mp4
id07200,id00816,id00745,fsgan-wav2lip,D,FakeVideo-FakeAudio,Asian (South),men,00045_id00816_BFudcHqBkpo_id00745_wavtolip.mp4,FakeAVCeleb/FakeVideo-FakeAudio/Asian (South)/men/id07200,FakeAVCeleb_v1.2/FakeVideo-FakeAudio/Asian (South)/men/id07200/00045_id00816_BFudcHqBkpo_id00745_wavtolip.mp4,../data/raw/FakeAVCeleb_v1.2/FakeVideo-FakeAudio/Asian (South)/men/id07200/00045_id00816_BFudcHqBkpo_id00745_wavtolip.mp4
id00919,id00171,-,wav2lip,D,FakeVideo-FakeAudio,Caucasian (European),men,00063_id00171_wavtolip.mp4,FakeAVCeleb/FakeVideo-FakeAudio/Caucasian (European)/men/id00919,FakeAVCeleb_v1.2/FakeVideo-FakeAudio/Caucasian (European)/men/id00919/00063_id00171_wavtolip.mp4,../data/raw/FakeAVCeleb_v1.2/FakeVideo-FakeAudio/Caucasian (European)/men/id00919/00063_id00171_wavtolip.mp4
id02948,id04939,-,wav2lip,D,FakeVideo-FakeAudio,African,women,00298_id04939_wavtolip.mp4,FakeAVCeleb/FakeVideo-FakeAudio/African/women/id02948,FakeAVCeleb_v1.2/FakeVideo-FakeAudio/African/women/id02948/00298_id04939_wavtolip.mp4,../data/raw/FakeAVCeleb_v1.2/FakeVideo-FakeAudio/African/women/id02948/00298_id04939_wavtolip.mp4
id00773,id06354,id04562,fsgan-wav2lip,D,FakeVideo-FakeAudio,Asian (South),men,00038_id06354_PmWLmcJNUhM_id04562_wavtolip.mp4,FakeAVCeleb/FakeVideo-FakeAudio/Asian (South)/men/id00773,FakeAVCeleb_v1.2/FakeVideo-FakeAudio/Asian (South)/men/id00773/00038_id06354_PmWLmcJNUhM_id04562_wavtolip.mp4,../data/raw/FakeAVCeleb_v1.2/FakeVideo-FakeAudio/Asian (South)/men/id00773/00038_id06354_PmWLmcJNUhM_id04562_wavtolip.mp4
id00088,id01201,id01239,fsgan-wav2lip,D,FakeVideo-FakeAudio,Caucasian (American),men,00005_id01201_Q8XWfmNiWYA_id01239_wavtolip.mp4,FakeAVCeleb/FakeVideo-FakeAudio/Caucasian (American)/men/id00088,FakeAVCeleb_v1.2/FakeVideo-FakeAudio/Caucasian (American)/men/id00088/00005_id01201_Q8XWfmNiWYA_id01239_wavtolip.mp4,../data/raw/FakeAVCeleb_v1.2/FakeVideo-FakeAudio/Caucasian (American)/men/id00088/00005_id01201_Q8XWfmNiWYA_id01239_wavtolip.mp4
id05620,id09181,-,wav2lip,D,FakeVideo-FakeAudio,Asian (East),women,00005_id09181_wavtolip.mp4,FakeAVCeleb/FakeVideo-FakeAudio/Asian (East)/women/id05620,FakeAVCeleb_v1.2/FakeVideo-FakeAudio/Asian (East)/women/id05620/00005_id09181_wavtolip.mp4,../data/raw/FakeAVCeleb_v1.2/FakeVideo-FakeAudio/Asian (East)/women/id05620/00005_id09181_wavtolip.mp4
id00180,id00190,faceswap,faceswap-wav2lip,D,FakeVideo-FakeAudio,Caucasian (American),women,00206_id00190_oZUSqqG9wu4_faceswap_id00180_wavtolip.mp4,FakeAVCeleb/FakeVideo-FakeAudio/Caucasian (American)/women/id00180,FakeAVCeleb_v1.2/FakeVideo-FakeAudio/Caucasian (American)/women/id00180/00206_id00190_oZUSqqG9wu4_faceswap_id00180_wavtolip.mp4,../data/raw/FakeAVCeleb_v1.2/FakeVideo-FakeAudio/Caucasian (American)/women/id00180/00206_id00190_oZUSqqG9wu4_faceswap_id00180_wavtolip.mp4
id00071,id03371,faceswap,faceswap-wav2lip,D,FakeVideo-FakeAudio,Caucasian (European),women,00014_id03371_truKMXt8Dak_faceswap_id01018_wavtolip.mp4,FakeAVCeleb/FakeVideo-FakeAudio/Caucasian (European)/women/id00071,FakeAVCeleb_v1.2/FakeVideo-FakeAudio/Caucasian (European)/women/id00071/00014_id03371_truKMXt8Dak_faceswap_id01018_wavtolip.mp4,../data/raw/FakeAVCeleb_v1.2/FakeVideo-FakeAudio/Caucasian (European)/women/id00071/00014_id03371_truKMXt8Dak_faceswap_id01018_wavtolip.mp4
id03344,id07058,faceswap,faceswap-wav2lip,D,FakeVideo-FakeAudio,Asian (South),men,00114_id07058_JXJTxhrICl0_faceswap_id00860_wavtolip.mp4,FakeAVCeleb/FakeVideo-FakeAudio/Asian (South)/men/id03344,FakeAVCeleb_v1.2/FakeVideo-FakeAudio/Asian (South)/men/id03344/00114_id07058_JXJTxhrICl0_faceswap_id00860_wavtolip.mp4,../data/raw/FakeAVCeleb_v1.2/FakeVideo-FakeAudio/Asian (South)/men/id03344/00114_id07058_JXJTxhrICl0_faceswap_id00860_wavtolip.mp4
id00272,id00097,id02464,fsgan-wav2lip,D,FakeVideo-FakeAudio,Caucasian (American),women,00195_id00097_PchMB8-P1lw_id02464_wavtolip.mp4,FakeAVCeleb/FakeVideo-FakeAudio/Caucasian (American)/women/id00272,FakeAVCeleb_v1.2/FakeVideo-FakeAudio/Caucasian (American)/women/id00272/00195_id00097_PchMB8-P1lw_id02464_wavtolip.mp4,../data/raw/FakeAVCeleb_v1.2/FakeVideo-FakeAudio/Caucasian (American)/women/id00272/00195_id00097_PchMB8-P1lw_id02464_wavtolip.mp4
id00999,id00186,id00282,fsgan-wav2lip,D,FakeVideo-FakeAudio,Caucasian (European),men,00028_id00186_KTjDxHTlzg0_id00282_wavtolip.mp4,FakeAVCeleb/FakeVideo-FakeAudio/Caucasian (European)/men/id00999,FakeAVCeleb_v1.2/FakeVideo-FakeAudio/Caucasian (European)/men/id00999/00028_id00186_KTjDxHTlzg0_id00282_wavtolip.mp4,../data/raw/FakeAVCeleb_v1.2/FakeVideo-FakeAudio/Caucasian (European)/men/id00999/00028_id00186_KTjDxHTlzg0_id00282_wavtolip.mp4
id01075,3,-,faceswap-wav2lip,D,FakeVideo-FakeAudio,Caucasian (American),women,00160_3_id03696_wavtolip.mp4,FakeAVCeleb/FakeVideo-FakeAudio/Caucasian (American)/women/id01075,FakeAVCeleb_v1.2/FakeVideo-FakeAudio/Caucasian (American)/women/id01075/00160_3_id03696_wavtolip.mp4,../data/raw/FakeAVCeleb_v1.2/FakeVideo-FakeAudio/Caucasian (American)/women/id01075/00160_3_id03696_wavtolip.mp4
id03651,id01002,id03941,fsgan-wav2lip,D,FakeVideo-FakeAudio,Caucasian (European),women,00092_id01002_eQTviHjyISo_id03941_wavtolip.mp4,FakeAVCeleb/FakeVideo-FakeAudio/Caucasian (European)/women/id03651,FakeAVCeleb_v1.2/FakeVideo-FakeAudio/Caucasian (European)/women/id03651/00092_id01002_eQTviHjyISo_id03941_wavtolip.mp4,../data/raw/FakeAVCeleb_v1.2/FakeVideo-FakeAudio/Caucasian (European)/women/id03651/00092_id01002_eQTviHjyISo_id03941_wavtolip.mp4
id08313,id03945,-,wav2lip,D,FakeVideo-FakeAudio,Asian (South),men,00202_id03945_wavtolip.mp4,FakeAVCeleb/FakeVideo-FakeAudio/Asian (South)/men/id08313,FakeAVCeleb_v1.2/FakeVideo-FakeAudio/Asian (South)/men/id08313/00202_id03945_wavtolip.mp4,../data/raw/FakeAVCeleb_v1.2/FakeVideo-FakeAudio/Asian (South)/men/id08313/00202_id03945_wavtolip.mp4
id03569,id00220,faceswap,faceswap-wav2lip,D,FakeVideo-FakeAudio,African,women,00065_id00220_WlHLlTQKj8g_faceswap_id01178_wavtolip.mp4,FakeAVCeleb/FakeVideo-FakeAudio/African/women/id03569,FakeAVCeleb_v1.2/FakeVideo-FakeAudio/African/women/id03569/00065_id00220_WlHLlTQKj8g_faceswap_id01178_wavtolip.mp4,../data/raw/FakeAVCeleb_v1.2/FakeVideo-FakeAudio/African/women/id03569/00065_id00220_WlHLlTQKj8g_faceswap_id01178_wavtolip.mp4
id02296,0,-,faceswap-wav2lip,D,FakeVideo-FakeAudio,African,men,00019_0_id01835_wavtolip.mp4,FakeAVCeleb/FakeVideo-FakeAudio/African/men/id02296,FakeAVCeleb_v1.2/FakeVideo-FakeAudio/African/men/id02296/00019_0_id01835_wavtolip.mp4,../data/raw/FakeAVCeleb_v1.2/FakeVideo-FakeAudio/African/men/id02296/00019_0_id01835_wavtolip.mp4
id05231,id04376,-,wav2lip,D,FakeVideo-FakeAudio,African,women,00149_id04376_wavtolip.mp4,FakeAVCeleb/FakeVideo-FakeAudio/African/women/id05231,FakeAVCeleb_v1.2/FakeVideo-FakeAudio/African/women/id05231/00149_id04376_wavtolip.mp4,../data/raw/FakeAVCeleb_v1.2/FakeVideo-FakeAudio/African/women/id05231/00149_id04376_wavtolip.mp4
id04537,0,-,faceswap-wav2lip,D,FakeVideo-FakeAudio,Asian (South),men,00083_0_id00773_wavtolip.mp4,FakeAVCeleb/FakeVideo-FakeAudio/Asian (South)/men/id04537,FakeAVCeleb_v1.2/FakeVideo-FakeAudio/Asian (South)/men/id04537/00083_0_id00773_wavtolip.mp4,../data/raw/FakeAVCeleb_v1.2/FakeVideo-FakeAudio/Asian (South)/men/id04537/00083_0_id00773_wavtolip.mp4
id00462,id01075,-,wav2lip,D,FakeVideo-FakeAudio,Caucasian (American),women,00143_id01075_wavtolip.mp4,FakeAVCeleb/FakeVideo-FakeAudio/Caucasian (American)/women/id00462,FakeAVCeleb_v1.2/FakeVideo-FakeAudio/Caucasian (American)/women/id00462/00143_id01075_wavtolip.mp4,../data/raw/FakeAVCeleb_v1.2/FakeVideo-FakeAudio/Caucasian (American)/women/id00462/00143_id01075_wavtolip.mp4
id00777,id01192,id01192,fsgan-wav2lip,D,FakeVideo-FakeAudio,Caucasian (American),men,00160_id01192_kAht8HG7-1s_id01192_wavtolip.mp4,FakeAVCeleb/FakeVideo-FakeAudio/Caucasian (American)/men/id00777,FakeAVCeleb_v1.2/FakeVideo-FakeAudio/Caucasian (American)/men/id00777/00160_id01192_kAht8HG7-1s_id01192_wavtolip.mp4,../data/raw/FakeAVCeleb_v1.2/FakeVideo-FakeAudio/Caucasian (American)/men/id00777/00160_id01192_kAht8HG7-1s_id01192_wavtolip.mp4
id02948,id03569,id01532,fsgan-wav2lip,D,FakeVideo-FakeAudio,African,women,00298_id03569_YO0EpPm9p-8_id01532_wavtolip.mp4,FakeAVCeleb/FakeVideo-FakeAudio/African/women/id02948,FakeAVCeleb_v1.2/FakeVideo-FakeAudio/African/women/id02948/00298_id03569_YO0EpPm9p-8_id01532_wavtolip.mp4,../data/raw/FakeAVCeleb_v1.2/FakeVideo-FakeAudio/African/women/id02948/00298_id03569_YO0EpPm9p-8_id01532_wavtolip.mp4
id03858,id00395,faceswap,faceswap-wav2lip,D,FakeVideo-FakeAudio,Caucasian (European),women,00092_id00395_wM5kGJfTtEM_faceswap_id00496_wavtolip.mp4,FakeAVCeleb/FakeVideo-FakeAudio/Caucasian (European)/women/id03858,FakeAVCeleb_v1.2/FakeVideo-FakeAudio/Caucasian (European)/women/id03858/00092_id00395_wM5kGJfTtEM_faceswap_id00496_wavtolip.mp4,../data/raw/FakeAVCeleb_v1.2/FakeVideo-FakeAudio/Caucasian (European)/women/id03858/00092_id00395_wM5kGJfTtEM_faceswap_id00496_wavtolip.mp4
id00082,id00769,faceswap,faceswap-wav2lip,D,FakeVideo-FakeAudio,Asian (South),men,00052_id00769_BqHVSZdoVpM_faceswap_id00082_wavtolip.mp4,FakeAVCeleb/FakeVideo-FakeAudio/Asian (South)/men/id00082,FakeAVCeleb_v1.2/FakeVideo-FakeAudio/Asian (South)/men/id00082/00052_id00769_BqHVSZdoVpM_faceswap_id00082_wavtolip.mp4,../data/raw/FakeAVCeleb_v1.2/FakeVideo-FakeAudio/Asian (South)/men/id00082/00052_id00769_BqHVSZdoVpM_faceswap_id00082_wavtolip.mp4
id06354,id00816,-,wav2lip,D,FakeVideo-FakeAudio,Asian (South),men,00021_id00816_wavtolip.mp4,FakeAVCeleb/FakeVideo-FakeAudio/Asian (South)/men/id06354,FakeAVCeleb_v1.2/FakeVideo-FakeAudio/Asian (South)/men/id06354/00021_id00816_wavtolip.mp4,../data/raw/FakeAVCeleb_v1.2/FakeVideo-FakeAudio/Asian (South)/men/id06354/00021_id00816_wavtolip.mp4
id04374,id02838,id01783,fsgan-wav2lip,D,FakeVideo-FakeAudio,African,women,00032_id02838_kaCQlSGlLe8_id01783_wavtolip.mp4,FakeAVCeleb/FakeVideo-FakeAudio/African/women/id04374,FakeAVCeleb_v1.2/FakeVideo-FakeAudio/African/women/id04374/00032_id02838_kaCQlSGlLe8_id01783_wavtolip.mp4,../data/raw/FakeAVCeleb_v1.2/FakeVideo-FakeAudio/African/women/id04374/00032_id02838_kaCQlSGlLe8_id01783_wavtolip.mp4
id00752,id00398,-,wav2lip,D,FakeVideo-FakeAudio,Caucasian (American),women,00340_id00398_wavtolip.mp4,FakeAVCeleb/FakeVideo-FakeAudio/Caucasian (American)/women/id00752,FakeAVCeleb_v1.2/FakeVideo-FakeAudio/Caucasian (American)/women/id00752/00340_id00398_wavtolip.mp4,../data/raw/FakeAVCeleb_v1.2/FakeVideo-FakeAudio/Caucasian (American)/women/id00752/00340_id00398_wavtolip.mp4
id01001,id00735,id00271,fsgan-wav2lip,D,FakeVideo-FakeAudio,Caucasian (European),women,00086_id00735_ivJSkq5hGOQ_id00271_wavtolip.mp4,FakeAVCeleb/FakeVideo-FakeAudio/Caucasian (European)/women/id01001,FakeAVCeleb_v1.2/FakeVideo-FakeAudio/Caucasian (European)/women/id01001/00086_id00735_ivJSkq5hGOQ_id00271_wavtolip.mp4,../data/raw/FakeAVCeleb_v1.2/FakeVideo-FakeAudio/Caucasian (European)/women/id01001/00086_id00735_ivJSkq5hGOQ_id00271_wavtolip.mp4
id00306,id01058,faceswap,faceswap-wav2lip,D,FakeVideo-FakeAudio,Caucasian (European),men,00015_id01058_2DKbOjf3Wyo_faceswap_id00535_wavtolip.mp4,FakeAVCeleb/FakeVideo-FakeAudio/Caucasian (European)/men/id00306,FakeAVCeleb_v1.2/FakeVideo-FakeAudio/Caucasian (European)/men/id00306/00015_id01058_2DKbOjf3Wyo_faceswap_id00535_wavtolip.mp4,../data/raw/FakeAVCeleb_v1.2/FakeVideo-FakeAudio/Caucasian (European)/men/id00306/00015_id01058_2DKbOjf3Wyo_faceswap_id00535_wavtolip.mp4
id01217,id01248,faceswap,faceswap-wav2lip,D,FakeVideo-FakeAudio,Caucasian (American),women,00005_id01248_2y-HnTO8WrQ_faceswap_id00431_wavtolip.mp4,FakeAVCeleb/FakeVideo-FakeAudio/Caucasian (American)/women/id01217,FakeAVCeleb_v1.2/FakeVideo-FakeAudio/Caucasian (American)/women/id01217/00005_id01248_2y-HnTO8WrQ_faceswap_id00431_wavtolip.mp4,../data/raw/FakeAVCeleb_v1.2/FakeVideo-FakeAudio/Caucasian (American)/women/id01217/00005_id01248_2y-HnTO8WrQ_faceswap_id00431_wavtolip.mp4
id00476,id02005,-,wav2lip,D,FakeVideo-FakeAudio,African,men,00109_id02005_wavtolip.mp4,FakeAVCeleb/FakeVideo-FakeAudio/African/men/id00476,FakeAVCeleb_v1.2/FakeVideo-FakeAudio/African/men/id00476/00109_id02005_wavtolip.mp4,../data/raw/FakeAVCeleb_v1.2/FakeVideo-FakeAudio/African/men/id00476/00109_id02005_wavtolip.mp4
id00773,id00078,-,wav2lip,D,FakeVideo-FakeAudio,Asian (South),men,00038_id00078_wavtolip.mp4,FakeAVCeleb/FakeVideo-FakeAudio/Asian (South)/men/id00773,FakeAVCeleb_v1.2/FakeVideo-FakeAudio/Asian (South)/men/id00773/00038_id00078_wavtolip.mp4,../data/raw/FakeAVCeleb_v1.2/FakeVideo-FakeAudio/Asian (South)/men/id00773/00038_id00078_wavtolip.mp4
id04073,id01192,id00184,fsgan-wav2lip,D,FakeVideo-FakeAudio,Caucasian (American),men,00021_id01192_kAht8HG7-1s_id00184_wavtolip.mp4,FakeAVCeleb/FakeVideo-FakeAudio/Caucasian (American)/men/id04073,FakeAVCeleb_v1.2/FakeVideo-FakeAudio/Caucasian (American)/men/id04073/00021_id01192_kAht8HG7-1s_id00184_wavtolip.mp4,../data/raw/FakeAVCeleb_v1.2/FakeVideo-FakeAudio/Caucasian (American)/men/id04073/00021_id01192_kAht8HG7-1s_id00184_wavtolip.mp4
id00363,id03379,id09175,fsgan-wav2lip,D,FakeVideo-FakeAudio,Asian (East),women,00014_id03379_A32nCObAHiI_id09175_wavtolip.mp4,FakeAVCeleb/FakeVideo-FakeAudio/Asian (East)/women/id00363,FakeAVCeleb_v1.2/FakeVideo-FakeAudio/Asian (East)/women/id00363/00014_id03379_A32nCObAHiI_id09175_wavtolip.mp4,../data/raw/FakeAVCeleb_v1.2/FakeVideo-FakeAudio/Asian (East)/women/id00363/00014_id03379_A32nCObAHiI_id09175_wavtolip.mp4
id01217,id01223,id00100,fsgan-wav2lip,D,FakeVideo-FakeAudio,Caucasian (American),women,00005_id01223_TO3ym8Gwp7k_id00100_wavtolip.mp4,FakeAVCeleb/FakeVideo-FakeAudio/Caucasian (American)/women/id01217,FakeAVCeleb_v1.2/FakeVideo-FakeAudio/Caucasian (American)/women/id01217/00005_id01223_TO3ym8Gwp7k_id00100_wavtolip.mp4,../data/raw/FakeAVCeleb_v1.2/FakeVideo-FakeAudio/Caucasian (American)/women/id01217/00005_id01223_TO3ym8Gwp7k_id00100_wavtolip.mp4
id04066,id00566,-,wav2lip,D,FakeVideo-FakeAudio,Asian (East),women,00013_id00566_wavtolip.mp4,FakeAVCeleb/FakeVideo-FakeAudio/Asian (East)/women/id04066,FakeAVCeleb_v1.2/FakeVideo-FakeAudio/Asian (East)/women/id04066/00013_id00566_wavtolip.mp4,../data/raw/FakeAVCeleb_v1.2/FakeVideo-FakeAudio/Asian (East)/women/id04066/00013_id00566_wavtolip.mp4
id01452,id00478,-,wav2lip,D,FakeVideo-FakeAudio,African,men,00001_id00478_wavtolip.mp4,FakeAVCeleb/FakeVideo-FakeAudio/African/men/id01452,FakeAVCeleb_v1.2/FakeVideo-FakeAudio/African/men/id01452/00001_id00478_wavtolip.mp4,../data/raw/FakeAVCeleb_v1.2/FakeVideo-FakeAudio/African/men/id01452/00001_id00478_wavtolip.mp4
id02494,id00475,id01691,fsgan-wav2lip,D,FakeVideo-FakeAudio,African,men,00050_id00475_xQjvXRcnPvw_id01691_wavtolip.mp4,FakeAVCeleb/FakeVideo-FakeAudio/African/men/id02494,FakeAVCeleb_v1.2/FakeVideo-FakeAudio/African/men/id02494/00050_id00475_xQjvXRcnPvw_id01691_wavtolip.mp4,../data/raw/FakeAVCeleb_v1.2/FakeVideo-FakeAudio/African/men/id02494/00050_id00475_xQjvXRcnPvw_id01691_wavtolip.mp4
id00498,id00305,-,wav2lip,D,FakeVideo-FakeAudio,Caucasian (European),men,00014_id00305_wavtolip.mp4,FakeAVCeleb/FakeVideo-FakeAudio/Caucasian (European)/men/id00498,FakeAVCeleb_v1.2/FakeVideo-FakeAudio/Caucasian (European)/men/id00498/00014_id00305_wavtolip.mp4,../data/raw/FakeAVCeleb_v1.2/FakeVideo-FakeAudio/Caucasian (European)/men/id00498/00014_id00305_wavtolip.mp4
id01091,id03556,-,wav2lip,D,FakeVideo-FakeAudio,Caucasian (American),women,00236_id03556_wavtolip.mp4,FakeAVCeleb/FakeVideo-FakeAudio/Caucasian (American)/women/id01091,FakeAVCeleb_v1.2/FakeVideo-FakeAudio/Caucasian (American)/women/id01091/00236_id03556_wavtolip.mp4,../data/raw/FakeAVCeleb_v1.2/FakeVideo-FakeAudio/Caucasian (American)/women/id01091/00236_id03556_wavtolip.mp4
id02508,id03658,id00577,fsgan-wav2lip,D,FakeVideo-FakeAudio,African,women,00083_id03658_8Wtu9VXKqjY_id00577_wavtolip.mp4,FakeAVCeleb/FakeVideo-FakeAudio/African/women/id02508,FakeAVCeleb_v1.2/FakeVideo-FakeAudio/African/women/id02508/00083_id03658_8Wtu9VXKqjY_id00577_wavtolip.mp4,../data/raw/FakeAVCeleb_v1.2/FakeVideo-FakeAudio/African/women/id02508/00083_id03658_8Wtu9VXKqjY_id00577_wavtolip.mp4
id01044,id01192,faceswap,faceswap-wav2lip,D,FakeVideo-FakeAudio,Caucasian (American),men,00336_id01192_kAht8HG7-1s_faceswap_id00529_wavtolip.mp4,FakeAVCeleb/FakeVideo-FakeAudio/Caucasian (American)/men/id01044,FakeAVCeleb_v1.2/FakeVideo-FakeAudio/Caucasian (American)/men/id01044/00336_id01192_kAht8HG7-1s_faceswap_id00529_wavtolip.mp4,../data/raw/FakeAVCeleb_v1.2/FakeVideo-FakeAudio/Caucasian (American)/men/id01044/00336_id01192_kAht8HG7-1s_faceswap_id00529_wavtolip.mp4
id00186,id00535,id01052,fsgan-wav2lip,D,FakeVideo-FakeAudio,Caucasian (European),men,00120_id00535_BhvTIJ-YG5s_id01052_wavtolip.mp4,FakeAVCeleb/FakeVideo-FakeAudio/Caucasian (European)/men/id00186,FakeAVCeleb_v1.2/FakeVideo-FakeAudio/Caucasian (European)/men/id00186/00120_id00535_BhvTIJ-YG5s_id01052_wavtolip.mp4,../data/raw/FakeAVCeleb_v1.2/FakeVideo-FakeAudio/Caucasian (European)/men/id00186/00120_id00535_BhvTIJ-YG5s_id01052_wavtolip.mp4
id04216,id00945,-,wav2lip,D,FakeVideo-FakeAudio,Caucasian (American),men,00470_id00945_wavtolip.mp4,FakeAVCeleb/FakeVideo-FakeAudio/Caucasian (American)/men/id04216,FakeAVCeleb_v1.2/FakeVideo-FakeAudio/Caucasian (American)/men/id04216/00470_id00945_wavtolip.mp4,../data/raw/FakeAVCeleb_v1.2/FakeVideo-FakeAudio/Caucasian (American)/men/id04216/00470_id00945_wavtolip.mp4
id00187,id02567,id00946,fsgan-wav2lip,D,FakeVideo-FakeAudio,Caucasian (European),men,00360_id02567_4Ao5jgpSXdw_id00946_wavtolip.mp4,FakeAVCeleb/FakeVideo-FakeAudio/Caucasian (European)/men/id00187,FakeAVCeleb_v1.2/FakeVideo-FakeAudio/Caucasian (European)/men/id00187/00360_id02567_4Ao5jgpSXdw_id00946_wavtolip.mp4,../data/raw/FakeAVCeleb_v1.2/FakeVideo-FakeAudio/Caucasian (European)/men/id00187/00360_id02567_4Ao5jgpSXdw_id00946_wavtolip.mp4
id01225,id03605,-,wav2lip,D,FakeVideo-FakeAudio,Caucasian (American),women,00300_id03605_wavtolip.mp4,FakeAVCeleb/FakeVideo-FakeAudio/Caucasian (American)/women/id01225,FakeAVCeleb_v1.2/FakeVideo-FakeAudio/Caucasian (American)/women/id01225/00300_id03605_wavtolip.mp4,../data/raw/FakeAVCeleb_v1.2/FakeVideo-FakeAudio/Caucasian (American)/women/id01225/00300_id03605_wavtolip.mp4
id05920,id07689,id00747,fsgan-wav2lip,D,FakeVideo-FakeAudio,Asian (South),women,00161_id07689_2ie0g83JkgA_id00747_wavtolip.mp4,FakeAVCeleb/FakeVideo-FakeAudio/Asian (South)/women/id05920,FakeAVCeleb_v1.2/FakeVideo-FakeAudio/Asian (South)/women/id05920/00161_id07689_2ie0g83JkgA_id00747_wavtolip.mp4,../data/raw/FakeAVCeleb_v1.2/FakeVideo-FakeAudio/Asian (South)/women/id05920/00161_id07689_2ie0g83JkgA_id00747_wavtolip.mp4
id01036,id01392,-,wav2lip,D,FakeVideo-FakeAudio,African,men,00010_id01392_wavtolip.mp4,FakeAVCeleb/FakeVideo-FakeAudio/African/men/id01036,FakeAVCeleb_v1.2/FakeVideo-FakeAudio/African/men/id01036/00010_id01392_wavtolip.mp4,../data/raw/FakeAVCeleb_v1.2/FakeVideo-FakeAudio/African/men/id01036/00010_id01392_wavtolip.mp4
id02493,id09053,faceswap,faceswap-wav2lip,D,FakeVideo-FakeAudio,Asian (East),men,00073_id09053_6baCAGutGFg_faceswap_id06878_wavtolip.mp4,FakeAVCeleb/FakeVideo-FakeAudio/Asian (East)/men/id02493,FakeAVCeleb_v1.2/FakeVideo-FakeAudio/Asian (East)/men/id02493/00073_id09053_6baCAGutGFg_faceswap_id06878_wavtolip.mp4,../data/raw/FakeAVCeleb_v1.2/FakeVideo-FakeAudio/Asian (East)/men/id02493/00073_id09053_6baCAGutGFg_faceswap_id06878_wavtolip.mp4
id03651,id00287,-,wav2lip,D,FakeVideo-FakeAudio,Caucasian (European),women,00092_id00287_wavtolip.mp4,FakeAVCeleb/FakeVideo-FakeAudio/Caucasian (European)/women/id03651,FakeAVCeleb_v1.2/FakeVideo-FakeAudio/Caucasian (European)/women/id03651/00092_id00287_wavtolip.mp4,../data/raw/FakeAVCeleb_v1.2/FakeVideo-FakeAudio/Caucasian (European)/women/id03651/00092_id00287_wavtolip.mp4
id00857,id00082,-,wav2lip,D,FakeVideo-FakeAudio,Asian (South),men,00347_id00082_wavtolip.mp4,FakeAVCeleb/FakeVideo-FakeAudio/Asian (South)/men/id00857,FakeAVCeleb_v1.2/FakeVideo-FakeAudio/Asian (South)/men/id00857/00347_id00082_wavtolip.mp4,../data/raw/FakeAVCeleb_v1.2/FakeVideo-FakeAudio/Asian (South)/men/id00857/00347_id00082_wavtolip.mp4
id00261,id03556,-,wav2lip,D,FakeVideo-FakeAudio,Caucasian (American),women,00048_id03556_wavtolip.mp4,FakeAVCeleb/FakeVideo-FakeAudio/Caucasian (American)/women/id00261,FakeAVCeleb_v1.2/FakeVideo-FakeAudio/Caucasian (American)/women/id00261/00048_id03556_wavtolip.mp4,../data/raw/FakeAVCeleb_v1.2/FakeVideo-FakeAudio/Caucasian (American)/women/id00261/00048_id03556_wavtolip.mp4
id00272,id00231,-,wav2lip,D,FakeVideo-FakeAudio,Caucasian (American),women,00195_id00231_wavtolip.mp4,FakeAVCeleb/FakeVideo-FakeAudio/Caucasian (American)/women/id00272,FakeAVCeleb_v1.2/FakeVideo-FakeAudio/Caucasian (American)/women/id00272/00195_id00231_wavtolip.mp4,../data/raw/FakeAVCeleb_v1.2/FakeVideo-FakeAudio/Caucasian (American)/women/id00272/00195_id00231_wavtolip.mp4
id00739,id00417,faceswap,faceswap-wav2lip,D,FakeVideo-FakeAudio,Asian (South),women,00005_id00417_GhIZam3v09g_faceswap_id06343_wavtolip.mp4,FakeAVCeleb/FakeVideo-FakeAudio/Asian (South)/women/id00739,FakeAVCeleb_v1.2/FakeVideo-FakeAudio/Asian (South)/women/id00739/00005_id00417_GhIZam3v09g_faceswap_id06343_wavtolip.mp4,../data/raw/FakeAVCeleb_v1.2/FakeVideo-FakeAudio/Asian (South)/women/id00739/00005_id00417_GhIZam3v09g_faceswap_id06343_wavtolip.mp4
id00761,id01717,-,wav2lip,D,FakeVideo-FakeAudio,African,men,00072_id01717_wavtolip.mp4,FakeAVCeleb/FakeVideo-FakeAudio/African/men/id00761,FakeAVCeleb_v1.2/FakeVideo-FakeAudio/African/men/id00761/00072_id01717_wavtolip.mp4,../data/raw/FakeAVCeleb_v1.2/FakeVideo-FakeAudio/African/men/id00761/00072_id01717_wavtolip.mp4
id00414,id07165,iy16IBTM,fsgan-wav2lip,D,FakeVideo-FakeAudio,Asian (South),men,00052_id07165_oJ_iy16IBTM_id08313_wavtolip.mp4,FakeAVCeleb/FakeVideo-FakeAudio/Asian (South)/men/id00414,FakeAVCeleb_v1.2/FakeVideo-FakeAudio/Asian (South)/men/id00414/00052_id07165_oJ_iy16IBTM_id08313_wavtolip.mp4,../data/raw/FakeAVCeleb_v1.2/FakeVideo-FakeAudio/Asian (South)/men/id00414/00052_id07165_oJ_iy16IBTM_id08313_wavtolip.mp4
id00555,id01091,id03707,fsgan-wav2lip,D,FakeVideo-FakeAudio,Caucasian (American),women,00005_id01091_oM2XdIGMM2c_id03707_wavtolip.mp4,FakeAVCeleb/FakeVideo-FakeAudio/Caucasian (American)/women/id00555,FakeAVCeleb_v1.2/FakeVideo-FakeAudio/Caucasian (American)/women/id00555/00005_id01091_oM2XdIGMM2c_id03707_wavtolip.mp4,../data/raw/FakeAVCeleb_v1.2/FakeVideo-FakeAudio/Caucasian (American)/women/id00555/00005_id01091_oM2XdIGMM2c_id03707_wavtolip.mp4
id01201,id01163,id00243,fsgan-wav2lip,D,FakeVideo-FakeAudio,Caucasian (American),men,00028_id01163_QSMeUEH3lJM_id00243_wavtolip.mp4,FakeAVCeleb/FakeVideo-FakeAudio/Caucasian (American)/men/id01201,FakeAVCeleb_v1.2/FakeVideo-FakeAudio/Caucasian (American)/men/id01201/00028_id01163_QSMeUEH3lJM_id00243_wavtolip.mp4,../data/raw/FakeAVCeleb_v1.2/FakeVideo-FakeAudio/Caucasian (American)/men/id01201/00028_id01163_QSMeUEH3lJM_id00243_wavtolip.mp4
id00835,id01217,id01075,fsgan-wav2lip,D,FakeVideo-FakeAudio,Caucasian (American),women,00195_id01217_7lVC4xEK_6E_id01075_wavtolip.mp4,FakeAVCeleb/FakeVideo-FakeAudio/Caucasian (American)/women/id00835,FakeAVCeleb_v1.2/FakeVideo-FakeAudio/Caucasian (American)/women/id00835/00195_id01217_7lVC4xEK_6E_id01075_wavtolip.mp4,../data/raw/FakeAVCeleb_v1.2/FakeVideo-FakeAudio/Caucasian (American)/women/id00835/00195_id01217_7lVC4xEK_6E_id01075_wavtolip.mp4
id00634,id00591,id00071,fsgan-wav2lip,D,FakeVideo-FakeAudio,Caucasian (European),women,00078_id00591_1Jo8xElXQMs_id00071_wavtolip.mp4,FakeAVCeleb/FakeVideo-FakeAudio/Caucasian (European)/women/id00634,FakeAVCeleb_v1.2/FakeVideo-FakeAudio/Caucasian (European)/women/id00634/00078_id00591_1Jo8xElXQMs_id00071_wavtolip.mp4,../data/raw/FakeAVCeleb_v1.2/FakeVideo-FakeAudio/Caucasian (European)/women/id00634/00078_id00591_1Jo8xElXQMs_id00071_wavtolip.mp4
id01907,id04736,-,wav2lip,D,FakeVideo-FakeAudio,African,women,00148_id04736_wavtolip.mp4,FakeAVCeleb/FakeVideo-FakeAudio/African/women/id01907,FakeAVCeleb_v1.2/FakeVideo-FakeAudio/African/women/id01907/00148_id04736_wavtolip.mp4,../data/raw/FakeAVCeleb_v1.2/FakeVideo-FakeAudio/African/women/id01907/00148_id04736_wavtolip.mp4
id00946,id00187,-,wav2lip,D,FakeVideo-FakeAudio,Caucasian (European),men,00126_id00187_wavtolip.mp4,FakeAVCeleb/FakeVideo-FakeAudio/Caucasian (European)/men/id00946,FakeAVCeleb_v1.2/FakeVideo-FakeAudio/Caucasian (European)/men/id00946/00126_id00187_wavtolip.mp4,../data/raw/FakeAVCeleb_v1.2/FakeVideo-FakeAudio/Caucasian (European)/men/id00946/00126_id00187_wavtolip.mp4
id00391,id01597,id00518,fsgan-wav2lip,D,FakeVideo-FakeAudio,African,men,00052_id01597_52WEZxe4_GE_id00518_wavtolip.mp4,FakeAVCeleb/FakeVideo-FakeAudio/African/men/id00391,FakeAVCeleb_v1.2/FakeVideo-FakeAudio/African/men/id00391/00052_id01597_52WEZxe4_GE_id00518_wavtolip.mp4,../data/raw/FakeAVCeleb_v1.2/FakeVideo-FakeAudio/African/men/id00391/00052_id01597_52WEZxe4_GE_id00518_wavtolip.mp4
id03985,id04490,-,wav2lip,D,FakeVideo-FakeAudio,Asian (South),women,00005_id04490_wavtolip.mp4,FakeAVCeleb/FakeVideo-FakeAudio/Asian (South)/women/id03985,FakeAVCeleb_v1.2/FakeVideo-FakeAudio/Asian (South)/women/id03985/00005_id04490_wavtolip.mp4,../data/raw/FakeAVCeleb_v1.2/FakeVideo-FakeAudio/Asian (South)/women/id03985/00005_id04490_wavtolip.mp4
id00919,id00265,-,wav2lip,D,FakeVideo-FakeAudio,Caucasian (European),men,00063_id00265_wavtolip.mp4,FakeAVCeleb/FakeVideo-FakeAudio/Caucasian (European)/men/id00919,FakeAVCeleb_v1.2/FakeVideo-FakeAudio/Caucasian (European)/men/id00919/00063_id00265_wavtolip.mp4,../data/raw/FakeAVCeleb_v1.2/FakeVideo-FakeAudio/Caucasian (European)/men/id00919/00063_id00265_wavtolip.mp4
id06445,id04582,faceswap,faceswap-wav2lip,D,FakeVideo-FakeAudio,Asian (South),women,00150_id04582_Pm9dX-TxNx0_faceswap_id06438_wavtolip.mp4,FakeAVCeleb/FakeVideo-FakeAudio/Asian (South)/women/id06445,FakeAVCeleb_v1.2/FakeVideo-FakeAudio/Asian (South)/women/id06445/00150_id04582_Pm9dX-TxNx0_faceswap_id06438_wavtolip.mp4,../data/raw/FakeAVCeleb_v1.2/FakeVideo-FakeAudio/Asian (South)/women/id06445/00150_id04582_Pm9dX-TxNx0_faceswap_id06438_wavtolip.mp4
id08313,id00773,id07058,fsgan-wav2lip,D,FakeVideo-FakeAudio,Asian (South),men,00202_id00773_2j3lUETJ57I_id07058_wavtolip.mp4,FakeAVCeleb/FakeVideo-FakeAudio/Asian (South)/men/id08313,FakeAVCeleb_v1.2/FakeVideo-FakeAudio/Asian (South)/men/id08313/00202_id00773_2j3lUETJ57I_id07058_wavtolip.mp4,../data/raw/FakeAVCeleb_v1.2/FakeVideo-FakeAudio/Asian (South)/men/id08313/00202_id00773_2j3lUETJ57I_id07058_wavtolip.mp4
id04490,id03897,faceswap,faceswap-wav2lip,D,FakeVideo-FakeAudio,Asian (South),women,00054_id03897_bOGItcSqK1s_faceswap_id03985_wavtolip.mp4,FakeAVCeleb/FakeVideo-FakeAudio/Asian (South)/women/id04490,FakeAVCeleb_v1.2/FakeVideo-FakeAudio/Asian (South)/women/id04490/00054_id03897_bOGItcSqK1s_faceswap_id03985_wavtolip.mp4,../data/raw/FakeAVCeleb_v1.2/FakeVideo-FakeAudio/Asian (South)/women/id04490/00054_id03897_bOGItcSqK1s_faceswap_id03985_wavtolip.mp4
id00241,id00919,-,wav2lip,D,FakeVideo-FakeAudio,Caucasian (European),men,00015_id00919_wavtolip.mp4,FakeAVCeleb/FakeVideo-FakeAudio/Caucasian (European)/men/id00241,FakeAVCeleb_v1.2/FakeVideo-FakeAudio/Caucasian (European)/men/id00241/00015_id00919_wavtolip.mp4,../data/raw/FakeAVCeleb_v1.2/FakeVideo-FakeAudio/Caucasian (European)/men/id00241/00015_id00919_wavtolip.mp4
id00265,id00559,faceswap,faceswap-wav2lip,D,FakeVideo-FakeAudio,Caucasian (European),men,00130_id00559_Y7ovoKuvL78_faceswap_id00909_wavtolip.mp4,FakeAVCeleb/FakeVideo-FakeAudio/Caucasian (European)/men/id00265,FakeAVCeleb_v1.2/FakeVideo-FakeAudio/Caucasian (European)/men/id00265/00130_id00559_Y7ovoKuvL78_faceswap_id00909_wavtolip.mp4,../data/raw/FakeAVCeleb_v1.2/FakeVideo-FakeAudio/Caucasian (European)/men/id00265/00130_id00559_Y7ovoKuvL78_faceswap_id00909_wavtolip.mp4
id00781,id01392,-,wav2lip,D,FakeVideo-FakeAudio,African,men,00092_id01392_wavtolip.mp4,FakeAVCeleb/FakeVideo-FakeAudio/African/men/id00781,FakeAVCeleb_v1.2/FakeVideo-FakeAudio/African/men/id00781/00092_id01392_wavtolip.mp4,../data/raw/FakeAVCeleb_v1.2/FakeVideo-FakeAudio/African/men/id00781/00092_id01392_wavtolip.mp4
id00747,id02310,faceswap,faceswap-wav2lip,D,FakeVideo-FakeAudio,Asian (South),women,00053_id02310_zA-8Pw0SvZg_faceswap_id02619_wavtolip.mp4,FakeAVCeleb/FakeVideo-FakeAudio/Asian (South)/women/id00747,FakeAVCeleb_v1.2/FakeVideo-FakeAudio/Asian (South)/women/id00747/00053_id02310_zA-8Pw0SvZg_faceswap_id02619_wavtolip.mp4,../data/raw/FakeAVCeleb_v1.2/FakeVideo-FakeAudio/Asian (South)/women/id00747/00053_id02310_zA-8Pw0SvZg_faceswap_id02619_wavtolip.mp4
id01172,id01044,id00088,fsgan-wav2lip,D,FakeVideo-FakeAudio,Caucasian (American),men,00015_id01044_yL58R6zBNf4_id00088_wavtolip.mp4,FakeAVCeleb/FakeVideo-FakeAudio/Caucasian (American)/men/id01172,FakeAVCeleb_v1.2/FakeVideo-FakeAudio/Caucasian (American)/men/id01172/00015_id01044_yL58R6zBNf4_id00088_wavtolip.mp4,../data/raw/FakeAVCeleb_v1.2/FakeVideo-FakeAudio/Caucasian (American)/men/id01172/00015_id01044_yL58R6zBNf4_id00088_wavtolip.mp4
